source1_entity_id	matched_entity_ids
S1-335130751	
S1-365628831	S2-847476727,S3-626331022,S3-919073726
S1-377632980	S2-64628167
S1-457526683	S2-540713348,S2-961418177,S3-619153054,S3-341643003
S1-424990104	S2-531243263,S3-155503760
S1-909558843	S2-610321457,S2-697761033,S2-728380808,S3-239000566,S3-847174026,S3-494932874
S1-955725652	S2-355229513,S3-23073512
S1-540107827	S2-303059485,S3-32044491
S1-534242124	S2-572549902,S2-797705508,S3-211105228,S3-375651080
S1-415253149	S3-308724266,S3-543813379
S1-555269324	S2-351247015,S3-304588641,S3-965576352
S1-809276804	S2-659760306,S2-908595469,S3-625596268
S1-913020833	S2-838889156,S2-246734557,S3-769506675,S3-979747719
S1-302946998	S2-830711089,S3-936602367,S3-82160576
S1-25992799	S2-464244070,S2-189171419,S3-541480070,S3-505638170,S3-462374416
S1-94835703	S2-473285791,S2-800873257,S3-168690747,S3-198703749,S3-830980912,S3-448042714
S1-929716996	S2-161965999,S3-230048580,S3-877738853
S1-712298656	S2-572632266,S2-607771934,S3-294686914,S3-844012768,S3-795624020
S1-295038838	S2-860327259,S2-643635065,S3-839028495,S3-65029071
S1-462062029	S2-637230595,S3-749157027,S3-479188996,S3-566139975
S1-155335350	S2-14315672,S2-730343704,S3-230388204,S3-212858345
S1-342496725	S2-306508731,S2-693196010,S2-700202229,S2-880679282,S2-925069872,S3-750724880,S3-442907633,S3-437496614
S1-923710264	S2-32145301,S3-607338223,S3-532127655
S1-483491409	S2-417777942,S3-397484701,S3-750938898,S3-202392773
S1-683499951	S2-872782382,S2-399545238
S1-704018240	S3-953115300,S3-702832130
S1-540577188	S2-529176955,S2-479223290,S3-409328928,S3-996784725
S1-637091571	S2-393695569,S2-938903641,S3-581433143,S3-35746902,S3-545102244,S3-306615726,S3-25339497
S1-909996681	S2-10894766,S2-974450106,S2-134415106,S3-624924601,S3-723100150
S1-747797903	
S1-751804522	S2-392581488,S2-272041105,S2-180214533,S3-710799432,S3-305137305
S1-28873529	S2-2760733,S2-322353107,S2-527211518,S3-29175014
S1-214907322	S2-779902479,S2-952288030,S3-720814307
S1-578315808	
S1-688505614	S2-78856398,S2-622043268,S3-96277908,S3-302561344,S3-35850097
S1-964698667	S2-272787201,S2-411354121,S3-335876383,S3-907896935,S3-665444805,S3-832391485,S3-507109326
S1-977787777	S2-786583185,S2-16894095,S3-82098672,S3-582816965,S3-977597198
S1-780808579	S2-992433106,S3-362893613,S3-384951351,S3-713784414,S3-816982376
S1-335478469	S3-103297781,S3-757049552,S3-390729257
S1-736036475	S2-277408457
S1-951803228	
S1-764633710	S2-587679554,S2-706329001,S3-423223402
S1-588163261	S2-885994085,S2-913230363,S3-602324939
S1-410131110	
S1-79764504	S2-174190599,S2-833947124,S3-429375247,S3-735943123
S1-705602514	S2-250674144,S2-570737895,S3-808361970
S1-602159414	
S1-377325480	S3-574330008
S1-178155726	S2-303139095,S3-367860384,S3-974863051,S3-480794341
S1-998979330	S3-140153947,S3-314361738
S1-102411450	S2-114057475,S3-963297052,S3-430969654
S1-125479797	
S1-191487724	S3-42630688
S1-65996576	S2-727035993,S2-579855974,S2-623997675,S2-896975859,S3-625051996
S1-405237319	S2-390930026,S2-978024415,S2-708585253,S3-832626399
S1-784058330	S2-48891537,S2-224628513,S2-151175780
S1-41476117	S2-464749805,S3-860264259,S3-302330886,S3-692206542,S3-672521236
S1-45877379	
S1-282210902	
S1-593942719	
S1-667383610	S2-877062647,S2-603809472,S3-582160948
S1-498430588	S2-120590060,S2-327363887,S3-975229381
S1-902894621	S2-190232122,S2-143691759,S3-665903829
S1-806738880	S2-789720884,S2-987117624
S1-268494531	S3-865363684
S1-625936982	S2-169232421,S2-475960205,S3-781486086,S3-908872358,S3-510922514
S1-808260320	S2-647619610,S3-621901433,S3-557225432
S1-36999256	S2-99183475,S2-665353146,S3-447922222
S1-456389500	
S1-435763202	S2-345512918,S2-723576414,S2-818092760,S3-577873716,S3-659872610
S1-228065268	S2-869868187,S3-838514411,S3-202343545,S3-664269685
S1-796227710	S2-930113803,S2-184035337,S3-805177636,S3-428087276
S1-90904010	S2-230503252,S3-862703897,S3-151861594,S3-906387101
S1-44489457	S2-64438176,S2-927998525,S3-226959466,S3-96332145
S1-553615100	
S1-539359992	S2-886688395,S3-784599083
S1-831749864	S2-494333989,S3-142422765,S3-379013159,S3-158956985
S1-151512020	S2-967719441,S2-737549211,S2-234480299,S3-571676884,S3-10055772
S1-861909889	
S1-47878641	S2-79540346,S2-231495063,S3-530950467,S3-44804760,S3-114529336
S1-564464881	S2-557236542,S2-383255619,S2-390808641,S2-639304583,S3-121079228,S3-573767134
S1-126759492	S2-316386793,S2-332026596,S3-157185178
S1-515971247	S2-61806780,S3-161956777,S3-711922364,S3-920512474,S3-411704817
S1-595846502	S2-115352200,S2-853078158,S2-558731336,S3-896955832,S3-257124643
S1-490209713	S2-87864498,S2-643098392,S2-373668639,S3-749103288,S3-177627262,S3-19122955
S1-144217975	S2-938403490,S2-24732554,S3-386384037,S3-532826711
S1-102835191	S2-615495708,S2-740952122,S2-286634429,S2-142372851,S2-832744176,S3-464621250
S1-9747161	S2-839579768,S2-188047453,S2-523113919,S3-345732013,S3-589997042
S1-513913367	S2-891178281,S2-875115313,S2-957177536,S2-77689535,S3-894679804,S3-531056136,S3-35384014
S1-304220133	S2-671130066,S2-408722598,S2-485740592,S3-230960960
S1-87132558	
S1-962645828	S2-462815233,S2-22812305,S3-353245729
S1-131560524	S2-44625138,S2-34165207,S3-418385257
S1-119982926	S2-846410561,S2-299089367,S3-231797900,S3-117756452,S3-480956574
S1-502192294	S2-468239341,S2-356021649,S3-166912326,S3-388792196
S1-566980996	S2-757089783,S2-854465843,S2-257488694,S3-850465773,S3-542059751,S3-498004346
S1-561518750	S2-700575579,S2-459031087,S3-120560165
S1-52436125	S2-257376953,S3-370352562,S3-327358519,S3-596877316
S1-448313586	S2-311207219,S2-900033127,S3-62466368,S3-692487113,S3-526698146
S1-963095928	S2-951544247,S2-97752791,S3-841758953
S1-332895913	S2-186050957,S2-413918866,S2-846031991,S2-12926169,S2-862412536,S3-859658130
S1-190865029	S2-127232689,S3-658933397,S3-986697994
S1-557179046	S2-694704242,S2-797099442,S2-630740840,S3-805343449,S3-531054479,S3-781922161,S3-913466462
S1-856643214	S2-97873240,S3-988113428,S3-661343821
S1-93692202	S2-465675258,S2-948547013,S2-668038007,S2-465771343,S3-340554524
S1-795638868	S2-125330625,S3-770347641
S1-450395396	S2-120430454,S3-348215065,S3-835245279,S3-830846997
S1-481897571	S2-838296009,S2-165731449,S3-666934122,S3-327670099,S3-964838468,S3-480348067
S1-43261148	
S1-762531083	S2-570272309,S2-180592737,S3-303899251,S3-94962788
S1-659407617	S2-284081599,S2-683671791,S2-612425469,S2-332257372,S3-769783766,S3-169080648,S3-332678386
S1-861515360	S2-219835283,S3-709192710,S3-417413578
S1-610529771	S2-961940972,S3-412550962,S3-215749827
S1-201180812	S2-621605040,S3-552488586
S1-781082707	S2-311556523,S3-855734360
S1-238342664	S2-648954174,S3-528554241
S1-960897423	S2-353365955,S3-960038876,S3-140586657,S3-689141757
S1-140074915	S2-756594269,S2-338657453,S3-594145178
S1-79729767	S2-525034616,S2-588247588,S3-950665719
S1-440938736	
S1-974001028	
S1-572714585	S2-434366023,S3-190849062,S3-934638272,S3-195503546,S3-407111444
S1-974030688	S2-862748066,S3-965191507,S3-382151758
S1-714362209	
S1-819362187	S2-524372611,S3-519710379
S1-91116033	S2-516059524,S3-156988131,S3-438874751,S3-453242751
S1-202240885	S2-625023605,S2-42256694,S3-837016861,S3-372567594
S1-307780161	
S1-76500810	S2-552040083,S2-96797111,S2-154698999,S3-677857616,S3-934848635
S1-199291999	
S1-128682165	S2-432678713,S2-26924844,S3-217872342,S3-582680158,S3-237429088,S3-787689714
S1-585283516	S2-664310707,S2-515286048,S3-341379272,S3-457916443
S1-590856786	S2-538028628,S3-337151970,S3-689395464
S1-516385146	S2-697778067,S2-939345099,S3-484845790
S1-962788682	S2-919140752,S2-987035911,S2-853262045
S1-144211271	
S1-302964714	S2-710358924,S3-729832210
S1-796171678	S2-200967725,S2-15414343,S2-492152618,S3-913615628,S3-923868367
S1-835915987	S2-543438221,S2-754209340,S2-377106754,S3-898271408
S1-511951860	
S1-577672234	S2-830400551,S3-679559063,S3-230765103
S1-366964155	S2-211477998,S3-717661350
S1-330008101	S2-147899576,S3-502893852
S1-507105058	S2-902037112,S2-416814895,S2-92566067,S3-451054312
S1-902329559	S2-642252483,S2-556569487,S2-335626296,S3-537910532,S3-23037282,S3-488802394
S1-127289868	
S1-352018046	S2-569654405,S2-362121095,S3-785978415
S1-179369567	S2-780514481,S3-30113205,S3-511545434,S3-690615785
S1-659106200	S2-783449255,S3-388031755,S3-391923927
S1-483444249	S2-465202170,S3-223300348,S3-585551717,S3-541317710
S1-247983637	S2-863822080,S2-648680594,S3-471012540,S3-845703289,S3-832312842,S3-6327983
S1-498192779	S2-327506973,S2-345469770,S2-705094846,S2-431493279
S1-689091758	S2-25595619
S1-541738225	S2-761983370,S3-849494137,S3-803446799,S3-770659922
S1-513040265	S2-914991220,S2-458877348,S2-912837043,S3-449985641,S3-605416461
S1-344288898	S2-288538459,S2-590501977,S3-559824782,S3-801496745
S1-952002371	S2-322118614
S1-435384191	S2-156786091,S2-497312872,S3-731047172,S3-151711770
S1-745371296	S2-708711140,S2-626958636,S3-401016784,S3-907024030,S3-696096524
S1-98100491	S2-84669646,S2-863878194,S3-708949838
S1-487918909	S2-15621522,S3-912963789,S3-301713139
S1-533255137	S2-36709043,S2-328380727,S3-737542245,S3-530826138
S1-152197690	S2-98606207,S2-199333270,S3-452046301,S3-454649090,S3-23205732,S3-617469383,S3-792949543
S1-698246002	S2-25267876,S2-908085406,S2-184083876,S3-510722372,S3-403743497,S3-209292631
S1-645324127	S2-171042967,S2-951695299,S3-454323290,S3-856807740,S3-966886878,S3-628103721
S1-506176803	S2-20714791,S3-914068032,S3-953231285
S1-564576806	S2-516540342,S2-843326037,S3-253639147,S3-106109962
S1-820181368	S2-475559276,S2-948174283,S2-194158281,S2-917240919,S3-644784045
S1-71658271	S2-680850640,S2-576471710,S3-746993692
S1-790568390	S2-213853257,S3-585710087,S3-874335514,S3-202750113,S3-640058339
S1-937965473	S2-960473024,S2-660067362,S3-862739800
S1-951532530	S2-765781346,S2-792480149,S2-462216192
S1-36149067	S2-432184931,S2-835005511,S3-950009517
S1-260429958	S2-726676586,S2-645127769,S3-962276960,S3-158505244,S3-273069747,S3-446594103
S1-622848339	
S1-49423052	
S1-840218727	S2-48618245,S2-60023159,S2-127825867,S2-693887256,S3-501122141,S3-700068783
S1-484398623	S2-507206194,S2-760811358,S3-504001340,S3-818566501
S1-39507728	S2-421582972,S2-842220118,S2-625000813,S3-820135364,S3-933299273
S1-776613466	S2-277874852,S2-133517294,S3-905030114
S1-474359110	S2-459392917,S3-102552789,S3-133103283
S1-193846627	S2-157316575,S2-100826147,S3-554402941
S1-505773468	S3-59087311,S3-426835963,S3-286830654,S3-460336371
S1-722883783	S2-861714182,S2-691730422,S2-948402649,S3-943206441
S1-253556726	S2-8503183,S2-595131221,S2-851562031,S3-910544351
S1-983004396	
S1-81602513	S2-977072346,S2-731663122,S2-146056955,S2-484934841,S3-574772828,S3-399780261,S3-706329135
S1-901143043	S2-76057227,S3-146439812,S3-54008869,S3-749354531,S3-533875207
S1-497940387	S3-936074814
S1-449871148	S2-3930367,S2-59186285,S3-979459312,S3-54198301,S3-389160157
S1-550126747	S2-944683919,S2-562089836,S2-771479262,S2-430695940,S3-851701079
S1-127732901	S2-933956799,S2-240946446,S3-994073456
S1-900042100	S2-697332500,S2-689736953,S3-129018958,S3-569650849
S1-747221734	S2-597965867,S3-418904897,S3-515306434
S1-760331900	
S1-52557968	S2-341753082,S3-495455298
S1-66335076	
S1-655285393	S2-344667069,S3-578702135,S3-199515802
S1-341216845	S2-269297366,S2-952025931,S2-99351863,S3-704004175,S3-890427485,S3-744256476
S1-203927850	S2-450088557,S3-796330320,S3-51478900
S1-275692465	S2-726264714,S2-962322431,S2-872536828,S3-947837049
S1-917191287	S2-34259481,S3-551652477,S3-467148965,S3-490320339,S3-577836939
S1-124284875	
S1-584225851	S2-986842500,S3-741747905,S3-494166246
S1-243619316	S3-595498904
S1-527660944	
S1-958443649	
S1-272820285	S2-185087767,S2-740664052,S3-59237503,S3-666603457,S3-651359276
S1-450288010	S2-459099693
S1-90776136	
S1-366159115	
S1-207619777	S2-338232113,S3-618197985,S3-505424306
S1-354836666	S2-460888033,S2-224927456,S2-665548089,S3-754194973
S1-630498442	S2-1979309,S2-749503040,S3-699461651,S3-275082670,S3-16183245
S1-895744798	
S1-493073630	S2-767734567,S2-248967538,S3-593400979,S3-401572400,S3-160837522,S3-349085821
S1-240994714	S2-356503033,S2-954588745,S2-654655296,S3-561902259
S1-856804557	S3-368351626
S1-697446938	
S1-162206287	
S1-768127198	S2-402556627,S3-979579448,S3-72973648,S3-602537443
S1-955555905	S2-208955652,S2-173674091,S3-92473936
S1-694682934	
S1-561940972	S2-870417352,S2-223826110
S1-124411625	S2-979089155,S2-14989462,S2-337031170,S3-795696131
S1-298567590	S2-900796691,S2-521063342,S2-767936852,S3-897216200,S3-878069297
S1-766683741	S2-210912877,S2-418963491,S2-11363276,S3-522679631
S1-765278874	S2-953637507
S1-517088282	
S1-166973053	S2-627725887,S3-853418151,S3-361539528,S3-171648626,S3-738813140,S3-840748453
S1-977606045	S2-999774938,S3-279919539,S3-593139047
S1-185798056	S2-564185398,S2-858427407,S2-139102611
S1-428919422	S2-30457946,S2-756040432,S3-872797281,S3-965520073
S1-210682970	S2-491549379,S3-543258608
S1-637935748	S2-193269794,S3-287102231,S3-672484302,S3-54344716
S1-460121420	S2-496657324,S2-334515912,S3-130056281
S1-825848363	S2-279441874,S2-616275297,S3-478173037,S3-669075960,S3-212464066,S3-634454650
S1-530629662	S2-591449937,S3-659175595,S3-196426872
S1-97078101	S2-949226139,S3-16216274
S1-890543827	S2-451043549,S3-511894206,S3-549533726,S3-572983403,S3-596388631
S1-345255775	
S1-904844422	S2-217077708,S3-178115071
S1-481831437	
S1-994601296	S2-866617357,S2-720424670,S2-345690364,S3-267861640
S1-246341106	S2-429505251,S3-437266057
S1-719719412	S2-610979396,S2-852413320,S2-657279984,S3-477150047,S3-122102328,S3-389129537
S1-120022169	S2-611305816,S3-873062776,S3-654458532,S3-708915730
S1-73078751	
S1-938927122	S3-495338893,S3-585464024
S1-934713353	S2-838698951,S2-28648228,S2-273239689,S3-880556545,S3-213767853,S3-637628831,S3-739987450
S1-403214774	S2-468432280,S3-133575151,S3-867734128
S1-628942281	S2-1700843,S3-854932844,S3-450909428,S3-992369685
S1-982497756	
S1-483825542	S2-760162353,S3-357081101
S1-229568339	S2-410371053,S2-707983001,S2-442089290,S3-286686980,S3-308665653
S1-30584853	S2-949795862,S2-602678877,S2-953830627,S3-935219026
S1-615730671	S2-259252343,S2-421919897,S2-537532831,S3-113765346
S1-11134943	S2-440229186,S2-214331482,S3-947326749,S3-932420084
S1-182972615	S2-526139058,S3-350095025
S1-440248412	S2-333580533,S2-991403836,S3-567397224,S3-306507415
S1-887731168	S2-75279251,S2-378854301,S3-990112212,S3-187233602
S1-166888316	S2-229719470,S3-556120186,S3-967430268
S1-631074123	S2-124211183,S3-174586795
S1-587888688	S3-962001152,S3-497832970
S1-757303611	S2-159401961,S3-196579402
S1-452654740	S2-817406446,S3-525758783,S3-861733405
S1-644272022	S2-703520239,S3-701512591,S3-654553061
S1-809729967	
S1-919545795	S2-210669447,S2-358323008,S3-963579458,S3-601075987,S3-399092064
S1-592049826	S2-444889628,S3-82985467
S1-296078888	S2-400032197,S3-630069065
S1-557359103	S2-315864375,S3-750659804
S1-849428377	S2-570928378,S3-390470961,S3-817249995
S1-678813525	
S1-277291161	S2-376259444,S3-591988480,S3-615470442,S3-551739005
S1-461567886	
S1-923251126	S2-276207381,S2-549906822,S2-855675303
S1-149735676	S3-723023324,S3-190495519
S1-425859322	
S1-232703346	S2-744640602
S1-345431066	
S1-742430197	S2-821084628,S3-233430892,S3-892753759,S3-196336466
S1-837747575	S2-66235542,S3-228218735,S3-621921629
S1-263330362	S3-359988525
S1-704793451	S2-258800579,S2-45286947,S2-496665133,S3-55013110
S1-959728371	S2-280521959,S3-870608484,S3-914697448
S1-436882779	S2-629195409,S2-870092615,S3-173823331,S3-21069198
S1-163701005	S3-24485468
S1-450981747	S2-708735669,S2-8175832,S3-708704711,S3-768614896
S1-782190430	S2-428549738,S3-739206993,S3-662621176,S3-665189937,S3-629233533,S3-554086232
S1-635943033	S2-328502536,S2-741442641,S2-834218061,S3-713600374
S1-349728809	S2-559504212,S2-999690551,S3-813212790
S1-665071757	
S1-507187600	S2-758363457,S2-390304280,S3-992469669
S1-227188025	S2-120751347,S2-313059972,S2-378407755,S2-259683638,S3-325332371,S3-455066985
S1-899575398	
S1-996338213	S2-103983474,S2-894248409,S2-735360034,S3-751380234,S3-900014377,S3-240725066
S1-574276787	S2-332169918,S3-86568029,S3-590353261,S3-554645809
S1-391295878	S2-868435382,S3-857476872,S3-753922842
S1-941018002	S2-235034820,S2-79512775,S3-162183751,S3-735449101
S1-767197653	S2-897822052,S2-132080236,S2-510829846,S3-74382719,S3-361862841,S3-152851580
S1-364202020	S2-719921806,S2-537294619
S1-371021715	S2-990859780,S2-770725936,S2-852187788,S2-623098563,S3-331369403
S1-785610559	S2-362551260,S3-474173828
S1-704685031	S2-534414947,S2-876215297,S3-689089017,S3-699918740
S1-576695490	
S1-662294633	S2-54063426,S2-95283206,S3-524198099,S3-550803151
S1-614913303	S2-454436960,S3-430417597
S1-344972316	S2-475295872,S3-450410816,S3-995389163
S1-609726160	
S1-762653755	S2-894669285,S3-356371051
S1-415683485	S2-751768563,S2-436841697
S1-133840354	S2-242184204,S3-940561733,S3-608648211,S3-86902690
S1-6926969	S2-491247200,S2-34624334,S3-802103261
S1-542647689	
S1-320303286	S2-336423386,S2-398785140,S2-350678682,S3-963952026,S3-582177854
S1-407163039	S2-946020687,S2-60724315,S2-100801235,S2-274217105,S3-794751185,S3-837509309
S1-487168388	S2-669165671
S1-584724997	S2-435680802,S3-497994128
S1-274278224	S2-300733358,S2-339641385,S3-5514602
S1-102633235	S2-497231724,S2-712516043,S3-293048814,S3-257164036,S3-285280318,S3-533300059
S1-184645711	S2-393967751,S3-818925829,S3-214537431
S1-65064340	
S1-679187989	S2-847680030,S3-70638970,S3-601225536
S1-121527869	S2-911078471,S2-391412840
S1-657516752	S3-615305901
S1-406569917	S2-580102626,S3-517928955
S1-124504306	S2-97213854,S2-996678838,S2-943468246,S3-911227521,S3-22565422
S1-158338549	
S1-44547173	S2-444361045,S2-300722138,S2-807446720,S3-438299223,S3-841259371
S1-269961750	S2-514337377,S2-408505689,S3-310140212
S1-922535091	S2-656135419,S2-323956864,S2-877664741,S3-592318952
S1-994346036	S2-955226364,S2-425523010,S3-761396746,S3-612392566,S3-299483994
S1-626292118	S2-294159847,S2-162714569,S2-469594992,S2-111800392,S3-882051645
S1-1654325	
S1-477665082	
S1-159635328	
S1-657898993	S2-488259884,S2-132125140,S2-772303408,S2-75815856,S3-290054370,S3-47105354,S3-146635303
S1-681419592	S2-68919260,S2-906217161,S3-725271198,S3-927801255,S3-202895479,S3-418279252
S1-714742968	S2-219181491,S2-622250781,S2-675538077,S3-987175541,S3-1606400
S1-550497978	
S1-331874466	S2-327910370,S2-190430850,S2-34668387,S2-25137247,S3-44745629
S1-33934986	S2-554501863,S3-658509470
S1-135556545	
S1-701990883	
S1-705277649	
S1-724903270	S2-383559334,S3-620026227
S1-125092100	S2-850626709,S2-237099982,S2-303136541,S3-377749880,S3-481883441
S1-472356581	S2-165759032,S2-54897702,S3-136424178
S1-495508681	S2-413390256,S3-645826982,S3-358917713
S1-973053818	S3-560210245,S3-360862663
S1-206896242	S2-762138126,S3-369993026,S3-369494822
S1-629824450	S2-115712693,S2-277852526,S2-972257587,S3-579557644,S3-52603940,S3-274007169
S1-234697443	
S1-831464980	S2-314553505,S3-5432056,S3-263814809
S1-159239229	S2-915084114,S2-42791116,S2-703556179,S3-74382602,S3-539913329,S3-221385876
S1-380304270	
S1-418126752	S2-980010807,S2-991121143,S3-994039277
S1-845808434	S2-28760700,S3-1054426,S3-460209706
S1-364510682	S2-5356780,S3-47244978,S3-766737790,S3-869426629
S1-721912794	
S1-105951912	S2-45394145,S2-333521231,S3-103105196,S3-528237034,S3-489404042,S3-721300873,S3-615596505
S1-797202770	S2-817757657,S2-827189432,S3-726300249,S3-802854145,S3-861990198
S1-710600928	S2-976666276,S2-705856040,S3-676184807,S3-74775849,S3-3666818
S1-954633068	S2-510004514,S2-546707003,S2-570915617,S3-92354090
S1-975537539	S2-882767889,S3-99188168,S3-877226651
S1-576873208	S2-985130435,S2-714468176,S2-458446496,S2-99556327,S3-77718806
S1-544670077	S2-96629976,S2-665985176,S3-295178333,S3-535109494,S3-353555577,S3-319763698
S1-745004645	S2-827538988,S3-153623523
S1-735059289	S2-53082087,S2-537939619
S1-38510148	S3-302873517,S3-461993671
S1-903035152	S2-944897028,S2-85146777,S3-55893271,S3-522568153,S3-305535465
S1-670572391	S2-171926831,S3-520879697,S3-65182053
S1-565765286	
S1-377899659	S2-121578632
S1-505299432	S3-650172158
S1-787321342	S2-126666745,S3-534044069
S1-80447222	S2-650208956,S2-389160952,S2-541362054,S3-643413180
S1-820589723	
S1-558552374	S2-878271082,S3-555937217
S1-867174460	S2-514134267,S3-5042088
S1-694465033	S2-450430924,S3-927347238
S1-964331374	S2-306226028,S2-414215596,S2-584325624,S2-878934861,S3-551876683
S1-635284339	S2-607088988,S3-633944570
S1-23147067	S2-738865700,S2-409884443,S3-180099106,S3-325962160,S3-761713161
S1-190911918	S2-826368267,S3-583981325,S3-736965527,S3-706930689
S1-446869880	S2-659078257,S2-529638133
S1-617741558	S2-106077394,S2-266041102,S2-443888361,S3-209243332,S3-651129913,S3-383592436,S3-430849945
S1-435159540	S2-60568379,S2-956024509,S2-618966463,S3-654518259,S3-654928536,S3-777990837
S1-89260343	
S1-878772743	S2-85840527,S3-162969300,S3-891728112
S1-812302635	S3-416658862
S1-331674293	S2-663882526,S2-60120346,S2-300269077,S2-562291280
S1-475331982	S2-101989379,S3-568723665,S3-254498745,S3-216400729,S3-281549228
S1-268647562	S2-393083939,S3-314902996,S3-394376005
S1-548645113	S2-961311493,S2-64653868,S3-761881989,S3-899647178,S3-467263183,S3-636970094
S1-210802800	S2-490851187,S3-68511443,S3-861438852
S1-498347344	
S1-599147636	
S1-578799500	S2-686213740,S2-44507624,S2-587093115,S2-312429534,S3-960782639,S3-378769884
S1-791511344	S2-319209653,S3-648790683,S3-925609909,S3-281447377,S3-817653593
S1-63470209	S2-66913552
S1-690234755	S2-21777364,S2-671409493,S3-428466746
S1-650262974	S2-668794048,S2-650538154,S3-77038072,S3-400468386
S1-255312391	S2-424541597,S2-931600874,S3-524084749,S3-646866958,S3-540669153,S3-439509584
S1-685906547	S2-8304959,S2-64139410,S3-367270381
S1-881264816	
S1-826741927	
S1-188231572	S2-786521810,S2-323971914,S2-25932392,S3-609363205
S1-332811051	
S1-659772380	S2-622939115,S3-617481946,S3-226301948
S1-235024715	S2-33056424,S3-737148626
S1-605819848	S2-92933446,S2-504872820,S3-761907604,S3-508136727
S1-309169839	S2-344887767,S3-436949189,S3-62522387
S1-642249621	S2-966293398,S2-995803895,S3-777898509
S1-821589484	
S1-741657382	S2-455420194,S2-427238735,S3-296904776
S1-364010339	S2-715492686,S2-219214461,S3-534465636,S3-592762018
S1-754577036	S2-559749222,S2-297582234,S3-748006831,S3-34592316,S3-978117310
S1-588079382	S2-400473579,S2-496994967
S1-770133962	S2-207610789,S2-726597173,S3-325812526
S1-136917384	S2-160501964,S3-552364408
S1-473290688	S2-507759929,S2-621727073,S3-315752792
S1-135993878	S2-973603158,S2-878355513,S3-61065019
S1-720893483	
S1-443947772	S2-518222625,S2-425125934,S2-674972448,S3-603837650
S1-584491303	S2-496067272,S3-878791237
S1-311693580	S2-957826202,S2-674364393,S2-579016155,S2-853015026,S3-707177970
S1-602676046	
S1-532333991	S2-365565788,S3-2410342,S3-953899043
S1-27513313	S2-864720492,S2-441456578,S2-123764894
S1-191656226	S3-838604146,S3-211612394,S3-680677221,S3-863096963
S1-563053061	S2-242082599
S1-667308032	
S1-261273797	S2-694176164,S2-72381838,S3-20464735
S1-575470785	S2-250220629,S3-459995168,S3-751062840
S1-495408555	
S1-754035901	S2-90099207,S2-377389982,S3-420336682,S3-810592138,S3-188220280
S1-525815113	S2-666758832,S2-700616529,S2-360747620,S3-989005814,S3-612741786
S1-786497275	S2-200980676,S2-118476307,S3-763130924
S1-149500236	S2-988350549,S3-729409527,S3-647219211
S1-237668724	S3-478731402,S3-165241107,S3-945622302,S3-845614643,S3-829197000
S1-357052753	
S1-263594470	S3-481322929,S3-927828387
S1-984176899	S2-130670948,S3-350658736,S3-73921108,S3-713534567
S1-897606403	S2-387147918,S3-737724528
S1-579478833	S2-822594080,S3-64379625,S3-255080639
S1-525798460	
S1-300349371	S2-837968261,S2-553864705,S2-727986920,S3-167553288,S3-79682517,S3-163736303,S3-500349569
S1-489027902	S2-587525033,S2-132184818,S3-348025833,S3-982761401
S1-984660125	S2-955448149,S3-501169552,S3-783110355
S1-433938089	S2-837836201,S3-838461212,S3-723251006,S3-482499760
S1-356370699	S2-689111202,S2-644350723,S3-380425863,S3-978244533,S3-158661997
S1-477262705	
S1-855480216	S2-865872698,S3-593953702,S3-336883304
S1-449320523	S2-211647203,S2-146060788,S2-308089078,S3-214833069,S3-681854189
S1-474285508	S2-987187345,S2-89083533,S2-688719591,S3-680982157
S1-483655307	S2-639777340,S2-301887566,S3-595131009
S1-471638962	
S1-509918224	S2-455377738,S2-815108772,S3-826043531,S3-164313977
S1-73021183	S2-140276594,S2-70084186,S3-396240835,S3-692686106
S1-564721872	S2-463383125,S3-492104436
S1-997699105	
S1-578881619	S2-328901071,S2-538664227,S3-263089833,S3-510633756
S1-533965955	
S1-174985991	
S1-392292037	S2-786771172,S2-758783553,S2-259933247,S3-839003906,S3-776364517,S3-575444269
S1-634946667	
S1-233847544	S2-239264612,S2-839219063,S3-189762548,S3-589271041
S1-34674472	S2-610761949,S2-206651411,S3-550916404
S1-5749759	S2-105411079,S2-293341414
S1-235191492	S2-643573055,S2-334753606,S2-649842060,S3-346233754,S3-301988031
S1-234630966	S2-311245091,S3-260657056
S1-561238264	S2-181427176,S3-945897596,S3-691484766
S1-140041669	S2-28423329,S3-352618333,S3-834057760,S3-53439286
S1-523805455	S2-385045844,S2-809548917,S3-334954797
S1-432353910	S2-61101624,S2-862647016,S3-840282739,S3-320105560
S1-912038234	S2-311445359,S3-524591
S1-487173255	S2-243767051,S2-848736743,S2-402090508,S3-188324559
S1-162228761	S2-776724740,S2-285314657,S3-217024190,S3-652240653,S3-142238144
S1-123467272	
S1-253827481	
S1-979270090	S2-793545316,S3-754000189
S1-811755617	S2-99690660,S3-642802833
S1-770688986	
S1-176932492	S2-99353399,S3-714414957,S3-370889546,S3-730593830
S1-338810402	S2-344704409,S2-105824057,S2-656282405,S3-982675075
S1-932764442	S2-743209344,S2-93552086,S2-309064747,S3-65746165,S3-718326228,S3-631898249,S3-474507570
S1-84381207	S2-290584348,S2-350613673,S3-130452601,S3-122626123,S3-73975726
S1-280803193	S2-367125889,S3-524340773,S3-406863946,S3-576610918
S1-334170786	S2-314738153,S3-183664951,S3-432484718
S1-704776531	S2-632481852,S2-737163873,S3-286741767,S3-492478666,S3-984427161
S1-986915379	S2-600386961,S3-318207840,S3-422576357
S1-151345398	S2-23975453,S3-442699141,S3-359245931,S3-650054845
S1-976606284	S3-117153734,S3-167234099
S1-514044973	
S1-852022734	S2-881737501,S2-861308410,S3-813347548,S3-979239114
S1-739710309	S2-891635888,S2-115517384,S3-862673624,S3-852128973,S3-46365147
S1-684140340	S2-85055618,S2-188142937,S3-915784311
S1-857087870	S3-122258292,S3-477565576,S3-616657886
S1-930870560	S2-702471326,S2-909237411,S3-397141526,S3-794017703,S3-324728766
S1-515425770	S2-30996107,S2-716355879,S2-9100650
S1-465493933	S2-1996244,S3-902467404,S3-561844812
S1-606600091	S2-386620533,S2-498509117,S2-973298114,S3-918358533,S3-593992446
S1-477787666	
S1-574757155	S2-167755042,S3-106382224
S1-816944288	S2-542437728,S2-21382683,S3-69125327
S1-35342788	
S1-360475070	S2-69845513,S2-616664986,S2-147274573,S3-988474542
S1-937330053	S2-273422462,S2-883527415
S1-873883330	S2-58824409,S3-866616249
S1-853557574	S2-882321765,S2-619182572,S3-104023763,S3-836215174,S3-211109975,S3-941107765
S1-391599445	S2-946458507,S2-37036682,S2-724487565,S3-715688251,S3-609888868,S3-705542598
S1-760483814	S2-305902531,S3-181304602
S1-45274888	S3-92776114
S1-542068369	S2-800762120,S2-269705573,S2-587638103,S3-464913691,S3-873564807
S1-253565247	
S1-679674182	
S1-509944402	S2-317902043,S2-814625413,S2-376522303,S3-769071543,S3-780596507
S1-898713797	
S1-266009059	S2-65792939,S2-980582067,S3-567007637,S3-959308074,S3-339824064,S3-737674841,S3-560257513
S1-455891369	
S1-166534625	S2-905547270,S3-358596622,S3-228837749,S3-771995491,S3-233208586
S1-260952051	S2-975148765,S3-188201220,S3-630972749,S3-913786471
S1-134302582	S2-329078714,S2-565605302,S2-390304402,S3-175390124,S3-35423289
S1-227869335	S2-649340041,S2-522715782,S2-320752738,S3-353887574,S3-473422499,S3-38847140,S3-809908298,S3-810602932
S1-531256414	
S1-870553272	S2-505508401,S2-479404750,S2-570052613,S2-937534898,S3-7850657,S3-602914602
S1-8067808	S3-101354202,S3-205804027,S3-816929884,S3-862512660
S1-305537749	S2-382248722,S2-353978789,S3-797043294,S3-463184974,S3-953450532,S3-989054681
S1-311547284	S2-405853620,S2-500889253,S3-462313948
S1-872681502	S2-59328959,S2-1091284,S3-992482719
S1-497671230	S2-738894207,S2-392194889,S3-74486343,S3-497838085
S1-737323628	S2-602029055,S2-363172125,S3-978211631,S3-711725326
S1-192342154	S2-649244523,S3-368903110,S3-455632633
S1-676853925	S2-750542219,S2-929541381,S3-633529014,S3-860575754
S1-913380413	S2-699956670,S2-72931142,S2-599048776,S3-926199878,S3-545430414,S3-329971941,S3-615093722
S1-887337142	S3-709425877
S1-515605148	
S1-215690079	S2-345914293,S3-468173142,S3-477022966,S3-205561383,S3-851767778
S1-833033461	
S1-124204380	S2-820900783,S3-240764066,S3-768932235,S3-161640476
S1-668501271	S2-84653676,S2-963240949,S2-258722301,S3-324355886
S1-93479046	S2-35102104,S3-350736925,S3-357338090,S3-991132060
S1-319351338	S2-198915403,S2-193393959,S3-870250499,S3-279330424,S3-448807584
S1-342775515	S3-47034962
S1-587528403	S2-506506232,S2-777331966,S3-874630833,S3-633068977,S3-78638204
S1-547317030	S2-886292772,S2-714781957,S2-831662667,S2-828217871,S3-163116120,S3-845822660,S3-885539039
S1-551971145	
S1-707639828	
S1-953628373	
S1-345555710	S2-917157952,S2-985447309,S3-288621264,S3-530571954
S1-406780784	
S1-652754366	S2-407499318,S2-143183744,S2-98522399,S3-421217667,S3-315366700,S3-349897417
S1-848678223	
S1-704628120	S2-314414794,S2-263709390,S3-239076055
S1-885401273	S2-292174493,S2-789408119,S3-789849096
S1-210400710	
S1-374085576	S2-919293012,S2-747939416,S2-885096308,S2-990001912,S3-714139596
S1-216008633	S2-109507632,S2-182280184,S3-841717434
S1-280244200	
S1-211440084	S2-525092377,S2-935128737,S2-106704347,S2-49863670,S3-635135627,S3-187251769,S3-109009876
S1-906726117	S3-768917258,S3-895804333,S3-161279293,S3-489874806
S1-429104835	S2-283677163,S2-801048696,S3-436008121,S3-978854893
S1-17465557	
S1-948738180	S2-385043894,S3-211014780,S3-369135659,S3-339369614,S3-568669918
S1-547062323	
S1-172820747	S2-20660006,S2-830638635,S3-217348671,S3-700538561
S1-866269927	S2-980106240,S2-647326315,S2-72221447
S1-723983151	
S1-524463130	
S1-315844201	S2-72346807,S2-819129578,S3-873428208
S1-196665115	S2-763371438,S2-495551481,S2-724590075,S3-27317574
S1-173355918	
S1-889493876	S2-943672157,S2-627635156,S3-740288198
S1-89134714	S2-642144498,S2-824611240,S2-850569045,S3-515792158,S3-277546403
S1-294186055	S2-91363442,S2-905646552,S3-977229361
S1-988573283	S2-547864605,S2-927296513,S2-697318067,S2-590899686,S3-858511383
S1-686244760	S2-22020283,S2-787300203,S3-508783320,S3-703636102,S3-860809125
S1-310431572	
S1-783390837	
S1-625567967	S2-83895275,S2-596660662,S2-695853029,S3-523380389,S3-845748289
S1-799701136	S2-498564353
S1-69855433	S2-843833901,S2-330264157,S3-979379964,S3-350672105,S3-897910360
S1-815976245	S2-204335919,S2-306685885,S3-692573760
S1-111501777	S2-101859322,S3-531000531
S1-474767604	
S1-280738570	S2-754243373,S2-95085739,S3-873351729
S1-358487353	S2-997985058,S2-699913995,S2-127222285
S1-948705066	S2-186523061,S2-880881615
S1-995908000	S2-113753610,S3-11623593,S3-761264755
S1-249312450	S2-571302763,S3-368724653,S3-496351286
S1-436722019	S2-668313798,S2-131476015,S2-446724296
S1-332265554	S2-394578681
S1-529276696	
S1-123010761	S3-734968510,S3-952796751,S3-271822481
S1-941236612	S3-415670317
S1-960150143	S2-193686858,S2-925856068,S3-298755370,S3-442725841
S1-852750874	
S1-422692172	S2-141578898,S2-246733818,S3-758298038,S3-408011578
S1-884037380	S2-709647362,S2-864633363,S2-883937811,S3-515668086,S3-276774846,S3-191870867
S1-748119573	S2-39503568,S2-964871017
S1-479924902	S2-522996530,S2-661666988,S2-108298332,S3-549815162
S1-234624983	
S1-23441739	S2-229151619,S3-901067973,S3-191598433
S1-359018336	S3-253437124,S3-715944967,S3-478452399
S1-868030475	
S1-840669755	S2-459300704,S2-398851523,S3-614536536,S3-802685920,S3-675616950,S3-503350797,S3-111815129
S1-548821903	S3-958406854,S3-531946236
S1-914484077	S2-20975798,S3-407703846,S3-16732993,S3-782597061,S3-940521740
S1-353487227	
S1-794082069	
S1-655412694	
S1-542313001	S3-331065477,S3-340985166
S1-384324023	
S1-886529822	S2-841073074,S2-974381485,S2-615126036,S3-134818897,S3-408653286
S1-527693753	
S1-62216823	S3-803239583,S3-859562459
S1-818970160	
S1-335386130	
S1-295952646	S2-360889462,S2-539279202,S2-599794530,S3-170005778
S1-961208085	S2-592499369,S2-309699385,S2-987314132,S2-80609386,S3-262297230,S3-481192057,S3-277156649
S1-894739472	S2-670897441,S2-778253422,S3-545209646,S3-804514078
S1-614996480	S2-637402749,S3-533971292,S3-350661117
S1-94488046	S2-898323003,S2-524932638,S2-359426776,S2-823115857
S1-360088713	S2-81138466,S2-575419847,S2-700712479,S3-653036557,S3-441791589
S1-663585481	S2-509321734,S3-39968836,S3-19106050,S3-581393993
S1-163257952	S2-186560242,S3-14580085
S1-200354170	S2-324699449,S2-849155937,S2-732822909,S3-920388633,S3-826108621
S1-585615834	S2-439398450,S2-889388006,S3-923640892,S3-148176331
S1-639695377	S2-676358118,S2-269512466
S1-556879860	S2-850245754,S2-239286597,S3-563465685
S1-997895027	S2-519937766,S3-736006438
S1-424482945	S2-581871315
S1-205412866	S2-488180005,S2-105828094,S2-428861032,S3-803677588
S1-498685072	
S1-760110409	
S1-581540185	S2-806600519,S3-995931554,S3-990774367
S1-435771202	
S1-302816040	S2-8727133,S2-674686042,S3-514414911,S3-309138913
S1-642701336	S2-930717204,S2-374064565,S3-88050245,S3-919121769
S1-136602289	S2-554536964,S3-217809528
S1-985888418	
S1-451258809	S2-306184571,S3-952442455,S3-919135800,S3-730232381
S1-659351215	S2-637005790,S3-217052367
S1-890326880	S2-583493442,S2-335120777,S2-848861058,S3-396949447,S3-396130404,S3-426799936
S1-559820700	S2-149347540,S2-939211022,S2-206552074,S3-273046539
S1-227047203	S2-922252974,S2-123142807,S2-559238914,S3-490012405,S3-381041097,S3-882981379
S1-530007228	S2-465338146,S2-828336658,S3-169720941,S3-536040721,S3-857591785
S1-898909444	S2-10531962,S2-339085044,S2-163199304,S3-938359173,S3-999350144
S1-883318258	
S1-350600266	S2-57477961,S3-510604164,S3-690801239,S3-50827242,S3-526300242
S1-850711888	S2-690771095,S3-9737560
S1-60534235	S2-813616381,S3-193776875
S1-981733714	S2-183076044,S3-505223235,S3-60704040
S1-705932914	
S1-797821157	
S1-395064788	S2-642327384,S2-97482670,S2-849731794,S3-786197170
S1-509931086	S2-894384959,S2-755000466,S3-543569220,S3-900661871
S1-230180650	S2-711428590,S3-828974139
S1-359715042	S2-515689051
S1-511859669	S2-5969442,S2-368888117,S2-812444263,S2-116333980
S1-511718147	S2-707547807,S3-605701704,S3-379433057,S3-818527954
S1-673498107	S2-374589126,S3-670831664
S1-225300818	
S1-456775386	S2-884627508,S2-45764878,S3-406830949
S1-789215808	S2-610440882,S2-250391677,S3-359111546
S1-662928920	
S1-618671612	S2-899963655,S2-508246107,S3-651569223,S3-345588759,S3-605702852,S3-530639879
S1-513623419	S2-400583502,S2-956236181,S3-100620734
S1-659752357	S2-558984437,S2-350235051,S3-584228144
S1-806375398	S2-61927110,S2-253394685,S3-246177945
S1-699096161	S2-10686269,S2-614013172,S3-199975894
S1-162932800	
S1-819971720	S2-734291433,S2-267722667,S2-906120801,S3-791525858,S3-597224026,S3-327753853,S3-22415476,S3-985674891
S1-281979670	S2-570454067,S2-876006127,S3-296463627
S1-749733719	S2-534328981
S1-471631936	S2-423255001,S3-24591138
S1-757760704	S2-581827766,S3-179064907
S1-987483593	
S1-455360041	S2-897638188,S3-672942041,S3-309074774,S3-193467336,S3-696850135,S3-931420481
S1-759101211	S2-508429261,S3-2762149,S3-113199208
S1-347196991	S2-496154262,S2-100413095,S2-344320408,S3-676122016,S3-684531136
S1-615205135	S2-133622153,S2-466158543,S3-327511602,S3-600168696
S1-685420922	S2-584523734,S2-235681007,S2-84361769,S3-555479437,S3-650008267
S1-546672804	
S1-932614980	S2-303676440,S3-490047081,S3-679989480
S1-905117369	S2-585499512,S3-880386757
S1-219901689	
S1-423474406	S2-611861527,S2-242810000,S2-72113755,S3-320861955
S1-304399445	
S1-735091928	S2-761903301,S2-603523399,S2-32934787,S2-369619060,S3-718014061,S3-808918913
S1-675826579	S2-523517628,S3-54320377,S3-949916657,S3-831746417
S1-69560994	S2-587778420,S2-655381816,S3-97969389
S1-434621372	S2-6236887,S3-452056094
S1-564560375	S2-742855844,S3-268230658
S1-145800541	S2-901373284,S3-435299965
S1-237902359	S2-701951647,S2-731499890,S3-289280908,S3-467267936
S1-308350480	
S1-595339369	S2-718415296,S2-123314799,S2-978158157,S2-561204761,S3-637226033
S1-687016969	S2-29796395,S3-82194821,S3-136276915
S1-457124352	S2-36051013,S2-386735433,S3-371789255,S3-965664404,S3-396206934,S3-361802918
S1-345340322	S2-544915210,S2-349111788,S2-644127922,S3-156958575,S3-74823741
S1-439456350	S2-261210786,S3-395447148
S1-403675930	S2-69543794,S3-354771162,S3-432260427
S1-213286282	S2-185306923,S2-953584436,S2-209507149,S3-302073038
S1-650666516	S2-744301377,S3-727007142
S1-48893529	S2-618005228,S3-177665290,S3-994636803,S3-437422340
S1-113776218	S2-751222418,S2-456698278,S3-645825144,S3-920545363,S3-181689825
S1-555470607	S2-764132138
S1-34887776	S2-124381011,S2-972130414,S2-710849016,S2-813981577,S3-603993131
S1-956729307	
S1-86288888	S2-165705220
S1-453186322	S2-296117279,S2-27865619,S2-139033520,S3-390166073,S3-7615539,S3-202751741,S3-324556596
S1-888709681	S3-235926968
S1-219304594	
S1-758220567	S2-382549440,S3-283638594,S3-962856841
S1-683387280	
S1-169376744	S2-369302592,S2-931234535,S2-978311264,S3-825805441,S3-326542778
S1-840669668	S2-55879233,S2-587434232,S2-984869710,S3-284646467
S1-133310440	S2-611719129,S2-222927032,S3-796464269
S1-116269449	
S1-941445660	S3-507400012
S1-638520499	S2-795423307,S2-573982863,S3-837825457,S3-314959080
S1-588723314	S2-287001013,S2-914836178,S3-684608972,S3-371344617,S3-651836667
S1-930592358	S2-824783984,S2-463149351,S2-932186623,S3-406256491
S1-941363153	S2-435885704,S3-564432070,S3-765264735,S3-604306117
S1-982065943	S2-252815879,S3-223979914
S1-783623294	S2-219095128,S3-714708890,S3-96163231
S1-571509089	
S1-999758700	
S1-696609709	
S1-503680462	S2-914056644
S1-257090786	
S1-533745233	S2-513313178
S1-20759008	S2-91966506,S2-903826908,S3-429605483,S3-520448487
S1-64843103	S3-246618000,S3-274522691
S1-650475589	S2-660498257,S3-50367716,S3-879145788
S1-2218962	S3-426575030
S1-270030988	S2-277425690,S2-268685698,S2-793543378,S2-554346572,S3-249805034,S3-140574655,S3-147010078,S3-660296225,S3-766439900
S1-969744744	S2-357648148,S2-291080952,S3-321076832
S1-892258517	S2-351010384,S2-965708395,S3-859890358,S3-394817441,S3-710100921
S1-367864796	S2-242411843,S3-228395150,S3-828306823
S1-47797806	S3-469897689
S1-434729204	S2-522735529,S2-260428201,S3-17002682,S3-950300395,S3-769452005,S3-144890667
S1-972283243	S2-149654770,S2-791013600,S2-637279498,S3-188896914,S3-957610124,S3-17774308,S3-310399191
S1-884973456	S2-583753408,S2-512937172,S3-719874126
S1-208138733	S2-800490805,S3-647237827,S3-225685057
S1-395805672	S2-915697368,S2-355057294,S2-787173088,S2-622898863,S3-251094109,S3-57688804,S3-21291058
S1-76830903	
S1-497682128	S2-800668352,S3-723608362,S3-47038994
S1-456808084	S2-192340846,S2-663241704,S3-259818183
S1-676300038	
S1-970806205	S2-964824390,S2-198571958,S3-987699049
S1-751032743	
S1-865787482	S2-830417786,S2-495327890,S2-123131400,S3-34106324,S3-646173891
S1-881664156	S2-549962970,S3-681222070
S1-345419069	S2-824220834,S2-91641461,S3-641186117
S1-645929525	S2-546176629,S2-869046710,S3-851127732,S3-604325921,S3-668684957
S1-929864548	S2-648987598,S2-222532118,S3-184145732
S1-841642950	S2-163909279
S1-582664650	S2-756651882,S2-752202361,S3-171278428
S1-734462216	S2-187437700,S3-876535580,S3-528147427,S3-113765289
S1-809311363	S2-219381560,S2-487501128,S2-873968059,S2-751082415,S3-339491734,S3-417197475
S1-940812019	S2-320336073,S3-376570809,S3-885829521,S3-3323063
S1-225812307	S2-20743337,S3-585172581
S1-576661181	
S1-340481848	S2-444363571,S3-431811068,S3-263232330
S1-297404138	S2-137352685,S2-273603576,S2-512831700,S2-76339945,S3-693223331
S1-719630995	S2-977751136,S2-554269793,S3-89341674,S3-998228592
S1-65926801	
S1-382417849	S2-526771579,S3-367293564,S3-539967607,S3-795225741
S1-816231976	S2-590116104,S2-515103042,S2-56175318
S1-699968312	S2-383057226,S2-259915811,S3-386554244,S3-806852759
S1-554349921	S2-766001498,S2-992938048,S2-614814111,S2-377704248,S3-375909665
S1-690016383	
S1-130075273	S2-12826065,S2-893254744,S2-350911226,S3-727269305,S3-313146095,S3-881317252
S1-159670492	S2-751002789,S2-145369885,S3-79426943,S3-743370881,S3-670774336,S3-907445381
S1-734055463	S2-199471994,S2-437316359,S3-798883119
S1-463438146	S2-436218694,S3-53322897,S3-493713264
S1-268399554	S3-710534853,S3-880045210
S1-178530748	S2-943855194,S2-910926801,S2-864144119,S2-269829701,S3-845559213
S1-829968747	S2-846646168,S3-421724325,S3-97383590,S3-890341254
S1-85983319	S3-531196370
S1-111239278	S2-919784005,S2-573085616,S2-30987707,S3-801007531
S1-706385679	S2-459527518,S3-373906757,S3-501860927,S3-382140048
S1-307535346	S2-677285879,S3-972160862,S3-871943617,S3-147409599
S1-774885246	
S1-407218067	S2-304843466,S2-941130574
S1-689347094	S2-182428688,S2-512971808,S2-782496808,S3-893418194
S1-187662455	S2-79184862,S2-723028068,S3-455017519,S3-861204118,S3-661620360,S3-273344573
S1-469676832	S2-650060323,S3-316066822,S3-774571550
S1-730748742	
S1-666558220	S3-678099354,S3-138216752
S1-312629705	S2-542680598,S3-606212022
S1-424522274	S2-736002526,S3-767295434,S3-783808615
S1-83460495	S2-721385019,S2-639868453,S3-387617675
S1-738867041	S2-870897769,S3-831770870
S1-305182367	S2-76347955,S2-982045941,S2-392465226,S3-657610584,S3-997744959,S3-670573129
S1-612900692	S3-318958800,S3-102808316
S1-251742988	S2-196859247
S1-933481425	S2-795992717,S2-152899432,S3-912819153,S3-665449303
S1-86469651	S2-607880583,S2-116389791,S3-381695279
S1-593733873	
S1-53996035	S2-684563156,S2-489619128,S2-825319353,S3-677581384,S3-70354945,S3-297504015,S3-926865007
S1-984141389	
S1-286456972	S2-818233392
S1-97517033	S2-511906740,S2-103861209,S3-181935548
S1-555082422	S2-407371754,S2-698001644,S3-646350734,S3-770562358
S1-855360595	S2-86264391,S3-953077121,S3-658451746,S3-918094779
S1-808594850	
S1-536817282	S2-979457181,S2-558520054
S1-908078780	S2-878094289,S3-925846867
S1-687631549	S2-960549104,S3-202982491
S1-621434532	S2-646822573,S2-940595275,S3-121551953
S1-215267873	S2-903075128,S3-145338733
S1-266044721	S2-516616822,S2-763757502,S3-978890403,S3-326771453
S1-471054864	S2-461270222,S2-399635888,S2-132365693,S3-687558292,S3-171627150
S1-457459519	
S1-330984306	S2-567367393,S2-765432598,S2-958213296,S3-987471039
S1-946656217	S2-508250020,S3-780294749
S1-923532704	S2-415689953
S1-223160910	
S1-804485175	S3-393442514
S1-262111072	S2-668953083,S3-850506786,S3-957656829,S3-778343383
S1-652254316	S2-72120958,S3-523202767
S1-291110021	S2-333254020,S3-986383737,S3-520518886,S3-443070181,S3-120056619
S1-123430005	S3-675130298
S1-37324444	S3-130395329
S1-855375665	S2-723315444,S2-333423397,S2-646722782,S3-432167963,S3-258460035,S3-942174391
S1-903935878	S2-990188623,S3-470562039,S3-610314785,S3-112813285,S3-81333186,S3-350423451
S1-648233339	S2-111890130
S1-660678924	S2-562819676,S3-59860538,S3-305031618
S1-79134748	
S1-879858420	
S1-954047522	S2-442003601,S3-592415702
S1-666175678	S2-259086091,S3-74935051,S3-529623857,S3-184947483
S1-337395456	S2-658980256,S2-733548615,S3-850794979,S3-271167509
S1-692324499	
S1-932081654	S2-509383132,S3-766575677,S3-140865526,S3-212778463
S1-494122971	S2-538571118,S2-450717712,S2-699808806,S2-677987477,S3-566843849,S3-333864984,S3-370622747
S1-32829645	S2-610379524,S3-683823257
S1-431636834	S2-809129707,S2-771963237,S3-458101819,S3-332209218
S1-307012871	S2-121998362,S3-275940968,S3-88730996,S3-428135655
S1-2272351	S2-3636707,S3-873580613,S3-480565707
S1-506283322	S2-395656576,S2-472670512,S3-319114397,S3-767139897,S3-829256915
S1-317901814	
S1-586396708	S2-859350401,S2-165656620,S3-867763234,S3-408587492
S1-534633066	S2-782485697,S3-497195808
S1-852998647	
S1-864421660	S2-662374298,S3-268522842,S3-92234903
S1-566985074	
S1-955192380	S2-722913104,S2-572504321,S2-366768080,S3-80211885,S3-447167856,S3-420110594,S3-671085647,S3-111057244
S1-670395985	S2-270429192,S3-843356734
S1-765517678	S2-793749326,S2-974333180
S1-582954361	S2-889497625,S2-425547844,S3-21458850,S3-358123777
S1-860346192	
S1-965542827	
S1-342487005	S2-500680974,S2-126150985,S3-38549507
S1-160599021	S2-707451779,S2-57108370,S3-529381907
S1-388510895	S2-868792011,S2-695486248,S3-936357877
S1-804207657	S2-269876123,S2-345694634,S3-365275351
S1-699072489	S2-519900234,S3-277740075
S1-725253411	S2-359566142,S3-697764594
S1-159293541	S2-463313446,S2-948304096,S3-470169554,S3-268472568
S1-413158235	S2-275429665,S2-240191392,S2-112144065,S3-450354306,S3-348808346
S1-551303326	S2-782000918,S3-177759336,S3-947006868
S1-252621974	
S1-181900869	S2-978340839,S2-710405181,S2-377516796,S2-377553082,S3-438464270
S1-407157765	S2-748569640,S3-577410670,S3-927409238
S1-264089428	S2-690063263,S2-173772091,S2-625050018,S3-859035737,S3-700752206
S1-317016449	S2-74944208,S2-871409104,S2-221157838,S2-870355557,S3-414913597,S3-413076999
S1-67893743	S2-505915539,S2-714720178,S2-208911438,S3-202407664,S3-464802221
S1-734305079	
S1-912601307	S3-68452883,S3-252015234,S3-507711847
S1-773680470	S2-472700001,S2-560284436,S3-549721302
S1-61175173	
S1-528722777	S2-273756552,S2-503908168,S3-896244372,S3-929160938
S1-941708077	S2-328905909,S3-817110399,S3-387050811,S3-219950034
S1-502455843	S2-869252056,S2-181862004,S2-433257924,S3-963606917
S1-826722798	S2-132050956,S3-650055277,S3-287419368
S1-591403922	S2-470646707
S1-761678618	S2-977699911,S3-210339539,S3-567780536,S3-257739431,S3-684389868,S3-281926922
S1-692383956	S2-522204404,S3-893161927,S3-794915818
S1-718956985	S2-78107361,S3-43898127
S1-326016924	S2-665078509,S3-741783423,S3-55418180,S3-777747134
S1-989028207	S2-841914502,S3-371176318,S3-550228754
S1-517453825	S2-405241867
S1-893245797	S2-647424276,S2-445511606,S2-781707034,S3-465338071,S3-576205353
S1-457276770	S2-624335115,S2-516981206,S2-489303064,S3-686951844,S3-703285107
S1-807417785	S2-242196279
S1-375217710	
S1-855802506	S3-814319911,S3-638041967,S3-287324357
S1-797790613	S2-504397580,S2-49281432,S3-181194953,S3-174261659,S3-464553116
S1-898794158	S2-13922029,S2-666823540
S1-21743185	S2-31022737,S3-5733049
S1-674475490	S2-788861501,S3-853143783
S1-998839384	S2-915002406,S2-513145465,S2-405031125,S2-241259950,S3-499898497,S3-39903111
S1-131957156	S2-347436551,S2-309988821,S3-304090770,S3-453265542,S3-513709529
S1-844580649	
S1-788305388	S3-677098478,S3-26001741,S3-699199636,S3-660018065
S1-13116702	S2-141296771,S2-599796301,S3-891492528,S3-108707200,S3-492178237,S3-258501401
S1-79126869	S2-224241955,S3-817520538,S3-645162639
S1-436947548	
S1-754042415	
S1-261363405	S2-224381965,S2-941601867,S2-517119924,S3-105515936,S3-739476075
S1-291150843	S2-903549106,S3-302049519
S1-391668682	S2-302716902,S2-790310634,S2-611707117,S3-485480617,S3-914830161
S1-616625104	S2-770626113,S2-316661269,S3-19222472,S3-9114777
S1-168054683	
S1-717684530	S2-240446045,S2-737513406,S3-87812458,S3-738191183
S1-626132042	S2-323197022,S2-479471543,S2-243614936,S3-336838167,S3-305204899,S3-759575048
S1-937351819	S2-803585491,S3-909325639,S3-972004869
S1-961050262	S2-932637165,S3-792942848,S3-641157256,S3-27770439
S1-804415561	S2-302481326,S3-290658712,S3-526412481
S1-42527756	
S1-126284176	S2-219198471,S3-484028297,S3-920389540
S1-655365548	
S1-726627716	
S1-745901363	S2-879615980,S2-712359226,S2-934579634,S2-545065515,S3-536568646
S1-299652978	S2-449459257,S3-568282106
S1-795779142	S2-942832865,S2-335784788,S2-960326120,S2-452776963,S3-455032117
S1-15493141	S2-704596879,S2-564879986,S3-75814716,S3-825853655,S3-675121984
S1-801359101	S2-479930270,S3-685122147,S3-840581874
S1-37824028	S2-493818188,S2-986955106,S3-409984544,S3-676362096
S1-803993962	S2-779356802,S2-309604367,S2-234929429
S1-439515287	S2-592366341,S3-929989320
S1-669090611	S2-640596933,S3-420172960
S1-726523808	
S1-502045218	S2-273295969,S3-402429256
S1-849153023	
S1-643098647	S2-636787414,S2-163333933,S2-340167849,S2-734125919,S3-883193829
S1-286023705	S2-158805061,S2-594324098,S2-504604609,S2-169978902,S3-875397590
S1-543892424	S2-864958871,S2-724386049,S3-1628300,S3-618794083,S3-108853906
S1-207456334	
S1-350770570	S2-325188172,S2-183676353,S2-639189550,S3-755602440
S1-893777700	S2-429748272,S2-837284640,S2-13021224,S3-421553532
S1-10805418	S2-52379064,S2-5106514,S3-792297910
S1-14672874	S2-607527576,S2-866562553,S3-656325331,S3-664704468
S1-389503868	S2-124171067,S2-895847682,S3-856115602
S1-328270825	S2-250519671,S3-171076097
S1-84440553	
S1-346153742	
S1-368926347	S3-416714123,S3-744535266
S1-720669720	
S1-573406838	S2-126412292,S3-477814002,S3-245139594
S1-173967599	S2-850322698,S3-152556697
S1-140064246	S2-802025748,S2-374061185
S1-815163804	S2-353331860,S2-399884155,S2-233209340,S3-709123251,S3-240923046
S1-668124415	S2-524270010
S1-62724908	S2-513032760,S2-86509814,S2-376425435,S3-835806613,S3-707434140,S3-409947041,S3-518600443
S1-919144257	S2-716619231,S2-238138447,S2-420034165,S3-688185056
S1-682481709	S3-675411526,S3-798090977
S1-427205455	
S1-119822727	S2-574443583
S1-794143960	S2-731208734,S3-295419594
S1-646956671	
S1-650121742	S2-218127462,S2-607897953,S3-41527791,S3-198725421,S3-364871928
S1-604545410	S2-978266422,S2-173401474,S2-593259846,S2-415579478,S3-267752651,S3-845118460,S3-171634571
S1-530880161	S2-477354524,S3-805090395,S3-218500491,S3-871692822
S1-8851372	S2-111901640,S2-316226247,S3-379618022,S3-867006249
S1-434973289	
S1-242274023	S2-566512857,S3-485741419
S1-427360443	
S1-36008093	S2-309587494,S3-97265519,S3-401699484
S1-801219291	S3-929235583,S3-521925438,S3-897482736
S1-306299859	S2-242064158,S2-260544821,S3-520993773,S3-904825925,S3-185372716
S1-271326048	S2-194278086,S2-170912190
S1-467456724	
S1-492492129	S2-594779861,S2-571565766,S3-462299903,S3-271163336,S3-73308803,S3-732730214
S1-196738268	S2-683941272,S2-938094107,S2-250304818,S3-800426600,S3-595124938,S3-149907894,S3-903081539
S1-420682829	S2-64006488,S2-13897729,S3-484386554,S3-623136866
S1-275166791	
S1-759286065	S2-690126010,S2-632648311,S3-233915105,S3-113967515
S1-570176306	S2-189877397,S3-634854796,S3-330181902
S1-711356823	S3-360990837
S1-52305960	S2-283678571,S2-552877445,S3-140486328,S3-162323044,S3-72632249
S1-468481348	S2-395547144,S3-359707521,S3-290279145
S1-590858136	
S1-534933246	S2-624707582,S3-256646139
S1-118162090	
S1-386866556	S2-252309973,S2-167680045,S3-230603314,S3-717763988,S3-4444883
S1-851712140	S2-528198524,S2-611665544,S3-761797325,S3-30399498,S3-101498688
S1-961186694	
S1-99954380	S3-148531785,S3-160988061,S3-646243367,S3-3260118,S3-499850557
S1-923984427	
S1-161090422	S2-28202869,S2-594192912,S3-473408697,S3-405727976
S1-236579700	S2-88972861,S3-259939300,S3-997429970,S3-623873099
S1-921996955	
S1-298709988	
S1-277490644	S2-593112697,S3-866084722
S1-444164979	S2-780274571,S2-64908169,S3-909497393,S3-934440627
S1-947664928	S2-786998580,S3-975504897,S3-340275882,S3-635145967
S1-62644541	
S1-501653844	S2-777200970,S3-384997009,S3-906487039
S1-747357845	S3-815071789,S3-632705691,S3-45884608
S1-135056798	S2-805211365,S3-844362438
S1-681426526	S3-423046546,S3-24661244,S3-959397111,S3-4056683,S3-991421256
S1-847384441	S2-206778864,S2-46621121,S2-874259733,S2-483900357,S3-863950448,S3-823752307,S3-400694405
S1-339206457	S2-640340487,S3-970555281,S3-844573284,S3-116270544,S3-468203146,S3-343764369,S3-318183604
S1-19857145	S2-811658482,S2-481267932,S2-688869728,S2-527307052,S2-446904651,S3-74390138,S3-756866127
S1-920345268	S2-677943490,S2-198334226,S3-542069277
S1-49109976	S2-110215755,S2-602110346,S3-479783374
S1-3316119	S2-265343026,S2-575686117,S3-202217383
S1-164185315	S2-189494132,S2-370379339,S2-993278104,S3-905694176,S3-694248328,S3-613580651
S1-804548107	
S1-105721210	S2-304341181,S3-835245757,S3-302330280,S3-749723961
S1-339778455	S2-377309713,S2-326579461,S3-223142690,S3-333927856,S3-130273581,S3-632003478
S1-724467638	S2-149376794,S3-943920839,S3-18662923,S3-971436147
S1-327029047	
S1-122419685	S2-638876999,S2-467734404,S2-179113491,S3-978462891,S3-113644359,S3-895450702,S3-36454462
S1-779022532	S2-74183907,S2-588832495,S3-808416441
S1-791216324	
S1-390853058	S2-976567953,S3-9150713,S3-845430964
S1-288945749	S2-233221398,S2-515081175,S3-35955713
S1-308947935	
S1-158920740	S2-861451580,S2-723600743,S3-723584209,S3-940350677
S1-516646644	
S1-216483939	
S1-709276888	
S1-403087575	S2-799880362,S3-3476714,S3-249996341
S1-904227992	
S1-566342825	S2-875897550,S2-229881719,S2-122917416,S3-439002268,S3-575397982,S3-355603371,S3-83782675,S3-526573075
S1-34035620	
S1-423050491	S2-220465346,S2-193540291,S3-969611565,S3-697986861,S3-210923361,S3-694017464
S1-290802907	S2-94897190,S3-903447735,S3-483031067
S1-620252438	S2-417133822,S2-231140783,S3-229897781
S1-290269504	
S1-369426534	
S1-438646120	S2-311843060
S1-310099895	S2-808916817,S3-479778567
S1-746549807	S2-880143717,S2-911043140,S3-145984008,S3-952638771,S3-432897570
S1-154733439	S2-273395224,S2-476096627,S3-28270008,S3-554013213,S3-873706828
S1-125898706	S2-699281905,S3-371154817,S3-781875149,S3-738111515
S1-675090997	S2-716631364,S3-38624061
S1-15413567	S2-305457323,S2-904235679,S2-294298439,S3-160258570,S3-557289554,S3-921895713
S1-337083662	S2-332366703,S2-577165172,S3-962169723,S3-545045903,S3-861233172
S1-198716401	
S1-102660717	S2-469705938,S3-268963539,S3-60958663,S3-477222794
S1-484043282	S2-986210286,S2-3949322
S1-659512046	S2-781649351,S2-983179437,S3-138546033
S1-585828787	S2-763527320,S3-600891100
S1-667181162	S2-491888314,S3-865466836
S1-218649150	
S1-276231074	S2-807852358,S3-787974927,S3-202407899,S3-695840798
S1-648534492	S2-126248003,S2-921416334,S3-533865937
S1-750279752	S2-95607403,S2-817259501,S2-207965645
S1-584515874	S2-732379779,S3-126302608,S3-592963989,S3-783452371,S3-578679750,S3-120988705
S1-632005728	S2-905203735
S1-258472293	S2-714019997,S2-946487491,S2-310140418,S2-377804973
S1-639393789	S2-356086451,S2-333991273,S3-650977801,S3-912376972,S3-319914911
S1-94903824	S2-343008020,S3-76242050
S1-143447785	S2-666746240,S2-963067464,S3-152153305,S3-436670822
S1-660307545	S2-11125399,S2-297404846,S3-205876203,S3-629439485,S3-187312194
S1-309247132	S2-461370483,S3-982704397,S3-969124952,S3-344919401,S3-807538436
S1-113354325	
S1-396857555	S2-882462344,S2-265951264,S2-222590000,S3-553619815
S1-750049425	S2-906453921,S3-953545551,S3-33288886,S3-745538919
S1-356736802	S2-58070126,S2-59800019,S3-488621865,S3-386037703
S1-410098953	S2-343442679,S3-76444518
S1-502726892	S2-994198378,S2-344620583,S3-692610256,S3-385789290
S1-586028015	S2-821526926,S3-957390596,S3-183519879,S3-284068195
S1-99783800	S2-605688322,S3-351835839,S3-807308475,S3-393789913
S1-139554996	S2-512190058,S2-389599411,S3-178929767,S3-458644855
S1-143731989	S2-784429202,S2-152460697,S3-385314894,S3-87346465,S3-1498780
S1-42917369	S2-573884727,S2-142680271,S3-254368633,S3-636979194,S3-254904518
S1-685926530	S2-104957829,S3-443760265
S1-701320919	S2-244546008,S3-759473832,S3-521388743
S1-876192853	S2-150803343,S2-782172644,S3-277650570
S1-796826724	
S1-318833283	
S1-614119776	S2-318322330,S2-294680376,S3-436229526
S1-949564466	S2-826069340,S2-23093277
S1-126009131	S3-690998354
S1-573921903	S2-138341082,S3-924955578,S3-655795569
S1-868761760	S2-386249150,S3-347168497
S1-995007076	S2-493207885,S3-491255044
S1-427654052	S2-984785563,S2-208482951,S3-686083208,S3-171281883,S3-276567752
S1-519809852	S2-222876217,S2-205104162,S2-57791875,S3-348662722
S1-995604717	S2-101064756,S2-69558521,S3-873817616
S1-968240143	S3-211630392,S3-150586694
S1-760807491	S2-867285601,S2-492885981,S2-684140808,S3-338699164,S3-534707801
S1-501033557	S2-454586841,S3-124976219,S3-655952874,S3-646505511,S3-637049405
S1-98819481	S2-824546908,S3-490280001,S3-736014348,S3-625861176
S1-267087253	S2-336290622,S2-90163257,S3-880070244
S1-115216735	S2-535768472,S2-511235877,S2-677375782,S3-200653387
S1-576827243	S2-501540515,S3-8327339
S1-4637883	S2-704117024,S2-507479964,S2-443363092,S3-148599967,S3-135620158
S1-860409412	S2-559243229,S3-592777622,S3-776724887,S3-710963815,S3-350383382
S1-351613831	S2-42192173,S3-27825424,S3-242456954,S3-774946721
S1-135591230	
S1-701646858	
S1-524028193	
S1-873140234	S2-722196823,S3-231677943
S1-95539352	S2-95752927,S3-50908973,S3-278954771,S3-72558706
S1-634417882	
S1-826801092	S2-251253032,S2-522493837,S3-664374750,S3-936021428,S3-931810149
S1-777436352	S2-563344256,S2-210106401,S3-752405377
S1-177671383	S2-923683407,S2-42684691,S2-10341660,S3-641616801,S3-597084406,S3-482800852,S3-647884103
S1-851456399	S2-406447050,S2-910637056
S1-718902813	
S1-100665142	S2-56031722,S3-686879827,S3-81951801,S3-188163472
S1-767465849	
S1-138437594	S2-517666224,S2-110649581
S1-258736825	S2-382928382,S3-41844532
S1-106774960	S2-463552378,S2-338044470,S2-196950275,S2-174285101,S3-36216872,S3-742767776,S3-397446103,S3-51813411
S1-269460369	S2-322775174,S3-898401275,S3-136082613,S3-368921299,S3-583258600
S1-578277308	S2-18476393,S2-955723675,S3-117257282
S1-731363413	
S1-444343135	S3-25132617,S3-452273473,S3-752930211,S3-753087074
S1-236879656	S2-937178221,S3-383893708,S3-539423369
S1-391275869	
S1-908247461	S2-106202199,S3-423209195
S1-817045585	S3-280248336,S3-831434242
S1-619298346	S2-720950598,S3-104531519,S3-394944794
S1-216534941	
S1-602432402	S2-646584927
S1-549896869	S2-675499314,S2-394069218,S2-334060743,S2-727046928
S1-853478125	S2-405991095,S2-896152135,S3-101717906,S3-543755968,S3-27351033
S1-484280559	S2-157555333,S2-340718117,S2-550342917,S3-216107502,S3-974810139,S3-539734159
S1-655208180	S2-172577648,S2-591908336,S3-895095032,S3-99072676,S3-630233049,S3-274021294
S1-535065451	S2-481067706,S3-222636177
S1-943260288	S2-302427175,S3-506256743,S3-154901496,S3-379951933
S1-969628629	S2-322814946,S3-403494851,S3-141133256
S1-714253253	S2-577112128,S3-810481114,S3-647613688
S1-909128852	S2-531514803,S2-855418214,S2-747691744,S3-696141154,S3-442945188
S1-544167479	
S1-942478654	S2-958256669,S2-154705163,S3-227125458,S3-941641295
S1-95270961	S2-207944987,S2-443779451,S2-591486898,S3-297398040
S1-195080743	S2-580418733,S2-932514508,S3-20141542,S3-217130443
S1-478428017	S2-201668811
S1-15502788	
S1-106582724	S2-292991663,S2-358104368,S3-946258479,S3-525519790,S3-529008868
S1-673975380	S2-436782115,S3-883889944
S1-398987861	S2-5520579,S2-331032239,S3-999192824,S3-68060598
S1-707847780	S2-425639214,S3-693227533
S1-339318831	S2-998895646,S3-259356872,S3-234039746
S1-873864694	S2-499068870,S2-299762630,S3-783942939,S3-533552497
S1-819025823	
S1-383126845	S2-267157672,S2-720886500,S2-282612157,S2-386203830,S3-214148225,S3-290543765,S3-603217539
S1-682367392	S2-452626928,S3-866229309,S3-501034245
S1-247230718	S3-24711949,S3-479244986
S1-905998901	S2-148364808
S1-789680966	S2-118939973,S3-202608252,S3-690592512,S3-419235349
S1-365142808	S2-448089939,S2-463302560,S3-861523719,S3-321389586
S1-176273592	S2-96589359,S3-695064430,S3-276197188
S1-343910438	S2-28954549,S3-90703714
S1-621768354	S3-254981773,S3-599761049
S1-613810670	S2-445307694,S3-567187046,S3-375384865
S1-325825957	S2-346653691,S2-715710422,S2-99851168,S2-436624006,S3-787679025
S1-674206572	S3-881125603
S1-310468131	S2-568391923,S2-578516181,S2-57532542,S2-919019168,S3-465322655
S1-883457130	S2-96951973,S2-701333140,S2-807473137,S3-149437253,S3-363654485,S3-601038666,S3-994705140
S1-362932671	S2-29850634,S3-289457107
S1-309881392	
S1-750930526	S2-11439097,S3-467654558,S3-601672664,S3-497731879
S1-907559985	
S1-851189815	S2-696401091,S3-850358789,S3-894393347,S3-250164160
S1-855269696	S2-374270330,S2-750297047
S1-331546791	
S1-381356950	S2-345811575,S3-886924028,S3-448912101,S3-245357398
S1-268000471	S2-339922846,S2-53786993,S2-115510233,S3-378652658,S3-792436080,S3-862312744
S1-668730248	S2-42342608,S3-104248992,S3-377308524,S3-961510793,S3-111496558
S1-115279438	S2-920941688,S2-918947674,S2-513459932,S3-178186141,S3-628036000
S1-253058676	S2-199652946,S2-717759225,S3-138725847,S3-232176955,S3-295647731
S1-974649571	S3-806863650
S1-138780322	S3-400874082
S1-261179367	S2-694653892,S3-531571106,S3-673029670
S1-783249506	S2-547538544,S2-718076164,S3-430589646,S3-842810863
S1-307896604	S2-644046703,S3-212802029
S1-791962769	S2-737971648,S3-924327984,S3-474035000,S3-61215735
S1-127857138	S2-517940446,S2-466821460,S3-49234831
S1-469058513	S2-554472186,S3-606493810,S3-867828284
S1-873468814	S2-275708437,S3-442141708
S1-382421719	S2-929175243,S2-634944531,S3-218775403,S3-134575350,S3-614088708,S3-480618804
S1-987064680	S2-743152530,S2-541711129,S3-141437085
S1-934408433	S2-920009078,S2-286137781,S2-938960889,S3-954206109,S3-528136502,S3-276340484,S3-714745931
S1-140613830	S2-447304989,S3-356994869
S1-195236940	S2-492012512,S2-846355431,S3-687332205
S1-516660126	S2-729260436,S3-440500964
S1-15044675	S2-265521126,S2-355486172,S3-858991361,S3-160100795
S1-259030464	
S1-644400251	S3-130431730,S3-963053784,S3-255916768,S3-406754665,S3-599047533
S1-862606042	S2-5121016,S3-556955108
S1-289599452	
S1-390116169	
S1-166181983	S2-526309771,S2-67814518,S3-855581346,S3-341174519
S1-221551735	
S1-89606088	S2-282603238,S3-799546495,S3-979443874
S1-917639439	S2-464096188,S3-970851684,S3-900608912,S3-956244058
S1-780048430	S2-473389421,S2-296260168,S3-69990572,S3-143885248,S3-354119692,S3-225173887
S1-828892341	S2-585335412,S2-600857786,S2-651515881,S2-760017605,S3-373799198
S1-216562313	S2-527506716,S2-310578197,S2-879684213,S3-487197341,S3-690892116,S3-840086900
S1-405624296	
S1-58023399	S2-183463452,S3-802122084
S1-498244887	S2-451406873,S2-211289403,S2-544034889,S3-402932880,S3-607183838
S1-621577396	S2-146930995,S3-946318503,S3-936252012,S3-126366503
S1-28971575	S2-384643382,S2-990569966
S1-453370259	S2-953227655,S3-419714541,S3-119851066,S3-631100368
S1-369900901	S2-254438002,S2-200619575,S3-913146457,S3-260068621
S1-54312695	S2-582218657,S2-896098692,S2-246204235,S2-813988686,S3-111232079
S1-147809995	S2-883161285,S3-461153082
S1-230185493	S3-882431555
S1-425693640	S3-310172767,S3-34447840,S3-342538031,S3-326503011
S1-884370306	S2-494517368,S2-234055764,S3-668720605,S3-954579051,S3-264130737
S1-250370357	S2-707665858,S3-699366836,S3-208764567
S1-192013742	
S1-998646782	S2-964315820,S2-197349599,S3-205081991,S3-894009847,S3-492915630,S3-953144257
S1-91257733	S2-807554765,S2-467099607,S3-555452563,S3-967966050
S1-880161513	S3-22376795,S3-712207689,S3-71310178,S3-951135355
S1-49738441	
S1-242250401	S2-981629310,S3-266110327,S3-975025654,S3-316372605
S1-666000805	S2-716051421,S3-919104342,S3-989255399
S1-936230480	S2-805543322
S1-244813125	S2-24587982,S3-633435882
S1-337403716	S2-333238545,S3-496104918,S3-116952139
S1-164544513	
S1-249894015	
S1-436371386	S2-295208114,S3-470354783,S3-416749517
S1-45280541	S3-535505704
S1-495804273	
S1-347690276	S2-256277045,S2-631741131,S2-247721979,S3-686916850,S3-701354853
S1-117753769	S2-739426599,S2-104852636,S3-674073150,S3-179556678
S1-387275300	S2-923394716,S2-18985752,S3-193907129
S1-431852697	S2-309349794,S2-63511708,S3-475436390
S1-6595930	S3-262289096
S1-27745394	
S1-980916699	S2-734991000,S3-525138174,S3-454676307
S1-588714407	S2-203761043,S2-791435641,S3-611388757
S1-356914824	
S1-434611818	
S1-175378098	S2-305699802,S2-766113707,S3-203729297,S3-448693800,S3-449494844,S3-620872224,S3-986199037
S1-856625991	S2-616938440,S2-410440198,S2-299706674,S2-361078372,S2-499388748,S3-589722522,S3-8778134,S3-571625126
S1-738525740	S2-171221400,S3-325076932
S1-52355717	
S1-737908306	S2-47055835,S2-336814782,S3-739845911,S3-177867757
S1-817658088	S2-335320922,S2-993797690,S3-252799356,S3-169632406
S1-381744765	S2-522956355
S1-964700152	S2-255581395,S3-951657213,S3-546872494
S1-432220373	S2-76567129,S2-813681754,S3-802822763,S3-976795508
S1-273449274	S2-1436995,S2-994384375,S3-20248028
S1-543514627	S2-626968896,S2-792347780,S2-405726737,S3-162560091,S3-936868894,S3-808358177
S1-932025552	S3-359881767
S1-896282660	S3-978865612,S3-761360081
S1-634188952	
S1-465785646	S2-474939934,S2-70768013,S3-813013740,S3-90855839,S3-937482620
S1-620173097	
S1-505438166	S2-139420098,S2-362183846,S2-881865201,S2-899848484,S3-387797471,S3-980270970
S1-466626782	S2-42469730,S2-983751393,S3-631640514,S3-170200009
S1-541653558	S2-632346314,S3-245182215,S3-950442304,S3-602268848,S3-923658341
S1-153941912	S3-832461218
S1-831610477	S2-796008370
S1-810859036	S2-916328617,S2-208164453,S3-191753395
S1-934829535	S2-587744342,S2-955995853,S3-752618116
S1-5681092	S2-379830651,S2-191174165,S3-233487561,S3-789827441
S1-627463434	S2-292056271,S2-65681100,S2-399719637,S3-86279846,S3-850282389,S3-660510221,S3-628144125
S1-540301871	
S1-885076339	S2-377766165,S3-360004644,S3-728411862
S1-869448689	S2-131837622,S3-158658847,S3-988407581
S1-850182467	S2-133241050,S2-976239207,S3-811219263
S1-259355395	S2-906526565,S2-471567520,S3-952816477
S1-537492893	S2-570843968,S2-601716931,S2-190460069,S3-35980537
S1-140983249	S2-544971985,S3-767447671,S3-371318426
S1-307448666	S2-126969688,S2-392490928
S1-95098368	S2-994667188,S2-913457539
S1-473855859	S2-12493906,S3-228543882
S1-19295008	S2-467298750,S2-636218238,S3-729939179,S3-282483826
S1-820192250	S2-764912776,S2-774619886,S3-331662052
S1-776501538	S2-7592941
S1-431170499	S2-424313773,S3-147741354
S1-56838926	
S1-289894607	
S1-15988530	S2-393410973,S2-14852983,S3-118130452,S3-285489029
S1-116968267	S2-263500812,S3-295438691,S3-100022688,S3-95374795,S3-742865379
S1-995385835	S3-333483830,S3-358795983
S1-739730386	S2-165715836,S3-332951554,S3-239441594
S1-770786722	
S1-464007462	S2-307551587,S3-680681333
S1-664008499	S2-449459191,S2-740309484,S2-137057256,S3-141518411
S1-560605716	S2-797576892,S3-254909846,S3-869730847
S1-343385635	S3-789396830
S1-271741517	S2-321443661,S2-991623264,S3-977012096
S1-288530871	
S1-66652479	S2-929659018,S2-223544927,S2-807192702,S3-939121641,S3-28667988
S1-169937431	S2-145316188,S3-852847066,S3-637926909,S3-531841718
S1-424526753	S2-625947085,S2-215658036,S2-934716244,S3-999219008
S1-805123113	S3-199711598
S1-886351944	S2-817022185,S3-509383365
S1-710154271	S2-826629509,S3-474821026,S3-720477368,S3-156612975
S1-205310323	S2-832485909,S3-713285681,S3-96264611,S3-251643939
S1-37951075	S2-560598018,S2-77681615,S2-402459225,S3-821537465
S1-955505217	S3-723329432,S3-775946025,S3-326179181,S3-139024382
S1-627572416	S2-378645721,S2-253810370,S2-3970061,S3-79689720,S3-805125767
S1-269746718	S2-447022511,S2-569245178,S3-882554199,S3-767109637,S3-786276135,S3-929057125,S3-914822398
S1-698129966	S2-607151505,S2-686068289,S3-38026833
S1-278540242	S2-560065284,S2-331530083,S2-34602696,S3-812184822,S3-782897627
S1-99669344	S2-516926720,S3-938059930,S3-43423221
S1-346714925	S2-690655838,S2-910558625,S3-889565096,S3-780314196,S3-182861862
S1-420313191	S2-164793352,S2-10178135,S2-439974730,S3-738948219
S1-225622495	S2-207495678,S3-194965559,S3-383663635,S3-206512950
S1-109121675	S2-258310551,S2-758989407
S1-245459939	S2-264633072,S3-43777827,S3-381782688
S1-119113303	S2-171724629,S2-66394974,S3-965497403,S3-725287051
S1-821120685	S2-605686610,S2-977351194
S1-656900048	S2-619566297,S3-875927730,S3-31346050
S1-130377250	S2-154472842,S2-515094379,S2-148169728,S3-259186416,S3-7564671
S1-906890417	S2-208118475
S1-423125537	S2-434380798,S2-594319189,S3-866891814,S3-450242258,S3-992411633,S3-897906824,S3-215859383
S1-686128358	S2-949336113,S2-731651793,S3-38985573,S3-23712642
S1-54805009	S2-779370492,S2-547741357,S2-602753110,S2-437507273,S3-771089790
S1-255133905	S2-705940014,S3-507142708,S3-911684629
S1-58774042	S2-174014002,S2-816832988,S3-952196906,S3-651902373,S3-338173907
S1-830731515	S2-202468673,S2-325772500,S2-743465492,S3-425424441,S3-804366915
S1-959467945	S2-941207949,S2-38036577,S2-558908914,S3-433356125,S3-164651940
S1-707065677	
S1-786127423	S2-990331118,S2-666444618,S3-748536295,S3-133097843
S1-125606783	S2-192715497,S3-211036333,S3-335731992,S3-382464937
S1-578277228	S2-403171987,S2-2322601,S3-611508934
S1-219606315	S2-602677939,S3-812734998,S3-645003061
S1-424781248	S2-758648014,S3-246581095,S3-672798880,S3-282772952
S1-567642573	S2-163969177,S3-202856439,S3-311029105
S1-640945514	S3-437296672,S3-368389561
S1-230563047	S3-580132465,S3-737032440,S3-627011182
S1-190600214	S2-33315005,S3-166966875
S1-429457476	S2-521993938,S3-593933848
S1-21560789	S2-989586529,S2-437421855,S2-179236008,S3-294901369,S3-807254056,S3-355818499,S3-631549363
S1-932012490	S2-803159805,S3-35234039,S3-475430962
S1-476930157	S2-266002359,S2-638816840,S2-755080823,S3-90152208
S1-684759592	
S1-638088691	S2-993883749,S3-422002435
S1-465144043	
S1-880086905	S2-756681313,S3-918798015,S3-244569350,S3-575901245
S1-961135845	S2-218777299,S2-240078158,S2-582328437,S2-619143045,S3-359316126,S3-671943590,S3-300437986,S3-449984846
S1-894973809	
S1-863859316	
S1-401593436	
S1-135304088	S2-881337030,S2-964237478,S2-636772012,S3-898280354,S3-668178073,S3-719340883
S1-822163255	S2-265662986,S2-86311192
S1-240783767	S2-889939826,S3-825314860
S1-882665650	S2-763214854,S2-507221535,S3-77263262
S1-250060348	S2-814502140,S2-994539899,S3-615970925
S1-405407790	S2-106621535,S3-658972925,S3-480790281
S1-549071050	S2-435541591,S2-8722361,S2-74933184,S3-273372768
S1-92316530	S3-119187979,S3-59243494,S3-965940718
S1-534153414	S2-203671673,S3-3920211,S3-447310257
S1-780281096	
S1-447794647	S2-100126871,S2-332195938,S2-27585875,S3-378451245
S1-751801428	S2-681463674,S2-462198710,S2-570405675,S3-738371736,S3-698697167,S3-756848895
S1-986127520	S2-979888981,S3-931082035
S1-218048899	
S1-608661226	S2-412136087,S3-408658615,S3-658129058,S3-418221819,S3-493137804
S1-522312180	S2-312355008,S3-973203414,S3-991212678,S3-216971645
S1-337956782	
S1-784782787	
S1-403359069	S2-759830183,S3-728825105,S3-379220215
S1-597575928	S2-674418000,S2-756791492,S3-10274037,S3-16931378,S3-190695098
S1-332297565	S2-386082055,S2-602800950,S3-213112104,S3-30840186,S3-969623875
S1-393779176	S2-111880896,S2-927044706,S3-791555411
S1-324549057	S2-994006661,S2-514314257,S2-743368402,S3-897517080,S3-225002646
S1-303503912	S2-215938729,S2-747815648,S3-803787066,S3-450388316,S3-193473395
S1-867177637	S2-701445199,S3-657410211
S1-793945867	S2-320375042,S2-360805714,S3-338761228,S3-334782751,S3-607535035
S1-824490719	S2-879981391,S2-598840555,S2-377795855,S3-159168017
S1-737112367	
S1-213862438	S2-946808196,S3-129598878,S3-268359717
S1-3365655	S3-936021741
S1-307470590	
S1-236981201	
S1-110470095	S2-132915088,S2-604098997,S3-966962971
S1-293957387	S2-473842974,S2-932576296,S3-349194213,S3-761229861
S1-619592593	S2-267261007,S2-437597637,S2-945546181,S2-818988771,S3-155067890
S1-171446981	S2-104369215,S3-487120993,S3-351259575,S3-481318825
S1-884638469	
S1-709799378	S2-654276495,S2-813141195,S3-82017141
S1-271099294	S2-154667663,S2-343008737,S3-132590781
S1-383877778	S2-897004387,S3-520921171,S3-817817329,S3-657717243
S1-445577759	
S1-966392906	S2-270979858,S2-720197547,S2-194789617
S1-469342113	S2-881024396,S2-798075377,S3-531844042
S1-616228905	S2-396853626,S2-431565636,S2-417228145,S3-143036997
S1-590634867	S2-318108309,S3-877816291,S3-570567854
S1-775935280	
S1-72860763	S2-859548088
S1-656202646	S2-272425090,S2-886528692
S1-553137105	S2-358763963,S3-448406032
S1-146990658	S2-128931425,S2-884047641,S3-976916670,S3-275701597
S1-595223726	S2-659073199,S2-520050267,S2-593019987,S2-132061827,S3-641668331,S3-611682847
S1-890782928	S2-984256024,S3-996984306,S3-826670764
S1-968893335	S2-644043179,S2-492675422,S3-656484103,S3-42648735,S3-123874578
S1-5055994	S2-776005241
S1-801077575	S2-895948535,S2-182283522,S2-101706228,S3-658982441,S3-471050885,S3-533325122
S1-270664686	S2-676022779,S2-906188588,S3-93659179,S3-639612262,S3-119094590
S1-54635450	S2-594003424,S2-802813307,S2-31048848,S3-223083920,S3-578636114,S3-931302057
S1-917304035	
S1-28479282	
S1-468645361	S2-932565257,S3-489767417,S3-956041080
S1-669170984	S2-661211515,S3-863687276
S1-206875763	
S1-515481384	S2-98672002,S2-208876622,S2-732630911,S2-820652326,S3-70228945
S1-943929064	S2-175174810,S3-600176616
S1-401554503	
S1-876650808	S2-770773192,S2-958940315,S2-63825016,S3-288773106,S3-360780800,S3-62531270,S3-709877422
S1-957752018	S2-978954005,S2-913779821,S3-485792067,S3-3156600
S1-600977072	
S1-716452036	S2-406716172,S3-155707464,S3-412004283,S3-676125482
S1-140435888	S2-100062098,S2-94703174,S2-78528518,S3-659429676
S1-926761781	
S1-162070542	
S1-65391845	S2-35796522,S2-11019301,S3-166687844,S3-649590108,S3-809436295,S3-235836607
S1-584913553	S3-547565298,S3-789386335,S3-557774496,S3-963570246
S1-99761830	S2-520027411,S2-411226212,S2-189220601,S2-722174504,S3-815688606,S3-38621592,S3-752446457
S1-455754236	S2-885930356,S2-616072772,S3-739060688,S3-6453242,S3-846670303
S1-549483854	S3-208618369
S1-770299182	S2-721576557,S3-517252137,S3-876369254,S3-977408850
S1-426871489	S2-904252559,S3-540243421,S3-253678327
S1-288090689	S2-465523333,S2-115185347,S3-763606735,S3-376564080
S1-167478102	S3-75879797
S1-64760901	S2-704637497,S2-981839613,S3-729661187,S3-2680082
S1-602386262	S3-941689157,S3-532905311
S1-28488643	S2-840845988,S3-892777854,S3-946423658,S3-759682459
S1-54258731	S2-779674559,S3-778613729,S3-660629893
S1-209030147	
S1-227991364	
S1-336792158	
S1-759823918	S2-280120378,S3-993395353,S3-817102455
S1-301543963	S2-966630474,S3-48719931
S1-699562470	
S1-538433360	S2-830537056,S2-622554542,S3-470471106
S1-707050506	
S1-369236178	S2-187735617,S2-295439313,S3-853445211,S3-361487626,S3-308919529
S1-318143096	S2-297904568,S2-516445329,S3-426350534
S1-957314627	S2-219871855,S3-969796075
S1-238820226	S2-612620138,S2-268829324,S2-890774372,S2-862098129,S3-976267687,S3-524037336
S1-946938614	S2-618752073,S3-591238756,S3-854963803
S1-914290213	S3-261984478,S3-125582436
S1-538436104	S2-336135229,S3-169850786
S1-941519667	S2-643119693,S3-958853142,S3-183743591
S1-365257977	S2-612843720,S3-702469322
S1-487832277	S2-550314749,S2-190266063,S2-813959511,S2-716373811,S3-725800176,S3-697630731,S3-967457422,S3-6993372
S1-828679617	S2-559485145,S3-22001007,S3-697805737,S3-365142428
S1-157083327	
S1-294818071	S2-229951677,S2-299501048,S3-650870182
S1-424619741	S2-48680519
S1-473441965	
S1-894513890	S2-471033329,S2-590894230,S3-143388322,S3-705243396,S3-744982203
S1-527263319	
S1-755172255	
S1-34684306	S2-895874509,S2-773263058
S1-955013411	S2-291825330,S2-178373819,S3-800788617
S1-761730500	S3-407555103
S1-344813503	
S1-692208438	S2-980785155,S3-273108316,S3-818586130,S3-807616330,S3-868003214
S1-408500762	
S1-728637222	S2-34994065,S2-391059751,S3-486270209,S3-515116724
S1-105901129	S2-92348713,S2-753497423,S3-749060234
S1-443771682	S2-255496208,S2-288621657,S2-504856993,S3-721694964,S3-281658990,S3-615349244
S1-575402819	
S1-210574814	
S1-472632551	S2-313108800,S2-331571181,S2-761983004,S3-154831556,S3-278026363
S1-147456569	S2-313473845,S2-985859667,S2-884731315
S1-601927541	S2-423926021,S3-693773380,S3-458674015
S1-718924044	S2-74182726,S3-132977351,S3-153440689
S1-195449327	S2-572781158,S2-98993042,S3-26113725,S3-156440370,S3-658616860
S1-274547131	
S1-343160785	S2-948212112,S3-443038665
S1-973881027	S2-639834071,S2-358817483,S2-439038139,S2-967978741
S1-25969646	S2-436814665,S2-938694679,S3-884197022,S3-5878031
S1-75486035	S2-925277351,S2-763188763,S3-845037899,S3-182492688
S1-789092336	S2-577498216,S3-645253020
S1-289512619	S2-919921098,S2-842157980,S3-435732369,S3-861331838
S1-622143800	S3-120068763,S3-614435590,S3-405898872,S3-849881430
S1-534803213	S2-824658645,S2-97560656,S2-320513632,S2-405665536,S2-856829347,S3-311831226
S1-667042352	S2-402058997,S3-869081294
S1-289279728	S2-657989672,S2-429201675,S2-965064348,S3-413602018
S1-33463390	S2-377177721,S2-762656658,S2-90642400,S3-66214139,S3-781058288,S3-10368952
S1-384846652	
S1-186912371	S2-158230694,S2-4294334,S3-441540424,S3-701929179
S1-266885780	S2-427051445,S2-649618166,S3-752272976,S3-602808937,S3-829716621,S3-251244421
S1-992591937	S2-111054690,S2-10151437,S2-916705662,S3-205110487
S1-573342582	
S1-807332222	S2-648974847,S2-314865388,S2-191950928,S2-471086869,S3-256037356,S3-892149742
S1-522574069	S2-246922711,S2-391807857,S2-499205837,S2-752339469,S3-139154324,S3-33752889,S3-841414410
S1-314790053	S2-230467697,S2-365190192,S3-423318797
S1-763812245	
S1-942404557	
S1-110896537	S2-609985491,S2-302968731,S2-844915117,S3-159425093
S1-414487201	S2-260384417,S3-160003124
S1-982199848	
S1-781678313	S2-908697070
S1-384472510	
S1-151541080	
S1-248967309	S2-516650143,S2-740918891,S2-866236773,S2-645561440,S3-743732366
S1-640123500	
S1-971757487	S2-535699552,S2-555132805,S3-74137245
S1-461497997	S2-552302295,S3-104837617,S3-941670253,S3-792717921
S1-454066862	S2-971369168,S3-573959692,S3-62757836,S3-2195337,S3-950252825,S3-692974978
S1-960152459	S2-182485886
S1-594819015	S2-207925773,S3-285792134
S1-765627651	S2-789607679,S3-534701426
S1-779615046	S2-7385973,S3-74388194,S3-533061257,S3-280643080
S1-459980464	S2-17324789,S2-713970929,S3-81199624,S3-335499822
S1-820341069	
S1-930625291	S2-293957632,S3-674137836
S1-53426286	
S1-550823025	S3-318746419,S3-808400293
S1-576138767	S2-683771982,S2-773249489,S3-309103539
S1-402880246	S3-141665868,S3-778594374
S1-166028748	S2-78969745,S2-350687774
S1-681499176	S3-320772223,S3-431510387
S1-670979140	S2-232953603,S2-696027574,S3-921315586,S3-51084310
S1-574751609	S2-68071517,S2-98781506,S2-139002006,S3-638054135,S3-71919316
S1-594727597	S2-720926699,S2-11314406,S2-23297706,S3-962261843,S3-725315475
S1-795742127	
S1-334856354	S2-710137884,S2-483859102,S3-231745905,S3-944971660,S3-904875775,S3-510151185
S1-290337549	S3-571948229
S1-537092343	S2-311092143,S2-517948874,S2-884513635,S3-673462209,S3-526693013
S1-20820225	S2-199613030,S2-724332309,S3-914556415,S3-706306955
S1-873319566	S2-307687674,S2-509132092,S2-136452048
S1-77970365	
S1-526912852	S2-949247592,S2-711600951,S2-296420999
S1-621094206	S3-222583486,S3-106673174,S3-264144861
S1-874177243	S2-743603145,S2-206887218,S3-689932735,S3-85185045
S1-370960968	S2-128754120,S2-548361441,S2-978577231,S3-140984767
S1-564399812	S2-711868765,S3-913747982
S1-725164963	S2-20612987,S2-711489429,S3-646582317,S3-77701117
S1-344822496	S2-600565686,S2-12873729,S2-875262121,S2-458800126,S3-35692446
S1-737350857	S2-385483484,S3-555057042
S1-993071887	S2-316364074,S2-201274726,S3-200373099
S1-958799752	S2-493323471,S3-646680747
S1-504091470	S2-113770564,S2-99053580,S3-609638220
S1-775363971	S2-144075129,S3-558700368
S1-862870404	S2-871024420,S2-118522273,S3-643018447,S3-900164157
S1-981385250	
S1-429692191	S2-111397167,S2-591847369,S3-702076552
S1-543945587	S2-8000409,S3-492610480,S3-579390750
S1-540045888	S2-332410301,S3-834908276,S3-782269888
S1-840839099	S2-371139976,S2-901803118,S3-365441655,S3-747371670
S1-516527870	S2-617736552,S2-745873241,S2-47730905,S2-22578053,S3-475903376
S1-6746778	S2-677270055,S2-764135108,S2-268370128,S3-573104194
S1-851623148	S2-572925048,S2-250793785,S3-922014909,S3-596066393
S1-979219252	S2-109625341,S2-826361807,S3-947975846,S3-802727887
S1-90038637	S2-599456918,S2-823868122,S3-667813671,S3-66047431,S3-852596018
S1-769483517	
S1-668864363	S2-283018429,S2-765166524,S3-133397423,S3-3570874
S1-378557080	S2-742163460,S2-87186265,S3-948597784
S1-141644947	S2-374929228,S3-842430518,S3-310734287
S1-702717765	
S1-161688784	S2-385587762,S2-286792820,S3-530457925
S1-19425538	S2-207981287,S2-258051432,S3-273284899
S1-49204373	S2-775306155,S2-40212244
S1-430025565	
S1-694519573	S2-4384988,S2-951841826,S3-86839616,S3-879052518
S1-182822443	
S1-733826752	S2-701218396,S2-612279456,S3-76478955,S3-746222544,S3-544125067,S3-537145935
S1-928893522	S2-7812750,S2-515905385,S2-926099594,S3-230179428,S3-116668463
S1-181829415	S2-223686276,S3-451210704
S1-152760270	S2-246470057,S2-180096493,S2-443772568,S3-442255493,S3-873669200
S1-751173721	S2-537899925,S3-608678738,S3-494368686,S3-849007327
S1-807891191	S3-499332156
S1-375576347	S2-173163866,S2-879010370,S3-568491000,S3-174713718
S1-392791644	
S1-376777659	S2-82735878,S2-148412411,S2-182807691,S2-422431287,S2-222088990,S3-394300936,S3-93091503
S1-765629078	S2-307532171,S3-640169495,S3-939320619,S3-329300362
S1-428715601	S2-659799496,S2-949784791,S3-625223787
S1-873601064	S2-764948365,S2-171395710,S3-425079414,S3-477702913,S3-659692648,S3-571544909
S1-46212971	S3-683694042
S1-138953331	
S1-522726270	S2-993159738,S2-92158013,S3-238730147,S3-801812185
S1-590295474	S2-4354640,S2-46267625,S3-172199348
S1-196088726	S2-686241850,S2-866460376,S3-642475448
S1-306073101	S2-985610761,S2-829561462,S3-746146390,S3-893606802,S3-295446419
S1-899387687	S2-25962341,S3-844651056
S1-168035852	
S1-284602116	S2-153723562,S3-959617865
S1-715955259	S3-813204819
S1-158959642	S3-50906875
S1-226837320	S2-719274557,S3-516590732,S3-397969794
S1-236409999	S2-511535617,S2-550720719,S2-227647362,S2-354644062,S3-341034131
S1-69379713	S2-728512795,S2-758614177,S2-180599777,S2-291563062,S3-266196857,S3-867021639
S1-633249454	S2-170395762,S2-818679931,S3-21492612,S3-263199014,S3-866599842,S3-476619837,S3-873359196
S1-766235866	S3-110934354,S3-404308985,S3-726836820,S3-421562817
S1-784834193	S2-558712223,S2-460864567,S3-867087358,S3-57843713
S1-708535890	S2-358180986,S3-809966135
S1-820251725	S2-163505060,S2-952960794,S3-1130308
S1-705067282	S2-151352534,S2-524936272,S2-583509363,S3-410093146,S3-476010069,S3-719946762,S3-101095538
S1-14470712	S2-682691769,S2-308651951,S3-151530397,S3-540830052,S3-183038349,S3-483729736
S1-619093296	S2-763428773,S3-495839387,S3-823930893
S1-764127162	S3-296782041
S1-262812078	S3-62161540,S3-201805506,S3-638142601
S1-309313759	S2-927302702,S3-611875013
S1-757704833	S2-10125743,S2-585077155,S3-808009645,S3-421895146
S1-152131364	S2-471255174,S3-545597733,S3-156939691,S3-685191373
S1-849559003	
S1-29139402	
S1-193220187	S2-26538778
S1-327635380	S3-205509952,S3-28310783,S3-663480378
S1-577622901	S2-768720580,S2-593763934,S2-685383990,S3-926425799
S1-993492619	S2-446632028,S3-240319079,S3-662648006
S1-241617644	S2-324618878,S2-646204939,S3-961991068
S1-612181449	S2-786627298,S2-932865895,S2-184091170,S3-890426764
S1-419160279	S2-338070711,S3-753258216
S1-740440579	S2-942007894,S2-387593634,S3-860161991,S3-152480529,S3-579735750,S3-939321670,S3-519129266
S1-120123309	S2-988682851,S2-324167049,S2-631502675,S3-223693360,S3-316705420
S1-520202543	S2-286897942,S3-122599211
S1-652718259	S2-789126491,S3-432191767,S3-942848904,S3-873954533
S1-893741745	
S1-404339354	S2-238988606,S3-183088786,S3-855414856,S3-264866839
S1-626182252	S2-620643566,S2-124885203,S2-928281077,S3-706723201
S1-727166443	S2-212740156
S1-249412099	S3-497597490
S1-108144287	S2-365526204,S2-777293670,S3-937407195
S1-348772006	S2-888943944,S2-750077375,S3-970227379,S3-569859361
S1-782835603	
S1-357016184	S2-235652170,S3-256895899
S1-931851119	
S1-26175892	
S1-766435727	S2-37809297,S2-415399376,S3-984054505
S1-117040220	
S1-351135993	
S1-574508984	S2-936813018,S2-132806171,S3-290354350,S3-256241151,S3-863020450
S1-607794541	S2-815823727,S2-243933075,S3-145410597
S1-350935780	S2-326731193,S2-518145271,S3-322113262,S3-164337854
S1-249304584	
S1-794372116	S2-746704178,S2-806652166,S2-434333245,S3-352137760,S3-646644194
S1-714670444	S2-970899932,S2-751801431,S2-519933346,S2-720048622,S3-416833161,S3-386479914
S1-603352050	S2-796868618,S2-796876605,S3-770450561,S3-566129288
S1-468905038	S2-693560524,S2-752926205,S3-892385877
S1-12787662	S2-155684973,S2-123993647,S3-77255544,S3-300686374,S3-688998008
S1-470431447	S2-988801818,S2-557922249,S3-664125671,S3-131596354
S1-271682331	
S1-256264980	S3-256571190,S3-584037018
S1-391523897	
S1-230705656	S2-938076600,S2-374901039,S3-506641199,S3-349372609
S1-977395913	S2-165054043,S3-814484447,S3-709754121,S3-417876826
S1-699658513	S2-735752528,S2-606234798,S2-923054920,S2-428860609,S3-28397687
S1-145427897	S2-683790701,S3-18204792,S3-781795024
S1-968161625	S2-222032276,S3-839776713,S3-101593418,S3-290210361,S3-86284017
S1-611879496	
S1-987027604	S2-787690904,S3-94924162,S3-5500385,S3-129565516
S1-963607828	S2-464036840
S1-284788586	
S1-849671823	S2-18760453,S3-615413452,S3-871037922,S3-864547149
S1-577184903	S2-793627354,S2-882391813,S3-682817446
S1-688131184	
S1-117060460	S2-958269803,S2-663214426,S2-407393505,S3-984723871,S3-652161125
S1-490025322	S3-842081954,S3-140303490,S3-725971058
S1-524354288	S2-254899130,S2-655491325,S3-813268557,S3-234612482,S3-957992531
S1-319739876	S2-558584958,S3-817629681,S3-335729317
S1-357824342	S2-254145061,S2-230602554,S2-143650046,S3-659488662,S3-593014645
S1-463632386	
S1-702467174	S2-191887890,S2-846680475,S2-532332727,S3-362654845,S3-209850089,S3-628002331
S1-170107782	S2-972494909,S3-817200142,S3-711966173,S3-581455442
S1-457629961	S2-172002229,S2-58289713,S3-280883955,S3-981473926,S3-666316945,S3-165888935
S1-711144646	S2-202049075,S2-743378684,S3-984792195,S3-644563236
S1-343514290	S2-600792084,S3-551575803
S1-79321472	
S1-724847126	
S1-319305217	S2-580119168,S3-952592275
S1-354860502	S2-508551615,S3-244960657,S3-541544198
S1-251357060	
S1-102020941	S2-714080012,S3-381728147
S1-952083897	
S1-529572382	S2-726229245,S3-986747464,S3-130096172
S1-618091050	S2-656089180,S3-478616715,S3-388303658,S3-209429341
S1-441602900	S2-866369972,S2-754434358,S2-574528569,S3-977800492,S3-862024906
S1-804940741	S2-252585259,S2-970251196,S2-892288797,S3-946975835,S3-358792239,S3-942611074,S3-136043207,S3-888426112
S1-588410503	S2-272139797
S1-161687595	S2-564563930,S3-334718620
S1-545896176	S2-206176253,S2-439569852,S3-59950231,S3-607989682
S1-854099977	S3-18915767,S3-527632940,S3-828863600
S1-349256542	S2-96266373,S2-146462909,S3-147360075,S3-537427470,S3-474441917
S1-233288110	
S1-180124520	
S1-141944722	S2-88060241,S2-271393987,S3-486186768,S3-629346236
S1-575832659	S3-328979649,S3-857757331
S1-136469703	
S1-694474669	S2-441351695,S2-391469971,S3-461871487,S3-666821682,S3-293085490
S1-166787916	S3-92816890,S3-598550335
S1-694000693	S2-521248024,S2-475511803,S3-666907166,S3-20792922,S3-939545326,S3-656618080
S1-416885821	S2-101355102,S2-576002842,S3-969677757
S1-880890821	S2-458281493,S2-571748219,S2-720428752,S3-446330802,S3-478398449
S1-113980442	S2-182742809,S3-525793596
S1-69197800	S2-484509123,S3-732762590,S3-555129720
S1-3304098	S2-87350331,S2-675102971,S2-906915190,S2-506319707,S3-187183207,S3-177678359,S3-581661275,S3-31494166
S1-227285513	S3-617536621
S1-213425077	S2-404970904,S3-342195430,S3-19044004,S3-168444507
S1-569017113	
S1-972552573	S2-683614209,S2-711672367,S2-378562245,S3-130538512
S1-564410831	S2-640874181,S2-412375258,S3-202195263,S3-752222681,S3-927070818
S1-92091655	S2-11476667,S3-410609343,S3-919860778
S1-17835254	S2-495776539,S3-847768089,S3-837704892
S1-963247301	S2-508002983,S3-627340427
S1-744191273	S2-24660387,S3-341204982,S3-970631606,S3-761555124
S1-890100134	S2-830818068,S2-903793262,S3-519000026,S3-262432097
S1-222776829	S2-529962854,S2-624829959,S3-486003994,S3-311642734
S1-516334656	S2-997378879,S3-310693492
S1-745785784	S2-603899756,S2-73011532,S2-775929598,S2-391572538,S3-136915129
S1-972523706	S2-104413718,S2-667101576,S3-842025883
S1-397513447	S2-944173435,S2-110433663,S3-958088124
S1-163026073	S2-724305244,S2-860062667,S2-689350490,S3-346903653
S1-844714682	S2-803665591,S2-833871687,S3-84114824
S1-183452370	
S1-794238568	
S1-522187244	S2-158745857
S1-586197509	
S1-902272179	S2-205165473,S3-231097023
S1-316052283	S2-186673555,S2-426168716,S3-396414668,S3-327819388
S1-598211666	
S1-206065394	
S1-418603831	S2-575789425,S2-357703582,S3-378750917,S3-972322084
S1-837129312	S3-600412579,S3-109178216,S3-856080088
S1-669882886	S2-255667557,S2-852718491,S2-652922343,S2-922109890,S3-200017535,S3-903266332,S3-811040492
S1-106439602	S2-545110488,S3-816908989,S3-321979865,S3-953290112
S1-150283752	S3-504894049,S3-633671775
S1-695174927	S2-890911203,S2-760552127,S3-684571637,S3-649214993
S1-730336736	S2-91733481,S2-552034773,S3-39696650
S1-61124878	S2-872545305,S3-378027451
S1-491276467	S2-920531778,S2-675612809,S3-281310895,S3-472388146,S3-152063877
S1-495628354	S2-110572719
S1-380324283	
S1-298796171	
S1-838081431	S2-19171512,S3-630298889
S1-966428565	S2-825392770,S2-454238408,S2-299667198,S2-110926913,S2-609520667,S3-842599867,S3-876672135,S3-534052648,S3-643912397,S3-889583018
S1-922510021	S2-804997500,S2-263945322,S2-297908081,S3-751396932
S1-672023519	
S1-769366513	S2-447063150,S3-90490363,S3-925540084
S1-502089457	S2-16679628,S2-157042515,S2-534895298,S3-700307072,S3-958119675
S1-860100334	S2-161661725,S2-66775195,S3-502455973,S3-3211296
S1-171889680	S2-512668588,S2-136397050,S2-372038286,S3-946669866
S1-892552328	S2-710186311,S3-740337632,S3-60053763,S3-606762766,S3-67102341,S3-683989664
S1-445405840	S2-592310738,S2-103514076,S2-161079632,S3-960453966,S3-120488608
S1-563034288	S2-620165214,S3-264010832,S3-381923400
S1-937984699	
S1-491122856	S2-874911917,S2-762027977,S3-701946206,S3-453740557
S1-125234501	S2-416581505,S3-846026580,S3-224853088
S1-899310898	S2-391489447,S2-364282863,S3-650751545,S3-444753170
S1-633860789	S2-586112060,S2-902381504,S3-606640719
S1-209733956	
S1-572998745	S2-438662889,S3-763323991
S1-275871866	S3-525416571,S3-399214282
S1-831124214	S2-911792052,S2-59563740,S3-225690771
S1-108448639	S2-850925291,S2-976066119,S3-886785013,S3-530669521
S1-818204164	S2-229559552,S2-948417793,S2-276592147,S2-76020941,S3-686794358
S1-361380591	S2-603900032,S3-536137831
S1-49192521	S2-142224363,S3-996344676
S1-919126544	S2-615261759,S2-135528165,S2-265005087
S1-583150408	S2-785491920,S2-690251729,S3-607457586
S1-624759307	S2-466476519,S2-550634599,S2-895837081,S2-710880154,S3-899128867
S1-316813789	
S1-718603397	
S1-268211374	S2-803930606,S3-741831425,S3-165133191
S1-475540195	S2-997013508,S3-395837285
S1-824483649	S2-8513608,S3-608997723
S1-231920217	
S1-203904784	S3-862577985
S1-181662703	S2-713330113,S2-736971631,S2-431267817,S2-44269208,S3-502252419,S3-930520684,S3-271176592
S1-845680206	S2-740566089,S3-755607709,S3-870582545,S3-773038749
S1-313852936	S2-616358358,S2-753992334,S2-434993544,S3-203011088
S1-901797394	S2-785013206,S3-69458254,S3-798872216
S1-999340704	S2-833528542,S3-404298805
S1-564849089	
S1-229862838	S2-874505669,S3-284933331,S3-563625499
S1-727915410	S2-971782803,S2-404641683,S3-737278426
S1-622598946	
S1-953021004	S2-23838910,S3-26568318
S1-451294865	S2-908197018,S3-91611469,S3-275434015
S1-245866308	
S1-596059754	S2-211823737,S3-879100911,S3-265510892,S3-153411177,S3-157934091
S1-596075007	S2-404965879,S2-445377000,S3-32885761,S3-198100363
S1-761721483	S2-175791763,S2-479771792,S3-40626440
S1-415349553	
S1-863098040	S2-314588214,S2-41173066,S3-429525204,S3-10727802
S1-357700867	S3-915477802,S3-315577869
S1-655080975	S2-177121554,S3-137480543,S3-692489208,S3-778667754,S3-115073869
S1-995588303	S3-91540600,S3-533949683,S3-532464685,S3-462743480
S1-374759239	S2-722001329,S3-551322317
S1-559283311	S2-563299622,S2-472680637,S2-112240544,S3-967757418,S3-177433129
S1-363167018	
S1-980334635	S2-745009079,S3-535071893,S3-826378355
S1-338597423	S2-753633688,S2-113657989,S2-61996265,S3-905872733
S1-153443068	S2-239489689,S2-735848650,S2-684051606,S3-882362632,S3-462429077
S1-855258560	S3-810073062
S1-744719974	S2-540641266,S2-208771186,S2-556920784,S3-595269697
S1-11628555	S2-977389798,S2-121697617,S2-557792785,S3-754084626,S3-838748684,S3-584352016,S3-272061551
S1-615444448	S2-504680365,S2-741320784,S3-111004696,S3-894391616
S1-875477798	S2-948773039,S2-901779468,S3-63778387,S3-772791745,S3-571760978,S3-836730213
S1-497326150	S2-216225312,S3-893439995,S3-226183303
S1-115561568	S2-2776133,S3-285311736,S3-978389565,S3-523251386,S3-16976756
S1-64077274	S3-40404545,S3-619454245
S1-166235363	S2-685630472,S2-438853835,S2-854811042,S2-371333816,S3-771575767,S3-415493896,S3-622219454
S1-639413179	S2-298226064,S3-199829114,S3-675263337
S1-456300985	S2-227015874,S2-782239023,S3-626216414,S3-51946219,S3-887194929,S3-850740418
S1-926911960	
S1-742570942	S2-362069999,S2-229441281,S3-916169984
S1-804353038	
S1-372547449	S3-320989325
S1-416212831	S3-948436
S1-297762895	S2-182765760,S3-28547533
S1-546266040	
S1-53531286	S2-385676421,S3-259998574
S1-624517636	
S1-365570866	
S1-154274508	S2-660837464,S2-128158067,S3-995909772,S3-143351476
S1-934696200	
S1-699269224	S2-993260111,S3-508187049
S1-196098193	S2-794579967,S3-517079075,S3-781099789
S1-540211689	
S1-466052031	S2-1491397,S2-293759894,S2-932431205
S1-974021282	S2-112465971,S2-363892500,S3-690664734,S3-487966817,S3-74613026
S1-332353946	
S1-961854088	S2-866728756,S3-803045047,S3-700071496
S1-605257298	S2-790441240,S2-749200467
S1-956508641	S2-763525920,S3-978724521,S3-703425569
S1-219088851	S2-737681392,S2-657144423,S3-636018117,S3-861527242,S3-689875760
S1-395996961	S2-482519545,S2-892112041,S2-426748865,S3-779134636,S3-663148623,S3-618135979
S1-992645969	S2-764690719,S2-947325636,S2-208192277,S3-256074985,S3-225865473
S1-259917227	S2-854893532,S2-635069132,S3-345648903
S1-670368630	S2-667095421,S2-697306250,S2-105735466,S3-629438926
S1-366192492	S2-986102826,S3-59584283,S3-351027414
S1-118216985	S2-919686677,S3-815632733,S3-750284102
S1-650614384	S2-70512546,S3-33569684
S1-445178607	
S1-307171554	
S1-232325198	S2-278325254,S2-794090005,S2-235025832,S3-834294535,S3-363508117
S1-280031628	S2-764277468,S2-477600108,S2-556187612,S2-896490459,S2-289443042,S3-751305988
S1-66600688	S2-185515071,S2-592752695,S2-305993185,S3-538113101
S1-635380596	S2-214417463,S3-514446171,S3-230488869
S1-543984790	S2-479574701,S2-162344926,S3-494146003
S1-983832888	
S1-80776080	S2-578859942,S3-695255359,S3-308971818,S3-572503908,S3-667606992
S1-565245043	S2-737405910,S3-311454669
S1-347717758	S2-773810808,S2-604804318,S2-201060961,S3-336513267,S3-175040879
S1-149756919	S2-246160358,S3-526246244
S1-877778794	
S1-987127085	S2-613082520,S3-636708728,S3-318845172,S3-666510497
S1-888963099	S2-115258559,S2-174524951,S2-232731036,S2-356089645,S3-44532677,S3-354745807,S3-650013248
S1-323290021	S2-830037269,S2-86779765,S2-125475903,S3-156694180
S1-812199388	S2-651751771,S3-473693446
S1-754441628	S2-380212735,S3-428988749,S3-483706611,S3-64099525,S3-636623409,S3-764330947
S1-948590363	S2-199025316,S2-647151379,S3-446557676,S3-91704916,S3-432026546,S3-353100507
S1-598810057	S2-690534734,S2-461733608,S3-628755667,S3-672724594,S3-367753715,S3-809523134,S3-106178007
S1-888461128	
S1-409906801	
S1-152387653	S2-964511247,S3-238688745
S1-782374509	S2-814676632,S2-739377091,S2-503391985,S2-11829540,S3-512330116
S1-860078139	S2-58177019,S3-303208653,S3-794738926
S1-566603186	S2-609930742,S2-30205178,S2-475796277,S3-598990475
S1-171722657	S2-279004511,S2-312974545,S2-197404234,S3-403200616
S1-400047259	
S1-449384384	
S1-613220401	
S1-5464840	S2-339023987,S2-469685256,S2-902469498,S2-114904186,S2-519325782,S3-50560608,S3-482684953,S3-492444881,S3-779516315,S3-397587706,S3-279888604
S1-810557530	
S1-300267234	S2-887671330,S2-415039420,S2-937847462,S2-444391046,S3-287683360,S3-814107790,S3-585910949,S3-658537370
S1-979900989	S2-327175611,S2-98161122,S3-340579409,S3-884628360
S1-410156826	
S1-990378978	
S1-450872063	S2-488291485,S3-98031675
S1-373223117	S2-281862431,S2-23161787,S3-812449235,S3-48050531,S3-822785646
S1-175492866	S2-13865624,S3-509381322,S3-381202590
S1-969112381	S2-115804166,S3-485276364,S3-859633856,S3-640064896
S1-958902642	S2-358625190,S3-138292935
S1-526612125	S2-749836737,S2-708858922,S3-725846217
S1-758215273	
S1-507729586	S2-214125693,S2-360264873,S2-497091290
S1-427287372	S2-342117364,S2-92787076,S3-795255240
S1-76144311	
S1-77322469	S2-842122977,S2-906110349,S3-292815533
S1-687945635	S2-430653526,S2-103153551,S2-298867537,S3-223378526,S3-406598455,S3-814893468,S3-868347938
S1-302756158	S2-747122208,S2-148233603,S3-849747540,S3-615933383,S3-165203940
S1-237052050	S2-392919186,S3-155062070
S1-723350318	
S1-476517018	
S1-947627646	S2-250899978,S3-153043385
S1-247090326	
S1-901272895	
S1-37668092	
S1-177439316	S2-842116436,S2-496340507,S3-183714973,S3-132336849,S3-399726823
S1-672043285	S2-579213768,S2-846679344,S3-669368257
S1-512179024	S2-720545610,S2-791414098,S3-643758137,S3-468992432
S1-149964918	S2-807326016,S2-640659045,S2-227045443,S3-28621588
S1-243924455	
S1-438247375	
S1-329232505	
S1-996662999	S2-76249791,S2-207977199,S2-761772421,S3-305152197,S3-50531274
S1-48644465	S2-824260233,S2-771104125,S2-733835462,S3-552762991,S3-16499017,S3-332693032
S1-268191629	S2-157042452,S2-89153806,S2-607191069,S3-608556399,S3-838968046,S3-45921207
S1-715369774	S2-737985123,S2-570931091,S2-913409161,S2-34673194,S3-836815134
S1-663125440	S2-772405028,S2-509005506,S2-297529964,S2-679083015,S3-968309589
S1-713966547	S2-337283713,S2-558825177,S2-879129549,S3-653400712,S3-544610885,S3-394748187,S3-881366175
S1-201156953	
S1-170325504	S3-65681231,S3-836083199,S3-110866515,S3-318523823
S1-415807845	S2-278292604,S2-743233126,S3-49203144
S1-910911722	S2-877189534,S2-395604719,S2-796948195,S3-454605865,S3-185984096,S3-592754102
S1-901545934	S3-633150805,S3-36905981
S1-618403229	S2-966944267,S2-236605333,S3-933789441,S3-45971133,S3-870132738
S1-912322197	S2-338768733,S2-492967890
S1-594806215	S2-853735720,S3-382107617
S1-832352511	
S1-831611033	S2-448427913,S2-977105797,S2-768643506,S2-584551534,S3-595195545
S1-514712691	S2-559653387,S3-375739052,S3-741881778
S1-165389484	
S1-756993936	S2-952723574,S2-964547235,S3-388907694,S3-38882285,S3-49101091
S1-357352530	S2-792206460,S3-974456168
S1-713101169	
S1-708715684	
S1-86693679	S2-953515320,S3-123863682,S3-661998160
S1-49916458	S2-375583334,S3-616766872
S1-107515046	S2-495667378,S3-387399654
S1-273247251	
S1-18384637	S2-65599777,S2-590917414,S2-757671249,S2-46794523,S3-272893216,S3-280311010,S3-928940105
S1-656838946	S2-99437240,S3-924164902,S3-456567209
S1-918002870	
S1-392261403	S2-209031211,S3-148649004,S3-747486953,S3-482633799
S1-343552111	S2-577637032,S2-584350367,S3-335834353,S3-883796213
S1-268889754	S2-720559059,S3-804964727
S1-228894037	S3-746032432
S1-426271560	S2-318548107,S2-910322221,S2-39738013
S1-984288942	S2-393252127,S2-347716337,S3-945457793
S1-408521315	S3-773579912
S1-143051513	S2-317006416,S2-198847200,S2-645258637,S3-77263878,S3-205017278,S3-322420542,S3-280251112,S3-218381856
S1-614234691	S2-283451364,S3-588182831,S3-900317698
S1-811535310	S2-170045609,S3-607909258,S3-532384334
S1-147571040	S2-563241502,S3-408857686,S3-894322665
S1-678647748	
S1-882827543	S2-776541415,S2-56961686,S2-616414680,S3-93338760,S3-152456737
S1-787122830	S2-874245933,S2-688230388,S3-432698193,S3-126479735
S1-116416875	S2-155863845,S2-289235737,S3-209917272,S3-553264309,S3-131310063
S1-230998061	
S1-898532482	S2-552386340,S3-109337567
S1-140586951	S3-858515753
S1-770186164	S2-830803953,S3-285779754
S1-227292276	S2-405321967,S3-94703022,S3-913454745,S3-558862561
S1-931990509	S3-341478775,S3-586442510
S1-789938772	S2-311962951,S3-864300731,S3-289747023
S1-962368057	
S1-155228902	S2-76686496,S2-532209815,S2-973654213,S3-952405946,S3-576723604,S3-466692019
S1-533606166	S2-849132846,S2-138757526,S3-396652718,S3-73230754,S3-885279425
S1-188764705	S2-792112527,S2-992598001,S2-316630149,S3-278403569,S3-326717236
S1-751406936	S2-126625034,S2-111377193,S3-253558006,S3-896492033,S3-962619807
S1-480670924	S2-102879653,S3-43476155,S3-419971522
S1-517343707	S2-894411585,S2-757573875,S2-942790590,S3-646878102
S1-864599119	S2-532783389,S2-461234729,S2-755123796,S3-378226249
S1-932569147	S2-516628693,S2-942904007,S3-810991672,S3-712381044
S1-768318091	S2-617132671,S2-80913835,S3-486620123
S1-631780245	
S1-812818798	S2-484824323,S2-660937760,S3-775353188
S1-242756686	S3-782355258,S3-53464187
S1-313407342	S2-899623177,S2-948500652,S3-393212191,S3-742095255,S3-125843976
S1-254984121	S2-159819296,S2-481250194,S3-155230548,S3-855662240
S1-19044061	
S1-7785006	S2-503694838,S3-136724298,S3-365476314,S3-911112075,S3-466668026
S1-27952233	S2-853271893,S2-972306527,S3-228460071
S1-483110943	
S1-710589877	S2-670745928,S2-936991282,S3-800685791,S3-977311863,S3-173678930,S3-547088015
S1-808889301	S2-691691222,S3-317939677
S1-450484874	S2-633749107,S2-884425919,S2-986216103,S2-798763147,S3-543873308
S1-361664146	S2-885953565,S3-918289077
S1-45513123	S2-997344927,S2-873740484,S3-654868044,S3-999514423
S1-998855529	
S1-322376248	S2-971408324,S2-610626841,S2-648599832,S3-550569133,S3-741054505
S1-574075334	
S1-123235107	S2-867539030,S2-839187580,S3-600712606,S3-866280991
S1-913429518	S2-122210141,S3-918880510
S1-605747173	S2-15015041,S3-528280404,S3-961579584
S1-865268409	S2-210224109,S2-181625972,S3-231869694
S1-598373488	S3-479488235,S3-251035301
S1-329701559	S3-219726962
S1-310742662	S2-763121219,S3-877451629
S1-961069144	S2-230755828,S2-265288445,S3-929278954
S1-142126758	S2-517601155,S3-56458577,S3-125750534,S3-25812601
S1-832535532	S2-568055909,S3-392964114,S3-144563559,S3-778089300
S1-587784937	S2-589636055,S2-487832379,S3-631116471,S3-634719452
S1-342941002	S2-714160178,S3-799371321,S3-680575930
S1-307128616	S2-243341081,S2-819518365,S3-81286626
S1-951967742	S2-674375816,S2-371911016,S3-404257297
S1-754793534	
S1-685329375	
S1-225896583	S2-529068711,S2-987457117,S2-187235930,S3-271727484
S1-623993358	S2-393211668,S2-937483957,S3-73013594
S1-202906450	S2-143348570,S3-112262147
S1-934314233	S2-275969516,S2-45900610,S2-395933519,S3-776491050,S3-215901540
S1-761399509	S2-695190863,S3-394328149,S3-222651778,S3-788191048,S3-782868567,S3-624116727
S1-381818548	S2-287337703,S3-433215089,S3-199634382,S3-713549953
S1-769151303	S3-360916363
S1-18609645	
S1-431838421	
S1-423492951	S3-176108728
S1-225528947	
S1-885767075	
S1-696695403	S2-398725174,S2-648260262,S2-884807491,S3-495229496
S1-356439	S2-39270864,S3-289849804
S1-483337679	S2-484026593,S2-872389431,S2-911436093,S3-996134194,S3-201561434
S1-465678753	S2-3635980,S2-937858903,S2-953304240,S3-285441558
S1-523237292	S2-75090165,S3-916871685
S1-618903111	
S1-151028854	
S1-186442511	S2-191592075,S3-657085198
S1-556472589	S2-991640310,S2-934650427,S2-988017113,S3-770473433
S1-71526817	S2-902498592,S2-402972892,S3-874120376,S3-597037990,S3-640558974
S1-816269460	
S1-830000600	
S1-882940782	S2-865961090,S2-977626175,S3-118953058,S3-38258402,S3-400089835,S3-552693624
S1-251497576	S2-123261321,S3-35480898
S1-842324655	
S1-373826779	S2-685994717,S2-639357361,S3-941019574,S3-15831220
S1-529339920	S3-253562553,S3-226904088,S3-924427846
S1-352266466	S2-113408100,S2-324493439,S2-901243771,S2-205226135,S3-239642759,S3-144511405
S1-548077370	
S1-163588659	S2-886142335,S2-171877733,S3-376218268,S3-853688505,S3-581859632
S1-715715633	S2-265477504,S2-249794232,S3-635897866,S3-958400069
S1-223680845	S2-684072848,S3-59964687,S3-191152913,S3-2165339,S3-31015385
S1-569980513	S2-78128722,S2-822850317,S2-372998576,S3-264392209,S3-647198855
S1-699510675	S2-606773037,S2-596728274,S3-622426945,S3-695061959
S1-944298845	S2-556336893,S2-266322407,S2-917516544,S3-983282560
S1-117497069	S2-166932186,S3-439288681,S3-739142435
S1-958788275	S2-279732760,S3-26165775
S1-359568405	S2-929769113,S3-425779073
S1-58909331	S2-603422471,S2-883143763,S2-692708912,S3-639744328,S3-401044077,S3-74526795
S1-208387148	
S1-390661084	
S1-65462672	S2-49628085,S3-628526528,S3-877878174,S3-939478101
S1-129050412	S2-627700610,S2-871594756,S3-183513684,S3-839258389
S1-685239815	S2-73746058,S2-24585849,S2-517835486,S3-46917308,S3-569624563
S1-489048688	S2-127450497
S1-643091368	S2-253734482,S3-412994181
S1-706535399	
S1-449326969	S2-482334109,S2-355155044,S3-205523648
S1-332385089	S2-885844870,S3-494276616
S1-212405808	
S1-328241033	S2-729495982,S2-809536088,S3-109116584,S3-836329425,S3-219011601
S1-698318755	S2-781719057,S2-534193840,S3-254890660
S1-428390988	S2-658505474,S2-543348146,S3-914604881,S3-339565124
S1-166660963	S2-172182219,S2-674892095,S3-450193239,S3-27017781
S1-334823192	
S1-652529271	S2-192703710,S2-258992986,S3-865167121
S1-984796246	
S1-405861286	S2-195155220,S2-626208015,S3-268690224,S3-591771641
S1-556182325	
S1-389768643	S2-736687246,S2-546323936,S2-295116118,S3-304572936,S3-774214429
S1-839903034	S2-873930227,S2-895317790,S3-312903839,S3-406474591,S3-578234179
S1-977651078	S2-800376527,S3-384904347
S1-394796649	S2-37822605,S2-383050579,S3-808375004,S3-327448050,S3-288552962
S1-87102636	S2-682704359,S3-977469203,S3-608321348
S1-109075354	S2-761407351,S3-717877350,S3-920038272
S1-946293156	S2-318094491,S2-220564442,S3-119751777,S3-483393643,S3-913340145
S1-776626591	S2-381329220,S3-196613006
S1-18112156	
S1-629529601	
S1-767630514	S2-174512185,S2-622273589,S2-176367324,S3-292604614,S3-332228341,S3-187255933,S3-350453530
S1-587583568	S2-900084920,S3-797985887
S1-166905315	
S1-845722761	
S1-682606063	
S1-342755194	S2-843090709,S3-103886177,S3-749876233
S1-475786838	S2-443378234,S3-490476288,S3-488136438
S1-130847502	S2-864544799,S3-637417399
S1-152668365	S2-611800506,S2-249212517,S2-686539907,S3-46437632,S3-467600666,S3-570340043
S1-409674328	S2-368790683,S3-612809160,S3-92396641,S3-958739484
S1-129477670	
S1-641842880	
S1-546612324	
S1-251046215	S2-522435525,S3-461584882
S1-946853169	S2-470250409,S2-153195182,S3-522352559,S3-779531369,S3-692472996
S1-990999338	S2-397406481,S2-425774420,S3-912153240,S3-991564478,S3-653626236,S3-842180956
S1-127794696	S2-12527571
S1-369521029	
S1-211341756	S2-86403188,S2-33249449,S2-236517930,S3-494231783,S3-808797461,S3-41484861,S3-931831603
S1-99604893	S2-989780692,S3-320025511,S3-922649224,S3-97089105
S1-431995033	S2-686971443,S2-614226353,S3-490241953,S3-524504092,S3-47453554
S1-278878931	
S1-402122462	S2-612918359,S2-756473283,S2-7398819,S3-731175705,S3-755629706
S1-9000499	
S1-955225915	S2-72193234,S2-195165191,S3-55063715
S1-831406252	S2-936666994,S3-83899817
S1-490190663	S2-814879347,S2-636669696,S3-666420101,S3-66692519
S1-418353702	
S1-68898113	S2-134322375,S3-216488902
S1-870464463	S2-318807158,S3-140656292
S1-119241855	S2-524328331,S3-97731691,S3-987280048
S1-823379690	S2-690140110,S2-831369461,S3-5882733,S3-894150867,S3-673496712,S3-226039672
S1-188643545	
S1-611831276	S2-184953284,S2-196388391,S2-499579935,S3-330418988,S3-780556076
S1-118854800	S2-132964139,S2-579760960
S1-190450898	S3-959981368,S3-851416028,S3-882450901
S1-16590783	S2-862006106,S3-955748911
S1-348524337	S2-13952252,S3-311465715
S1-885866571	S2-283713824,S3-307376425,S3-558011180
S1-279833758	
S1-850364492	S2-370177379,S3-225603250,S3-234037924,S3-319578066
S1-709265440	S2-324426372,S3-135061000
S1-587202559	S2-581537762,S3-477639245
S1-229844516	
S1-52560209	S2-479989032,S3-879646109,S3-110732148,S3-30440334,S3-486413394
S1-203916817	S2-874747653,S2-112521720,S3-829898947,S3-44492573,S3-776668917
S1-732726674	S2-745012533,S2-783993761,S2-271122305,S3-505692295,S3-125472050
S1-310434739	
S1-344199361	S2-611018090,S2-597059642,S2-79509732,S3-207979975,S3-464279754
S1-444823703	S2-237010421,S2-374924639,S3-340159279,S3-980268721,S3-158081687,S3-413582935
S1-543051835	S2-650366367,S3-191397196,S3-745426187
S1-333573401	S2-878614210,S3-682933720
S1-135530563	S2-933397428,S2-27740003,S2-114800781,S3-630898727,S3-499172013,S3-3221864,S3-459625101,S3-122492231
S1-450051574	S3-876964237,S3-597552930
S1-558446513	
S1-934159364	S2-377641046,S3-201702654,S3-694292027
S1-254942246	S2-657388043,S3-482579320
S1-991480575	S2-803961683,S2-571705747,S3-532519903
S1-622741529	S2-362753587,S2-610114571,S2-464619692,S3-8059360,S3-575288294,S3-350565967,S3-87809717
S1-779835437	S2-289049457,S2-998053063,S3-277809250
S1-825168376	S2-906029347,S2-337663483,S3-262903476,S3-695975719,S3-142459042
S1-714224082	S2-53126383
S1-466278	S3-940661228,S3-832303282,S3-155298138,S3-81444937
S1-330696406	S2-90561675,S2-880986506,S3-237222062,S3-669329443
S1-135078558	S2-212126773,S2-600310536,S3-846807438,S3-487214294,S3-628870088
S1-497281944	S3-220467284,S3-333908194
S1-698095949	S2-761440977,S2-145850098,S2-631161385,S3-850558951,S3-679186745
S1-374779669	S2-489314936,S2-810278569,S3-756302842,S3-971909871
S1-73592322	S2-329510387,S3-32398149,S3-452805693
S1-729819102	S2-314479757,S3-990523130,S3-385587992
S1-352334175	S2-737905630,S3-31321857,S3-501658021
S1-99496420	S2-719447542,S3-918460232,S3-311058690,S3-411231628
S1-156347857	S3-130188891
S1-476771930	S2-495572310,S2-759296813,S3-570262272
S1-423035744	S2-892533219,S3-610612218,S3-664851124,S3-380001420,S3-936189637,S3-32936813
S1-128350055	S2-418584531,S2-736337929,S2-161760446,S3-139304189
S1-7466515	S2-523992085,S3-209432377,S3-964743514
S1-297888731	
S1-739274047	
S1-295144103	S2-463688,S2-804354421,S3-8149877,S3-782416434,S3-942198903
S1-589878729	S2-724444904,S2-522184427,S2-565831568,S3-263020434,S3-392708172
S1-912407383	S3-43232333
S1-290962517	S2-733236964,S3-310312802,S3-562644122
S1-853686902	
S1-983433639	S2-222220525,S3-885282353,S3-527857676,S3-60846512
S1-619270777	S2-983164208,S2-242324939,S2-570182281,S3-252912650
S1-716773988	S2-936849022,S2-249457485,S3-834073830,S3-917092672
S1-773455689	S2-343594629,S2-565651666,S3-110252995
S1-24418995	S2-63528090,S3-58746360,S3-958129607,S3-607461701,S3-246745166
S1-273494044	S2-370896367,S2-608952220,S2-931938904,S3-40882273,S3-351180331,S3-163372703,S3-328122023
S1-251784752	
S1-84642332	S2-737866974,S2-94915745,S2-526898813,S3-980986872,S3-556720756,S3-916735948,S3-722458742,S3-258184786
S1-351343261	S3-327746939,S3-782957896,S3-739468902
S1-108256758	S2-649567478,S2-157799012,S2-174603213,S3-873047063,S3-462152446
S1-850725985	S2-866834314
S1-464177767	S2-546384371,S2-614316259,S3-364529130
S1-463884402	S3-419329891,S3-241845853,S3-757964308
S1-707959311	S2-478004624,S2-414616271,S3-163694142
S1-440857012	
S1-499713769	S2-169613426,S2-984450356,S2-351356574,S2-417811005,S3-421695238
S1-915187515	
S1-905643866	S2-80501452,S3-376884208,S3-27481519
S1-536619693	S2-568670473,S2-108574440,S3-248897150,S3-559995828,S3-5005817
S1-925404518	S2-168623820,S2-634430697,S3-261405886
S1-875129463	S2-293782744,S3-309340998
S1-63408121	
S1-492431226	S2-312013757,S2-601610701,S3-288086714,S3-604991345
S1-179945239	S3-792938437,S3-781800999,S3-337145676,S3-980331975
S1-813129406	S2-979540162,S3-599036740
S1-902909928	S2-825071084,S3-204165186,S3-429906437,S3-967729985
S1-784342152	S2-596153454,S2-977942388,S3-142257725
S1-625754177	
S1-773991560	S2-236426545,S3-199768533,S3-997057919
S1-739276932	S2-60676212,S2-295657920,S3-127982163,S3-300862505
S1-166483232	S2-374501044,S2-613973793,S2-90018378,S2-600699023,S2-763865886,S3-220482695
S1-108711921	S2-501546242,S2-669335975,S3-273103182,S3-220547064,S3-734360697,S3-16938973
S1-635949125	S2-792042530,S3-584972618
S1-179105069	
S1-818092086	S2-550215916,S2-911311756,S2-361040121,S3-596203472,S3-558397940
S1-288012730	S2-317598569,S3-880341412,S3-802967759,S3-855965091,S3-967301514
S1-981070335	
S1-302852895	S2-971237898,S2-861113354,S2-173807730,S3-5369286,S3-563868266
S1-890555521	S2-941912002,S2-40019412,S3-733936592
S1-675496468	
S1-223144968	S2-805189503,S2-839242498,S2-692773754,S2-896830000,S3-353777531,S3-80679083
S1-836598242	S2-454427179,S2-666896439,S3-684697779,S3-597128950
S1-349783145	
S1-837344495	S2-894698255,S3-604257324,S3-970087564
S1-50689193	S2-188366860,S2-249656132,S2-740369447,S2-713762109,S2-371589206,S3-64609956,S3-136982347
S1-240258893	S2-486413862,S2-320613330,S3-201534393,S3-148468597,S3-489455034,S3-37290277
S1-834583337	
S1-938459137	S2-730333171
S1-862388737	S2-341711211,S3-760663944,S3-364850296,S3-699762729
S1-549854688	S2-991655160,S3-968125142,S3-324477164,S3-293486536,S3-518369084
S1-829058868	S2-235543433,S3-412658994
S1-915031725	S2-415872825,S3-442599100,S3-279388846,S3-842663385
S1-848831252	S2-510100240,S2-842221993,S2-568878536,S3-433672112,S3-842860355
S1-605594719	
S1-774390259	S2-197323149,S3-973009203
S1-293570191	S2-594428956,S3-109800007,S3-710946241
S1-313423432	
S1-506824192	S2-436917377,S3-729971742,S3-793223377
S1-247465822	
S1-139478081	S2-533010413,S3-968214009,S3-898574347,S3-849707919,S3-302636976
S1-118600017	S2-699044246,S2-565835953,S3-853284448,S3-992106490
S1-974406565	S2-392494821,S3-105334267
S1-829410782	S2-68022554,S3-661108464,S3-820746397
S1-525184203	
S1-156664865	S2-39709637,S2-968915142,S3-581315376,S3-518247837
S1-779146165	S2-783309754,S3-834778703,S3-716597873
S1-807331609	S2-669664689,S2-171992567,S3-350370650,S3-898917583
S1-380883772	S2-780395418,S2-426858178,S2-137458044,S3-693516045,S3-519863204
S1-815867905	S2-85273166,S2-77031133,S2-470709821,S3-824675961,S3-662680901
S1-561375011	
S1-695909474	S3-471988600
S1-675543229	S3-159400986,S3-799934415
S1-10167725	S2-121809867,S3-490627516,S3-469472012,S3-528670365,S3-582982843
S1-291900724	S2-417596661,S2-476806549,S3-769284736
S1-116175560	S2-930436776,S3-322662095,S3-756320332,S3-247098040,S3-505152223,S3-861286234
S1-979682987	S2-990793443,S3-71363345
S1-572879295	S2-460222576,S3-130345485,S3-318655894
S1-231323454	
S1-202025302	S2-979287320,S2-775859231,S2-655457717,S3-285987646,S3-877768928
S1-131810502	S2-367640868,S3-722793362,S3-56653988
S1-302987549	
S1-139043471	S2-294655464,S3-568325785,S3-63728296
S1-654475899	S3-602595235,S3-660660027
S1-83523150	S2-634910370,S3-145358595,S3-46524144
S1-20092890	S2-797913357,S2-170760912,S3-946922126,S3-673219895,S3-619662204
S1-490416762	
S1-100442864	S3-998746725,S3-691722369
S1-973388558	S3-31110993,S3-190460577,S3-112798533
S1-814825063	S2-837938683,S2-876607183,S3-83044244,S3-701757878,S3-26373566
S1-101570991	S2-145790075,S2-241664804,S2-152014614,S3-21413860,S3-881855950
S1-672052769	
S1-884343082	S3-93268378,S3-606515090
S1-126065677	S2-671781387,S3-455121990,S3-40065579,S3-692830489
S1-869063349	S2-27741565,S3-54700512,S3-295373498
S1-11692407	S2-877735240,S2-814688414,S3-938953489
S1-281597357	S2-51555789,S2-785465149,S2-494388607,S3-144947372,S3-667739554
S1-566126982	S2-490358569,S3-322359144
S1-487702271	
S1-865289255	S2-474160800,S3-21929940,S3-288402322
S1-565858568	
S1-238786371	S3-467867660,S3-445283820
S1-900292583	S2-612367054,S2-206467664,S3-102414993
S1-177121700	S2-92639583,S2-101541723,S2-502237108,S3-545846995
S1-790869588	S2-199080806,S2-501241461,S3-707925204,S3-840636624
S1-272902952	
S1-198353597	
S1-688859485	
S1-662177722	S3-613569859,S3-320626821,S3-129918246
S1-261009066	S2-259239303,S2-848472717,S3-911581584,S3-517242629
S1-106307180	S2-566700015,S3-727256598
S1-229630451	S2-435586536,S3-873302056,S3-75466503
S1-541897531	S2-826030227,S3-254238479
S1-90023039	S2-895951133
S1-108276021	S2-507445704,S3-452841242,S3-483691990,S3-159516366
S1-215206370	S2-211116605,S3-94859939,S3-888300490
S1-801024193	S2-879461600
S1-872181770	S2-436908112
S1-904944402	S2-847648887,S3-399791267,S3-181914978
S1-16426741	S2-862664557,S2-522149999,S3-443699524
S1-828872105	S2-475003389,S2-831430722,S2-316295514,S2-379752936,S3-779330832,S3-343472237,S3-554002055
S1-824164218	S2-587504934,S3-687803828,S3-359308209,S3-810009534,S3-734424009
S1-267677591	
S1-742610781	S2-898608798,S3-901625980,S3-788098900,S3-255142753
S1-60232444	S2-364449400,S2-248772007,S2-956413828,S3-484539713,S3-557990939
S1-635441801	S3-842177528,S3-586557678
S1-134829043	S2-2094899,S2-531474234,S3-897153577,S3-84382845,S3-202719173
S1-335432040	S2-54863162,S3-797321439
S1-86066965	S2-924173729,S2-880526332,S3-890133419
S1-966208263	S2-432802141,S3-263689610,S3-769019894,S3-524587169
S1-885623834	
S1-711678516	S3-148832753,S3-935331297,S3-540236867,S3-601924405
S1-768857685	S3-256011626,S3-710799932
S1-301997139	S2-610739369,S2-281670598,S3-875699884
S1-766524858	S2-730817274,S3-148014942,S3-595371263
S1-784043495	S2-394170959,S3-957747915,S3-633406977,S3-235656628
S1-482006908	S2-49405424,S2-438411774,S2-326654211,S2-543621960,S3-895881743,S3-61900430
S1-62765599	
S1-472247326	S2-798876160,S2-709808897,S3-289703419
S1-194060010	S2-301935128,S2-335165133,S3-752953037,S3-619406324,S3-711704138
S1-419991346	S2-998281788,S2-506246994,S3-15037380,S3-697053140
S1-727277780	S2-900985963,S3-980639042
S1-879505480	S2-274398050,S2-294595081
S1-937558761	
S1-554983106	S2-36799046,S2-546916094,S3-935188702
S1-844959479	S2-988202745,S2-588464387,S3-93138862
S1-213072629	S2-193876375,S3-963080432,S3-456548533,S3-367158107,S3-992249109
S1-692972860	S2-12317376,S3-971162440,S3-531031243,S3-983115780
S1-152907099	S2-46389043,S2-310986877,S3-156961760,S3-620860312
S1-649771691	S2-110644076,S2-706388303,S3-684409763,S3-999889623
S1-806441258	S2-782216581,S3-500127011,S3-99184615
S1-734874	S2-725726994,S2-646295996,S2-143046375,S2-435255315,S3-850344981
S1-648213586	S2-308427000,S2-954816218,S3-136174565,S3-945578848,S3-611333615
S1-891819180	S2-178802892,S2-870506587,S2-526144660,S3-20711286,S3-9386013
S1-204528893	S2-69220722,S2-580715212,S3-394796423
S1-265248813	S2-583035299,S3-617053848,S3-258563277
S1-872764725	S2-482279518,S2-807845208,S2-938294516,S2-788544493,S3-633884344,S3-3502858
S1-408892961	S2-111529117,S3-861996269,S3-337684296,S3-954744088
S1-824165535	S2-733235477,S2-770626194
S1-423134930	S3-339762534
S1-771318615	S2-150089509,S2-608786680,S2-280755481,S3-330830030
S1-180985248	
S1-660399418	S2-409146428,S2-462396243,S3-253886365,S3-929373979,S3-763490230
S1-242660666	S2-853713557,S2-960857628,S3-606996828
S1-354245540	S2-299171132,S3-653014540
S1-132750276	S2-671463353,S2-201333095,S2-953875491,S3-59574394,S3-535756099,S3-442827458
S1-213374020	S2-327306845,S3-996868155,S3-457895295
S1-607365308	S2-135081309,S2-451633672,S3-565009415,S3-900582321
S1-277420408	S2-956699360,S2-166246887,S2-520326855,S3-823506486,S3-960474413,S3-539147455
S1-587373462	S3-453423748
S1-142298542	S2-844053141,S3-617997634,S3-870608596,S3-394875506
S1-793792745	
S1-933002251	S2-646723988,S2-933803452,S3-862169353,S3-621273858
S1-898978749	S2-949919576,S2-651936716,S2-310833413,S3-665751471,S3-283983677
S1-328669567	S2-635497483,S2-567261470,S2-159577089,S3-685059030
S1-591990566	S2-794121584,S2-986542958,S2-263765617,S3-187648867
S1-458648235	S2-986878666,S2-86348204,S3-62610000
S1-635833962	S2-656487406,S2-412000824,S3-349676923,S3-151174460,S3-702702268
S1-491788191	S3-122499574,S3-103419187,S3-445795613
S1-191783161	S2-262580129,S3-594018676
S1-668154377	S2-30710856,S3-471753115,S3-558658064
S1-39705618	S3-580782699,S3-653803265,S3-136712079
S1-225411598	S2-144468765,S2-827813823,S3-560188491,S3-44775416,S3-578343114,S3-289122206
S1-31191175	S2-64267161,S2-99415941,S2-665866013,S3-3830254,S3-968042009,S3-56713139
S1-321116391	S2-960183768,S2-793311719,S2-811482888,S3-809503767,S3-953906685,S3-246652671
S1-683163700	
S1-128619019	S2-973658892,S3-608097218
S1-370231118	
S1-816445902	S2-202220602,S2-373045296,S2-505932569,S2-563944451,S3-578330644,S3-844787793
S1-910259497	
S1-500958135	S2-257393312,S2-757560341,S2-678211968,S3-72494531,S3-663454633,S3-646963958
S1-855028787	S2-337277113,S3-282123160
S1-750820252	S2-796498130,S2-928256202,S2-244672221,S3-126654591,S3-769891221
S1-517956461	S2-691005826,S2-566950761,S2-429691757,S3-682501967
S1-594729855	S2-173975368,S2-191772730,S2-583252804,S3-877962017,S3-501041221
S1-492472846	S2-130483852,S3-590825591
S1-327231936	
S1-872780793	
S1-745245019	S2-892192005,S2-28574101,S2-848802994,S3-639488023
S1-257244760	
S1-126306597	S2-21678303,S2-239845652,S2-634516299,S3-751402532,S3-231135104
S1-249178917	S2-34981585,S2-124468009,S3-51508993,S3-393342379,S3-923772870
S1-116719827	S2-777196661
S1-693395422	
S1-670298755	S2-503187513,S2-937045985,S3-938139311,S3-477398567,S3-162574772,S3-842327645
S1-366528275	S2-462324712
S1-66399270	S2-506542689,S3-842085849,S3-268442586,S3-89524774
S1-475472114	S2-299099706,S3-445518011,S3-631165474
S1-438990873	S2-613793211,S3-518427289,S3-744831182
S1-807274134	S2-896892600,S3-334178656,S3-70289128
S1-630840533	S2-232939673,S3-333494807,S3-950016407
S1-158968243	S2-543901974,S2-298458504,S2-817759818,S3-107472226,S3-957765723
S1-27855212	S3-811778117
S1-874709722	
S1-479453976	
S1-740837615	S2-880241834,S3-971116992,S3-781895672
S1-939081794	S2-837821565,S2-990775520,S3-771235022,S3-321959820
S1-410781324	S2-270520560,S3-757354461
S1-833084078	S2-786669078,S3-500561040,S3-509615082
S1-384045139	S2-310531975,S3-715145168
S1-909027340	S3-377588524
S1-471750840	S2-367338825,S2-685909528,S3-105730580,S3-725342151,S3-545345095,S3-34028473
S1-291351440	S2-500775057,S2-876170564,S2-20237286,S2-441257679,S3-614527992,S3-507085432
S1-63932879	
S1-516788098	S2-17011557,S2-278355301,S2-34847018,S3-957005806,S3-807788633,S3-828423848,S3-876897195
S1-912487967	S2-534237123,S2-905949695,S3-218105195,S3-272425709,S3-208633047
S1-183734159	S3-236849413
S1-575992272	S2-805668939,S2-499171569,S2-506884395,S2-74496970,S3-705850261,S3-76742114
S1-449415761	S2-436088583,S3-223123244,S3-856566027,S3-210076218,S3-401496695
S1-76051707	
S1-742853334	S2-522830954,S2-481534136,S3-438592626,S3-907864061,S3-287958732,S3-351101609
S1-98494068	S2-462827016,S3-536105517
S1-508358153	S2-330689549,S2-194348875
S1-475997086	S3-115573476,S3-979981438
S1-624270326	S3-77159568,S3-23875852
S1-312270300	S2-888365572,S3-69916306
S1-742644827	S2-251163317,S2-749658006,S3-218274617,S3-885168444,S3-504932509
S1-972054147	S2-74294111,S2-689161039,S2-566717297,S2-990319516,S3-84502911
S1-654317161	S2-467492436,S3-80967136,S3-883763146
S1-530202473	S2-396081623,S2-198019666,S2-883563009,S2-829099223,S3-710804922
S1-961352825	S2-903835791,S3-170541453,S3-3195949
S1-908945292	S2-692611272,S2-611196115,S3-680131499
S1-271609870	S2-287879708,S3-169853816,S3-436553786,S3-783912128
S1-766670002	S2-676167862,S3-264616042,S3-901646750
S1-741664521	S2-415560130,S2-894764847,S2-599464769,S3-310431343
S1-485377386	S2-657207976,S2-904700146,S3-45893510
S1-616417998	
S1-154223492	S2-620800052,S3-329849260,S3-729179475
S1-955602080	S3-540392410
S1-409022084	S2-984652992,S3-14727966
S1-334987600	S2-257777334,S2-273521026,S3-23836983
S1-989037427	S2-301846470,S2-105187605,S2-428257847,S3-882791454,S3-823422856
S1-401572155	
S1-190439758	S2-771330430,S2-806122391
S1-925871520	S2-630355321,S3-999482597,S3-320170501,S3-103200798,S3-810132068
S1-8898967	S2-879504929,S3-130027062,S3-593230957
S1-966207761	
S1-483329611	S2-430345814,S2-586793545,S3-165645879,S3-135826230
S1-586251234	S2-790241353,S2-161815593,S3-600733294
S1-24162512	
S1-861625536	
S1-840500041	
S1-152778967	S2-608867631,S3-640320803,S3-485230223
S1-256146485	S2-628819121,S2-416450985,S3-292022812,S3-708581638,S3-793023813,S3-478074918
S1-342235149	S3-862310936
S1-325676604	S2-474960310,S3-220037778,S3-183009513
S1-707014152	S2-997474280,S2-839784277,S3-911470661
S1-915231347	S2-359451241,S2-882213023,S3-458767148
S1-612145654	S2-905036777,S3-924420909
S1-9384479	S2-811779078,S3-342050380,S3-171197192,S3-920065051
S1-317903525	
S1-863760018	S2-164813150,S3-432180314,S3-381602170
S1-390582085	S2-263616085
S1-345886467	S2-246364492,S2-467927783,S3-887161528,S3-355997847
S1-638567340	S2-542849633,S2-324914246,S2-895073162,S3-660058182
S1-851581930	S2-370495465,S3-332375627,S3-839389237
S1-373466456	S2-564189187,S2-667006440,S3-293123422,S3-19567876
S1-788391070	S2-908342220,S3-821121271,S3-585631363
S1-774413131	
S1-488134407	S3-248402491,S3-923146784
S1-926338869	S2-893151260,S3-852239534,S3-508067526,S3-534847439
S1-821938041	
S1-168872679	S2-809514301,S2-699425487,S2-10393141,S2-807171655,S3-874364036,S3-698436906
S1-243418698	S2-351243523,S2-579661351,S2-899736643,S3-213134329,S3-338907346
S1-690861623	S2-296231547,S2-989771836,S2-429408317,S3-856176662,S3-224942521
S1-611427323	S2-698907183,S3-891790619,S3-750944024
S1-587524722	S2-584297572,S2-532056390,S3-275083687,S3-923849058,S3-686689888
S1-199205840	S2-878869231,S2-670330155,S3-349995721
S1-234833222	
S1-421062756	S3-539470496,S3-643890944
S1-507761614	S2-243306081,S2-660179581,S2-849616312,S3-40429997,S3-400845944
S1-887715722	S2-50519971,S3-490028823
S1-126420707	S2-578650551,S3-302409033
S1-51458824	S2-621781670,S2-653889348,S3-260455019
S1-475157474	S2-319106567,S3-466822438
S1-729339883	S2-70966507,S2-233759888,S3-255395186
S1-477912401	S2-423650418,S2-542020542,S2-504236558,S2-312651115,S3-499978459
S1-815446427	S2-60617578,S2-540337815,S3-483102156,S3-142839994,S3-231867679
S1-703256577	
S1-625475669	S2-671946306,S2-403122822,S2-624095651,S3-467927076
S1-419696177	
S1-660298497	S2-519874073,S2-303571954,S3-964473298
S1-771426706	
S1-909679986	
S1-383056757	S2-946227549,S2-798356702,S2-669928098,S3-922423006,S3-90367250,S3-35431826
S1-585474608	S2-650299519,S3-974120564,S3-97372068,S3-936599913,S3-134119110,S3-398847039
S1-807822949	
S1-601630534	
S1-919406995	S2-156548104,S2-415680649,S3-557377375,S3-374006272,S3-495286833,S3-209493659,S3-370953978
S1-551050749	S2-780717481,S3-336735282
S1-661090296	
S1-273335997	S2-14538156,S2-760075799
S1-853727559	S2-256691509,S2-180945261,S3-912116830
S1-945272003	S2-918846273,S2-570434466,S3-978908643
S1-672009799	S2-230129469,S2-409862931,S3-89582201,S3-703290482,S3-349690985
S1-929697961	S2-424414674,S3-693466538,S3-613748368,S3-708882309
S1-140380408	S2-80148588,S3-580779742
S1-847960531	S2-730553306,S2-147351902,S3-871375386
S1-203989466	S2-877895216,S2-233396373,S3-206891415,S3-489695823,S3-367096438
S1-726941941	S2-173030428,S2-143779805,S2-73074365,S3-472483478,S3-98053116
S1-806546705	S2-429097956,S2-476749956,S3-317809721,S3-946847592,S3-541900469
S1-724713616	S3-347366390,S3-689283917,S3-342222771
S1-515182314	S2-645663522,S3-282750118
S1-807823271	S2-754124109,S2-265654548,S3-907240940
S1-797870735	S2-79556639,S3-901804750,S3-317281234
S1-680028898	S2-752693692,S2-233272325,S3-767178741
S1-651079966	S2-570439197,S2-571504739,S2-109522365,S3-245791915,S3-861264287,S3-614854814,S3-64372127
S1-973572044	
S1-808497029	
S1-242059746	S2-994834098,S2-18878515,S2-420279365,S2-751789230,S3-460594499
S1-571211726	S2-701366657,S3-34055210,S3-204573170
S1-376853255	S2-440810159,S2-44100844,S3-959764186,S3-153964209,S3-940170876,S3-319528929,S3-666046570
S1-557629845	S2-638366518,S2-14324840,S2-352555744,S3-887778970
S1-273577740	S2-637205128,S3-117799688,S3-236555213
S1-827988215	S2-102591749,S3-98012768,S3-894876538,S3-467362284
S1-269165987	
S1-782282637	S2-698566146,S3-761418814
S1-91232431	S2-325203035,S2-121682242,S3-352342251
S1-982216738	S2-782813994,S3-62054098,S3-56987020,S3-456921532
S1-397108399	S2-433295719,S2-207169782,S2-14595102,S3-849648238,S3-554914827,S3-478459948
S1-971245926	S2-191179713,S3-692775263
S1-402744223	
S1-685910315	S2-21745216,S3-599218358,S3-967618564
S1-675308467	S2-752057228,S3-533195132,S3-698879126,S3-589933006
S1-498809660	S2-530612902,S3-37740751,S3-722878460
S1-251753860	S3-603370381,S3-642500692,S3-804714060
S1-732355237	S2-843997833,S3-286431165
S1-561710509	
S1-841317572	S2-111066386,S2-258845249,S3-229181450
S1-766557833	S2-87909894,S2-329919252,S3-284956098,S3-816020907,S3-811037393
S1-131657154	S2-347182618
S1-155646064	S2-501161170,S3-292343424,S3-142858986,S3-919356829
S1-769930123	S2-783419242,S2-517145563,S3-779068796
S1-441553689	S2-630062146,S2-879146225,S2-414584758,S2-264539220,S3-787181122,S3-177554759
S1-119893252	S2-720665404,S2-928459992,S2-728181502,S3-673354710,S3-509702364,S3-420879250
S1-796090364	
S1-637705153	
S1-805963179	S2-190380891,S3-964216969,S3-740718223
S1-958152887	S2-711371811,S2-123040621,S2-478727124,S3-123582021
S1-101295299	
S1-844620027	S2-953240790,S2-924537098,S3-115101484
S1-353414525	S2-841880451,S2-891640270,S3-635532875,S3-291021417,S3-498963516
S1-906742205	S3-389035746
S1-899907919	S2-840442180,S2-437377981,S2-939240795,S3-3327832
S1-61276517	S2-728447273,S3-369908090,S3-762441736
S1-165564552	S2-705127020,S3-882333753,S3-409821685,S3-88176091
S1-176213203	S2-518722729
S1-926656287	S2-277034608,S2-282869134,S2-749315885,S3-586941034
S1-454583236	S2-396532039,S3-549976363,S3-616934784
S1-682881822	S2-847722477,S3-356247997
S1-738224930	S2-931732780,S2-663203522,S3-107749446
S1-265903345	
S1-977327699	S3-14349347,S3-167986187
S1-152367835	S2-219408789,S2-388014761,S2-828015345,S3-439789891,S3-627802458,S3-375145507,S3-462025396
S1-627117218	S3-958282624,S3-424984792
S1-941081669	S2-91134867,S2-959961066,S2-624892007,S3-909239054,S3-195917739
S1-529748682	S2-603839800,S3-415033751
S1-152904859	S2-81837171
S1-390560375	S2-647640550,S3-185390555,S3-852034516
S1-50070858	
S1-322621563	
S1-579303712	S2-941330589,S2-643941393,S3-327174185,S3-597330689,S3-207317380
S1-298261244	S3-428554374
S1-47302119	S2-262097160,S3-365269565,S3-319728232
S1-84408609	S2-800918704,S2-619516940,S3-420330059,S3-817489671
S1-450349926	S2-178390699,S3-896530251
S1-750884638	S2-70307595,S2-626953685,S3-135399327,S3-777445964,S3-80587747
S1-339768243	
S1-346266586	S2-130466311,S2-907472878,S2-36593397,S3-207823508,S3-615877146,S3-929202940
S1-236308737	S2-626420835,S2-996263932,S2-47420940,S2-184574513,S3-793020983,S3-433611427
S1-469306786	S2-272496084,S2-523771071
S1-813512611	S2-580777407,S3-903497492,S3-577603236
S1-478013489	
S1-15988024	
S1-687866070	S2-340295812,S3-484155997,S3-209622073
S1-456916299	S2-933607388,S3-740249477,S3-731999207,S3-824868651,S3-334128696
S1-128898184	S2-610497193,S3-790177779
S1-946714311	
S1-585133690	S3-99333460
S1-805536815	S2-855628879,S3-399852237,S3-949682918,S3-391977869
S1-794894976	S3-964543982,S3-101305304
S1-944148797	S2-726772519,S2-223294606,S3-613336351
S1-192770322	S2-979883092,S2-258927216,S3-692764224
S1-857982900	S2-56801851,S3-250136410
S1-796291304	S2-77462314,S2-296024982,S2-713849552,S2-244500778,S3-607053710,S3-185999788
S1-454230743	
S1-246703176	
S1-895388003	S2-209553001,S2-276750503,S2-537305798,S3-569028546
S1-325898129	S2-115344099,S2-113778690,S3-25131267,S3-783757901
S1-93131611	S2-126069381,S3-745921179,S3-964970152,S3-729371418,S3-286424078
S1-652041940	S2-803412881,S3-780471164,S3-986890713
S1-267351265	S2-702227108,S3-682929153,S3-208564699
S1-67118728	S2-764523979,S3-532373276
S1-859232084	S2-205528988,S2-528115474,S2-840191097,S3-454122705,S3-77565273
S1-422887304	S2-817758208,S3-747753562,S3-111504660
S1-448048342	S2-291679866,S2-976192962,S3-298268013
S1-802139641	S2-7165658,S2-208559302,S3-544916554
S1-149233949	S3-801065910,S3-436377650
S1-614373825	S3-928821035,S3-904873131
S1-195261147	S3-908795094,S3-536352444
S1-786629505	S2-368620903,S3-161205931
S1-658349268	S2-930039751,S2-624040179,S3-503402950,S3-214814539
S1-776828242	S2-544489375,S3-334236523
S1-257838651	S2-858058431,S3-482515868,S3-942053941,S3-65296599
S1-701921072	S2-791806309,S2-256232196,S2-257100494
S1-394328849	S2-997367052,S2-177641914,S2-537828341,S3-222913185,S3-107341613
S1-663821750	S2-98013885
S1-537693467	S2-873734509,S3-399047297
S1-342966896	
S1-894941118	S2-491719252,S2-612293426,S3-653858531,S3-691863428,S3-600798331
S1-193090189	S2-371289039,S3-566938060
S1-920196774	S2-365322412,S2-539816994,S3-490249062
S1-708159128	S2-400663112,S3-939390223,S3-384094442
S1-841567812	S2-372668582,S2-534745611,S3-252805052
S1-752379599	
S1-465553295	S2-489939667,S2-463979381,S3-729836948,S3-938045669
S1-24623911	S2-135505636,S3-76783120,S3-803759882,S3-484795571,S3-994567401
S1-528051290	
S1-601324627	S2-614083385,S2-126003738,S3-336282312,S3-682667018
S1-991971907	S2-778132348,S3-661667190,S3-106207864,S3-753865738,S3-561300244
S1-774511483	
S1-154364593	S2-957210071,S3-131888908,S3-182242699
S1-605246931	S2-481827000,S2-84513564,S3-17137457,S3-750265209,S3-835006619,S3-908469944
S1-859714125	S2-668099207,S2-520269654,S3-998915369,S3-640651877
S1-856421552	S2-913501347,S2-214217424,S2-967927449,S2-95367024,S3-485164581,S3-337270940,S3-494667096
S1-675588967	S2-847289719,S2-819257156,S2-789945407,S3-383530577
S1-795947536	
S1-89978351	S2-909590679
S1-162053043	S2-460659287,S3-122888008,S3-944592469
S1-100871594	
S1-5661085	S2-599450774,S2-306593336,S3-493612851,S3-244958682
S1-212842097	S2-691845779,S2-208128926,S2-2225314,S3-832677278,S3-50424661,S3-416511848
S1-553509654	S2-123062657,S2-841831132,S3-82411340,S3-461204500
S1-501949568	S2-377233478,S2-906264427,S2-1613095,S3-585670280,S3-561982617,S3-925880493
S1-991626616	S2-998784354,S3-674680387,S3-532881227,S3-732186581
S1-239061504	
S1-222740284	S2-792950878,S3-693216542
S1-701185995	
S1-129713349	
S1-608845609	S2-733368802,S2-151356891,S3-127210276,S3-191016463
S1-831014106	S2-436332944,S2-259865554,S3-86929978
S1-774501977	
S1-45752297	S2-11640420,S2-81004100,S3-983532234,S3-521661071
S1-131367054	S3-783376436,S3-900927507
S1-458390945	
S1-679850016	S2-319862478,S2-207190750,S3-163590751,S3-839939097
S1-205393118	S2-58984836,S3-415680202
S1-576448746	S2-841612115,S3-200079545,S3-865691013
S1-205577887	S2-328376274,S3-126917952
S1-682767213	
S1-492772912	S2-713581463,S3-549115085
S1-841970505	S2-954178831,S3-453610592,S3-597121118,S3-564611029
S1-323809550	S2-800693686,S3-721879873,S3-852918833,S3-815865581
S1-458873102	S2-725369294,S2-120607106,S2-753738872,S2-220517428,S3-913625781
S1-253268640	S2-724805287,S2-259828138,S2-681982532,S3-119637868,S3-563017493
S1-88470395	S2-684888141,S2-547393810,S2-880036053,S3-491954623,S3-244579382,S3-263535692
S1-844159130	S2-226380204,S2-707111407,S2-74073023,S3-686374765,S3-574072693
S1-768675401	S2-818616380,S2-694557368,S3-636072980,S3-179030067,S3-493417959,S3-771056574
S1-412238656	S2-365488933,S3-114087251
S1-483040674	S2-134280317,S2-299462969,S3-23240360
S1-24276280	
S1-669941752	S2-801148257
S1-738765421	
S1-954535641	S2-780380328,S2-963046734,S3-181154372,S3-746254084
S1-388139932	S2-612458253,S3-199580405,S3-336705472,S3-11427571,S3-713277582
S1-958165274	S2-962145601,S2-44891107
S1-81598109	
S1-169812952	S2-192656834,S2-461917369,S3-582525355
S1-577146295	S3-257033984,S3-427314491
S1-556449243	
S1-299603100	S2-928644987,S2-808552233,S2-54697555
S1-742346129	S2-445575082,S3-507483353,S3-782276048,S3-906577352
S1-381931837	S2-585688677,S3-201143870,S3-523513803
S1-861969034	S2-440642791,S2-166069036,S3-341955746
S1-493280407	S2-718363972
S1-103641167	S2-939585176,S2-48247121,S3-171092426
S1-22339538	
S1-911295734	S2-504540926,S2-497146282,S3-364668463
S1-470160068	S2-511233314,S2-961376529,S2-101876165,S2-579002307,S2-328819824,S3-359713624
S1-280640469	S2-605148389,S2-79370338,S3-665208945,S3-791884967,S3-120582285,S3-262236025
S1-611501743	S2-163384988,S2-357776023,S3-457701235,S3-290162144
S1-561708622	S2-726394862,S3-52986386
S1-33944829	S2-694694451,S2-481678947,S2-849457150,S3-756938024,S3-348281698,S3-361140179,S3-114928202
S1-70083188	S2-407171411,S3-998664412,S3-865708972
S1-217539444	
S1-824784420	S2-9752922,S3-810100246,S3-16680882
S1-172404090	S2-51668935,S3-19189124
S1-310591042	S2-172244063,S3-623512480,S3-581959367
S1-852420102	
S1-925207653	S2-453617054,S2-845522058,S2-370637734,S3-549497485,S3-123414828
S1-685711622	S2-94632150,S2-840742113,S3-947196090,S3-73403992
S1-471501780	
S1-46386586	S2-600621200,S2-687569450,S2-606742982,S2-433352372,S3-400646651,S3-428723338,S3-586554425,S3-820821473,S3-490949316
S1-459683312	S2-141172698,S3-491484700
S1-655456151	
S1-994446865	S2-178833585,S2-58316016,S2-799674510,S2-293515769,S3-308238010,S3-403099280
S1-227039044	S2-156497865,S2-735069452
S1-441740463	S2-939146693,S3-853100095,S3-210805122
S1-468949303	S2-886704464,S2-359501946,S3-872923377,S3-291885880,S3-143222417
S1-215569100	S2-512610647,S3-96261540
S1-7501066	S3-765073790,S3-742522267
S1-361953703	S2-628301813,S2-677215584,S3-450453844,S3-578829068,S3-14810079,S3-652735985,S3-747089923
S1-415256171	S2-878839998
S1-767318851	S2-137228903,S2-272269451,S2-637290329,S3-121468496,S3-357185373,S3-188048456
S1-170223668	
S1-489409014	
S1-200202910	S2-262427472,S2-85131997,S3-537366308,S3-290501074,S3-398118917
S1-616311879	S2-462674378,S2-44860,S2-627960966,S3-900557435,S3-82854619,S3-273512978
S1-717410664	
S1-562307184	S2-283926089,S2-294215225,S3-983019106
S1-829015383	S2-556580765,S2-766565877,S3-715505914,S3-241767240
S1-269059291	S2-984673229,S3-641717854,S3-395715348
S1-978342801	S3-437564993,S3-57409075
S1-145464710	
S1-832870271	S2-736354423,S2-714014216,S2-243672469,S3-28013197
S1-67143931	
S1-306416395	S2-427321954,S2-260563790,S2-193702079,S3-52884318
S1-992690831	S2-759908006,S2-992177659,S3-496162809,S3-309362453,S3-929791655
S1-62107935	S2-960836941,S2-142168431,S2-778584792,S2-723462970,S3-811183826
S1-886381482	S2-106515212,S3-243831067,S3-95143576,S3-842260399
S1-595178297	S3-128178363,S3-969633242,S3-89149022,S3-513437476
S1-451451047	S3-508677755,S3-336843936,S3-938043461
S1-4864997	S2-834413231,S2-11517982,S2-346661616,S2-84908476,S3-256370843
S1-81978578	S2-852222680,S3-215842417
S1-84918584	S2-488272990,S3-86884355,S3-892393431
S1-713019809	
S1-400957314	S2-218752145,S2-635761788,S3-79624319
S1-111983166	
S1-669289990	S2-733025349,S2-493682677,S2-791357737,S3-182736502,S3-710495184,S3-360973542,S3-457443535
S1-822408727	
S1-900744607	S2-706731029,S3-427062652,S3-51059775,S3-379740561,S3-114737367
S1-384231555	S2-555809132,S3-845455431,S3-965065123
S1-176166063	S2-852941030,S3-534241961,S3-530194921,S3-928944601
S1-817242015	
S1-47115635	S2-261586270,S2-659702406,S3-345567190,S3-553251264
S1-25142833	S2-493387782,S3-567579638,S3-891595237
S1-196063394	S2-601360141
S1-750434500	S2-247898073
S1-479353720	S2-79209457,S3-449893079,S3-755903110
S1-173898808	S2-249110016,S3-51492558,S3-799483481,S3-699673920
S1-243358513	
S1-237957915	S2-692567595,S2-611537674,S3-639417540,S3-581088107,S3-877746350
S1-553660460	S2-856664786,S2-510154169,S2-728604886
S1-691154522	
S1-513044384	
S1-510260828	S2-179555094,S3-381582780
S1-766830392	S2-342010268,S3-244294135
S1-611717451	
S1-760461568	S2-158070274,S3-275202258,S3-68022308,S3-351971696
S1-135290778	S2-111197210,S3-883523159,S3-328891076,S3-565066742
S1-19832855	S2-914739855,S3-797425549,S3-884490519
S1-205437646	
S1-487647257	S2-570609242
S1-708220676	S2-978053181,S3-830773757
S1-351903820	S2-801649692,S2-19330523,S3-81747959,S3-616232020,S3-604574075
S1-805796863	S2-578673004,S3-329846156,S3-884938415
S1-141360505	S2-464661645,S3-122735883
S1-999186494	S2-782005007,S2-209315665
S1-405389468	
S1-41136792	
S1-434520713	S2-493069752,S2-777194591,S2-7772961,S3-727937325
S1-762883299	S2-777394825,S2-369944318,S2-257294273,S3-574775793
S1-628560005	S2-32241348,S3-303585186,S3-496237837
S1-934593971	
S1-505352414	S2-278805048,S2-487978896,S3-51501819
S1-973414682	
S1-76993607	S2-677062498,S3-752773274,S3-400893151,S3-19807566,S3-12111746,S3-867539320
S1-529507176	
S1-813484165	S2-728801439,S3-139373288,S3-879305822,S3-98951101,S3-665087189
S1-618209982	S2-901204951,S3-158316947
S1-300167784	S2-979307787,S3-719975196,S3-580355816
S1-5409564	S2-313754827,S3-562430343,S3-375639648
S1-79853748	
S1-940573567	
S1-527258742	
S1-453879420	S2-63255021,S2-419170780,S3-442239690,S3-809399829
S1-882675460	S2-102468276,S3-63845701,S3-700680390,S3-207264629
S1-884343048	S2-907941276,S3-490251382,S3-24605423,S3-562298942
S1-693005947	S2-953053139,S2-76049066,S3-26438882
S1-507570751	S2-93560689
S1-277730819	S2-807693136,S3-369967136,S3-511827539,S3-146287194
S1-403861216	S2-43698839,S2-648566726,S2-885854595,S2-406207948
S1-552412690	S2-678712092,S2-116467207,S3-541207727
S1-752786184	S2-923673465,S2-959001255,S3-797198702
S1-182395156	S2-924043014,S3-75545443,S3-299937034,S3-619281505
S1-330431233	S2-538693087,S2-72485709,S2-505176969,S2-861625291,S3-972493338,S3-149350436,S3-301709034
S1-347574815	S2-185823966,S3-843963067
S1-6628632	S2-447596184,S3-64373817
S1-985328356	S2-473753419,S3-717679916,S3-114938075
S1-87141748	S2-489607754,S3-571073946,S3-772663693,S3-587543224
S1-10790921	S2-111158471,S2-421646029,S3-328609977
S1-626934031	S2-878705266,S2-165775821,S2-401173188,S3-82848612,S3-367348229
S1-679982154	
S1-266755469	
S1-594856766	S2-509328422,S3-749069412,S3-557628626
S1-631323168	S2-442801365,S3-578850418,S3-458467043,S3-610645103
S1-658932905	S2-664001410,S2-683086496,S3-816295318,S3-989979390,S3-549342330
S1-331317530	S2-228103181,S3-632565203,S3-988147978,S3-718433468
S1-766493742	S2-458278400,S2-907729848,S3-144856369,S3-435677545
S1-241223701	S2-703617627,S3-999573339
S1-186624173	S2-454672851,S2-441722141
S1-819085475	S2-489628398,S2-729296690,S3-150384614,S3-855589544,S3-686197491
S1-861984089	S2-616706524,S2-779519525,S3-106410801
S1-895154282	S2-757664770,S2-657388857,S2-179505901,S2-940513541,S3-49171209,S3-614611871,S3-48123122
S1-262719803	
S1-141932848	
S1-943712476	
S1-375460672	S2-975418614,S2-722015357,S2-543635708,S3-908044045,S3-262645217
S1-958727089	S2-515671946,S2-801652390,S2-19307811,S3-7578790
S1-439400542	S2-255485862,S3-437407997,S3-603353325,S3-342948672
S1-730205673	S2-669818061,S2-953175084,S2-931705170,S3-293037479
S1-685606946	S2-8736528,S2-638206961,S2-569531637,S3-984909932,S3-371051723,S3-694527146
S1-708208703	
S1-777538970	S2-517614421,S2-321831348,S3-340091780,S3-516707811,S3-360247339
S1-261323469	S2-504950845,S2-78695890
S1-837526250	S2-971944186,S2-472069585,S2-96555447,S2-585317501,S2-406631249,S3-832316868,S3-643747530,S3-743996646,S3-26638201
S1-448832483	S2-288050394,S2-405505836,S3-989537289,S3-43435148,S3-464603437
S1-984327940	S2-902805504,S3-802461112
S1-104816395	S3-804425619,S3-472397109
S1-237363256	S2-415089162,S2-830247522,S3-243640493,S3-652610162,S3-599032936
S1-286936515	S3-589581948
S1-12240913	S2-487915885,S3-346883816,S3-286532750
S1-294964477	S2-345520884,S2-135197570,S2-879136056,S2-339776728,S3-548257452,S3-241408109,S3-417298984,S3-581235777
S1-680071847	
S1-108965634	S3-548694912,S3-43551353
S1-16276150	S2-703727588,S2-394844953,S2-413454318,S3-99990598,S3-996578584,S3-294255858
S1-946916113	S2-333076133,S2-688033809,S2-682159886,S2-802315145
S1-628420838	S2-134076848,S2-499564268,S2-15243892,S3-611538900,S3-719228413
S1-36814156	
S1-510035721	S2-929528022,S3-901325393
S1-731126027	S2-396330376,S2-912413625,S2-357726360,S3-651516670,S3-52537827
S1-2067132	S2-532341472,S3-590294413,S3-833131640,S3-403517327
S1-688637146	S2-586459871,S2-119312304,S2-780062460,S3-56315888
S1-606930711	
S1-229945809	S2-997075614,S3-246448222
S1-901924164	S2-10946603,S3-776677226
S1-46294320	
S1-130523163	S2-480922548,S2-760788619,S3-674358096
S1-94282463	S2-489071359,S2-375139708
S1-608054683	S2-164650743,S2-493050279,S2-243133295,S3-925664564,S3-617165507
S1-553214764	S2-772741821,S2-428510255,S2-446846771,S3-874022348,S3-229548544,S3-205847643,S3-240603012
S1-697939491	
S1-116721903	
S1-412205076	S2-662939912,S2-341265984,S3-145090272,S3-398048227
S1-551256695	S2-966104203,S2-713868643,S3-420805310,S3-726955817
S1-960196467	
S1-569826392	S2-83880748,S3-344025668,S3-315024892,S3-256738143
S1-45448913	S2-727612168,S2-586302833,S2-815675950,S3-971063209,S3-863602610,S3-181728438
S1-349819222	S2-136774517,S2-704011558,S2-677734328,S2-761706881,S3-605528554,S3-959107846,S3-522981231
S1-932120730	S2-781858941,S3-381271621,S3-620322625,S3-261819869,S3-142664170
S1-288961488	S3-716308339,S3-674927288
S1-892803706	S2-283098479,S2-333654543,S2-947193932,S3-402022088,S3-207394831,S3-639238249
S1-352359864	S2-622837893,S2-424478829,S3-153544450
S1-898824745	S2-271889586,S2-663544960,S3-138442969,S3-677426234,S3-125909792
S1-254191521	S2-551498249,S2-728475001,S3-651244790
S1-143630829	S3-680916242,S3-870701932
S1-731177158	S2-225816227,S2-272754147,S3-171631970,S3-83705261
S1-63198087	S2-415656459,S3-51647755
S1-15864300	S2-985002737
S1-914390594	S2-999789528,S2-421819509,S3-484075954
S1-928032462	S2-193105851,S3-626998491
S1-685348249	S2-672076300,S2-995516228,S3-612473006,S3-788879588
S1-246588082	S2-570446685,S2-139504869,S2-368376452,S3-40951668,S3-460583746
S1-317488814	S2-137365558,S3-30853405
S1-273128090	
S1-107543513	S2-574440481,S2-196313265
S1-534757082	S2-91298718,S2-264636694,S3-940120809,S3-277883135
S1-357936054	S2-143424472,S2-812978225,S3-206380592,S3-994023027
S1-32487319	S2-422793817,S3-258849600
S1-470591987	S2-768664870,S2-889928148,S3-469997898,S3-489993698,S3-338362271
S1-544867743	S2-785256787
S1-699605347	
S1-935903664	S2-922522134,S3-328988624,S3-198754721
S1-169226760	
S1-528801815	S2-869082433,S2-223864982,S3-584909945
S1-760475205	S2-784599609,S2-590130927,S3-862045868
S1-489793394	S2-839147057,S2-615488541,S2-105891458,S2-596006989
S1-84465978	S2-636537573,S2-497740770,S3-671795916,S3-49882000
S1-258628916	S2-305026866,S2-292305713,S3-25943222,S3-498676220
S1-687118909	S2-196053392,S3-448711123,S3-929605701,S3-118499709
S1-725319165	S2-100634089,S3-850868712,S3-856990824,S3-570728313,S3-782018302
S1-979591375	S2-429063588,S2-584898966,S3-412705004,S3-228415898
S1-25470569	S2-957675879,S3-665850747,S3-474955968,S3-139762480
S1-559956222	S2-824905135,S2-757180547,S3-831318817
S1-601407243	S2-65670198,S3-425314076,S3-186974903
S1-124324633	S2-89548176,S2-132806689,S3-735171921,S3-666904950
S1-336237645	S2-549541978,S2-585523531,S3-7264610,S3-2934486
S1-910407072	S2-281871586,S2-414542474,S3-454564551,S3-874406000
S1-716299854	S2-108042172,S3-574557263,S3-328124294,S3-713677694,S3-599215861
S1-208039929	S3-903289463
S1-83447594	
S1-47086699	S2-732275401,S3-87720648
S1-209553107	
S1-355695163	S3-653877289
S1-496871172	S2-121077506,S2-686872838
S1-176175223	S2-609877850,S2-109306059,S2-641086424,S2-417317954,S2-886649337,S3-458260826,S3-763246151
S1-914151484	
S1-957543773	S3-233322000
S1-51327042	S2-691502306,S2-476534018,S2-259553836,S2-765917354,S3-151897000
S1-241934294	
S1-332842000	S2-155558149,S2-371817633,S2-450179342,S3-938943962,S3-994633428,S3-969404008
S1-354306285	S2-250696569,S3-850311211,S3-895573561,S3-721273954
S1-212632055	S2-428537529,S2-330544134,S3-990574238,S3-829052718
S1-381482777	S3-927190910
S1-431021055	S2-718480227,S3-203531326
S1-748303676	S2-328939282,S3-322578429
S1-306700021	S2-761257471,S2-609559999,S2-699537503,S2-828814470,S2-89030188,S3-107442405,S3-891831899
S1-757896798	S2-157178063,S2-562656790,S2-340735117,S3-903631032,S3-150414041,S3-524590178,S3-340044857
S1-631156686	S2-678825382,S3-346287136
S1-975050956	
S1-436840454	S2-72386494,S2-486509850,S3-79513304,S3-880430630,S3-506897083
S1-778232442	S2-635476044,S3-821302888,S3-908433427
S1-857861080	S2-583023140,S2-3261171,S2-462261979,S3-101408598
S1-613939005	
S1-866884708	S2-941870929,S3-256424252,S3-56019525,S3-242193017
S1-89519508	S2-297124246,S3-20117134,S3-469234277,S3-162128690,S3-38103589
S1-264578768	S2-727827037,S3-192702316,S3-638780061
S1-316033642	S2-691574010,S3-66985309
S1-64997031	S2-381945068,S2-245184419,S2-226489810,S3-68535961
S1-272652386	S2-186235384,S2-693466014,S2-409287016,S2-787100127
S1-64289866	S2-614788805,S2-348030385,S2-583736939,S3-452478739,S3-352326901,S3-438988718,S3-874971731
S1-777390877	
S1-152891014	S2-881171639,S2-183681492,S3-422185005
S1-925433428	S2-23002575,S2-592529022,S3-426920398
S1-44612816	S2-369569706,S2-158332866,S3-340672769,S3-587990611,S3-498361656
S1-152339554	S2-126859653,S2-328585546,S3-519238533
S1-939024482	S2-644940623,S3-296159290,S3-646743983
S1-810832046	S2-686592386,S3-123589768,S3-602332743
S1-626918687	S2-816821942,S3-61945168
S1-525486545	S2-84419041,S2-35523798,S2-938859762,S2-228191164,S3-57565718
S1-633129591	
S1-75229286	S2-619409518,S2-837818347,S2-350736198,S3-818353954,S3-204339986
S1-935260338	S2-792741538,S2-658341690,S2-960591907,S3-375337375,S3-581952077
S1-484881260	S2-787457601,S2-373775877,S2-194518441,S3-232344441,S3-394709377,S3-100748543
S1-563393552	S2-973980194,S3-668223765,S3-57336669
S1-135798580	
S1-602697444	
S1-642614161	S2-337000193,S3-286169688,S3-133029471,S3-597534852,S3-101456582
S1-396107803	
S1-679690182	S2-512488312,S3-533135494,S3-983760364,S3-926592206
S1-673705552	S2-941918902,S3-485094246,S3-875294645
S1-271409530	S2-928939683,S3-958968754,S3-356970047,S3-67223244
S1-778505426	S2-709741270,S2-705214372,S3-704091969
S1-78564698	
S1-105368123	S2-942918029,S3-500140887
S1-181795444	S2-132282071,S2-364276840,S2-632868169,S3-420154605
S1-608115869	
S1-923358813	S2-398687934,S2-258982787,S3-508296288
S1-136345510	S2-872603566,S3-287023369,S3-557398804
S1-581769513	S2-89788122,S3-137505497
S1-817931421	S2-515443740,S2-549427968,S3-185490968,S3-348406642
S1-923441080	S2-595094690,S3-4488003
S1-882370280	S2-544760510,S3-97035075,S3-260917138,S3-783860279
S1-324006956	S2-324573042,S3-407120993
S1-131599673	S2-101182562,S2-942598275,S2-537570622,S3-141131226,S3-309666811
S1-762713733	S2-985143978,S3-880226938,S3-146170042
S1-598501095	S3-321865955,S3-949513083
S1-758046808	S2-855175931,S2-610078137,S2-612335918,S3-72288868
S1-77388648	S2-816343099,S2-842521413,S3-657412325,S3-398514442,S3-872707434,S3-749736260,S3-861862637
S1-134568851	S2-622212447,S2-87742648,S3-464856955
S1-236479635	
S1-490681822	S2-483443302,S3-891743309,S3-786107187
S1-973675171	S3-504663843,S3-758460115
S1-545965066	S2-986033525,S3-442723599,S3-41930018
S1-137467948	S2-85096940,S2-76682995,S2-234194429,S3-304000461,S3-229777213
S1-88862468	S2-472642517,S2-656534140,S2-146470446
S1-905498573	S2-5686837
S1-489697032	S2-347439658,S2-170228576
S1-540332088	S2-5951878,S2-627493716,S3-6076900
S1-658063260	S2-133374691,S3-793620149
S1-291889642	
S1-560540365	S2-478366843,S2-715168966,S3-32433800,S3-362926023,S3-141375375,S3-157265140,S3-968665140
S1-442380229	
S1-677676116	S2-956329538,S2-64901680,S3-266302058,S3-287617877,S3-962456070
S1-465926616	S2-179885713,S2-416953470,S2-30830908,S2-192207036,S3-235059351,S3-102928749,S3-795731316
S1-856683782	S2-56704095,S2-938544142,S2-713265272,S2-970111559,S2-100337385,S3-591422801,S3-257148906
S1-377833505	S2-508818221,S2-83577064,S3-148464445,S3-863041782
S1-801740190	S2-553527475,S3-271285230,S3-87684029,S3-726917212,S3-655836107,S3-566765187
S1-767460631	S2-479975522,S3-377674536,S3-626825100
S1-753659735	S2-690414937,S2-76623987,S2-639642838,S3-392401147,S3-310662832
S1-278223618	S2-911780028,S3-374793785,S3-771047499
S1-123376273	S3-714985145,S3-263211768
S1-316567116	S2-165502700,S2-548505406,S3-325174798
S1-350993441	
S1-382344719	S2-444224925,S2-762587619,S2-340149042,S2-21844830,S3-261050954,S3-538551392,S3-299334981,S3-928981697
S1-203647690	S2-388230997,S2-264337841,S2-982698954,S3-935128384
S1-798987490	S2-894215754,S3-339648573,S3-644649982,S3-418683146
S1-333099469	S2-862682871,S2-105770392,S3-418247347,S3-649657440
S1-351596174	S2-441305124,S2-792553847,S3-880210417,S3-417770892
S1-629143257	S2-764113625
S1-89985221	S2-145804458,S2-137714381,S2-824694911,S3-581188403
S1-209082610	S2-450091073,S2-157151790,S2-199105314,S3-708891569,S3-422041025,S3-288822627
S1-156251601	S2-665153597
S1-638030874	S2-607617198,S3-614921168,S3-830797523,S3-139150731
S1-865893047	S2-187436333,S3-817765878,S3-363965900
S1-662217344	S2-349379731,S2-784314192
S1-171262879	
S1-584325382	S2-401060787,S2-263154317,S3-983593407
S1-372619683	S2-447631869
S1-975505354	
S1-940930402	S2-531025942,S2-608374446,S2-336864740,S2-883740158,S3-742678264,S3-268814715,S3-625956671
S1-76931997	S2-950451255,S2-160864001,S2-260033767,S3-865119020,S3-734532102,S3-268072173
S1-705233751	S2-913512060,S2-391615260,S2-52718700,S2-112759123,S3-290638967,S3-47520018,S3-339197870
S1-806810492	S2-104953245,S2-186197589,S2-417440276,S3-33423323
S1-620319652	S2-376416753,S2-25047220,S2-704772009,S3-825993989
S1-210858318	
S1-739741324	S2-621820393,S2-102871049,S3-801922101
S1-6817101	
S1-499509552	S2-786370668,S2-386028961,S3-442180534,S3-87576861
S1-270399102	
S1-952143600	S2-186577989,S3-782947441
S1-382323403	S3-667929170,S3-873263104
S1-943187307	S2-938842712,S2-484194691,S3-652332892,S3-645670093
S1-287444916	S2-408280054,S2-821050926,S2-397210756,S2-635163374,S3-604568945,S3-802340221,S3-424243089,S3-643380293
S1-735785240	S2-888252685,S2-329808632,S3-122578004,S3-456535276
S1-522022340	S2-997408316,S2-94818300,S2-234114936,S3-30742989,S3-130371393
S1-332965547	S2-556394403,S2-73240493,S3-446390842,S3-856456134
S1-772477871	
S1-73190313	S2-238413041,S2-621116471,S2-563411797,S3-132798228,S3-31950104
S1-14729109	S2-422427305,S2-727770004,S3-850519006,S3-46434781
S1-672377602	S2-940701930,S3-574052250
S1-545174604	S2-817576013,S2-748653268,S2-443478089,S3-577442332,S3-936529046,S3-765254559
S1-675588443	S3-979755304
S1-265973810	S2-444183195,S2-35438263,S3-511627992,S3-859883137
S1-270471781	S2-534573705,S2-533886035,S3-33310652,S3-972528136
S1-949102622	S2-869860403,S2-80543104,S3-88890347
S1-946142920	S2-896344190,S2-605266520,S3-403889707,S3-171720390,S3-579323574,S3-109316883,S3-170818073
S1-666889205	S2-850229207,S2-840001397,S2-877394638,S2-219650539,S2-959498193
S1-268403849	S2-626599159,S2-94170819,S3-100592037,S3-830388030
S1-77632958	S2-709586450,S3-931309403,S3-218947083,S3-942136641,S3-790205245
S1-404904197	S2-483285102
S1-692579849	S3-74898840
S1-578135839	S2-191638648,S2-687036484,S3-28761671
S1-404699731	S2-837921724,S2-540993735,S3-913768512,S3-929843445
S1-33026345	S2-927651801,S2-606268105,S3-55100010
S1-381322333	S2-918111161,S2-761169804,S3-63634054,S3-827197209
S1-352432623	S2-220977560,S3-4671915
S1-327033549	S2-508552283,S3-259823261
S1-832403916	S2-926248139,S2-665241680,S2-396182144,S3-760332138,S3-989360958,S3-740843928
S1-767800222	
S1-205260027	S2-680440766,S2-634445120,S2-233853230,S2-666853088,S3-833160889
S1-210279942	S2-927376824,S3-866316002,S3-527764531,S3-956832758
S1-254253572	S3-270253668,S3-23830714
S1-395352963	S2-59060493,S3-747182319
S1-750748493	
S1-972649793	S2-526049565,S2-460889553,S2-103416242,S2-681428388,S3-830418430,S3-647572645,S3-718727819,S3-573998562
S1-301637793	S2-637863879,S3-577100146,S3-911250021
S1-424418711	S2-705238988,S2-28955506,S3-608432472,S3-373629810,S3-148544740,S3-452526376,S3-37336331
S1-22769277	S3-157853321,S3-404622419,S3-332543490
S1-530038278	S2-559905092,S3-698075395,S3-363260342
S1-806394650	S3-51465145
S1-314985437	
S1-213877820	S2-459333939,S3-284905055,S3-608682435,S3-793244397,S3-204365464
S1-556894229	S2-245231865,S2-296306872,S2-849312753,S3-765886164,S3-640713610
S1-430375806	S3-571963959
S1-557518052	S2-262417112,S2-236488448,S2-719518896,S3-143582738,S3-952895451,S3-945783883,S3-287376550
S1-132582171	S2-344839206,S2-479478799,S3-500125097,S3-929968123,S3-219646818
S1-90304962	S2-673191434,S3-290373277,S3-770024025,S3-47606102
S1-302588323	S2-248587570,S2-211136636,S3-674920447
S1-542740162	S2-465914632,S3-707939128,S3-100297215,S3-770740785
S1-634805901	S2-14239969,S3-779168198
S1-919927758	S2-233759149,S2-866111818,S3-807845319,S3-544851169,S3-286683482
S1-648591516	
S1-833861796	S2-236349470,S2-131718705,S2-92264365,S2-570438094,S3-445408628
S1-433127368	
S1-982540056	S2-915977386,S2-668967907,S3-216167069
S1-517361488	S2-1849259,S2-559293341,S2-312894223,S2-872924603,S2-699196617,S3-271120170,S3-621701097
S1-985924698	S2-83554090,S2-892477473,S2-197348080,S3-169097498
S1-834338777	S2-680654194,S3-948996746
S1-102242278	S3-681766859
S1-303799967	
S1-973840378	S2-87748262,S2-529335332,S2-899324665,S3-618142116,S3-267813293,S3-769748776
S1-969060486	
S1-201208677	S2-507469336,S3-728271754,S3-786903493,S3-336099254,S3-441532284
S1-988969130	
S1-551899086	
S1-677738607	S2-730756156,S2-833452030,S3-961215416,S3-419363271
S1-157745393	S2-514255689,S2-67456906,S2-427724922,S3-269054482,S3-713302475,S3-824367727
S1-83727908	S2-698200672
S1-429354949	S2-423431901
S1-489754420	S2-227900580,S2-988170069,S2-198740315,S3-615573565,S3-572735756,S3-187218784
S1-213808979	
S1-121374486	S2-357524165,S3-564728594,S3-674312168,S3-688319410
S1-649672203	S2-187199368,S2-76225608,S2-347377542,S3-72194323
S1-997438029	S2-471393528,S2-476740408
S1-222772530	S2-560241756,S2-930015330,S3-456374430,S3-933106735
S1-530494862	S2-527905187,S2-200261583,S3-374567513
S1-506913100	
S1-86168780	S2-217714985,S3-423827989,S3-516681781,S3-623554878
S1-330875122	S2-446304549,S2-97330500,S3-525417724,S3-566817340
S1-741203135	S3-715866356,S3-785161092
S1-81072459	S2-901779833,S2-305624936,S2-565523466,S3-348355665,S3-442845009
S1-16285115	S2-735173321,S3-289407606,S3-326744751
S1-370361963	S2-591950474,S2-803738793,S2-953221499,S3-808268028
S1-331931334	S2-307128602,S2-989358439,S3-689493585
S1-270097387	S2-257010252
S1-731314560	
S1-591633166	S2-80075250,S3-97404292
S1-974415229	S2-265233391,S2-146655093,S3-20084505
S1-907724361	S2-737822094,S3-65291159
S1-120675267	S3-776873489,S3-732064414
S1-542389919	S2-269609758
S1-651597793	S2-986909121,S2-949259935,S3-768885148
S1-839385581	S2-368909997,S3-953254090,S3-744787261
S1-490044925	S2-358346437,S2-143325157,S3-45436563,S3-34765417
S1-651382876	S3-794849097
S1-436075306	
S1-881684270	S2-858722588,S3-398676823
S1-70233946	
S1-219901474	S2-924894643,S2-723414878,S3-552546876,S3-707893028
S1-593384952	S2-852496436,S3-802672328,S3-664802569
S1-875076483	S2-432462867,S3-842671520,S3-408164349
S1-223423727	S2-518149746,S2-812946530,S3-454517763
S1-987815422	S2-659197263,S3-241613281,S3-594098857
S1-469987841	
S1-951127621	S3-458280104,S3-515776880,S3-868724382
S1-131489595	S2-754867466,S2-323979733,S3-768542525,S3-448903900,S3-882921546
S1-143220570	S2-24628944,S3-2556747,S3-140324864,S3-774234367
S1-286094589	
S1-41600088	S2-622506178,S2-414368007
S1-646196279	S2-198254273,S2-736935978,S2-315002983
S1-868305413	S2-87100634,S2-933987838,S2-278894712,S3-929668385
S1-657984189	S2-679202067,S3-990213452
S1-94225654	S2-243076458,S3-319763622,S3-476756109
S1-327140974	S2-250629770,S2-508451475,S3-593016717,S3-200585360
S1-692155195	S2-743896062,S3-776371875,S3-281624739
S1-987850404	S2-673365654,S2-283792532,S2-852619264,S3-352514529,S3-788757639,S3-111600946,S3-587629657
S1-583573022	S2-60928355,S3-653589848,S3-830591091,S3-100727939,S3-843569481
S1-305869870	
S1-959413027	S2-582945437,S3-366123079,S3-303113369
S1-987198245	
S1-349747871	S2-741007646,S2-960792489,S3-518850563,S3-200594601,S3-581624262,S3-812859596
S1-748953890	
S1-489262184	S3-461403320,S3-307091657
S1-948653649	S2-807825243,S3-482987161
S1-853316693	S2-684588404,S2-571647827,S3-458287900,S3-601418459
S1-136252114	S2-394654656,S2-667013687,S3-793567271
S1-593367794	S2-404669963,S3-401894181,S3-182802687,S3-540464422
S1-352195689	S2-555969191,S2-500960439,S2-157031011,S3-967026463
S1-462303256	
S1-287812684	S2-651526829,S2-138476532,S3-176285730,S3-495901546
S1-124974759	S2-943464215,S2-114971571,S3-848408459,S3-654794338,S3-659284981
S1-287460198	
S1-429225340	S2-107289376,S2-584527276,S2-358814581,S3-533146155
S1-272769049	S2-591683861,S2-969967,S3-492899649
S1-460634400	S2-943442794,S3-710594449
S1-625522803	S2-702178533,S3-78783235,S3-663944273,S3-736756902,S3-409164777
S1-292775002	S2-765088144,S3-162342981
S1-654664372	S2-255115465,S2-872042980,S3-103135793
S1-639135951	S2-293210783,S2-890281766,S3-529962442,S3-373951117,S3-327604576
S1-229833939	
S1-610178371	S2-192279953,S3-142470000,S3-849280932,S3-140857059
S1-765765817	
S1-829072921	S2-421719693,S2-856137859,S3-343907454,S3-154979504,S3-358920010
S1-715963153	
S1-620360478	S2-531581188,S2-82776698,S3-6368393,S3-26844792
S1-177109315	S2-174030530,S3-950120276,S3-797670309
S1-307498781	S2-416335600,S3-506951602
S1-28203827	S2-792610041
S1-223875995	
S1-397145115	S2-670183693,S2-5686143,S3-268085042,S3-552856727
S1-225270277	
S1-783988381	S3-917695581
S1-68195290	
S1-150121848	S2-798702410,S3-230928180
S1-50547903	S2-666329765,S2-716008336,S3-347424376,S3-64014272,S3-343068910
S1-450719710	S2-965526629,S2-757444373,S3-284596887,S3-909606606,S3-469106717
S1-436338459	S2-854909865,S2-790259672,S2-597199034,S2-80664701,S2-975406757,S3-745361229
S1-714781132	
S1-505432090	S2-675268165,S3-282649932,S3-777321028,S3-750866256,S3-387895047
S1-699898906	S2-597202006,S2-386842050,S2-837006499,S3-298152376,S3-866384931,S3-124181167,S3-478886008
S1-589714084	S2-517997816,S3-512885999,S3-511763327
S1-92535982	S2-798923493,S2-286946769,S3-544091552
S1-544492763	S2-213283506,S2-711372078,S3-121463974,S3-281564666,S3-391030019,S3-769581488
S1-281868712	
S1-366817082	
S1-946707800	S2-605946892,S3-340151744
S1-717405965	
S1-707842494	S2-670347111,S3-790594077,S3-550924419,S3-815441157
S1-790825834	S2-506245068,S2-528253732,S3-722986957
S1-297898931	
S1-958055533	S3-286922891
S1-979810608	
S1-856274460	
S1-442902194	S2-761681149,S2-155964482,S2-603846059,S3-798837901,S3-296209594,S3-274514360
S1-208511290	S3-555538141,S3-856090140,S3-888090718,S3-708666242
S1-276289701	S2-662110876,S3-366514869,S3-963232025
S1-113140075	S2-274275254,S2-607981345,S3-216879795
S1-851779124	S2-115773403,S2-275070395,S3-260651688
S1-833250128	S2-67445612,S2-733976344,S3-706782628,S3-747612239,S3-370603712
S1-841108140	
S1-758849018	S2-752499652,S2-657488092,S2-936962090,S3-92451680,S3-623109672,S3-984675027,S3-463794877,S3-18675674,S3-615757019
S1-798670475	S2-695696611,S2-248764014,S2-623706792,S3-100333598,S3-57356775
S1-272270672	S2-616375903,S3-407462842,S3-327014211,S3-772041098,S3-736772586,S3-698300433
S1-105761156	S2-394286477,S2-307268021,S2-656517584,S2-482322524,S3-993363466
S1-337323902	
S1-862049275	S2-525778278,S2-776887264,S3-569638813
S1-445865018	
S1-241581927	
S1-833440915	
S1-157850189	S2-201071009,S2-457445518,S3-130001948
S1-40893776	S2-59401732,S2-826764473,S3-589566216
S1-820714591	S2-789930282,S3-107269767,S3-322466795
S1-644091536	
S1-667715873	S2-904449581,S2-572315412,S2-954175049,S3-339515428,S3-548707979
S1-511693853	S2-124738530,S3-727298715
S1-950512634	S2-563404426,S2-691164549,S3-968941496
S1-619594210	S2-888320444,S2-849020069,S3-654829536
S1-995801213	
S1-495368990	S2-201255309
S1-553868909	S2-947262817,S3-308214072
S1-59441499	S2-741413791,S3-841442823
S1-510679457	S2-937525649,S3-811357735,S3-120295344,S3-705446280
S1-630202990	
S1-439972882	S2-136286767,S2-632150527,S3-553807843
S1-166218629	
S1-606752803	S2-46782100,S2-466837623,S2-64624937,S3-695779995,S3-996687685,S3-65532231,S3-678444333
S1-375834557	S2-174969506,S2-637964154,S3-255506911
S1-922233958	S2-913995562,S2-862905216,S2-849537600,S3-105885215,S3-961228363
S1-865856927	
S1-903388357	S2-966362610,S2-522810215,S3-278158950
S1-484177862	S2-428678296,S2-728257000
S1-609664621	S2-919903437,S2-230318012,S2-937857618,S3-600349760,S3-938958038
S1-847622468	S2-517546855,S2-164626206
S1-401730139	S2-140497,S3-443546311
S1-936216561	S2-847819818,S3-173058599,S3-552695423
S1-412828789	S2-467962656,S3-194791038
S1-472854548	S2-600644053,S2-189821369,S2-190518476,S3-530034800
S1-671800581	S2-508649187,S2-119148143,S2-568972788,S2-749568414,S3-800746079,S3-592892305,S3-449600564
S1-379811631	S2-138029623,S3-562670473
S1-446225829	S2-904395879,S2-83891885,S3-182797527,S3-226797697
S1-46030585	
S1-715726363	S2-739688146,S2-447607016,S3-642275781,S3-421755167,S3-794132335,S3-638364161,S3-321115363
S1-739976422	S2-366564520,S2-88863815,S3-22448730,S3-697659391,S3-256034240,S3-665542099
S1-80462075	S2-287578756,S3-522400683,S3-952137996,S3-107637961
S1-723404871	S2-714906271,S2-600983823,S3-427851877
S1-603262064	S2-409833690,S3-986736913,S3-513279010
S1-262476493	S2-170671517,S2-621319626,S3-26278837,S3-751082661,S3-480406040
S1-561075066	S2-920019332,S3-670000894
S1-954775186	S2-257972227,S3-76455007,S3-298521078,S3-46384615,S3-477958800
S1-890615704	S2-356508682
S1-897205064	S2-851361184,S2-111180524,S2-539848679,S3-983583280
S1-881694200	S2-423105505,S3-637971349,S3-591740595,S3-780767230
S1-294178193	S2-623056821,S2-144736587,S3-736707945,S3-140424954
S1-115925650	
S1-354749366	S3-46561627
S1-19405021	S2-477104106,S2-569695265,S3-7420018,S3-31765770
S1-441944985	S2-199036239,S3-26648568,S3-472077224
S1-988128738	S2-937347560,S3-142312448
S1-227322111	
S1-411105731	S2-128346518,S2-594625051,S3-551642528
S1-884553187	
S1-257088476	S3-161775238,S3-569080329
S1-391472603	
S1-500551770	S2-313832945,S2-601454769,S3-704142975,S3-923722045
S1-345017890	S2-556842250,S2-269317762
S1-583896229	S2-149198691,S3-893456409
S1-706569643	S2-503293296
S1-797969398	
S1-854741040	S2-781446542,S3-993374705,S3-433278019,S3-239150580
S1-983787309	
S1-934278891	S2-71719879,S2-95057168,S3-554152160,S3-911578819
S1-61815027	S3-694304806
S1-954138198	S2-212019405,S3-954002918,S3-239536406
S1-312338784	S2-89298919,S2-865438687,S3-712502333,S3-634728484,S3-772999512,S3-920752638,S3-542252382
S1-262209663	S2-951685178,S3-967143116
S1-777778383	
S1-710981483	S2-735544271,S2-452481755,S3-834087625
S1-226592203	S2-389103967,S2-339032912,S3-957096919
S1-319810352	S2-384359327,S2-275418395,S2-420513640,S3-27040193,S3-834701526
S1-163198889	S2-756493321,S3-521056446
S1-859824024	S2-315462729,S2-810826313,S2-498263897,S3-772663352,S3-749425374
S1-808897189	S2-199413325,S2-708697465,S2-236933635,S2-458062755,S3-275368113,S3-699010046
S1-498249310	S2-423027804,S2-735869627,S2-11941363,S3-65221045,S3-79740856,S3-265259049
S1-506983353	S2-84551065,S2-158875822,S2-953403000,S3-143000352,S3-757361359,S3-122465877
S1-909910021	S2-455914794,S3-785889090,S3-581021311,S3-289185464
S1-210391195	S2-738289025,S2-973532762,S2-367166140,S3-82328625,S3-241063415,S3-509973620
S1-276456725	S2-953869637,S2-155845936,S3-195048867
S1-342866654	S2-196959407,S2-12910935,S3-959185631,S3-343487385
S1-213050911	S2-46586362,S2-353928415,S2-478444990,S3-381888010,S3-263067468
S1-475129677	S2-620265691,S2-702413252
S1-859042738	S2-96636880,S2-939142803,S3-801578998
S1-505161129	S2-288250210,S2-232465708,S3-134903377,S3-491894013
S1-156838289	S2-943726339,S2-256973256
S1-673067055	
S1-620257772	S2-118423994,S2-361169561,S3-653724363,S3-112258054,S3-961649855,S3-623143108
S1-861270612	S2-650648028,S3-704711720
S1-149857987	
S1-73901394	S2-387330178,S3-543799098
S1-85895472	S2-654572706,S3-657952777,S3-344576736,S3-122406514
S1-491012364	S2-757390526,S3-223244076
S1-758607896	S2-132901165,S2-322415060,S3-35814862,S3-850120970
S1-192310547	
S1-820306417	S2-542081885,S2-513301163,S3-864089105,S3-833124448
S1-694939482	S2-379962214,S3-944608881,S3-9047304,S3-224991922
S1-260706287	S2-161320122,S3-125976376,S3-406016667
S1-408613147	S2-762260922,S3-608150041,S3-931921678
S1-547352318	S2-259511716,S2-910199957,S3-796012234
S1-662899504	
S1-444091243	
S1-740025186	S2-189328214,S3-899934413
S1-237149320	S2-117801844,S2-647675341
S1-77259201	S2-964722594,S3-273066914
S1-996867813	S2-925762846,S3-161024013,S3-385672642,S3-796423899
S1-240945988	S2-870075284,S2-709894297,S3-282781220
S1-130785576	S2-101135685,S2-39314315
S1-3115465	S2-747861647,S3-166417783
S1-951086919	S2-157050307,S2-798001604,S3-152084479,S3-592634568
S1-788644565	S2-804808384,S3-552874209,S3-226356146,S3-223622526
S1-182409104	S2-932668172,S2-135695427,S2-242703326
S1-812496785	S2-264928176,S2-492281323,S3-847612941,S3-108802202
S1-562310595	
S1-306060140	S2-239090175,S2-13075969,S3-278352818,S3-74857889,S3-355223779
S1-504617733	S2-453994739,S3-237741754,S3-622392211,S3-561619344,S3-271303370
S1-145781721	S2-319753948,S2-108466834,S2-563646258,S3-411527869,S3-268768447,S3-949737777
S1-395758258	
S1-555827392	S2-57736568,S3-340494615,S3-686236459
S1-463802346	S2-713019484
S1-41313340	S2-847967415,S3-695121020
S1-968238766	S2-556445018,S2-14312646,S3-770134427
S1-966707777	S2-934791272,S2-170780522
S1-704054835	S2-552128613,S2-705566872,S2-106333580,S2-315363213,S3-207325510
S1-27343277	S2-750218862,S3-720716743
S1-797605167	S2-361931467,S2-317428079,S2-970500236,S3-380710538,S3-203144756,S3-796187103,S3-847779597,S3-70278181
S1-25471391	S2-182040656,S2-165527960,S3-285403923
S1-973961401	S2-183000232,S2-537492934,S3-905877569
S1-664674343	S2-388674519,S2-777706558,S2-876440153,S3-563995341,S3-737776721,S3-722686553,S3-430173336,S3-853840694
S1-318908286	S3-185643628
S1-487704684	S2-599400317,S3-434164191
S1-911398683	
S1-227193186	S2-95744891,S3-996562430,S3-624826584
S1-272566124	
S1-528061041	
S1-382884044	S2-731741159,S2-976478532,S3-465405053
S1-38001879	S2-92942149,S3-342176454
S1-451959257	
S1-383781977	S2-901554703,S3-775086383
S1-163016774	
S1-34216899	S2-315926715,S3-760332052
S1-949776675	S2-588138186,S3-612483684,S3-139677324,S3-865971100,S3-926470591,S3-154019846
S1-193109166	S2-769780833,S3-681700251
S1-259764542	S2-894162891,S3-217721274
S1-537950608	
S1-234699279	S2-807635132,S2-591089707,S2-934657264,S3-317854763
S1-989696199	S2-558720759,S2-660176120,S2-692673710,S2-676364148,S3-190436062
S1-769042403	S2-561915873,S2-655972577,S3-389952556,S3-186433298
S1-40464685	
S1-643028502	
S1-316284345	S2-664000524,S3-265231756
S1-698671058	S2-510428299,S2-74187447,S3-66033812
S1-654427472	S2-610439774,S3-916070960,S3-63972869
S1-608708627	S2-638524368,S2-207692255,S3-292911659
S1-886419317	S2-41786615,S2-397363250,S2-850323441,S2-129824333,S3-28476824,S3-16844101
S1-617008190	S2-756237275,S2-763106507,S2-878456066,S3-179772381,S3-489503243,S3-316581165
S1-812217943	S2-492108767,S2-479840395,S3-798908611,S3-273393811,S3-294736784
S1-729819255	S2-456700350,S3-896454814,S3-95384986
S1-235196688	S2-911669520,S2-739460697,S3-404638054,S3-14325129,S3-509432492
S1-48203181	S2-744707914,S2-150516482,S3-761093638
S1-556341822	S2-633371194,S3-262457345
S1-218600191	
S1-276778332	S2-736908606,S2-711917516,S3-343387510,S3-684593050
S1-537814779	S2-152342973,S3-587479228,S3-177674802
S1-77541573	S2-598485934,S2-189777169,S3-872481635
S1-668226536	S2-683272146,S3-247745090,S3-69029733
S1-362092885	S2-218514777,S2-866079190,S3-962789851
S1-864053507	
S1-430427747	S2-612376397,S2-663299235,S2-598167046,S3-295063816
S1-119658488	
S1-498589054	S2-817924177,S2-145227600,S2-929485941,S3-75593230,S3-986290681
S1-318685381	S2-640903022,S3-297471670
S1-232429906	S2-336460436,S3-707916542
S1-162327793	S2-848020684
S1-376678115	S2-931523271,S3-725786316,S3-227241875,S3-155684268
S1-294663690	S2-23137017,S2-154746929,S3-802350029,S3-940822882,S3-399321914,S3-321586758
S1-778772361	
S1-644550539	S2-606250465,S2-420553873,S2-124403664,S3-778268464
S1-746689244	S2-965509608,S2-631974332,S3-969713812,S3-341947670,S3-102331704
S1-51485874	S2-454339731,S3-394319996,S3-29912627
S1-432066310	S3-868038899,S3-584207671
S1-360889331	S2-882110986,S3-724158228,S3-508800506
S1-512830573	S2-389929783,S2-664644550,S3-990650919
S1-913342539	
S1-659552821	
S1-927141226	S2-939707687
S1-793001659	S2-593828168,S2-561512350,S2-270484512,S3-387665799,S3-468136997,S3-723262698
S1-512546107	
S1-211241314	S3-965591148,S3-27517504,S3-233498365
S1-70461488	S2-665109385,S2-947679696,S3-240154789
S1-663086397	
S1-992491048	S2-777142455,S3-511643564,S3-587167923,S3-793490277,S3-101357363
S1-913393800	S3-743779232,S3-621004838
S1-318730283	S2-865953569,S2-599162368,S3-866826312
S1-437546890	S2-849670970,S3-991371993,S3-803000753
S1-35342547	S3-959923608,S3-944085755,S3-696334425,S3-891859632
S1-798910624	S2-302628744,S2-231689714,S2-30008112,S2-487829726,S3-105566212
S1-920979488	S2-712157906,S2-395336987,S3-913300403,S3-787083285,S3-743603526,S3-591544367
S1-327821186	S2-993020781,S2-845182189,S3-94776502,S3-388035849,S3-296933246
S1-623107682	S2-845759540,S2-553087452,S2-687689864,S3-502536157
S1-759202348	S2-494786081,S3-518077811,S3-209343511
S1-982290158	S2-446883797,S2-56788843,S3-729511855
S1-720623171	S2-411970733,S2-673037505,S3-99086663
S1-759387246	S2-32868785,S3-963521050
S1-957626035	S2-551625628,S2-915053113,S3-427089202,S3-977793285
S1-674306670	S2-786338906,S2-940850431,S3-133005983
S1-13128450	S2-841401153,S2-444357650,S2-108116177,S3-300402254
S1-669107354	
S1-893780486	S2-166054036,S2-546026174,S2-477021759,S3-681864714
S1-27768396	S2-60519198,S2-939743971,S3-8345916,S3-900776823
S1-188244574	S2-611765920,S3-819202493
S1-686055633	S2-101108062,S2-239970415,S3-613998340,S3-719636130
S1-767415997	S2-276161278,S2-602270456,S3-944528665
S1-802311646	
S1-659379854	
S1-452973443	S2-406382704,S3-187778766,S3-337122661
S1-559693336	
S1-724219917	S2-570983428,S2-2066657,S3-238744981,S3-835998615,S3-628442983
S1-24820615	
S1-781504451	S2-1981041,S2-65218279,S2-263732798,S3-616872802,S3-584744142
S1-182487783	S2-183623981,S2-649504837,S3-533844156,S3-541880034,S3-61294468
S1-881751795	S3-156199475,S3-310215216,S3-552364330
S1-587883741	S2-189510543,S2-538958939,S2-917897163,S3-193239106,S3-541187369
S1-401397716	S2-51625974,S3-808003006
S1-35251857	S2-509669071,S3-697093503,S3-422416653
S1-458296421	S2-750327459,S2-653650978,S3-813625809,S3-827330034,S3-467974661
S1-583261114	S3-992172465,S3-536534071,S3-348328162
S1-539501269	S2-648363821,S2-746778314,S2-317864263,S2-70211497,S3-780217088,S3-452209411
S1-691829324	
S1-310916437	
S1-212962906	S2-645195978,S2-529170496,S3-370458992,S3-40170344,S3-353272059
S1-139780493	S2-312760439,S2-198666448,S3-777594510,S3-985498888,S3-877309782
S1-952429222	S2-777688383,S3-960747633,S3-748909847,S3-346498638
S1-552418143	
S1-21689037	
S1-152490297	S2-321156739,S2-951388674,S2-15717877,S2-435769637,S3-469007143
S1-892547234	S3-33595172,S3-37178748,S3-537398002
S1-221671666	
S1-132362484	S2-847307390,S2-843146161,S2-281281496,S3-806490419,S3-733899868,S3-310641261
S1-928398296	S3-755993323,S3-435048462,S3-615786845,S3-843569054
S1-540637022	S2-498278722
S1-476771354	S2-103543167,S3-164970193,S3-90019114,S3-552004224
S1-16777638	S2-176656780,S2-211454740,S3-77222067,S3-152173183
S1-630028102	S2-473838540,S2-839350976,S3-117533597
S1-652858826	S2-626698327,S3-638863100
S1-784387594	S2-347679748,S2-963073682,S2-335497548,S3-259934457,S3-115330074
S1-237390159	S2-205312348,S2-369394553,S2-881313409,S3-879876933
S1-694776855	S2-693469751,S2-426391052,S3-214725329
S1-985013308	S3-486071026,S3-133668275
S1-283668817	S2-203795639,S3-721947368
S1-444129846	S2-749097723,S2-653599991,S3-804694180,S3-142484255,S3-419313858
S1-440856186	S2-991748927,S3-923688578,S3-567076773
S1-102130299	S2-561578939,S2-426735967,S3-153031080
S1-131383885	S2-577249350,S3-825571567
S1-857737064	S2-965424336,S2-993238353,S3-533692577
S1-599217948	S2-654875767,S2-140345390,S2-655038340,S3-989144323,S3-890360564,S3-523735296
S1-874938201	S3-378350982,S3-49100817,S3-141734663
S1-706810594	S2-831669203,S2-219975553,S2-264403468,S2-555342689,S3-335598483,S3-709059297
S1-874079809	S2-996234849,S3-100140402,S3-253942838
S1-728237381	S2-127725509,S3-929437852
S1-212859497	S2-384084626,S2-77840314,S2-221353792,S3-202503967
S1-402046621	
S1-752501077	S2-792334598,S2-26860845,S3-428920684,S3-606074119,S3-906283796,S3-844177516
S1-132919938	S2-383938029,S3-356564847,S3-951280160
S1-607719259	
S1-784666045	S2-376088927,S2-184967172,S3-769417411,S3-268354444,S3-371904934,S3-125050768
S1-802554235	S2-90596419,S2-100331681,S2-254482954,S2-274620796,S3-377483903,S3-657474668,S3-448575416
S1-146565871	S2-544785823,S3-701872898,S3-618294283,S3-126556983
S1-230211305	S2-618270497,S3-454272457,S3-132051674
S1-727204909	S2-961111580,S3-1239508,S3-418518146
S1-930328358	S2-580246481,S2-315140946,S3-936184709,S3-391841242,S3-220031817,S3-479973245
S1-354653831	S2-571647845,S3-835420600
S1-138501785	S2-151274656,S2-850125056,S3-441494561,S3-464688222,S3-607419550
S1-686576487	
S1-640205336	S2-442147143,S3-593942276
S1-671761632	S3-478785955,S3-614487654,S3-214228554,S3-727666966
S1-823969594	
S1-260826330	S2-531712328,S3-463044392,S3-855661559,S3-258872288
S1-866999924	S2-829183561,S3-142092374,S3-704616618,S3-688557027
S1-521636083	
S1-590007733	S2-826973796,S2-468568631,S3-251111731,S3-87069354,S3-540763058
S1-832840688	
S1-466092590	S2-956710026,S2-295070277,S2-409141961,S3-89236482,S3-481577052
S1-837974089	S2-177679007,S2-674748805,S3-232661245,S3-398128890,S3-978182278
S1-13569942	
S1-640650149	S2-366984776,S3-937429948,S3-241054536,S3-609812176
S1-426346389	S2-719297617,S3-620873430
S1-691203784	S3-957485978,S3-51567517
S1-954622601	
S1-221477985	S2-733695837,S2-882222822,S3-87074785,S3-834221224
S1-290947881	
S1-324912992	S2-419283,S2-545431869,S3-551257209
S1-246911647	S2-832031582,S2-374103382,S2-187377810
S1-41688867	S2-738003840,S3-46790936
S1-248008193	S2-90268836,S3-266420037,S3-786277644
S1-763289030	S2-5627903,S3-792263622,S3-233906979,S3-969371938
S1-736185182	S2-865224267,S2-335195699,S3-271945104
S1-834070843	S2-207027877,S2-590799277,S3-987952914
S1-107590030	
S1-765288358	S2-476087656,S2-212126998,S3-70975079
S1-927102214	S2-449995976,S3-379953384,S3-921073668,S3-237241939
S1-536991248	
S1-364357618	S2-751769064,S3-289172763,S3-605316405,S3-758039798
S1-997734226	S2-394800845,S3-517249108,S3-624241433
S1-503837	S3-57015378
S1-585721364	S3-127240692
S1-680789125	S3-637700685,S3-862559894,S3-394012291
S1-863278278	S2-326624856,S3-840432509,S3-845781571,S3-205467588
S1-921560677	S2-990497394,S2-712215906,S2-664521661,S2-834846037,S3-334973967,S3-137710869,S3-746097383,S3-833536989,S3-305149344
S1-859884399	
S1-438710321	S2-544061603,S3-299888256,S3-475505633
S1-465104849	S2-483293984,S2-780049120,S2-293246999,S2-616287299,S2-964670951,S3-584617441,S3-547236783
S1-201004657	S2-208126508,S2-351737750
S1-248068516	S2-580980657,S3-370273821,S3-118181133,S3-419267844
S1-508336680	S2-456123441,S2-799634789,S2-627189159,S3-810434087,S3-495958429
S1-193924975	S2-36446979,S3-903420354,S3-952590367,S3-406534290,S3-927323776
S1-739320332	
S1-546764610	S2-633009676,S2-231490468,S2-422737389,S2-60098786,S3-88685840,S3-946740267
S1-118890484	S2-473690832,S2-36900714,S3-597129178,S3-940664159,S3-674169943,S3-336078356
S1-700570389	S2-950148801,S3-393535930
S1-775103341	S2-873499743,S2-696813280,S2-179141991,S3-765378205,S3-985729184
S1-108114324	S2-746330115,S2-410927238,S3-241424576,S3-470976084
S1-876306285	S2-198472324,S2-838952091
S1-83253723	S2-45028098,S3-833080788,S3-543109926,S3-988038839,S3-829398460
S1-951860947	S2-751492285,S3-669274447
S1-616336390	S2-391009496,S2-898753638,S2-919006333,S3-133280752
S1-837025896	S2-373369054,S2-36344025,S3-487304184,S3-287572030,S3-199734835,S3-999408417,S3-196245604
S1-536766212	S2-443327607,S2-268395478,S2-457428486,S3-488180422,S3-617588418
S1-481321448	S2-494453516,S2-904501896,S3-587593378,S3-953295639,S3-112548097,S3-510329067
S1-157355068	S2-372702430,S2-122023200,S2-899692634,S3-785465022
S1-924579099	S2-788364557,S3-280487606,S3-966176928
S1-79043435	S2-716715194,S2-369835142,S3-143407153,S3-919150560
S1-847793693	
S1-857785464	
S1-784250352	S2-861229829,S3-152469986
S1-434752469	S2-768368352,S2-470328342,S3-272550932
S1-604025682	S2-873050695,S3-933195582
S1-594635125	S2-809909727,S3-842667644,S3-119858417
S1-444327918	S2-690659079,S2-961060409,S2-163192162,S3-838241774,S3-70331783,S3-960485349
S1-870428309	S2-93160678,S2-740955248,S2-560294737,S2-548981678,S3-176871497
S1-442834884	S2-426696981,S2-472866554,S2-389433951,S3-274264985
S1-673985762	S2-71387522,S2-6877435,S2-608228652,S3-956459551
S1-743677477	S2-655918021,S2-594912472,S2-916172274,S2-901067999,S3-924857801,S3-928179526
S1-693877598	
S1-997556430	S2-858695943,S3-666505978
S1-760496067	
S1-454583832	S2-442325372,S3-226752827
S1-815033106	S2-670330009,S2-887079598,S3-601041422
S1-36768393	S2-458771060,S3-148971909,S3-86201018
S1-19036752	S2-123652527,S3-976273741
S1-247635095	
S1-940568100	S3-461862200,S3-711233365
S1-528147062	S2-363261444,S2-651093238,S3-324253553,S3-88117122,S3-885379045
S1-860292278	S3-402897210
S1-981406315	S2-179999960,S3-473965540,S3-751220246,S3-959988499
S1-214238761	S2-54805847,S2-494461619,S3-180117709,S3-372752689,S3-244756360
S1-607349548	S2-666993417,S2-170759557
S1-108804529	S2-821506553,S2-364708697,S2-653777354,S3-874519955
S1-420620277	S2-541095085,S2-111601336,S2-494624991,S3-60313420
S1-844450087	S2-332015265,S3-230371451,S3-911112950
S1-811412820	S3-75288126,S3-906889089
S1-493077122	
S1-186121871	S2-671961639,S2-155819062,S2-421314416,S3-212386153
S1-269051893	S2-581237966,S2-128705584,S2-484059566,S3-740873905,S3-367574368
S1-785329583	S2-397280868,S2-354393669,S2-922722785,S3-667410703,S3-404861798,S3-364455656,S3-470942213,S3-525738568
S1-564446786	S2-973864554,S2-291533799,S2-835936715,S2-144239268,S2-414230584,S3-176995407,S3-245969686
S1-294107251	S2-892338763,S2-498178815,S3-250481750,S3-13509444,S3-958749358,S3-256284422
S1-443285766	S2-233355324,S3-36588056,S3-85982265,S3-177266687
S1-344686508	
S1-927904441	S2-144873857,S3-653295477
S1-79570317	
S1-827744626	
S1-120587596	S2-225505847,S3-493315604,S3-72957299
S1-998698573	
S1-761226068	
S1-566031984	S2-859070298,S2-668061551,S2-707381897,S2-646833167,S3-735725526,S3-177939093
S1-532321199	S2-529332894
S1-342996156	S2-735869944,S2-110509150
S1-771764055	
S1-898713523	S2-716395390,S3-725996593
S1-66905544	
S1-130538934	S2-690812483,S3-302910411,S3-89659558
S1-538263864	S2-547404145,S3-190715060,S3-943065290,S3-187342786
S1-645171124	S2-34292753,S2-165483085,S3-177648598,S3-572199583,S3-114011964
S1-512260486	S2-800560085,S2-22827125,S2-167820485,S2-774228687,S3-317354771,S3-862624261,S3-314980287
S1-804986554	S2-54976116,S3-274807194
S1-983190343	S2-105014292,S2-952809503,S3-598807322,S3-21918728
S1-755284659	S2-316491987,S3-646457325
S1-106411281	S2-432917121,S2-253064713,S3-119719813,S3-262185899
S1-74726735	S2-214325897,S2-358987880
S1-256336284	
S1-565615052	S2-618557745,S2-104630682,S2-563341024,S3-924645885,S3-563448785
S1-614305920	S2-313324591,S2-37489489,S3-390212203
S1-74021606	S2-70879511,S3-242194887,S3-221393505,S3-462103653,S3-752844179,S3-815612238
S1-742928801	
S1-410221479	S2-354391546,S3-599918058,S3-582979158,S3-640229945
S1-790740599	S2-112125036,S3-67681735,S3-578463231,S3-986847256
S1-781164062	S3-657542080
S1-613706137	
S1-349828971	S2-104494932,S3-634096866,S3-371490425,S3-684015677,S3-49341432
S1-760449887	S2-250471221,S3-350317812
S1-332333952	S2-329764111,S3-699934247
S1-95694067	S2-513341491,S3-675158592
S1-556493068	S2-447074854,S2-121523265,S3-959262282
S1-450433064	S2-291356079,S3-257332609,S3-256277354,S3-720613603,S3-171562972
S1-9030840	S2-60019865,S2-848222527,S3-517462509
S1-155312713	S2-878286379,S2-665860084,S3-929397752,S3-838938084,S3-528561005
S1-788698860	
S1-259330284	S2-760253099,S2-880123213,S3-848696257,S3-311850365
S1-808609061	S2-506590444,S2-541625172,S3-964308078,S3-737874458
S1-911135757	S2-408652907,S2-186553823,S2-735571641,S2-526741264,S3-28478290
S1-236160562	
S1-962227423	
S1-757737938	S2-563350947,S3-836775094
S1-696052802	S2-386132456,S2-449211866,S3-119954857
S1-657538812	S2-757949309,S2-95180146,S3-928908936,S3-173549879,S3-125952978
S1-148134869	S2-415496951,S2-926428352,S3-449176220,S3-654990249
S1-717203641	
S1-666202950	
S1-948494279	S3-730556265,S3-72088296,S3-635516380
S1-495750306	S2-139597183,S2-313888205,S3-543449511
S1-476197772	S2-2348286,S2-114529626,S2-250616431,S3-171217359,S3-977121744
S1-536299501	S2-392243584,S3-687186223,S3-983171180,S3-590025614,S3-295993143
S1-633837381	S2-332903304,S2-890008622,S3-54881796,S3-634256739,S3-513700999,S3-908761632
S1-50393688	S2-259562099,S3-309961134
S1-124527603	S2-39813792,S2-685772925,S3-733355148,S3-55188584,S3-336667580,S3-793308866,S3-423306034
S1-114643396	S2-842995210,S2-106370346,S2-656508853,S3-116973427,S3-812057595,S3-391691700
S1-169655485	S2-781460673,S3-421350584
S1-638861002	
S1-690501999	S2-433262681,S3-328217486
S1-879285284	
S1-361958465	S2-862200508,S2-267920293,S2-530758010
S1-517089588	
S1-453494452	S2-744018119,S3-641318644
S1-478273682	S2-541539935,S2-411566671,S2-20718405,S3-590395415,S3-549818103
S1-691395660	S2-904575469,S2-41274112,S3-483923656,S3-682364537,S3-372788910
S1-715854590	S2-647112615,S3-850897974
S1-960148909	S2-19447897,S3-692647551,S3-300212784
S1-158434899	
S1-692965077	S2-880878631,S2-417719049,S3-888320523
S1-274758149	S2-518559618,S2-533777112,S2-790964305,S3-817950964,S3-587222671
S1-815827982	S2-381142764,S2-192943105,S3-718103363,S3-131635628
S1-31312884	S2-914518390,S3-484658606
S1-579156641	
S1-686480375	S3-216544320
S1-530113256	
S1-155717539	S2-905616081,S2-551426370,S3-431918777
S1-677299632	
S1-475041596	
S1-306282304	S2-94478324,S2-362469440,S2-147824613,S3-775225480
S1-961761130	S2-418416861,S2-498786690,S3-103771319
S1-999951028	S2-863824220,S2-74530661,S2-148059510,S2-893931167,S3-607122205,S3-251533825
S1-601490567	S2-304929363,S3-719817793
S1-44955954	S2-938844844,S2-882994036,S2-83816327,S3-6496428
S1-197657065	S2-45429608,S2-650851981,S2-963551013,S2-959962545,S2-788110529,S3-834503929
S1-719936632	S2-29343699,S3-929076571,S3-849549804
S1-492067059	
S1-619611991	S2-492732751,S3-395934781,S3-603615175
S1-916940853	S2-351621108,S2-275898430,S3-451579703,S3-697963123
S1-339707570	S2-669262471,S2-168822669,S3-364911300,S3-948631189,S3-903622978
S1-78785794	S2-449124592,S2-923636108,S2-33549399,S3-514788893
S1-141625635	S2-676052601,S2-475719433,S2-621237585,S3-829123183,S3-910866327
S1-110063395	S2-528941485,S2-467147958,S2-919570598,S3-96716169
S1-72962057	S2-964336279,S3-824578042,S3-585855054
S1-419642118	
S1-485991577	S2-387234806,S2-309873806,S3-617386151,S3-340596021,S3-279860939
S1-608276572	S2-553174590,S3-50791879
S1-722056600	S2-550704522,S3-947237410,S3-395882026
S1-398509124	S2-512960507,S2-79470870,S3-333959517,S3-738319786
S1-444636531	S2-629694221,S3-893668199,S3-756473192,S3-547362833
S1-861246804	S2-878326604,S2-526236210,S2-69758219,S3-363563430
S1-769560827	S2-201767122,S3-73314527,S3-151185640,S3-739460776
S1-948259039	S2-285919094,S2-702312392,S3-169366472,S3-612561797,S3-970123172
S1-377568816	S2-359145692,S2-739437237,S3-311148489,S3-290214245,S3-405240757,S3-835185156,S3-500614377
S1-411088844	S2-216268503,S2-914366154,S3-485056918,S3-681129830
S1-958443106	S2-957624772,S2-805740099,S2-376545924,S3-767563270
S1-500952885	S2-677578939,S3-372138352,S3-355233842
S1-915049435	S2-936578672,S3-989451457
S1-741576086	
S1-651717089	S2-957348867,S2-986031195,S3-337132220
S1-240870757	S2-375574193,S3-959046035
S1-269035478	S2-62829983,S2-477851917,S2-779388257,S3-927007179
S1-243538665	S2-368351534
S1-378684291	S2-41561827,S2-93398361,S2-328035210,S3-423404814
S1-80931138	S2-885398057,S3-974365818
S1-710410289	S2-921296061
S1-197311647	S2-396422074,S2-329882687,S2-41523444,S3-290426845
S1-404727685	S3-309111710
S1-526574205	
S1-162366093	
S1-902788302	S2-955109080,S2-641507324,S3-932407374,S3-4818273
S1-965212275	S2-309162102,S2-942282620,S2-458603010,S2-280799628,S3-889555224,S3-191005454,S3-67934953
S1-135755821	S2-628676537,S3-811542551
S1-922715710	S2-10404936,S3-146143485
S1-86393607	S2-56509043,S2-751088763,S2-632262938,S3-832327746,S3-704507681
S1-23310323	S2-773804231,S3-281297847
S1-153528186	S2-601420909,S3-550076506,S3-190773222
S1-558413635	S2-90598905,S3-743964541,S3-110523399,S3-283028953,S3-156927694,S3-618779538
S1-254108726	S2-923922139,S3-321080741,S3-233106571
S1-639340800	S2-424005834,S2-261638769,S3-212773668,S3-367284946,S3-883038924
S1-228744875	S2-982622384,S2-173722320,S3-860492105
S1-773234997	S2-18396320,S3-564370073,S3-399901066
S1-211257706	S2-111737909,S3-978589529,S3-114291627
S1-629316106	S2-392990376,S2-29190581,S2-19585701,S2-176255488,S3-581114799,S3-650054995
S1-333590341	
S1-632911990	
S1-274487966	S2-389053225,S2-912400170,S3-419234728,S3-784250810
S1-165808009	S2-630210119,S3-459529141,S3-600584351
S1-973092486	S2-513876907,S3-574532733,S3-120866428,S3-302082433
S1-57363796	S2-392968971,S2-342751356,S2-919851457,S3-802530391,S3-342858958,S3-117250416,S3-263688452,S3-7149007
S1-291923899	
S1-551923966	S2-82494684,S2-710041680,S3-464033968,S3-339187009,S3-751511724
S1-125801374	
S1-153222175	
S1-102106220	S2-359541709,S3-276753633,S3-577164501
S1-770201870	S3-913473006,S3-812285827
S1-897897646	S2-766086288,S3-30769582,S3-388056491,S3-470416036
S1-285056899	S2-429171444,S2-10082189,S3-538394899,S3-57546917
S1-55476435	
S1-348001118	S2-742604056,S3-775142199,S3-163001211,S3-563487039,S3-57649488
S1-68190428	S2-911504078,S2-896347702,S2-958611788,S3-265368693
S1-756112916	
S1-387209708	
S1-591428276	S2-421988168,S2-3120875,S3-804779623
S1-616786050	
S1-526959688	S2-250559905,S3-960723296,S3-194307665,S3-132632392
S1-829105413	S2-472489491,S3-386346217,S3-302877283,S3-808909290,S3-7588565
S1-115962582	
S1-663947602	S2-898227696,S3-905959627,S3-280669246
S1-871957206	S2-414978557,S3-609041015
S1-693607796	S3-538005519
S1-308465601	
S1-952563353	S2-558838413,S2-23588600,S3-640198550,S3-211676322,S3-182114717
S1-502597454	S2-417152712,S2-972376227,S2-749818577,S3-627925677
S1-184456856	S3-565118200
S1-473646677	
S1-616339546	S2-946092843,S3-467872401
S1-467505409	S2-346343899,S3-959701801,S3-276990645
S1-512116727	S2-344302293,S2-569618261,S2-259015738,S3-396581746,S3-488837003
S1-390540104	
S1-863249249	S2-543520454,S3-222394738,S3-388956850,S3-270374612
S1-993620214	S2-816584652,S2-21761450,S3-579999265
S1-49109471	S2-801645399,S2-970454171,S3-776362557
S1-21436171	S2-960750486,S2-552284661,S2-784491829,S3-544475151,S3-415795347
S1-986349433	
S1-306540427	S2-467159077,S3-917943738
S1-464822214	S2-830034250,S2-427350729,S3-879716980,S3-164403039
S1-77252042	S2-651921318,S2-952287235,S3-29619306
S1-934413100	S2-327583015,S2-867316818,S3-474442935,S3-313771874
S1-839973591	S2-372206926,S2-412238411,S3-36244839
S1-643113433	S3-360430415,S3-298979985
S1-172366201	S2-71464511,S3-794919189,S3-187419292,S3-871390072
S1-547193034	
S1-235743526	S2-655482741,S3-976458729
S1-146907331	
S1-79988820	S2-932120708,S3-759529813
S1-444219092	S2-772818069,S3-790137936,S3-827526291
S1-791840683	S2-705340485,S2-503781740,S2-415084738,S2-192782847,S3-353137460,S3-430436848
S1-714649526	S2-698996192,S3-977027982,S3-532139825,S3-985076080
S1-405481030	
S1-99789246	S2-338308972,S2-379656574,S3-983761018
S1-379160427	
S1-690595452	S2-493593536,S2-581161781,S3-408655057
S1-194304524	S2-260024986,S2-651815645,S2-686538356,S3-405728911,S3-368332474
S1-686102275	S2-667257518,S2-179276674,S3-197758288,S3-486917073
S1-307629396	S3-802549356,S3-342532452,S3-150360313
S1-595641961	S2-361242061,S2-82436618,S3-370574054,S3-125374064
S1-999098561	S2-330626881,S3-204414678,S3-910663961
S1-790752442	S2-670664687,S2-42655655,S3-286822032
S1-236811368	
S1-90920859	S2-120289057,S3-703929367,S3-236375605,S3-616573413
S1-921227660	S2-658073517,S2-810976718,S3-321706333,S3-793811753
S1-114592033	S2-724232719,S2-303669261,S3-329707918,S3-399579763,S3-903326419
S1-339763598	S2-498539707,S3-801198349
S1-640469267	S2-702024374,S3-166507742,S3-909276531
S1-44006423	S2-24536445,S3-626236311,S3-712995176
S1-857979529	S2-919247867,S2-554531950,S2-417010363,S2-406168294,S3-717970403,S3-464552485
S1-373392239	S2-648563596,S3-893476196,S3-518091724,S3-245772753,S3-215292835
S1-664102533	S2-806491070,S3-300203861,S3-4974518
S1-344735605	S2-937660472,S2-657625894,S3-751838280,S3-424144206
S1-912051490	S2-263570567,S3-834330623
S1-514440966	S2-438975156,S3-581840460,S3-89678328,S3-738957404
S1-999284037	S2-356915431,S2-440326252,S3-428220460
S1-819544218	
S1-629475471	S2-311778969,S3-436043785
S1-482711437	S2-258327627,S3-878578986,S3-17733751,S3-694490016,S3-658237776,S3-2100840
S1-593729834	S2-6653428,S2-835946509,S3-80901253,S3-981183201,S3-725275425
S1-263110551	S2-208731198,S2-612552347,S3-818811581,S3-602043020,S3-41535553
S1-751385710	S2-215921818,S3-656503676
S1-460233429	S3-237417341
S1-98182428	S2-833266695,S2-805936422,S3-151856649,S3-984554228,S3-951984720
S1-888526055	S2-845474745,S3-517527090,S3-535099036,S3-646345741
S1-684325594	S2-22442849,S3-226974397
S1-482710334	S2-420491026,S2-246449308,S3-112775295
S1-1677407	S2-260914772,S2-945594078,S3-536299479
S1-348546408	
S1-552569316	S2-129548606,S2-410594055,S3-935012897,S3-133564420
S1-101051870	S2-991582904,S2-612234155,S2-127656775,S3-465844533,S3-331529300,S3-893905482,S3-989064649
S1-358137413	S2-798899910,S3-176181918
S1-43427239	S2-105726035,S3-68780622
S1-319865956	S2-932880594,S3-471394278,S3-520110527
S1-606083374	S2-778932260,S2-373191330,S3-871240
S1-76462134	
S1-411233852	
S1-375189602	S2-208560424,S3-220054890
S1-572455178	
S1-872248104	S2-456718497,S2-174114145,S3-483796054
S1-453296757	S2-410106098,S2-520904446,S2-861659215,S3-649279037,S3-642306523
S1-717634853	S2-69508817,S2-954968781,S2-560316146,S2-90443668,S3-61274071,S3-526039909
S1-830042278	S2-831025567,S2-487332230,S2-106419053,S3-88083678,S3-995932989,S3-64249325
S1-965430700	S2-389254167,S2-453143655,S2-304554808,S2-326436091,S3-135934583
S1-16717998	S2-138837676,S3-359734485,S3-843642336,S3-750526757,S3-33941693
S1-28172315	S2-610277377,S2-955541558,S2-817244580,S3-438609958,S3-324622432,S3-598516064
S1-745577290	S2-441043291,S2-775942588
S1-33371162	S2-989109709,S2-84329123,S3-583530761,S3-273461975,S3-847098018
S1-812278328	
S1-733200418	S2-477395081,S2-208717661,S3-671532157
S1-382947932	S2-940927290,S2-271589096,S3-502448178,S3-855935487
S1-935170141	
S1-322567842	S2-847088704,S3-315233985,S3-256539670,S3-242721439,S3-783759154
S1-874309781	
S1-165500502	S2-123831863,S2-737116514,S2-865308655,S2-751375731,S3-115218627
S1-435293342	S2-948829576,S3-380024370
S1-952619395	S2-560153524,S2-582312075
S1-552083539	S2-60877042,S2-669722820,S3-519894188
S1-479297375	S2-817512927,S3-758865089,S3-840058874,S3-469687090
S1-261272949	S3-426371917
S1-20260608	S2-265314951,S2-210652516,S3-661945579,S3-303336044,S3-382082280
S1-930799045	S2-424750798,S3-286603043
S1-498759306	S2-342495013,S3-363608894
S1-921678422	S2-951013912,S2-389200553,S3-240746397,S3-367636872,S3-169409400
S1-709627150	S2-546086330
S1-58969328	S2-994896981,S3-536026976,S3-788714913
S1-663423205	S2-648491403,S3-562894053
S1-699156129	S2-434297679,S3-643792784
S1-181099706	S2-221843872,S2-621988791,S3-732542689
S1-974442015	S2-762305666,S3-246991594
S1-31316997	S2-951003434,S2-631256650,S3-279620055,S3-178818005,S3-464011314
S1-492351786	S2-557595529,S3-256864334,S3-154345598,S3-447112461
S1-42228635	S2-272325169,S2-200603938,S2-273255336,S2-250651338,S2-664617225,S3-274001582
S1-469948643	S2-219056319,S2-879408516,S3-328856056
S1-396624273	
S1-37959619	S2-919108953,S3-222547406
S1-990471075	S2-902446487,S3-421551
S1-941040952	
S1-88259842	S3-878705418,S3-559280586
S1-738720119	S2-990601034,S3-615342870,S3-794857280,S3-722599713,S3-816479985,S3-32057690
S1-425820326	
S1-73290629	S2-393204480,S3-41765557
S1-73787861	
S1-688302144	S3-394250792
S1-866661473	S2-737571506
S1-685609371	S3-126805991,S3-302689223,S3-916266385
S1-144753683	
S1-50330636	S2-355538334,S2-769128634,S2-921554801,S3-735108371,S3-306201973,S3-311574062,S3-86108963
S1-524189049	
S1-143304535	S2-533373652,S3-731500825,S3-446443428,S3-532172986
S1-321914815	
S1-215489239	
S1-507622720	S2-111753710,S3-916340911,S3-105181635,S3-866543949
S1-785247095	
S1-838363998	S2-157268464,S3-492443000
S1-974303190	
S1-885826236	
S1-63490613	S2-144895464
S1-891218097	S2-599127940,S2-785954010,S2-928488532,S2-397453502,S3-647861059
S1-976244808	S2-873453909,S3-329614756,S3-415229626,S3-444087715,S3-132835880,S3-203144374
S1-333683741	S3-850833111,S3-50183770
S1-813995615	S2-330870372,S2-639897511,S3-924601287
S1-238221617	S2-241551973,S2-621621372,S2-651831817,S3-727457524,S3-429646906,S3-583373020
S1-897773016	S2-19321160,S2-714951257,S3-586851839,S3-444779864
S1-681891048	S3-100910610,S3-45346893
S1-824296376	S2-278833931,S2-932600761,S3-618312771,S3-667312864
S1-840481806	S2-238771546,S2-910498606
S1-977875200	S3-850009440
S1-598992607	S2-908910380,S2-809181205,S2-462263713,S2-957570604,S3-482325741,S3-565616091
S1-583324918	S2-734106520,S2-288515996,S2-904134083,S2-257447822,S3-509201641,S3-147012955
S1-939190631	S2-165371701,S3-779586169,S3-410407456
S1-850723455	S2-640715893,S3-634946777
S1-668007203	
S1-882054171	S2-116971792,S3-807346316
S1-208603024	S2-381692062,S2-728845210,S3-304609725,S3-358405779
S1-217343100	S2-936609307,S3-18908951,S3-782688014,S3-576731692
S1-706144482	S2-843930720,S2-262775672,S3-344763385,S3-894505111,S3-190652189
S1-524206540	S2-613235348,S2-426386717,S3-482458683,S3-754157270,S3-928974008
S1-523671636	S2-958834786,S3-462676380,S3-842089292,S3-803953965
S1-438277645	S2-495824486,S2-432270204,S2-840378644,S3-865036608,S3-128115858,S3-203324691
S1-837053082	S2-561545316
S1-207194851	S2-802912256,S3-533626990,S3-754866216,S3-564621066,S3-326053995,S3-78227001
S1-379027403	S2-183360332,S2-503789934,S3-312913449,S3-712115966,S3-736398312,S3-816675654
S1-680097133	S2-127555253,S2-549226565,S2-306037565,S3-774373672,S3-534860133,S3-19101595,S3-623557982
S1-231319597	S2-401132973,S3-425498997
S1-480376909	S3-514978292
S1-732000725	S2-399668106,S3-516550350
S1-752270653	S3-577263617,S3-573112534,S3-396552963,S3-199859192
S1-873411668	S2-195913595,S2-523364579,S3-747854420
S1-407428896	S2-779453174,S2-343971084,S2-512766192,S3-113835668,S3-428588174
S1-876131193	S2-594421283,S2-397737739,S2-498594204,S3-172991396,S3-940795081,S3-567351416,S3-153885792
S1-646952152	S2-560479729,S3-556907376,S3-316317818,S3-193260140
S1-437858525	S2-950070758,S2-605811134,S3-789853971,S3-849820536
S1-477698064	
S1-341346128	S2-719055302,S2-947188913,S2-319217809,S3-258815640,S3-833802987
S1-540801101	S2-991097597,S2-918418070,S2-294539574,S3-131869510,S3-312264927
S1-394801907	S2-752478350,S2-300761602,S2-399006051,S3-498282429,S3-360076170
S1-286492010	S2-251895285,S3-105533745,S3-408074926
S1-946070210	S3-138828031,S3-958693239
S1-21111128	S2-360752309,S2-293031840,S2-753056544,S2-272804337,S3-849300077,S3-86409540
S1-695377185	S2-402017910,S3-275855798,S3-401831285,S3-831618913,S3-290293035,S3-839338840,S3-999819409
S1-299856446	
S1-348175037	S2-729119368,S2-393890373,S2-824707488,S2-236373441,S2-582421914,S3-295731898,S3-524991702
S1-208865354	S2-343185802,S3-850515577,S3-577077819,S3-376962826,S3-618790535
S1-40256684	S2-404041042,S3-452778752,S3-380796217,S3-896456935
S1-188454189	
S1-400465176	S2-368532205,S2-993497404,S3-15163201,S3-871477485
S1-84311223	S2-993718545,S3-28472936,S3-786906120,S3-372278750,S3-807973871,S3-37902644
S1-230566877	S2-580410023,S3-713582466,S3-64462007,S3-720693523
S1-617077067	S2-426126404,S2-888552018,S2-978168675,S3-847492166
S1-497265204	S2-496245466,S2-144042807,S3-80526613
S1-327048988	
S1-208669647	
S1-70795721	S2-197698299,S2-134491622,S3-887599769
S1-274972594	S2-839137941,S2-156087626,S3-887116883,S3-771319868
S1-315009191	
S1-530871233	
S1-387257890	S2-103557982,S3-700047726
S1-714749904	S2-200250270,S2-333163009,S3-954941093,S3-809182430
S1-704967016	S2-283548519,S3-291941237,S3-165732752
S1-812370300	S3-693335443
S1-665813684	
S1-486034576	S2-837834481,S2-305079586,S3-960000418,S3-827954145
S1-897841130	S2-523108406,S2-666997485,S2-659342162,S3-371683666
S1-239073261	S2-759479617,S2-125605193,S2-291343968,S3-165073138,S3-202641279,S3-589700537
S1-104808971	S2-216765801,S3-653920491,S3-736872165
S1-599865898	S2-629635949,S2-894584484,S3-734749499
S1-787645419	S3-35592267
S1-477838988	S3-366995636,S3-716798827,S3-88190507,S3-215746771
S1-563864285	S2-545698704,S2-558259698,S3-156447002
S1-843792403	S2-147104680,S2-802246463,S2-170965054,S2-812858506,S2-152058499,S3-862103414
S1-479182977	S2-222537452,S2-56212264,S2-56376753,S3-574403092,S3-133814020
S1-483147591	S2-73774273,S3-903185534,S3-762218055
S1-941998537	
S1-882247840	S2-658030865,S2-615230078,S3-386840480
S1-635965245	S2-508141090,S3-234582756,S3-293864404
S1-277782898	
S1-7501858	S2-60066882,S3-180146125,S3-872815825
S1-405860569	
S1-478084166	S2-81071522,S3-724768953,S3-182996768
S1-1761625	S2-535714076,S2-103592690,S3-745390791
S1-749521115	S2-894296311,S3-228973276,S3-89795869,S3-211329196,S3-698755910
S1-702343765	S2-788376409,S2-72126920
S1-261424861	S2-155467177,S3-218015062,S3-542718411,S3-845669826
S1-230893842	
S1-420886656	S2-11290201,S3-187730479,S3-232989033,S3-610610373
S1-229514919	S2-887202701,S3-459416051
S1-547796859	S2-787101731,S2-463868867,S2-55240363,S2-672467596,S3-326628803,S3-25362940
S1-364343071	
S1-310658773	S2-319216608,S2-124489998,S3-85908009,S3-745826703
S1-582693853	S2-426743688,S2-31569409,S2-608584261,S3-706704651
S1-888607728	S2-74415180,S2-646448563,S3-47728835,S3-70898039
S1-34511948	S2-841328443,S2-854960097,S2-759646168,S3-320386322
S1-313878762	
S1-673184680	S2-547603302,S2-964402666,S3-421072046,S3-599289211,S3-966650302
S1-665205997	S2-248648875,S2-279586763,S3-783880235,S3-985304331
S1-556827913	S2-210765354,S2-18335196,S2-632513002,S3-551160172
S1-308032242	S2-992682403,S2-795151691,S2-735889661,S3-934994780,S3-277809030,S3-840449964,S3-196800744
S1-719823773	S3-259953479,S3-932693155
S1-980621146	S2-345607921,S2-17815909,S3-140328632,S3-376184639
S1-171506730	S2-305362081,S3-443665957,S3-36832540,S3-277022093,S3-752886990,S3-532201764
S1-359703503	S2-885070478,S2-33071619
S1-181730620	S2-776824254,S2-416364526,S3-731885206,S3-855509538
S1-153341336	S3-741831835,S3-997729034,S3-657165189
S1-472683154	
S1-674141234	S2-227395461,S3-894623969,S3-777809571
S1-587322100	S2-969091039,S3-753935659,S3-305905698,S3-707408095
S1-668450237	S2-958887045,S3-314046826
S1-750857754	
S1-193082629	
S1-710298315	S3-756012413,S3-276503973,S3-328152202
S1-43032065	S2-166973323,S2-467699431,S3-663536134,S3-223364560
S1-196462168	S2-241031775,S3-582673750
S1-789213766	S2-411546209,S2-376541922,S2-65174410,S3-909179137
S1-421406548	
S1-585926291	S2-871215888,S2-474396981,S3-473336837
S1-716472315	S2-623173529,S2-961830123,S3-170629126
S1-455196441	
S1-216049567	S2-910170759,S2-883296377,S2-557291561,S2-835486421,S3-901068374,S3-889598016
S1-905826540	S2-912229553,S2-371779763,S3-876757325,S3-771902989
S1-59115395	S2-636831778,S2-480674475
S1-529726982	
S1-621746589	S2-37168620,S3-415629583
S1-810614693	
S1-453460275	
S1-756056252	S2-723196789,S2-939140712,S2-653426579,S2-29329394,S3-835582930,S3-754682108,S3-274051388
S1-74567168	S2-66135057,S2-989282838,S3-863671767,S3-102253245,S3-33992308,S3-451168307,S3-815086258
S1-756573017	S2-679174465,S2-136750680,S3-398096858,S3-865355160
S1-277738417	S2-518926833,S2-514373699,S2-366330935
S1-426286632	S2-388646918,S2-78172880,S3-731433242
S1-783974169	S2-471636786,S2-448868,S2-97106724,S3-638274044
S1-361269211	S2-898161139,S3-556655607,S3-896599182,S3-357832058
S1-833842843	S2-155362672,S2-320297556,S3-938755269
S1-240505255	S2-781503388,S2-178276497,S2-964037144,S3-758767998,S3-561595021
S1-719115904	S2-738242563,S3-611402886
S1-936777872	S2-296332220,S2-702922157,S3-597399584,S3-856134936,S3-321362995
S1-257100812	S2-12607675,S2-787170053,S2-496666169,S2-117029120,S3-186703706,S3-34623143
S1-446889249	
S1-842232339	S2-741398087,S2-19272632,S3-72574308
S1-743524940	S2-910683646,S3-150428342,S3-282021991
S1-439552946	S2-596620775,S3-118197380,S3-570846696
S1-473438988	S2-896735455,S2-934971848,S2-102065571,S3-679547663,S3-623507538,S3-189366680
S1-752077030	S2-42746644,S2-691250770,S3-541392728
S1-932861808	S2-549485339,S2-17177604,S3-178084582,S3-585094418
S1-480094646	
S1-167952860	S2-825332647,S3-890595515
S1-362542076	S2-619002672,S2-425506089,S2-692365774,S3-666179440
S1-529426996	S2-944591408,S3-463919210,S3-990421043,S3-579887326
S1-2410053	S2-756296972,S2-162157754,S2-390002865,S3-794037933
S1-567748487	S2-777738514,S2-200979742,S2-768897881,S3-287106218,S3-518266322
S1-310267914	S2-207534486,S3-204072720,S3-375686481
S1-924397514	
S1-936982035	S2-827699082,S2-520929470,S3-572490280,S3-604503748
S1-57893973	S2-982351524,S3-266404925
S1-200562933	S2-671473623,S2-182582878,S3-308893003,S3-818859740
S1-356749533	S2-563452942,S2-295294826,S3-108480556,S3-710182763
S1-708899498	S2-144170059,S2-16810036,S2-56888763,S3-20912294,S3-771178916
S1-54425936	S2-674578686,S2-131463496,S3-316375879,S3-662165313,S3-179099884
S1-694286467	S2-111899836,S3-224983503,S3-449116915
S1-53752572	S2-106143086,S3-471091325,S3-272643452,S3-628047661,S3-403334011
S1-508159678	S2-461960508,S2-479321596,S3-267342056
S1-400124556	S2-533272490,S2-337276894,S2-401717409,S3-814028634,S3-741524935
S1-94613024	
S1-14090842	S2-163895021,S3-618369426,S3-4910390
S1-865720315	S2-241731518,S3-223802468,S3-768025074,S3-828982111
S1-480647468	S2-514863340,S2-558689544,S3-435822641,S3-12069624,S3-47017604,S3-648321487
S1-112914106	S2-293927575,S2-829082472,S3-485951860,S3-660057030
S1-184136612	
S1-54724899	
S1-825943607	S2-234652935,S3-846647930,S3-54115476
S1-229925234	S2-549004710,S2-856109544
S1-282307278	S2-356193211,S3-769950498,S3-270175338,S3-787387130
S1-236527263	S2-403089803,S3-647713896
S1-299156278	
S1-802942980	
S1-189143417	S2-347782381,S3-566284640
S1-359489934	S2-829852174
S1-816626196	S2-133199601,S2-408666422,S2-245031441,S2-391457299,S2-81765242,S3-749637842,S3-893362695
S1-314614012	
S1-428090887	S2-111537373,S3-89539935,S3-274176707,S3-320349915
S1-986054992	S2-908680411,S2-106897668,S3-356953260,S3-852868326
S1-175237614	S2-387700697,S2-82718636,S2-207925504,S3-957319332
S1-588169850	S2-268458987,S3-440453454,S3-973524500
S1-433382606	S2-720525432,S3-144184058,S3-50460681
S1-728030278	S2-438836403,S3-669097756
S1-418915515	S2-603286129,S2-419530841,S3-687393476,S3-996544926
S1-47614411	S2-906767453,S3-578587502
S1-248934331	S2-658250537
S1-805298853	S2-78967923,S2-351149871,S2-228714096,S2-671438163,S3-516856579,S3-621157488,S3-728898430
S1-295995437	S2-138500658,S2-962656210,S2-312561798,S3-216055245,S3-801082913,S3-73716092,S3-994103790,S3-524019588
S1-392236703	
S1-309440697	S2-187521041
S1-629961569	S2-95774562,S3-272202790
S1-604928836	S2-536435980,S2-475951273,S3-176392198
S1-669161542	S2-971322807,S2-746582400
S1-579070658	S2-143974081,S2-940263761,S2-954402312,S3-119674169,S3-72387481
S1-891366252	S2-82617020,S2-337147176,S2-481366881,S3-327133256,S3-193732972
S1-157007516	S2-732014781,S2-616786903,S3-474707285
S1-195891476	S2-615824405
S1-378106881	S2-78434896,S3-647524398,S3-773268016,S3-174494232
S1-595378143	S2-293775136,S2-366043585,S2-732754726,S3-899548002,S3-5512999
S1-403490139	S3-690011252
S1-634688058	S2-968330560,S3-121670715,S3-271191012
S1-508879468	S2-337501440,S2-184163786,S2-907060901,S3-678983234
S1-89952255	S2-72063354,S2-889264727,S3-761056440,S3-268871481,S3-256257513,S3-337143727,S3-550276461
S1-330288413	
S1-215063894	S2-602891311,S2-692407880,S2-470991461,S2-154661117
S1-807991827	S2-518078831,S2-648776924,S3-186853810,S3-406050605,S3-634538202,S3-802076556
S1-137186487	S3-796134820,S3-765386783,S3-470810597
S1-187004105	S2-269316891,S2-442653611,S3-413467012
S1-354950793	
S1-672689594	S2-501269995,S3-709525384,S3-699909765
S1-6375453	S2-367556234,S3-741816444
S1-607890727	S2-579648200,S2-125982502,S3-539612978
S1-446812794	S2-961414615,S3-769845212,S3-522406442
S1-313567860	S2-612911354,S3-515375370,S3-432797061
S1-707440705	S2-438550433,S2-730482112,S3-730381945,S3-582514857
S1-86981125	S2-122531260,S2-931713184,S2-660611331,S3-575648338
S1-18199994	
S1-344599098	
S1-291816410	S2-528499313,S2-669488447,S2-455677671,S3-403498108
S1-800553938	S2-183078047,S2-251128984,S2-378735442,S3-676993658
S1-321055248	S2-27133677,S2-724173431,S3-213836281,S3-275908340
S1-987596776	S2-10617666,S2-614311710,S2-137765852,S3-399684835,S3-816372782,S3-252862265,S3-709233048
S1-915865937	S2-63370923,S2-258391607,S3-224756806,S3-213030058
S1-384842320	
S1-400725518	S2-829521143,S2-26783969,S3-750066845,S3-459719616
S1-42253557	
S1-418469549	S2-25179774,S3-962747389
S1-488770080	S2-351837267,S3-22548612
S1-546803811	S2-836156561,S3-823002917,S3-409669936,S3-54526867,S3-933280526
S1-195524228	
S1-429237914	S2-927196117,S2-592844142,S3-526455909
S1-243222196	S2-969516581,S2-845252278,S2-261171706,S3-659169726,S3-716491959
S1-210450780	S2-454157689,S2-59891776,S2-283861509,S3-102568641,S3-453371872,S3-460226812
S1-297231233	S2-734719098,S3-649587751,S3-274153104,S3-893896138
S1-729440024	S2-917525770,S3-626012039,S3-460268132,S3-878583910
S1-674298131	S3-589000157,S3-922136174
S1-424665066	S2-697502904,S3-126501516
S1-827890726	S2-683527947,S2-966590961,S3-516427314,S3-265524855,S3-698929567,S3-720525940
S1-165826462	S2-471553749,S2-672794860,S2-851645207,S2-830996153,S3-941355179,S3-674182124
S1-66091908	S2-460951210,S2-694565067,S3-342402635,S3-977947244,S3-634637281,S3-833102504
S1-819246115	S2-82254266,S3-878776674,S3-960203120
S1-384188165	S2-938259371,S3-242562530
S1-193324066	S2-397384207,S2-294733961,S3-387251099
S1-478557950	S2-307293052,S2-11549139,S3-337475746,S3-147123416,S3-466329597
S1-36077316	S2-842900022,S2-608909446,S2-400434994,S3-254796721,S3-250971632
S1-773564227	S2-530064759,S2-545275112,S2-604432933,S3-775800212,S3-918918082,S3-693848446,S3-234251471
S1-869135334	S2-976676641,S3-112925161,S3-265444429
S1-697949999	
S1-725837862	S2-609187642,S2-985323651,S2-957516064,S2-918062606,S3-454002673,S3-642383069,S3-971869366
S1-91818060	
S1-881884227	
S1-71501142	S2-266328796,S2-353338391,S3-723887348,S3-25907843,S3-986499778
S1-651677872	S2-450104934,S3-4437928
S1-661858870	S2-949441416,S3-679125357,S3-889941765
S1-512522397	S2-172425495,S2-885837783,S3-882867946,S3-338053999
S1-521958924	S2-312846408,S3-509526862
S1-483327611	S2-434008057,S2-92238448,S3-674134073,S3-277836282
S1-714277332	S2-343649162,S2-615429578,S3-657859344,S3-403371411
S1-769540407	S2-535632036
S1-826305893	S2-166796571,S2-674284837,S2-654511695,S2-642241447,S2-624166160,S3-61796259
S1-264734085	S3-888414386,S3-528048587,S3-795588245
S1-772217515	S2-426133269,S3-710085433
S1-89007006	S2-938084823,S2-218637173,S3-270479510,S3-576469512,S3-314594566
S1-473009957	S2-45950709,S3-261245154
S1-73326502	S2-73456462,S2-38007707,S2-250960053,S2-144074596,S3-301948841
S1-873072744	S2-927994323,S3-502415958
S1-270408167	
S1-686264599	S2-558890733,S3-214259435,S3-252153360,S3-553992344,S3-343252026
S1-58611140	
S1-750116531	S2-383950061,S2-504879432,S2-781491113,S3-814846634,S3-368033631,S3-755521907
S1-248055401	S2-162028228,S3-891492831
S1-679186865	S2-955956099,S2-607679230,S3-252982573,S3-717331652
S1-315494771	S2-339775671,S3-851505074,S3-107124095
S1-608121054	S2-639544968,S3-561126978,S3-159698036,S3-92663056,S3-352779086,S3-531590688
S1-15027612	
S1-446140217	S2-69624363,S2-635790342,S3-363108504
S1-579749977	
S1-578674156	
S1-439218323	S2-59249055,S2-742615264,S3-326068811,S3-916354497
S1-867524112	S2-750291769,S3-548981393,S3-269933510,S3-303578889
S1-286048684	S2-468038932,S2-137229655,S2-307942963,S3-51192521,S3-838043613
S1-711981594	
S1-513846137	S2-168066174,S3-918474541
S1-465244821	S2-113760773,S2-858085865,S2-634410683,S3-744618771,S3-329248326
S1-493976294	S3-559292402
S1-415267248	S2-493279295,S3-5704709,S3-682752416
S1-497594293	
S1-262300211	S2-248648678,S2-46755123,S2-363471772,S2-462755445,S3-53714388,S3-313162335,S3-931301265
S1-211598336	S2-409535546,S2-413967687,S2-179745251,S2-841076821,S3-337432456,S3-932208570
S1-914217449	S2-296809392,S2-490564916,S2-497958412,S3-718103120,S3-853457422,S3-744522476
S1-109549059	S2-85439044,S2-46942248,S3-439491038,S3-679306055
S1-725352090	S2-441620325,S3-100583942,S3-810489681,S3-644069086
S1-422240986	S2-900818859,S3-712218271,S3-166252610
S1-477777196	S2-346497654,S3-584835726,S3-562957372
S1-164452511	S2-644137465,S3-813106461,S3-220343375,S3-553044924
S1-646403828	S2-582098097,S2-699510950,S3-943176228
S1-775469229	S2-107823361,S3-469585652,S3-550287842
S1-256294432	
S1-279201984	S2-757813712,S2-602483511,S2-306566073,S2-768169841
S1-216790772	S2-642807440,S2-954383079,S3-50244342,S3-322509125
S1-687040516	S2-903408622,S3-61777660,S3-192860433,S3-961196976
S1-160846553	
S1-970823652	
S1-965191799	S3-178901975
S1-526514893	
S1-281602893	S2-443421377,S2-29328517,S3-340333710,S3-20013098
S1-406496319	S3-612798943,S3-331693120,S3-466763470
S1-615413043	S2-711741709,S2-431611595,S2-281901787,S2-939325267
S1-57273969	S2-970217659,S2-581320301,S3-64357110,S3-7990193
S1-64633481	S2-39049235,S2-578137901,S2-354968597,S2-158314603
S1-791901862	S2-838411048,S2-332081451,S2-6570291,S3-972136472,S3-723753603,S3-792438696
S1-904597398	S2-606272832,S2-419057462,S3-741473228,S3-449930604,S3-747614156
S1-356672511	S2-178655182,S3-539655936
S1-872034642	S2-219887892,S2-289670281,S2-375792255,S3-65414869,S3-202414234
S1-451218786	S2-231065618,S2-422251397,S3-66908709
S1-346844850	S2-199266774,S2-221864492,S3-560376081,S3-919522775
S1-603551445	S2-225917085,S2-408315619
S1-114921278	S2-746023895,S3-666556229,S3-850118122,S3-830075927
S1-355383382	
S1-359228576	S3-535832624,S3-405657688,S3-400910109
S1-548479760	S2-199579797
S1-306002944	
S1-218542865	S2-298444984,S2-246735406,S3-224927855,S3-108198975
S1-781535159	S2-331859919,S2-630848649,S2-739293011,S3-644178126
S1-775350452	S3-371514711,S3-890846277,S3-720400314
S1-932775461	S2-927903613,S3-23736374
S1-299359875	S3-112537261,S3-286211354
S1-84064481	S2-688064616,S2-531674418,S3-198495646
S1-617169389	
S1-640829632	S2-150805760,S3-535087095,S3-673298121,S3-195108641
S1-289244675	
S1-325965661	S2-48380674,S2-612235732,S3-975151458,S3-304936588,S3-591064237,S3-370694896
S1-885940227	S2-482452334,S2-412367941,S2-225738784,S2-787708041,S3-167508812
S1-584398324	S2-905872653,S2-136309331,S2-968479483,S2-981726902
S1-645133734	S2-151744642,S3-154555791
S1-814670289	S2-344134226,S3-992982091,S3-331450597
S1-101702764	S3-681485801
S1-95148040	S2-637629221
S1-627801422	S2-895997237,S2-328371679,S2-382301072,S3-476509299
S1-448446308	
S1-517105798	
S1-706856624	S2-857239911,S2-180367457,S2-148003437,S3-77612721
S1-563675603	S2-253146805,S2-234636485,S3-712685670,S3-374417169,S3-242759431
S1-200020681	S2-430423485,S2-285518111
S1-197544238	S2-471954937,S3-351976550,S3-813177740,S3-602437262,S3-792742478
S1-888633622	S2-808446978,S3-109653504
S1-877362907	S2-139924835,S2-144671191,S2-224656220,S3-485532091,S3-216767024,S3-865747590
S1-480117021	S2-402834643,S2-993779608,S3-873274330
S1-612792356	S2-396415045,S2-256008524,S2-641201315,S3-306395225,S3-444950331
S1-795656008	S2-514407620,S2-795108626,S2-8082865,S2-262079451,S3-309011312,S3-707140236
S1-208755646	S2-812569421,S2-240153012,S3-428276867,S3-938876567
S1-335262131	
S1-251596784	S2-853241896,S3-206799746
S1-604488694	
S1-227897633	S2-409567574,S2-676639253,S3-240558556
S1-225737903	S2-63801219,S2-572055179,S2-36240587,S3-808325594,S3-79782455,S3-929003155
S1-979090438	
S1-688648383	S2-555546830,S2-918228963,S3-348225884
S1-704095958	
S1-389627688	S3-259061111,S3-343778694,S3-538657012
S1-920465440	S2-548579887,S3-632306961
S1-947419075	S2-366450310,S3-922688560
S1-477491478	S3-395638689,S3-812812483
S1-27881614	
S1-979163647	
S1-557379384	S2-896251187,S2-514173489,S3-473834755,S3-140894593,S3-949258853
S1-512212810	S2-844031734,S2-94868310,S2-101956968,S3-886105790,S3-907929212,S3-174408608
S1-200023417	S2-50463756,S3-105264705,S3-764895422,S3-979652169
S1-60097995	S2-657578490,S2-913312422,S3-444613147
S1-343788303	S2-199529475,S2-902119817,S2-910182140,S2-590835928,S3-540519012,S3-941471380
S1-137128344	S2-416773215,S3-689819503
S1-633986259	S2-790376649,S2-597753964,S3-327793022,S3-502891804,S3-231151269
S1-118767478	S2-770344471,S2-219664716,S2-962894619,S3-219087871,S3-795769874
S1-22256181	S2-369466590,S3-717319348,S3-874253886
S1-192872923	S2-25144807,S3-968659109,S3-926067345,S3-165654347,S3-345346843
S1-616641943	
S1-133231371	S2-14368106,S3-153375214,S3-365643579
S1-459831664	S2-345400574,S2-708369429,S3-591298856,S3-388114011,S3-158946802
S1-614974621	S2-769853448,S3-16176698,S3-295522372,S3-599583184
S1-610330318	S3-907011839,S3-107787507,S3-412347015
S1-233842269	
S1-106102813	S2-48857887,S3-216651370,S3-609815517,S3-533318010
S1-889869906	S2-257328744,S2-696092895,S2-915668171,S3-111139525,S3-871233349,S3-485939997,S3-73914661
S1-229549778	
S1-780267646	S2-350140819,S3-427782394,S3-633572864
S1-222330164	S2-880769837,S2-704387260,S3-745429738
S1-198012266	
S1-377900399	
S1-725098987	S2-93976829,S2-871047402,S2-357455082
S1-121041083	S2-194397639,S3-485249778,S3-106561992
S1-597891198	S3-734881988,S3-646744378,S3-915545987
S1-496482572	
S1-310270712	
S1-640250832	S2-733407322,S3-933016225,S3-604693674
S1-901376723	
S1-363914371	S2-369577231,S2-295526171,S2-802801374,S3-299289515,S3-572418040
S1-603152350	S2-581263490,S3-861959384,S3-414649319
S1-474944056	
S1-174026580	S2-23039825,S2-443665392,S2-86685610,S2-931061709,S3-913819287
S1-54985115	S2-310895822,S2-778056954,S3-207308525,S3-303380049,S3-425389652,S3-350556443,S3-23278851
S1-374933281	
S1-551923677	
S1-961303220	S2-445739270,S3-21956290,S3-484844999,S3-835374977,S3-140225466
S1-934186485	S2-991182196,S2-953030544,S2-578957737,S2-613697095,S3-337224678
S1-242497923	
S1-924944804	S2-237124386,S2-74978992,S2-550264524,S3-90516488,S3-331154426,S3-193469396
S1-884539699	S2-985690412,S2-648281276,S3-530896188,S3-598509666,S3-239364229
S1-851485486	S3-822731824,S3-530600648,S3-506724038
S1-891521607	S2-310787843,S2-621783845,S3-423914253,S3-489385023
S1-862454700	
S1-670196736	S2-655206806,S3-886585521,S3-534030785
S1-469917013	S2-732540320,S2-968329356,S2-728924179,S3-641232843,S3-209354065,S3-766824010,S3-171209459
S1-116379756	
S1-630127203	S3-938930798,S3-370821943
S1-328721320	S2-435604859,S3-651914113,S3-615226799,S3-871466944
S1-186306070	S2-263330645,S2-928185434,S3-663559387,S3-531996581,S3-867109790
S1-437616455	
S1-528025277	S2-612376041,S2-618152477,S2-286325071,S3-822397625
S1-575817734	
S1-341819157	S2-658762692,S3-48337619,S3-700912892
S1-739839417	S2-792276420,S2-950065801
S1-223272523	
S1-927709843	S2-113555722,S3-621403678,S3-978326578
S1-701741262	
S1-820627645	
S1-601737875	S2-59231731,S3-136737398
S1-869563529	S2-919942291,S3-504830990,S3-947612001,S3-749986654,S3-117642008
S1-40122558	S2-110360376,S3-608742937
S1-231844975	S2-182032108,S2-845169719,S3-134417523,S3-44161699,S3-591354752,S3-362347429
S1-574629719	S2-548717609,S3-355495563
S1-297478388	
S1-794216926	S2-666535467,S3-624148394,S3-273232563
S1-770119379	S2-153380605,S2-941484917,S3-227694977,S3-254865734
S1-497674418	S2-489387227,S2-983968065,S2-574713517,S3-111161834,S3-327771784
S1-126979019	S2-94573307,S2-827881199,S2-388833211,S3-215718635,S3-173684848
S1-254260732	S3-536838854
S1-38644011	S2-870667250,S2-4170192
S1-177821136	S2-784986406,S3-746260350,S3-492341391
S1-105640888	S2-49933668,S3-350044970,S3-276689604,S3-345217849
S1-741497277	S2-120488935,S2-156413380,S3-385166108
S1-351016986	S2-588601620,S2-907147475,S3-486282201,S3-107556945
S1-846848529	S2-219293460,S2-531884264,S3-116173552,S3-589506791,S3-442887771,S3-304749155
S1-135282736	
S1-462548034	S2-973866324,S3-129053230
S1-568232834	S2-292636504,S2-3277258,S2-261592484,S3-569262280,S3-712810146
S1-896949221	S2-806911568,S2-945094140,S2-879500788,S3-749640486,S3-339851718
S1-460335630	S2-524317249,S3-871786586
S1-352199111	S2-2287762,S3-76778502
S1-947841497	S2-352573874,S3-868638333,S3-119273598,S3-292331663,S3-995135758
S1-552059768	S2-188945801,S2-208149541,S3-529483245
S1-516493095	S2-936312398,S3-572005379,S3-537362841
S1-628237284	S2-816672474,S3-336255431,S3-444709904,S3-64297760
S1-721200313	S2-378374384,S3-585146577
S1-912550432	S2-928924577,S3-480817058,S3-604916267
S1-375744271	S2-841222256,S2-778126798,S3-36130975,S3-541918423,S3-614781574
S1-490889386	S2-815896460,S2-541206579,S2-156364865,S3-630375663,S3-193868350,S3-724001899
S1-654476059	S2-708870085,S2-841331017,S2-84167120,S3-974472015,S3-797105849,S3-928219804,S3-795392217
S1-416771660	S2-548012999,S2-239233911,S2-995466941,S2-83757208,S3-417158054,S3-922637336
S1-728441542	S2-979865941,S2-270465486,S2-716214368,S3-360321003,S3-140080758
S1-400933278	S2-394090864,S3-969318914,S3-614681419,S3-505943716
S1-405971304	S2-578926836,S2-254981666,S2-743123055
S1-819218949	S2-199811989
S1-673983427	S2-62484066,S2-732066433,S2-699279910,S2-462648570,S2-90519670,S3-6640984,S3-568010135,S3-828021125
S1-40752056	S2-389652069,S2-415096625,S3-45482591,S3-672390987
S1-836603705	S2-85122098,S2-854982461,S2-766069095,S2-159800009,S3-529096597,S3-271773438,S3-901480609
S1-903734816	S2-915931253,S2-898587949,S3-20358703,S3-434495284
S1-855341188	S2-166080183,S2-160578500,S3-229047463
S1-5302763	S2-767680199,S2-409787152,S2-679486239,S2-40876327,S3-9348498,S3-145076679,S3-342880300
S1-457189501	S2-393546174,S2-459332373,S2-578843993,S3-342448793,S3-144453110,S3-198778631
S1-635263316	
S1-420123901	S3-658741525,S3-215339338,S3-866985052
S1-559113177	S2-276085113,S2-254271977,S3-165750226,S3-876317098,S3-430919692
S1-318982920	S2-672068813,S2-802232942,S3-577060801,S3-912789805
S1-65767242	S2-633534145,S2-379929813,S2-921129612,S3-909272918,S3-703115135,S3-242314859
S1-717672479	S2-368761535,S3-599260843,S3-919286483
S1-36123369	
S1-452948543	S2-22715864,S3-987455103
S1-884852158	S2-546488089,S2-239900251,S3-924437718
S1-850962436	S3-28882286
S1-205072118	S2-767479256
S1-611391271	S2-426474698
S1-732593254	
S1-314390480	S2-600584520,S3-584942671
S1-854295433	
S1-437281362	S2-539479184
S1-778031827	
S1-426341000	
S1-626445672	S2-949379861,S3-839635879
S1-234385790	S3-215694348
S1-97733810	S2-925748174,S3-183697496,S3-656730466
S1-870324568	S2-838105631,S2-379330881,S3-205036176,S3-833813985,S3-749251919
S1-354711948	S2-161672754,S2-393848723,S3-500491478
S1-279798452	S2-403113279,S2-507901628,S3-755385015
S1-263208848	S2-799935704,S3-450215413
S1-889062952	S2-378181519,S2-662185891,S2-779774017,S3-687934314,S3-388604696,S3-27577423,S3-71459957,S3-435344194
S1-354879776	
S1-327379031	S2-890383604,S2-530530463,S3-905747932
S1-606104698	S2-657014816,S2-415801557,S2-368318609,S3-111297978,S3-488563206
S1-219967904	S3-775105288,S3-784634421
S1-43585137	S2-855253049,S2-981520374,S2-42418257,S3-10982996
S1-963063985	S2-857935293,S2-781533478,S3-181413060,S3-854285417,S3-152434599,S3-31232184
S1-815325288	S2-280339404,S2-632284393,S2-162092587,S3-613359608,S3-711452528
S1-331041791	
S1-117609293	S2-350337421,S3-124402890
S1-444165290	S2-190451966,S2-998892169,S3-81479975,S3-986122096
S1-917599016	S2-633401732,S2-730385111,S2-609988741,S3-419044873
S1-725803946	S2-342575562,S3-697649058
S1-537271006	S2-129080297,S2-905335409,S3-273652474,S3-341120900
S1-674773930	S2-283639760,S2-296781534,S3-549544404
S1-541398091	S2-900128643,S3-36676364,S3-567165408,S3-220365739,S3-828351344
S1-685066642	
S1-212282443	S2-940841065,S2-513589563,S3-178286430,S3-625797639
S1-667057437	S2-309737555,S2-154937581,S3-729540839,S3-382944231
S1-836708918	S2-444678894,S2-559853246,S2-35992753,S3-103433318,S3-563596581
S1-698561044	S3-477658845
S1-300385828	
S1-235774552	S2-523947289,S2-862955618
S1-362784735	S3-339002330,S3-673758634,S3-935428226
S1-621578235	S3-53439707,S3-414740416,S3-88235559
S1-911951630	S2-507683651,S2-865597760,S3-947557054
S1-399355584	S2-866959587,S2-816644670,S3-778186063
S1-505587428	S2-440678453,S2-902568770,S2-954369638,S2-403667177,S3-276934953
S1-37813426	
S1-215839267	
S1-271508585	S2-991242912,S3-204586416
S1-36166718	
S1-104716730	S2-576892921,S3-48632204,S3-813708360,S3-180667797
S1-670248589	
S1-37851002	S2-292381690,S3-926779732
S1-163474502	
S1-180179580	
S1-446371625	S3-807958176
S1-118816361	S2-676868662,S2-779148950,S3-957481622
S1-305827758	
S1-176371802	S2-424208536,S3-189791891,S3-229027813
S1-654419994	S2-310471204,S3-211660798
S1-942055716	S2-508993887,S2-897170419,S3-747861093,S3-123033638
S1-830757537	S2-882661896,S2-196467982,S3-483631147
S1-611441676	S2-502585048,S2-422420429,S3-966777691,S3-730653992,S3-200760945,S3-362542346
S1-911029014	S2-335277724,S3-528621810,S3-194501565
S1-636606349	S2-431929383,S2-978082274,S3-565294280
S1-632815593	S2-757804957
S1-95069725	S2-817790381,S2-998537932,S2-811688454,S3-108201031,S3-906460666,S3-253976757
S1-89064667	S2-327442733,S2-942075050,S2-835666358,S3-424797322
S1-999077053	
S1-570719711	S2-203589247,S3-426863994,S3-531046974
S1-675304651	S2-535703477,S2-222091544,S2-278137796,S3-281705457,S3-140689744,S3-307422921
S1-592488739	
S1-915947994	S2-941528877,S3-337030962,S3-874210939
S1-169030833	S2-344418570,S2-447707322,S2-392691829,S3-893889622,S3-576358356
S1-778310050	S3-222186200,S3-968544488,S3-953010344
S1-84933820	S2-17189804,S3-511427429
S1-999629951	S2-525298417,S2-55437496,S2-33383441,S2-952551714,S3-713066732,S3-738461968,S3-989974065
S1-714403080	S2-180356883
S1-400192936	S2-993412217,S3-330433206
S1-733038754	S2-669199125,S3-675465215,S3-310170095,S3-916326985
S1-741975318	S2-44133594,S3-518945241,S3-905372496,S3-658712828,S3-475092253,S3-70231277
S1-142378046	S2-555378032,S2-102343443,S2-407241151,S3-768779108,S3-578077783
S1-375092535	S2-926611379,S2-315226656,S3-604413504,S3-822537010
S1-520227868	
S1-223490980	
S1-856898934	
S1-268620981	
S1-174481657	
S1-464929567	S2-786644667,S3-12115135,S3-194588667
S1-968973721	S2-970385652,S2-993370264,S3-676734524,S3-642963453
S1-46126418	S2-111103047,S2-394402915,S3-933365315,S3-207305551
S1-946626162	S2-198249817,S2-877060246,S2-781625406,S2-692402861,S3-655959135,S3-366031630,S3-691514718,S3-245546620
S1-450432197	S2-245409916,S2-273153336,S2-897610087,S3-155964462
S1-28222147	
S1-863574107	S2-915844859,S2-602545743,S3-417101986
S1-675048801	S2-154843300,S2-709421246,S2-570689890,S2-56505773,S3-654248369
S1-944536346	S2-496823288
S1-85936605	S2-870197889,S2-680510861,S2-21487214,S2-673031384,S3-756439664,S3-405274795
S1-603679246	S2-629723092,S2-123122057,S3-845494948
S1-471116077	S2-376669401,S2-9397444,S3-619236720
S1-299524561	
S1-37980032	S3-754896250
S1-442679546	
S1-922489034	S2-367246482,S2-300270107,S3-78454143,S3-620647292
S1-377348424	S2-988336528,S3-113159644,S3-357353041
S1-457997854	
S1-637096784	S2-934104014,S3-622780401
S1-871638928	
S1-509036684	S2-287887882,S3-643963906,S3-282951668
S1-825142311	
S1-605155421	S2-615886859,S2-752790551,S2-246955342,S3-11237837,S3-988607574,S3-345619407
S1-202085136	S2-44578451,S2-849542294,S2-676844078,S2-224208733,S3-118279226,S3-436945982
S1-686120950	S2-993830432,S3-539240283
S1-269332473	
S1-881459508	
S1-162003219	S2-140936080,S2-377476020,S3-509328601,S3-788750455,S3-47711199
S1-450860193	S2-413534494,S3-33394402,S3-839663542
S1-299197145	
S1-615386661	
S1-118250349	S2-241148300,S3-902884668,S3-735527700,S3-331040785
S1-386604312	S2-559293705,S2-460158148,S2-833052463,S3-283116158
S1-954745763	S2-499984859,S3-258560408
S1-443529104	S2-591131569,S2-819782622,S2-997177616,S2-687794129,S3-855269954,S3-871841629
S1-141917596	
S1-953050582	
S1-197212369	S2-129272091,S2-300636226,S3-977327805,S3-39276217,S3-957982855,S3-365038522
S1-68866473	S2-312181227,S2-294038500,S3-67605594,S3-157507570
S1-586085716	S2-417455668,S2-546076184,S2-507304400,S3-375970269,S3-282410287
S1-683731441	S2-346522864,S3-229006232,S3-123785990
S1-934530199	S2-130543632,S3-107177790,S3-381642049,S3-23550203
S1-52567889	S2-570947179,S2-614081399,S3-89426887
S1-314502137	S2-973345126,S3-380125536,S3-425917462,S3-340213643
S1-819632145	
S1-433634784	S2-451911908,S2-237463147,S3-830818428
S1-845378456	S2-46482712,S3-432719264,S3-868404585
S1-229569556	
S1-403908682	
S1-99040407	
S1-151079195	S2-503877540,S2-819708968,S2-972916916,S2-703123923,S3-955632417,S3-237553806
S1-71905201	S2-122026926,S3-358072449
S1-335532198	S2-809036858,S2-704591703,S3-130778423
S1-321392395	
S1-581682971	
S1-720792762	S2-132566972,S3-127273355
S1-203604644	S2-555824004,S3-383249186,S3-274024778,S3-816315644,S3-890390358,S3-353427267
S1-847274880	
S1-480680694	
S1-90895327	
S1-954784928	S2-673801089,S2-938535961,S3-882498109,S3-725393410
S1-129542007	S3-399376825,S3-322507518,S3-939172761,S3-704218541
S1-747391254	S2-956889482,S2-190233559,S2-556635995,S3-715883523,S3-745234960
S1-255078546	S2-699961051,S2-755622973,S3-28960795,S3-708471261,S3-898146602
S1-313482394	S2-118912414,S2-753006447,S2-587022172,S2-198576499,S3-570824750,S3-770947516
S1-66286839	S2-803382615,S3-445376145
S1-543933416	S3-417832091,S3-958152340
S1-316510011	S2-186908365,S3-203229169,S3-939043378
S1-985239160	S2-444855313,S2-836629707,S2-772839093,S3-434128626
S1-796975952	S2-58155018,S3-453689479,S3-465822127,S3-854556135
S1-63773067	S2-706546644,S2-996946506
S1-836957633	S2-934722809,S2-88572673,S3-595505759
S1-588601476	
S1-300232334	S2-787074357,S2-233582691,S2-742561495,S3-650781603,S3-763343003,S3-596148817
S1-766867046	S2-134291193,S2-438916984,S3-141765465
S1-270561962	S2-389751729,S2-608641434,S2-634338392,S3-316422517,S3-744379504
S1-611225293	S2-174376204,S3-719664187,S3-855466953
S1-335878294	
S1-907183944	
S1-42889317	S2-950957842,S3-859947736,S3-313700279,S3-410190205
S1-295626141	S2-783476637,S2-822277930,S3-932968999
S1-121517290	S2-275182474,S3-854032209,S3-880011000,S3-389666744
S1-666868789	S2-113105813,S3-908975545,S3-305686750,S3-898086576
S1-15103762	S2-907803342,S2-968096335,S3-498870968,S3-733616289
S1-217235972	S2-579584657,S3-38502989,S3-263080051
S1-292701707	S3-411996395,S3-990005493
S1-898638830	S3-195895516,S3-394373071,S3-497484153
S1-382213554	S2-374726238,S3-433575764
S1-638625562	S2-624812638,S2-799041469,S2-541455237,S2-83619878,S3-31458032,S3-202095035,S3-351736919,S3-824650649
S1-956249943	
S1-228984498	S2-918690584,S2-377779772,S2-194342816,S3-39182922,S3-385509376,S3-285968882
S1-380174722	S2-282378534,S2-396567215,S2-150275772,S3-739371410
S1-577712001	S2-762132837,S2-636361646,S2-430995294,S2-390308714,S3-778413652,S3-174933091,S3-472658718
S1-481519517	S2-861054218,S2-541565436,S3-127022115
S1-167620572	S2-104951882
S1-215844769	S2-967989905,S2-575348775,S2-902960967,S2-579257508
S1-48779898	S2-85000761,S3-796263874,S3-536540291,S3-801473763
S1-7098094	S2-3189612,S2-950575743,S3-25611247,S3-205627520,S3-639672823,S3-997071238
S1-985067416	
S1-416221376	S2-468207354,S2-620825232,S2-455336676,S2-479270872,S3-589937294
S1-220373044	S2-599696728,S2-408896378,S2-421969007,S2-255478791,S3-811509311
S1-242254981	S2-678529476,S2-1723305
S1-161444176	S2-578882285,S3-25384243
S1-733632562	S2-802726854,S3-336033803,S3-980651758
S1-536135229	S3-399710170,S3-433929556
S1-887304887	S2-591012114,S2-355036775,S3-500875437
S1-946889579	S2-758546656,S3-933448839,S3-376983956,S3-709032323
S1-916721197	S2-660038561,S3-70506139,S3-734565136,S3-815066275
S1-711907471	S2-88509356,S2-334457500,S3-243705574
S1-417123287	
S1-105744186	
S1-920719055	S2-988880823,S2-522091058,S2-459750380,S3-726459259,S3-582297613
S1-995891795	S2-674623054,S2-399361263,S2-863869488,S3-925792927,S3-467590064,S3-336043960
S1-328223434	S2-903592151,S2-53651163,S2-658283517,S2-866614858,S3-604542989,S3-316945902
S1-162380539	
S1-267991333	S2-332661411,S2-13339904,S2-816232640,S3-38405883
S1-196156466	
S1-852666682	S2-385837736,S2-724866134,S3-58742783
S1-645389017	S2-115697411,S2-832039956,S3-909872732
S1-634012363	
S1-560621750	
S1-164231305	S3-710104258
S1-138952344	S2-844572997
S1-715265964	
S1-668237381	S2-108318565,S2-491745051,S3-155412492
S1-548050995	S2-730053645,S2-580547782,S3-651233342
S1-226824684	S2-828036512,S2-194583947,S2-708642972,S3-903206919,S3-241765319
S1-465704590	S2-549403661,S3-997434742,S3-470867940
S1-310204582	S2-319719009,S2-432929130,S2-85094823,S3-705273534
S1-806501945	S2-362952988,S2-495384781,S3-301607962
S1-252044926	S2-956561668,S2-999532296,S3-758527238,S3-900240858,S3-769218939
S1-758687793	S2-922724595,S2-531352657,S3-985892463,S3-296669353,S3-351591361
S1-927962498	S2-181331412,S3-388475477
S1-689176558	
S1-586351038	S2-626858791,S2-589929163,S2-366206408,S3-738477706
S1-5379301	S2-387230032,S2-975101398,S3-180832266
S1-507025912	S3-168896690,S3-566018551,S3-489509585
S1-157082848	S2-441231176,S2-657186944,S2-686474647
S1-345716696	S2-78646613,S2-275669983,S3-422966402,S3-959467097
S1-797740846	S2-796406077,S2-691778053,S2-977618066,S3-321224893,S3-12875240
S1-790119329	S2-782958640,S2-418017673,S3-975333508,S3-769003106
S1-527267233	S2-974241427,S3-570827328
S1-499500296	S2-954537933,S3-263826941,S3-13938117,S3-299727918
S1-506967604	S2-292125309,S2-430360448,S2-306631832,S2-790924522,S3-104762310,S3-260885796
S1-186995925	S2-967409608,S2-361664905,S2-955849066,S2-433918264,S2-848323562,S3-607511768,S3-247251312,S3-691701099
S1-673705816	S2-179152587,S3-308330511
S1-818378193	S2-284790389,S3-393355976
S1-367934658	S2-494927099,S3-975790855,S3-677646472,S3-889815067,S3-367485825
S1-154198592	S2-662239662,S2-907113599,S2-798057569,S3-147627711,S3-969785635
S1-108501673	S2-950971415,S2-92584402,S3-924250853,S3-849970339
S1-469441326	
S1-813857888	
S1-561124180	S2-390145998,S2-953553027,S2-272161222,S3-926258432
S1-889805190	
S1-31228929	S2-492119218,S2-325122743,S2-313810848,S3-70761098,S3-831505446
S1-832659324	S2-490441838,S2-110328783,S3-426177622,S3-966242037
S1-242823678	
S1-365229438	S2-501410976,S3-781088295,S3-737496472
S1-456983616	S2-869342691,S2-975301346,S3-849874214,S3-860192917,S3-172593311
S1-482745794	S2-491906559,S2-705928524,S3-886797810
S1-544217814	S2-13178351,S2-420441016,S2-74937961,S3-206346914,S3-996537695
S1-628311223	S2-475972784,S3-682294356
S1-361163955	S3-532606399
S1-359463534	S2-142210404,S3-488517622,S3-622739038
S1-863950883	
S1-310056071	S2-36274425,S2-758681281,S3-869528741,S3-455408798,S3-886946657
S1-299052930	S2-60752855,S3-627163537
S1-752682979	S2-480558211,S3-224558146,S3-325137237,S3-81410085
S1-537701816	S2-795039779,S3-962992009,S3-172241050
S1-376505445	
S1-338426231	S2-422995721,S3-957530902,S3-230897223
S1-654846690	S2-34807388,S2-223266120,S2-130363476,S3-932530015
S1-101773116	S2-35358754,S2-244010861,S3-468964541,S3-335335880
S1-90230067	S2-828021485,S2-5412174,S3-26973536
S1-695243043	S2-739063413,S3-546672096
S1-219178324	S2-482558761,S3-862344708
S1-999225223	S2-772989117,S2-984243211,S3-674146549,S3-900446923
S1-128727387	
S1-776954211	S2-351801961,S3-805724451,S3-16554082
S1-186535792	
S1-989118501	S2-59594108,S3-979444736,S3-684345900
S1-980451775	
S1-855225145	S3-337590762,S3-859434316
S1-220298854	S2-924322496,S2-208061605,S2-251265514,S3-835704764
S1-185479247	S2-408278694,S2-261716720,S2-4131103,S2-339707416,S3-61024526,S3-720822399
S1-579023428	S2-9603844,S2-890023739,S3-874223934
S1-822120164	S2-196718222,S2-445056139,S3-805420661,S3-529213112,S3-456041833,S3-521862288,S3-345213337
S1-869756938	S2-505123786,S3-349326872
S1-780893501	S2-728060336,S2-63338905,S3-851781800
S1-184456861	S2-698006003,S2-682307422,S3-845078242,S3-161148409
S1-306655199	S2-113517310,S2-277095857,S3-541422899
S1-308183753	
S1-33852467	S2-664215956,S3-67934571,S3-43157844,S3-760853186
S1-910497283	S2-424693525,S2-112099059,S2-656226169,S2-708552295,S3-990382727,S3-908508652
S1-369486854	S2-122351248,S3-43466968
S1-194865280	S2-64402314,S2-205161142,S2-476140641,S3-196633334
S1-968199638	
S1-497553639	
S1-727861169	S2-860004183,S3-434166432,S3-837102097
S1-6006350	S2-195809577,S2-951241349,S2-816966500,S3-801562660,S3-746994497,S3-262116756
S1-116365465	S2-86449878,S2-646630304,S3-237709349
S1-79726229	S2-568470237,S3-225925102,S3-891176264
S1-495958177	S2-764861264,S3-890417865,S3-266661488
S1-506427483	S2-278976359,S2-908623280,S2-247922661,S3-315992148,S3-189544201,S3-430452917
S1-49159723	S2-88539191,S3-357923813,S3-793029877
S1-708832795	S2-918015526,S2-713641693,S2-744992242,S2-486477298,S3-975455056,S3-590753853
S1-671137473	S2-793203468,S3-359156149,S3-319109957,S3-477354682
S1-94074792	S2-317530586,S2-280671110
S1-197246998	
S1-239666870	S2-693368741,S2-667887406,S3-522363094
S1-470008097	S2-308860957,S2-430285241,S3-697918056
S1-721387440	S2-712938218,S2-104837462,S2-434372709,S2-505980111,S3-869883950,S3-152141423
S1-519191116	S2-19589356,S3-467248257,S3-210649878
S1-274916165	S2-910830620,S3-134480732,S3-843382851
S1-468320659	S2-33874511,S3-528853252
S1-627225039	S2-368393820,S2-826659347,S2-120566577,S3-262023098,S3-653290750
S1-938721852	S3-535194433
S1-35304823	S2-205220279,S3-531779981
S1-41662763	S2-271926636,S3-809830916
S1-111328724	S2-111513809,S3-279726148
S1-225908349	S2-729918257,S2-953962888,S3-857623544
S1-390107855	S2-279789727,S2-752481468
S1-762120336	S2-144315833,S3-354758607
S1-256726572	S2-238975618,S2-275884900,S3-315673873,S3-385445908
S1-162152046	
S1-317096553	S2-648592262,S2-483103686,S3-787180878,S3-420758939,S3-940414406,S3-650283066
S1-520162872	S2-523186111,S3-938192375,S3-102517540,S3-238100136
S1-196434490	S2-756090715,S2-967383854,S3-260356784
S1-785663324	S2-343464381,S3-242417969,S3-92434180
S1-903838909	S2-980451007,S2-777468454,S2-126103493
S1-352456540	S2-278162429,S2-359426185,S3-60522142
S1-897230072	S2-420385042,S2-754603115,S3-609656749
S1-522528895	S2-82469714,S2-795592811,S3-513607841
S1-239356636	S2-552247541,S2-663177084,S3-921702798,S3-860175798
S1-485938743	S2-269862366,S2-406584844,S3-869013989,S3-414334582,S3-733627731
S1-996890918	
S1-141386146	S2-512803148,S2-385464851,S2-973404404,S3-754537513,S3-265436142,S3-810591774
S1-675314540	S3-159752564,S3-865882006
S1-881427291	S2-866738728,S3-845490348
S1-139585823	S2-170707513,S3-549078928,S3-703682583
S1-200098025	S2-35580916,S3-405315310,S3-614447635
S1-926869998	S2-323650705,S2-244263534,S2-439853109,S3-124665489,S3-196127486
S1-435424190	S2-299871448,S2-806268129,S2-531337607,S3-614991728,S3-70786210
S1-350631310	S2-330251081,S3-342234427,S3-249188638
S1-143003344	S2-539259695,S2-339352838,S3-613582008
S1-907200687	
S1-375206446	
S1-718140610	S2-412089405,S2-93027256,S3-954072902,S3-528069434
S1-75027191	S2-326611197,S2-729911001,S3-295604771
S1-314935511	
S1-438419747	S2-656502872,S2-38352355,S2-755309094,S3-257727178
S1-897776180	
S1-953760917	S2-251497516,S2-614682659,S2-763357908,S2-190450033,S3-203568642,S3-769588029
S1-452221974	
S1-603868521	S2-584471850,S2-895705230,S2-929386793,S3-349226341
S1-731954250	S2-833811747,S2-588764931,S2-985869370,S2-924838173,S2-524473256,S3-490708797,S3-580539927
S1-231449578	
S1-532485724	S2-874316508,S2-99216517,S2-991364169,S3-628086345
S1-687593019	S2-86876283,S3-570559706,S3-712323709
S1-559980829	S2-216951158,S2-972099479,S3-907766536,S3-392365009,S3-258834370,S3-328362578
S1-119415920	S2-401492561,S3-575251473
S1-53666708	S2-871952358,S2-12823850,S3-714368523,S3-523923596
S1-685456439	S2-455659817,S3-644610420,S3-419062341
S1-856021113	S2-593843185,S2-487707029,S2-553299925,S3-991897194,S3-732277024,S3-585551714
S1-886243719	S2-953769891,S2-835313826,S2-71846114,S3-395574890,S3-515843165
S1-576384182	
S1-273763892	S2-645300446,S2-665680020,S3-983955995,S3-958855222
S1-317304550	S2-64732118,S3-438582965
S1-196958530	S2-730606822,S2-867849943,S3-499927666,S3-220354753
S1-609606155	S2-475060170,S2-604585751,S2-948303881,S3-522530430,S3-668480133
S1-606563956	S2-501390922,S2-924006675,S2-221237019,S3-147344686,S3-235518894
S1-872818713	S2-913060091,S2-579435022,S3-256063992,S3-400023207,S3-451734671
S1-464067733	
S1-738067041	S2-93478082,S2-581036335,S3-687480221,S3-690005656
S1-519907687	S2-438480006,S2-418432523,S3-477942906,S3-166519410
S1-413530995	S2-178700823,S3-158157306
S1-609274655	
S1-304951114	
S1-147945240	S2-426870353,S2-46333449,S3-919260638,S3-675759690
S1-770992882	S2-472443931,S2-237663519,S3-924824851,S3-76466081,S3-166630592,S3-835229076,S3-810722597,S3-149781905
S1-833541573	S2-551938518,S2-393433751,S2-899762104,S3-297112924,S3-294221243
S1-903813884	S2-419501480,S2-881683366,S2-853611304,S2-640634276,S2-826239342,S3-832113338,S3-249866145
S1-369001069	S2-905925580,S2-929540420,S2-937424420,S3-801398085
S1-814988165	S2-827114820,S2-277644928,S2-150215911,S3-221514870,S3-162438986
S1-617714725	S2-605974187,S2-108961674,S2-355301216,S2-418330631,S3-790384789,S3-638986985
S1-825521833	S2-794942191,S2-58508800,S3-798586210,S3-990639724
S1-212591466	
S1-105569566	S2-156585974,S2-712975561,S2-239399749,S2-84585126,S3-387022353,S3-496235664,S3-145910457,S3-290216463
S1-988781904	S2-514089173,S3-542149055
S1-210698858	
S1-629278507	
S1-16957578	
S1-299541805	S2-340344697,S3-170146102
S1-814627073	
S1-678764927	S2-624833171,S2-983038568
S1-770979730	S2-252761680,S3-101194691
S1-207360886	S3-632701898,S3-495801450
S1-475574930	
S1-923811645	S2-381190591,S3-483082123,S3-937050391
S1-231955265	
S1-726547443	S2-22306436,S2-474002662,S2-138913893,S3-410141182,S3-12656667
S1-558014310	S2-729427816,S2-42960520,S2-74706120,S2-342688180,S3-267686403,S3-136341302,S3-797896206
S1-671128548	S2-464648996,S2-890950623,S2-291135724,S3-571717820
S1-763986890	S2-26288112
S1-403814080	S2-145896869,S3-736383965,S3-543617189
S1-135479641	S2-668662097,S2-356334233,S2-637181715,S2-38225155,S3-128335067
S1-724956207	
S1-189351380	S2-603742294,S2-7264315,S3-4808494,S3-117414356
S1-750186933	S2-929093158,S2-692777518,S2-521542070,S2-925001283,S3-201497543
S1-519515588	S2-375179275,S2-926941208,S3-223435552
S1-944865573	S2-528236048,S3-670287078
S1-910980789	S2-115986010,S2-374423280,S3-374091255,S3-980740300
S1-593369154	S2-87007171,S2-74809001,S2-45588061,S3-418613984
S1-199633171	
S1-473680453	S2-799147471,S2-326644359,S2-791017975,S3-924859294,S3-343310525
S1-603845762	S3-40014615
S1-157100753	
S1-469594077	
S1-161549635	
S1-71468514	S2-977651991,S3-334213794,S3-833962488
S1-510480570	S2-312607976,S2-931114309,S3-991954126,S3-843175838
S1-120551594	S2-389098632,S2-404583937,S2-974643433,S3-197376884
S1-66599404	
S1-571221070	S2-719472675,S2-481089501,S3-229945178
S1-290289708	S2-417876906,S2-295799389,S3-10042979
S1-2244039	
S1-985886823	S2-363149172,S3-483131590
S1-190150597	
S1-478702641	S2-495364778,S2-667306740,S2-14605690,S3-285352986
S1-443480840	S3-70512582,S3-613811295
S1-183593569	S2-966735067,S2-955130529,S3-773481676,S3-883217248
S1-250649505	S2-132015639,S3-999806342
S1-89458953	
S1-914298264	S2-182681130,S3-377983112
S1-600427337	S2-834856159,S2-349814548,S2-210444697,S3-286729252
S1-991506242	S2-140224914,S2-860262883,S2-981012631,S2-432836445,S3-736175964
S1-38856492	S2-737936743,S2-739908827,S3-665929660,S3-6943995
S1-107119851	S2-547649979
S1-975091623	S2-225005728,S3-548479585
S1-634426073	S2-131235866,S3-423863870
S1-381364823	S2-647511333,S2-746187328,S2-931802763,S3-252919858,S3-844709882
S1-802674450	S2-801645888,S2-267952777
S1-479561145	S2-847574980,S2-939655228,S3-851784197
S1-130685750	S2-864471147,S3-452521585,S3-638507580
S1-926068934	S2-69881466,S2-928847790,S3-819406333
S1-507493328	
S1-724932688	
S1-218773718	S2-849400329
S1-616598107	S2-80837391,S3-429316505
S1-979867376	S2-385027861,S2-30203332
S1-468637893	S2-386520705,S3-219364180,S3-277672754
S1-918777162	
S1-775360103	S2-32120460,S3-819697727
S1-776211264	
S1-720422974	S2-38063606,S3-869364611
S1-154026035	S2-302016320,S2-500372901,S3-187505957
S1-793883524	S2-567233803,S3-704301964
S1-947527198	S2-101811496,S2-130822796,S2-877064291,S3-73747713,S3-958077515
S1-602084657	S2-143075410,S3-717276591,S3-439550184
S1-481658226	S2-418308258,S2-710745586,S3-861648262
S1-252913795	S2-917943527,S3-944279276,S3-167925648
S1-972216813	
S1-214786635	
S1-105371585	S2-132479780,S3-825378390
S1-818527386	S2-475823303,S2-656727054,S3-263395060,S3-742646106,S3-393218602
S1-105325031	S2-379165490,S3-979138123
S1-244578634	S2-727592241,S2-489411374,S2-15305345,S2-133792292,S3-500164398,S3-27918551,S3-966484751,S3-665019971
S1-485212696	S2-372981353,S2-206678579,S3-355331434,S3-13829230
S1-778164226	S2-876927092,S3-537435405
S1-812591093	
S1-680216322	S2-712771893,S2-499646239,S2-668715117,S2-821950130,S3-960009441
S1-208591535	
S1-185938626	S2-647181409,S3-767595879,S3-252525961
S1-985133742	S2-158832445
S1-610498778	S2-978724617,S2-618984690,S3-77951903,S3-368148864
S1-689718163	
S1-574856582	S3-272575223,S3-694953468,S3-445351512
S1-119985593	S2-654192532,S3-358124871,S3-564404096,S3-540336572
S1-691395159	
S1-66062176	S2-584258242,S2-64619935,S2-220419638,S3-807381974
S1-152650484	S2-248490922,S2-497813835,S2-30195052,S2-989161023,S3-195422834
S1-660497504	S2-888226041,S3-21869557
S1-248624411	S2-660347884,S2-921953795,S2-787273650,S3-498996637,S3-539905458
S1-782661781	S2-813766035,S2-362260648,S2-85058851,S2-692016476,S3-702140202
S1-739889681	S3-41664796,S3-878606252,S3-917565082
S1-480962215	S2-567827335,S2-753084132,S2-500977787,S2-635553248,S3-987404566,S3-38799034,S3-146190043
S1-653525763	
S1-103446123	S2-915029734,S3-181446958,S3-674832988
S1-799147040	S2-337401867,S3-30678736,S3-274227423,S3-121391028
S1-912084509	S2-478010557,S2-282327091,S2-259153267,S3-827514303
S1-903137439	S2-486127668
S1-774899880	
S1-473310310	S3-689516722,S3-172745935
S1-858360329	S2-102815531,S3-303364287,S3-201526663
S1-231080927	S2-170610438,S2-215474717,S2-877029928
S1-18860196	S3-589842906,S3-646344989,S3-736611612
S1-181139230	S2-136712192,S2-242818361,S3-89431474,S3-426545728
S1-611239755	S3-573625088
S1-220147750	S2-103948304,S3-114939655,S3-935343769
S1-346503139	S2-169447393,S3-324799546,S3-66836880,S3-390357380
S1-627441149	S2-679622173,S3-125813684
S1-337355962	S2-240238777,S2-199658297,S2-80223220,S3-223540499
S1-586587634	S2-134353035,S3-422713383,S3-671376296
S1-225315586	S3-630931576,S3-202433754
S1-212177795	S2-272707530,S2-956788317,S3-255830213,S3-107062879,S3-653659225
S1-134643842	S2-128856371,S2-852478286,S2-593637005,S2-597613954,S3-513807398
S1-291102230	
S1-932827501	S2-732833367,S3-255381821
S1-221657919	S2-494984218,S3-907629802
S1-333715004	S2-192177435,S3-337433953
S1-997162666	S2-230130929,S2-661394619,S2-905647919,S3-951984440
S1-980718986	S2-56059408,S2-941736031
S1-84134564	
S1-801833450	S2-632882298,S3-930942045
S1-293853013	S2-384713980,S2-603525653,S3-235477414,S3-990114384
S1-901705508	S2-710005146,S3-804769639
S1-580250269	S2-560446860,S2-398037021,S3-377055879,S3-170853313,S3-72455756,S3-317689891
S1-84204517	S2-485082026,S3-187756204
S1-788096104	S2-564488462,S2-860274085,S3-244770499
S1-962461331	S2-634523549,S3-158924176
S1-564232777	S2-325737974,S3-624772727
S1-455596651	S2-679528754,S2-159768563,S3-654918433
S1-779361207	S2-640323102,S3-227782371,S3-14838437
S1-7326357	
S1-661107682	S2-722009104,S2-132004762
S1-246305914	S2-61509758,S2-745522021,S2-121176589,S3-361447516
S1-810243875	S2-916371723,S2-625778613,S3-487515620,S3-631938775,S3-969734604
S1-927179098	S2-892947385,S2-430236186,S3-332555828,S3-519902585
S1-729280916	S2-556458286,S2-469808413,S3-494417209
S1-954007945	S2-19275300,S3-601741818
S1-403345696	S2-190501396,S2-298481270,S2-845232319,S3-889201331
S1-168765871	
S1-195426758	S2-147188627,S2-297511001,S3-136351621,S3-348130009
S1-634678289	S2-651440828,S2-544333562,S2-372721527,S2-159622993,S3-470948651,S3-700067481
S1-131764378	
S1-632222920	
S1-978787932	S2-497545748,S2-293609147,S2-320232264,S2-124718037,S3-433496732
S1-775697349	S2-734372913,S2-137597741,S2-747439956,S3-189887518
S1-160971434	
S1-485667973	S2-413037470,S2-544361934,S3-295134860,S3-671717571,S3-565755193
S1-336407927	
S1-87639153	S3-734796375,S3-265865460
S1-102856774	S2-499486212,S3-75113406,S3-985373747
S1-796378247	
S1-114307220	S2-959535179,S3-182247369,S3-870421230
S1-76425653	S2-766762054,S3-161773169
S1-664245733	S2-507612050,S3-170185992,S3-134571387,S3-877059375,S3-497618160
S1-965708542	S3-663353465,S3-868434006
S1-483228465	S3-410047496,S3-239457506
S1-707985814	S2-427974140,S2-708482723,S3-517127280,S3-321444348,S3-695873291
S1-702702824	S2-791615579,S2-632028157,S3-565727830,S3-16359546,S3-496817991
S1-181459763	S2-636859947,S2-248500434,S2-172191337,S2-561768416,S3-336972038,S3-443312081,S3-323702244
S1-831469044	
S1-610765434	S2-49185899,S3-66538080
S1-534998357	
S1-70752137	S2-250948309,S3-783826826,S3-476791976,S3-505380093
S1-277446201	S2-592822682,S3-445080322,S3-370796356,S3-148607716,S3-695792399
S1-252957733	S3-865019
S1-474399369	S3-929082732,S3-375410036,S3-50891210,S3-796307517
S1-640357148	
S1-792267396	S2-645381286,S3-444523602,S3-528182483
S1-850291437	S2-663926874,S2-223405491,S2-14532788
S1-240075599	S2-796066396,S3-896032778,S3-114300530,S3-546568039
S1-544345907	S2-146434073,S2-497718944,S3-631862422,S3-543474886
S1-490874699	S2-245495669,S3-99486367,S3-642141973
S1-901751093	S2-231400254,S3-295214504
S1-60349213	S2-807912743,S2-121038040,S2-704582351,S2-623272994,S3-664022184,S3-251729094
S1-209727186	
S1-43556498	S2-195707866,S3-15639261,S3-46944145
S1-191653620	
S1-283218479	S2-856017692,S2-19262137,S2-257866123,S2-236544027,S3-442202413
S1-382206361	S2-451162482,S3-156163886,S3-818406586
S1-480904882	
S1-432770481	
S1-21066830	S2-731491666,S2-891470657,S2-16539776,S3-45979840
S1-500753486	S2-834632548,S3-604028774
S1-547372291	S2-167111042,S3-928036518,S3-623413572,S3-426440040,S3-675398238,S3-83740774
S1-919819625	S2-629482419,S2-853021682,S2-36170406,S3-596998291,S3-401431831,S3-653626009
S1-718892370	
S1-78042891	S2-994696659,S2-436639552,S2-429807429,S3-503693788,S3-173180403
S1-162391274	S2-634336262,S2-806379392,S3-59885935
S1-663675663	S2-218899817,S3-470927966
S1-296348422	S2-365276170,S2-488334687,S3-781562626
S1-469536398	S2-624076222,S3-409641301
S1-952178876	S2-900283774,S2-753045296,S3-87346612,S3-367025280,S3-610510842,S3-136712257
S1-476299906	S2-383385395,S2-130782961,S3-664794279,S3-387859325,S3-101637016
S1-983296311	S2-985729839,S3-220221433
S1-933287410	S2-108367056,S3-182420353,S3-478709675,S3-925695539,S3-681569004,S3-528083166
S1-2385543	S2-753333972,S2-954551664,S2-105043983,S3-850941428,S3-730706001,S3-437520705
S1-747939832	S2-148026322,S3-139373302,S3-129723411,S3-152986857
S1-591080791	S2-312516198,S2-844518123,S3-885084064,S3-845120952
S1-817327933	S2-527654315,S2-152022808,S3-731279466,S3-837225744
S1-479104895	S2-587296026,S3-33284025
S1-557049087	S2-899598414,S2-891505151,S2-21708890,S3-153037893,S3-547904021
S1-704028597	S2-821019346,S3-189324424
S1-746134335	
S1-358917050	S3-24314779,S3-665536478,S3-205272261
S1-67114421	S2-281783993,S2-964337824
S1-802213450	S2-311865948,S3-262946509
S1-685165834	
S1-645701628	S2-692449317,S2-911288182,S3-417500747
S1-91348844	S2-972409204,S2-348841460,S3-949755299,S3-286568736,S3-26355757
S1-126002513	S2-217270676,S3-784769152
S1-621357861	S2-72380836,S2-407222099,S3-752691078
S1-41959671	S2-549799976,S3-557532090,S3-417549490
S1-682113097	S2-570929085,S2-484446725,S3-809538711,S3-406971677,S3-773621609
S1-113536563	
S1-42276393	
S1-727675134	S2-732938261,S2-613439198,S2-151595576,S2-455683380,S3-825243220,S3-740957855
S1-345051891	S2-346286670,S2-405656887,S2-554725052,S2-292344793,S3-915344020,S3-673110375,S3-650605681
S1-760035722	S3-159099232
S1-685228927	S2-733752665,S2-103596864,S2-944202970,S2-917592440,S2-314033521,S3-315300954
S1-902961298	S2-422263408
S1-468362843	S2-46578312,S2-369559343,S2-613292109,S3-246987191,S3-745607086
S1-102507682	S2-674785008,S2-174030287,S2-485157593,S2-249444194,S3-796276632,S3-717352421
S1-573584720	S2-947703835,S2-91831848,S2-349930355,S3-891685154
S1-422522029	
S1-842711554	S2-889570701,S3-812310841,S3-71176130
S1-283553238	
S1-512932810	S2-108240951,S2-157942677,S3-798501424,S3-834678037
S1-42861623	S2-262988320,S3-506199429
S1-430320050	S2-250840380,S3-62407265
S1-803728022	S3-930081330,S3-896385295
S1-466295236	S2-315698692,S2-147657426,S3-992420330,S3-11960175,S3-934767735
S1-465466648	S2-506545669,S3-819479753
S1-305913972	S2-898266097,S2-901847779,S3-868223247
S1-569060106	
S1-217386502	S2-867438743,S2-815411480,S3-869534824,S3-548380789
S1-30291488	S2-950095379,S2-275852970,S2-615994821,S3-919676656
S1-654576059	S2-310043173,S2-669507876,S3-861566850
S1-188949190	S2-923754067,S3-183431940,S3-698576840,S3-502508249
S1-474632781	S2-248814184,S3-923280401
S1-198977768	S2-489427500,S3-794069905
S1-824980861	S2-947470949,S3-976148604
S1-149259863	S2-930183765,S2-961179784,S3-258619374
S1-909621281	S2-885277049,S2-167597064,S2-740771921,S3-227051836
S1-351432673	S2-599028754,S3-210724117
S1-839383287	S2-460945318,S3-139888460
S1-247892454	S2-98105224,S2-557965016,S3-974646877
S1-669848219	S2-363695839,S3-518528427
S1-675760662	S3-504578681,S3-550559236
S1-162185846	
S1-397178850	S2-172494925,S3-788510421,S3-357088976
S1-240877622	S2-513413222,S2-30866468,S2-181639853
S1-768278018	S2-529127771,S2-872736181,S2-428167035,S3-391033383,S3-443663651,S3-43683581,S3-107649401
S1-536896285	S2-125306681,S3-510276853
S1-275379567	S2-314168610,S3-318802252,S3-527568075,S3-501630908,S3-842125188
S1-150618934	
S1-277984140	S2-91742886,S2-450783062,S3-382723952,S3-680819292
S1-379572264	S2-528567246,S3-341360432,S3-948233192,S3-239502865
S1-147258909	S2-53742744,S2-564915130
S1-217661413	S2-173114499,S2-367963108,S3-107343637,S3-800159828
S1-335538499	S2-52040111,S2-304831518,S2-782816620,S2-635352770,S3-365089503
S1-949820628	S2-836924413,S2-383639555,S2-352677973,S3-131898686,S3-257328543,S3-921362349
S1-563133464	S2-665411399,S3-222981541
S1-766756746	S2-119346232,S3-784426640,S3-76400502
S1-961803947	S2-423033197,S3-279166050
S1-168608728	S2-698731241,S3-261340598
S1-731333578	S2-318485301,S3-465886328,S3-68758491,S3-561186150,S3-187321226
S1-303201438	S2-556404464,S2-252690653,S3-606143887,S3-127782195
S1-350817923	S2-965633613,S2-285839043,S3-652946224
S1-39082691	
S1-14288033	S2-625101727,S3-680774823,S3-372958070,S3-192479704,S3-222475661
S1-942560934	S2-973790698,S2-644304794,S2-466132047,S2-764194139,S3-656222591,S3-301712495
S1-650033116	
S1-989308378	S2-856367847,S2-994038297,S2-540473215,S2-296825352,S3-301423043,S3-921750751,S3-593376641,S3-850614001
S1-359628058	S2-565266625,S3-823517170,S3-673382004,S3-119213693
S1-623061945	S2-333131137,S2-912109925,S3-577540934,S3-476722055
S1-266363084	S2-255558174,S2-836761286,S3-396173456
S1-588622095	S2-750453611,S2-557070302,S2-625984820,S3-177633951,S3-256016305
S1-365692414	S2-605065537,S3-308124035
S1-349247121	S2-479003021
S1-808874385	S2-648112911,S3-985428338,S3-593868707
S1-324791984	S2-145432208,S2-905008615,S3-697192854
S1-81981566	S2-186013921,S3-545775424,S3-566604481,S3-107004856,S3-744892771
S1-15870224	S2-830964113,S2-747811642,S2-37460335,S2-915350594,S3-662081413,S3-439928504
S1-846469801	S2-964261502,S3-804311859
S1-939323000	S2-256938669,S2-547073686,S3-502859718,S3-577575,S3-771690901
S1-516030718	
S1-117340129	S2-362330481,S2-812845955,S2-130972745,S2-121385701,S3-862074859
S1-2018113	
S1-153540494	S2-136209818,S3-486640135,S3-740733416
S1-329328085	
S1-56699856	S2-84823807,S2-25999386,S2-267408502,S3-890045520
S1-656595319	S2-489724221,S3-75018866,S3-497191689
S1-936368642	S2-948407842,S2-977147601,S2-395577637,S3-531047311
S1-465449390	
S1-706470778	S2-301001993,S3-912416734
S1-501992976	S2-664452022,S2-173617883,S3-688677,S3-834541157,S3-420212042
S1-368454913	S2-556510735,S2-934507941,S2-520951154,S2-841792302,S2-985097891,S3-301253252,S3-297055390,S3-437576365,S3-758861473
S1-174689640	S2-152519975,S2-414062475,S3-422855439
S1-379042087	S2-805023569,S2-776762303,S2-742312300,S3-423522542
S1-323858848	S2-270825518,S2-668072231,S2-77635087,S2-838605822,S3-478806293
S1-88516267	
S1-492648198	
S1-134682609	S2-670739212,S2-602016948,S3-770262686,S3-196744477
S1-36258318	
S1-322254584	
S1-653243806	
S1-937364409	
S1-610780621	S3-873527054,S3-499969803
S1-85392539	S2-706155790,S2-49824949,S3-513651234,S3-951620892
S1-607276963	S2-597806561,S2-625543837,S2-328805346,S2-710007739,S3-295354107,S3-690806073
S1-118274244	S3-272381947,S3-718466126,S3-945263091
S1-357526167	
S1-508035096	S2-780607881,S3-360059222,S3-322051511
S1-37080166	S2-809156259,S2-643090374
S1-295346460	S2-535663134,S2-313430232
S1-121167672	S2-228174011,S3-122070154
S1-205403194	
S1-241691231	S2-932759957,S2-624415473,S2-815618593,S3-206086436,S3-847292870
S1-646596521	
S1-446401989	
S1-953104212	
S1-539872038	S2-648093094
S1-230276209	S2-233300135,S2-125026594,S2-71314357,S3-489510739,S3-890633123,S3-362609547,S3-584892891,S3-232510338
S1-210103	S2-796218963,S2-86499263,S3-570219067,S3-915381408,S3-925462377
S1-680869826	S2-966810803,S3-656428163
S1-147707558	
S1-213873095	S2-865503207,S3-820142939
S1-359091269	S2-982217174,S3-770195737,S3-670164219
S1-300797188	S2-320465910,S2-199035249,S3-384277136
S1-506660285	S2-433614200,S2-225483520,S3-574196557,S3-511219991
S1-442074190	S2-565783446,S3-794169170
S1-818141748	S2-727173882,S3-222862143,S3-230075767,S3-637553340
S1-783443974	
S1-254539807	
S1-208147462	
S1-721414230	S2-357177229,S3-946368380
S1-307312122	
S1-842182009	S2-814377874,S2-797486657,S2-649195832,S2-991099966,S3-232625604
S1-306549834	S2-652995006,S2-232179013,S3-322606058,S3-10851982,S3-140580486
S1-480226127	S2-771349032,S2-815724463,S2-829131168,S3-714898993,S3-714411427
S1-645449130	
S1-297403689	S2-531151107,S2-781976244,S3-395632239
S1-730486846	S2-480039532,S2-922917073,S2-606185864,S3-980631314,S3-862763809
S1-312902779	S2-442740810,S2-174963404,S3-500275214
S1-749661416	S2-228624246,S3-815789861
S1-50760496	S2-812892969,S2-805597905,S3-47507042,S3-152480574,S3-355781169
S1-191012459	
S1-483384986	S2-161635866,S3-517982286
S1-654678768	S3-929424413
S1-109624300	S2-832530430,S3-262150102,S3-213135587
S1-433830594	
S1-459337348	
S1-479795097	S2-344471151,S3-359060154,S3-781131433,S3-8375271,S3-136077398
S1-699585805	S2-756113339,S2-886267405,S2-442682716,S2-888042852,S3-230369063,S3-114878607
S1-714238541	S2-825975345,S2-3524961,S3-535526987,S3-84953731,S3-513321605
S1-170228828	
S1-784467228	S2-568619446,S3-751443866,S3-705220811
S1-878494622	S2-319055862
S1-666181482	
S1-791651609	S2-690532124,S2-393792624,S3-12088667
S1-29324474	
S1-668838028	S3-810717266,S3-268610772
S1-764758554	S3-910625665,S3-813434350,S3-772422200
S1-792465671	S2-535693450,S2-853299157,S3-615756611,S3-516585680,S3-291953140
S1-158095545	S2-19103239,S3-864094305
S1-574504101	S2-535899983,S3-844668028,S3-233020745,S3-701344913
S1-23639585	S2-269083888,S2-965096024,S2-366543294,S3-195495457
S1-703784130	S2-101705970,S2-833029564,S2-62768826,S2-753413714,S3-736625220,S3-52579676
S1-560994774	S3-351266778,S3-893752922,S3-240999884
S1-827526764	S3-160976646,S3-627493828,S3-671500716,S3-196285730
S1-870972048	
S1-882602580	S2-299270948,S3-927699696,S3-640322796
S1-332986963	S2-377746093,S2-582451578,S2-579579601,S3-546164862,S3-744857792
S1-291957471	
S1-829499309	S2-33840507,S2-486200590,S3-56070072
S1-12348535	S2-672923694,S2-598625751,S3-634483358
S1-522586393	S2-968978186,S2-212466789,S3-743378714,S3-517357357
S1-241961959	S2-500220837,S3-398209065,S3-632612777
S1-167328986	S2-128368522,S2-752381697,S2-112835399,S2-733827742,S3-659443044,S3-905203550,S3-311372789
S1-613937190	S2-344952619,S3-725168675,S3-152121483
S1-179425190	S2-322547153,S2-384723508,S3-354669677
S1-272377143	S2-646959349,S3-371186680,S3-155697926
S1-112310028	S2-50671098,S3-184935018
S1-885754873	S3-135778760,S3-609574229
S1-659170458	S3-125375047
S1-236390977	S2-165720222,S2-451566948,S3-20758861
S1-93825637	S2-438089959,S2-207662123,S2-213386429
S1-308136160	S2-138898339,S3-310591166
S1-176297351	S2-831373270,S2-980448200,S3-349451794,S3-567828820
S1-156170544	
S1-145510098	
S1-282327452	S2-573756277,S3-673113816
S1-722531160	
S1-253119136	S2-884381367,S2-861303246,S3-438974322,S3-905185416
S1-502758701	S2-322607024,S3-395552516,S3-438531804
S1-986421159	S2-514704708,S2-506426041,S2-575190439,S2-103823690,S2-729182563,S3-295924134,S3-286799585
S1-393279378	S2-556810896,S2-225123169,S3-814634788
S1-725474398	S2-535287792,S2-271922340,S3-789562791
S1-178525046	S2-51129673,S2-163102139,S2-597033088,S3-415974800,S3-974750235
S1-328646559	S2-231497594,S2-19951191,S3-837097550,S3-43926739,S3-380396876
S1-917357561	S2-980118406,S3-158466436
S1-932463410	
S1-141410638	S2-897047452,S2-874302327,S2-633081308,S3-103356206,S3-147668966
S1-379817050	S2-120807062,S3-296154273,S3-676925540,S3-280754014,S3-368130418
S1-432733258	S2-936955344,S2-897835449,S2-488321779,S3-563175281,S3-976429187
S1-656064620	S2-128336690,S2-508962835,S2-449853692,S3-431130116
S1-278554941	
S1-719489629	S2-427139069,S2-180389410,S3-266192094
S1-162006599	
S1-506014123	S3-165088073
S1-799738855	S2-686567536,S3-811406991,S3-7195359,S3-948209423
S1-875135507	S2-120825747,S2-710400173,S3-63777399,S3-120336417
S1-19114382	S2-894431846,S3-215704520,S3-167621922,S3-245109055
S1-762805580	S2-368166665,S2-74124212,S2-960886723,S3-68285636,S3-360577394,S3-675893923,S3-602161281
S1-842784327	S2-58965615,S2-347702009,S2-519786049,S3-122583446
S1-337280441	S3-323237490
S1-319630898	
S1-933303344	S2-91744313,S2-889028647,S2-323570916
S1-60996964	S3-9250754,S3-908230567
S1-456135799	S2-819485393,S2-497703306,S3-426999401,S3-291301073,S3-461297239,S3-911254148
S1-658353023	S2-81343270,S2-503953968,S3-697162440,S3-202268777,S3-119365503
S1-503172262	
S1-900217572	S3-27563121,S3-329360369,S3-357900470
S1-66148268	S2-370159402,S3-722634660
S1-856714851	S2-448301025,S2-848695059,S3-648767907,S3-270896220
S1-72517032	S2-908505966,S2-569623879,S3-188520612
S1-82868974	S2-841825808,S2-423220230,S3-770921137
S1-58439585	S2-699806564,S2-572972504,S3-6797558,S3-740213569
S1-638381853	S2-778668187,S3-654360078,S3-80065820
S1-85166762	S2-332620607,S3-689112145,S3-947371511
S1-303692846	S2-33428167,S2-638100120,S3-612762198,S3-298190082,S3-257099991
S1-71666815	S2-445347540,S3-447286843,S3-713085783
S1-355265554	S2-121549397,S2-548488876,S3-592709585,S3-560652923,S3-593012658
S1-943801993	S2-369250547,S2-780607639,S3-958822760
S1-639255186	S2-452473240,S2-529452453,S3-278239746,S3-528066222,S3-49437824,S3-462582802
S1-463743844	S2-47958629
S1-723899873	S2-55938403,S2-346500126,S3-212427408,S3-345057654
S1-924531528	S2-4435014,S3-783228888
S1-174416924	S2-325121795,S2-749006720,S3-710051984
S1-380533029	S2-183697428,S2-909426745
S1-400583860	
S1-236979451	S2-319366546
S1-373587280	S2-528882056,S3-257915204,S3-159694476
S1-40216122	
S1-283139284	S2-61936602,S2-935801167,S3-645736087
S1-132614041	S2-401664270,S2-589291029,S3-748552053
S1-721035367	S2-5969220,S3-661929738,S3-497046651
S1-964704174	
S1-731410856	S3-571483413
S1-258440092	S2-955981623,S2-598790817,S3-760227427,S3-399258315,S3-115863108,S3-978064996
S1-429156362	S3-491098068
S1-125342216	S2-491516608,S2-385448904,S2-878987173,S2-905003262,S2-73834539,S3-946339005,S3-745182429
S1-321700308	
S1-585398934	S2-165713351
S1-893405646	S2-931619524,S2-550168760,S3-718875810
S1-839075599	S2-92918308,S2-284246564,S2-590135899,S3-714601863,S3-218200456,S3-609682569
S1-960667861	S2-641666705,S3-773707995,S3-601185357
S1-356274203	
S1-697163246	S2-372733419,S2-185567137,S3-824027875
S1-468630095	
S1-842666973	
S1-514938811	S2-75943805,S2-167503913,S2-794728336,S3-656263417,S3-770421829
S1-34185003	S2-740490165,S3-742984255
S1-430532829	S2-890940985,S2-552143437,S2-718933278,S2-57198962,S3-795214209,S3-777491875,S3-731536322,S3-653872792
S1-756083915	S2-911341538,S2-404479746,S2-973972634,S2-12130457,S3-514831655,S3-590385101
S1-803262466	S2-838808940,S2-332750021
S1-707275519	S2-75266236,S3-927816269
S1-404439745	S2-647892312,S2-131544573,S3-266306155
S1-501750213	S2-238848742,S3-196011729
S1-611915890	S2-871916217,S2-879143448,S3-770415541,S3-620299709,S3-640829420,S3-630777261
S1-262944527	S2-446475258,S2-628486356,S3-865395865,S3-278489529,S3-366996711,S3-812953349,S3-74395031
S1-888041196	
S1-542516583	
S1-298783574	
S1-987631119	S2-483793840,S3-456159548,S3-13091236,S3-469227426,S3-488127473
S1-141838738	
S1-379810738	S2-795213414,S3-146156423,S3-60442659,S3-925578544,S3-167025456
S1-599890556	S2-333550436,S2-685299128,S3-240841889
S1-290774823	
S1-246151458	S2-524191171,S3-783806154
S1-567548128	S2-920572255,S3-237795939,S3-402542461
S1-797206696	
S1-653016044	
S1-14574135	S2-109004702,S2-156861366,S3-799252359
S1-664823586	S2-962650622,S3-164459992,S3-268115907
S1-803285507	S2-687917950,S3-210847824
S1-995327837	S2-918429657,S2-117823833,S3-930753430,S3-754566611
S1-51028457	S2-533908017,S3-686238075,S3-85384990,S3-165092515,S3-514740220
S1-785930260	S2-984749476,S3-50804258
S1-488382506	S3-844275678
S1-353915930	
S1-522432989	S2-266753507,S2-663694477,S3-237552905,S3-150634679,S3-69261605
S1-736318840	
S1-984233526	
S1-46022147	S2-549878656,S2-597250480
S1-344264668	
S1-397095002	S2-334197286,S3-949333181,S3-847652122
S1-685435412	S3-862417310
S1-328469895	S2-905836197,S2-93295786,S3-41026548
S1-28678074	S2-966379139,S3-498224660
S1-429227983	S2-346915915,S3-222342998
S1-778611155	S2-911171036,S3-182261609
S1-979533434	
S1-853016894	S2-525777594,S2-343861125
S1-455467454	
S1-390818335	S2-5626557,S2-516690321,S3-881064283
S1-516886789	S2-24182424,S2-56847161
S1-643868227	S2-447484421,S2-929749979,S2-822088639,S3-552582528,S3-916416083
S1-57907012	
S1-41890663	S2-595504898,S2-421844534,S2-576702725,S2-645619363,S3-913962856,S3-84950836
S1-609298282	
S1-948529630	S2-943356001,S2-578438451,S3-553946799,S3-339249890
S1-450254309	S2-137754539,S2-612613280,S3-610977842
S1-834842195	S2-747484002,S2-455187520,S3-750675974,S3-773176536
S1-415229481	S2-633308320,S2-786242174,S2-84326099,S3-471783765,S3-82063248
S1-901331037	S2-408562214,S3-157420616
S1-8922716	S2-966197103,S3-39841678,S3-231935827,S3-473709067
S1-569601895	S2-380116206,S3-710867368,S3-167426770
S1-528878062	S2-781895884,S2-645571398,S2-820954131,S3-221635055,S3-759200904
S1-903039510	
S1-174694640	
S1-655751916	S3-132911780,S3-615842829,S3-922441105,S3-113117192
S1-469193727	S2-925913295,S3-57307120
S1-761327822	
S1-891753511	S3-955875809
S1-833393452	S2-987973157,S2-864870,S3-347362991,S3-596549316,S3-875437554,S3-651645490
S1-422926253	S2-908239181,S2-906882157,S3-763088443,S3-182229658
S1-295770652	S2-373185880,S2-688876828,S3-653562192
S1-428832554	
S1-796863376	
S1-226970837	
S1-9660834	S2-762177319,S3-935579467,S3-547725146,S3-486532273,S3-703412853
S1-329904313	S3-913714343
S1-321966281	S2-191184448,S2-338752321,S3-213843504,S3-802606832,S3-923856294
S1-289897176	
S1-402039640	S2-228549572,S2-226766784,S3-571891306,S3-567821731,S3-991813017
S1-504837210	S2-286554186,S2-887224361,S2-872178458,S3-948283148
S1-520530476	S2-567555918,S2-175300169,S2-435640901,S3-758602805,S3-781911663
S1-827536401	S3-582953963
S1-856407998	S2-126516641,S3-660766771,S3-744204805,S3-433806186
S1-762867787	S3-243218216
S1-278826576	S2-724414150,S3-69876799,S3-382219678,S3-989551339,S3-600209011
S1-727449113	S3-652170164
S1-788674968	S2-4530817,S2-299422225,S3-914226641,S3-485461677
S1-20452465	
S1-351121168	S2-546924702,S2-440405470,S3-836271672
S1-268858291	
S1-174326300	
S1-86917753	S2-211560048,S2-996202952,S2-232141989,S3-384424110,S3-520504238
S1-743881381	S2-640434767,S3-840629913,S3-551374478
S1-299417942	S2-218299224,S2-626974392,S2-765061552,S3-280614094,S3-163445491
S1-643059348	S2-733373589,S3-504480666
S1-644694687	S2-340576199,S2-361205326,S3-829521142
S1-665330704	S2-642266178,S2-962472258,S3-279410674
S1-791962937	
S1-626680165	S2-911959448,S2-726954719,S3-304927907
S1-799322666	
S1-287285477	S2-731000098,S2-731649105,S2-487920398,S3-76894177,S3-462183103
S1-251270569	
S1-379481899	
S1-516699145	
S1-850605632	S2-654090835,S2-481542167,S2-131731059,S2-581218526,S3-100667647,S3-837668495
S1-299085618	S2-495511345,S3-947357473,S3-47843499
S1-386824833	S2-299985559,S3-453502925,S3-623377870,S3-63736385
S1-282524106	S2-260997118,S3-646706889
S1-696734647	S2-208482801,S3-532796473
S1-969626533	S2-466998516,S2-280312687,S2-337464798,S3-501835045
S1-624720244	S2-477178911,S3-436998783
S1-43336888	S2-602456564,S2-106390318,S3-977702334,S3-158870030,S3-870949799
S1-577587481	S2-467839532,S3-518871897,S3-56361445
S1-156700330	
S1-546302700	S3-427874270,S3-795641102
S1-467067349	S2-532844122,S2-12847560
S1-18739867	S2-711310805,S3-10466992,S3-693263226,S3-140157369
S1-673032342	S2-345797004,S2-203107420,S2-878069401,S3-765374723
S1-630087116	S2-993982183,S2-556968174,S3-91450339
S1-650449101	S3-542950856
S1-217271109	
S1-812564224	S2-508406196,S3-662395185,S3-950130395
S1-621484765	S2-865127852,S3-161702641,S3-401529826
S1-255764141	
S1-532339571	S2-989846840,S2-823539742,S3-787751426,S3-877734964
S1-995232510	S2-742667704,S2-295319753,S3-294980846
S1-779261917	S2-62829710,S2-556888091,S2-996098131,S3-964780875
S1-974826860	S2-169947318,S3-235924749,S3-100323154
S1-565607348	S2-193817672,S2-711870559,S2-937360822,S2-447649940,S3-338834897,S3-617683389
S1-532032222	S2-759414713,S3-865686319,S3-265085505
S1-381479096	S2-433919615,S2-457795780,S2-511402446,S3-7338135
S1-426415961	S2-736240373,S2-530799134,S3-885283804
S1-121808003	
S1-452223552	S2-885194762,S2-748944285,S2-92711773,S3-747620055,S3-828184489,S3-767410979,S3-573977336
S1-274628204	S2-702500081,S2-7405726,S3-370505753
S1-809540032	
S1-753241413	S2-587707049,S2-969898292,S3-986705999,S3-646156681
S1-605798030	
S1-845033151	S2-77481023,S2-666072220,S2-389555312,S3-998846914
S1-970877306	S3-892610093
S1-532263964	S2-804221931,S2-104465251,S2-587626174,S3-964545169,S3-861517619,S3-566772414,S3-62083760
S1-634113493	S2-586716844,S3-955789308,S3-583783978
S1-542342301	S2-291932516,S3-609141781
S1-534740881	S2-380849059,S3-775827112
S1-153264685	S2-981699027,S2-233274886,S3-440408342,S3-927203231,S3-250523568
S1-337005566	S2-944799025,S2-539602272,S3-19028784,S3-336748320,S3-131241858,S3-730253414
S1-762372645	S2-985165737,S3-162910616
S1-282424380	S2-871577697,S2-351555713,S3-461361316,S3-792465392,S3-632789138
S1-236923676	
S1-53549257	S2-135927180,S2-570754172,S3-135320458
S1-461887440	
S1-134085392	S2-5219410,S2-711053472,S2-566933437,S3-902617167
S1-725610903	S2-12935854,S2-450260233,S2-66737331,S3-179448364
S1-807928107	S2-131307646,S2-252222074,S3-48613096
S1-898692215	S2-696334788,S2-291689750,S2-610687222,S3-249745646
S1-276387893	S2-465426162,S3-433219615,S3-796593149
S1-766026767	S2-761760307,S3-681118333,S3-268637318
S1-55213674	S2-505999913,S2-799458509,S3-93559079
S1-558660398	S2-387254894,S2-790171006,S3-253704386,S3-137295929
S1-218111688	
S1-310038452	S3-955487476,S3-484767786
S1-943005103	S2-565799685,S3-966069678
S1-367234810	
S1-334536538	S2-765164990,S2-205422831,S3-444050508,S3-879474873
S1-129593876	
S1-389125931	S2-3627329,S3-174108688,S3-200251370
S1-30687177	S2-87778059,S2-799536036,S3-125667777
S1-342807694	S3-808732887
S1-375593072	
S1-95989201	
S1-238944552	S2-865486705,S2-451041055,S3-422525942
S1-233043601	S2-511912341,S2-324597619,S3-881471224
S1-394612894	S2-118220615
S1-450324336	S2-981209456,S3-773651794,S3-59254917
S1-656765176	
S1-892100927	S2-619524310,S3-134619331
S1-212173930	
S1-221892451	
S1-350231086	S2-271123115,S2-880061442,S2-87649915,S3-631538254,S3-962447096
S1-828605384	S2-936419359,S2-125634819,S3-958942983,S3-579495249
S1-196692334	S2-511982183,S3-755877603
S1-942613966	S2-932577664,S3-774161839
S1-612789863	S2-130230969,S2-750342679,S2-811285243,S3-112177872
S1-685853307	
S1-452154699	S3-615858149,S3-579107906
S1-990744864	S2-840015624,S2-826818555,S3-139859832
S1-526981221	
S1-723822778	S2-21980013,S2-737836731,S2-983438638,S2-18735343
S1-214675582	S2-742418985,S2-88450199,S3-478375250
S1-823751418	S2-481455505,S2-781064112,S3-744083016
S1-181666155	S2-389197094,S3-161783704,S3-502672423
S1-681127534	S2-562851014,S3-380120878
S1-218947527	S2-627209674,S3-537482845,S3-934184597,S3-459888759
S1-190303170	S2-1709618,S2-202963548,S2-302886750,S3-765869012
S1-716827571	S2-750477288,S2-746322891,S3-352781998,S3-153503927,S3-997494141
S1-19366644	S2-626288381
S1-217649614	
S1-314659117	S2-586667049,S2-795722341,S2-385113634,S2-757241576,S3-958393543,S3-363964671
S1-302239783	S2-920332204,S3-727321289,S3-90624243,S3-47752978,S3-643159014
S1-997330054	
S1-879528438	S2-420171909,S3-410989900,S3-884853098,S3-591350876,S3-638204831
S1-790244610	S3-89749946,S3-778906634
S1-613131725	S2-35045635,S3-279551247
S1-565971	S2-733865471,S3-812107907,S3-809190277,S3-634399613
S1-675672117	S3-751096951,S3-171881340,S3-477423237,S3-832810768,S3-913360070
S1-395664201	S2-302585705,S2-793788589,S2-272286605,S3-614387263,S3-423394770
S1-372729666	S3-189889540,S3-403837375,S3-670146440
S1-41817170	S2-788824364,S2-696952811
S1-479837644	
S1-52772877	S2-178716756,S2-122063417,S3-684142321,S3-30634599,S3-957897712,S3-301647320
S1-5730155	S3-987643432,S3-406233770,S3-870729146,S3-580069673
S1-525283707	S2-508731386,S3-904167245
S1-560357615	S2-835987234,S2-257124412,S3-243497531,S3-682101354,S3-18841890
S1-473155706	S2-659590248,S2-209006659
S1-345220264	S2-708144303,S2-323168130,S3-790959586
S1-204032414	S2-579452354,S3-154675620,S3-826499361,S3-67711468,S3-163527960
S1-910457144	
S1-730951281	S2-222892796,S2-840346736,S3-38705555,S3-947316244,S3-607568595,S3-30222987
S1-302820121	
S1-128059768	S2-561766735
S1-353339989	S2-643796813,S3-891543245
S1-539964334	S2-298841278,S3-920134989,S3-761831517,S3-879033589
S1-801319657	S2-220990675,S2-984214581,S3-608107500,S3-5816685,S3-135851520
S1-327033054	S2-160964266,S3-311753160,S3-483379620,S3-652428031
S1-915552706	S2-776416824,S3-712495509
S1-975058429	S3-323276277
S1-686185620	
S1-932136999	S2-455178815,S2-438986519,S3-211857978
S1-43990177	S2-362099181,S3-47990984,S3-417740050
S1-411034558	S3-469120318
S1-952290281	S2-250584123,S2-530543902,S2-681034537,S2-458101616,S2-921733810
S1-283638894	S2-418933715,S2-523119466,S2-300297170,S3-76414418
S1-704555461	S2-899657560,S3-872882632,S3-853059934
S1-154678051	S2-598480665,S2-588923195,S3-321471269
S1-867313205	S2-4615877,S2-469997236,S2-167162900,S3-472805374,S3-190407236
S1-545124557	S2-147890124,S3-766715617,S3-806464644
S1-813951499	S2-599625403,S2-198843127,S2-474742808,S2-20807453,S2-233443211,S3-810948251,S3-61268367
S1-290705048	
S1-566700229	S2-339297068,S3-392301748,S3-619366444,S3-516412733
S1-562273705	S2-370811989,S3-853642953
S1-991551743	S2-822560246,S3-165991142,S3-543547626,S3-461584208,S3-642493210
S1-149613313	S3-196395938,S3-117829059,S3-510761664
S1-553846274	S2-769034038,S2-331396660,S3-360044086,S3-996572104,S3-492466002
S1-280902436	S2-308420307,S2-999953598,S2-375311446,S2-467998316,S3-812800463,S3-487191091,S3-58762843
S1-820767013	S2-784741896,S2-490810647,S3-752144762,S3-659120066,S3-941258438
S1-90531143	S2-979442235,S2-904005079,S2-251639395,S3-263731178,S3-652138448,S3-492996653
S1-402623744	S2-318764620,S3-40640428,S3-78021025
S1-812216530	S2-122061179,S3-591978117
S1-620347177	S2-748160655,S3-212096889,S3-946103930,S3-961058508,S3-961379150
S1-120141886	S2-269704877,S3-423677606
S1-31925281	S2-742098860,S3-70401621,S3-525867186
S1-620392297	S2-613809340,S3-195659180,S3-559521425
S1-845589100	S2-866278084,S2-929111492,S3-146611970,S3-103500776
S1-697474441	S2-920897985
S1-902387642	
S1-957216705	S3-142733154,S3-734902561,S3-521656692
S1-66594701	
S1-629490870	S2-104402283,S2-78873037,S3-527218881,S3-412161930
S1-82410515	S2-101660642,S2-846016034
S1-393235277	
S1-210848910	S3-968141897,S3-173178048,S3-569254186
S1-193247965	S2-295019627,S3-618133314,S3-700236886
S1-793004509	S3-319127630
S1-563494867	S2-467683762,S2-615525814,S3-568808222
S1-182837383	S2-198552153,S3-359050929,S3-106135015
S1-849745745	S2-356624540,S2-549620545,S3-619108888,S3-379977290
S1-566883349	
S1-513724144	S2-164707172,S2-180010173,S2-995163883,S3-65289474,S3-882465840
S1-965812269	S2-108048399,S2-953195796,S3-525495117,S3-357763570
S1-105969361	S2-177495708,S2-776784702,S3-635451131,S3-329044738
S1-277858720	S2-839227998,S2-823565725,S3-416879861
S1-731343571	S2-634028573,S2-127133652,S2-210521436,S3-922734093,S3-688907443
S1-695160517	S2-274393540,S2-317838541,S3-649193966
S1-605692255	S2-177707496,S2-601626388,S2-950380449,S2-640676799,S3-233992736
S1-521143071	S2-906378724,S3-389052073,S3-794275188
S1-545186858	S2-9808611,S2-127135761,S2-737653200,S3-139732711,S3-848026395
S1-817508333	S2-853326450,S3-314482821,S3-868302641,S3-460531607
S1-809659567	S2-295063125,S3-1293573
S1-155953323	S2-110821807,S3-840933925,S3-677626804,S3-585262035
S1-876766601	S2-66807765,S3-983228422,S3-494902332,S3-949404661
S1-543004513	S2-876692729,S2-205428530,S2-422957642,S3-139913705,S3-665480423
S1-738610280	S2-59249265,S2-224045645,S3-76862698,S3-340181977
S1-658621310	
S1-142765166	S2-517650501
S1-869440457	S2-271440982,S2-276637907,S2-214094334,S3-12894177,S3-854128876,S3-515390866
S1-699777679	S2-599471678,S3-821667588,S3-478268186
S1-227103117	S2-656958868,S2-949507368,S3-599852663,S3-771478227,S3-853283681,S3-595390728
S1-821265456	S2-362345440,S2-71520469,S2-283521303,S3-976852283
S1-25916914	S3-938850941,S3-126011177
S1-661621411	S2-852713596,S3-674942138
S1-985059424	
S1-654678212	S2-949612533,S3-737149371
S1-426768233	S2-613598312,S3-398951570
S1-683512884	S2-973979301,S2-653536466,S3-700734624,S3-527559889,S3-79682804
S1-905307384	S2-186545636,S3-482632134,S3-722986076,S3-123881682
S1-76516663	S2-944275297,S2-454738711,S3-264319915,S3-335359019,S3-342734834
S1-330750848	S2-203313553
S1-942752920	S2-921511733,S2-500025211,S3-390652360,S3-116599256
S1-703209451	S2-771031479,S3-867372184
S1-390561703	
S1-435353359	S3-219169683,S3-681526950,S3-483802149,S3-287880108,S3-636839336
S1-273764547	S2-960275536,S3-245576986,S3-757625392
S1-128456774	S2-457233714,S3-905880553,S3-83449873
S1-293270287	
S1-242750638	S2-304678781,S3-582757942,S3-911386637
S1-639391975	S3-778198393,S3-786776559
S1-583844257	S2-369672233,S2-20233784,S3-223873091,S3-710940986
S1-523075552	S2-486647353,S2-657894627,S3-784758331,S3-444242176,S3-741297751,S3-418265156
S1-54323782	S3-200527065,S3-485091655,S3-379923140,S3-527780582
S1-849488295	
S1-740473763	S2-605754755,S3-339250153,S3-572813269
S1-195167295	S2-598538402,S2-722380213,S2-506233555
S1-160848079	
S1-183294520	S2-309419952,S3-118254841,S3-166237608,S3-259138099,S3-604356066
S1-416907664	S2-194338070,S2-509989611,S3-809125791,S3-598119368
S1-632611658	S2-955788542,S2-543849758,S2-419553856,S3-5120645,S3-166285579
S1-272485708	
S1-197175380	S2-154476558,S2-589915280,S2-669293137,S2-792266464,S3-903111399,S3-601406904
S1-530905803	S2-641229258,S2-686188295,S3-772254459
S1-940345339	S2-293979317,S2-695516723,S2-678302916,S3-273059915,S3-82816617,S3-969089859,S3-643886156,S3-635643799
S1-419842278	
S1-192121934	S2-220401376,S2-299392211,S3-757303491,S3-423801549,S3-105730696
S1-644644755	S2-300472612,S2-509071523,S3-100111326,S3-529921820
S1-733395237	S2-472065841,S2-919860738,S3-297247397,S3-136114624
S1-250912078	S2-821312893,S3-88596916,S3-963508104,S3-295605712
S1-438758693	S2-694874484,S3-654864655
S1-958406038	
S1-372827899	S2-931552813,S3-119743121,S3-256611123,S3-31990797,S3-221322057
S1-577500127	S2-34259590,S3-299775923,S3-487433442
S1-258748040	S2-583569054,S2-618945904,S3-689304447
S1-204503193	S2-780155549,S2-934376274,S2-80359958,S2-7750068,S3-284212414,S3-556598505,S3-816642267
S1-7847307	S2-156473569,S2-903021343,S3-166959229
S1-19697067	S2-321698574,S3-9722956
S1-968362821	S2-243031483,S3-849617484,S3-323246883,S3-658232899
S1-757279902	S3-196589511,S3-806499199
S1-2559821	S2-756741825,S3-249369649,S3-126610518,S3-908695675
S1-180979844	S2-956525960,S2-538661779,S3-726198105,S3-179472444,S3-879696569
S1-17014021	
S1-309625714	S2-249363863,S3-939149724,S3-565347195,S3-1143289
S1-548093629	S2-503954087,S3-60797557,S3-588580972
S1-529556471	S2-138949599,S3-564251780
S1-879327558	
S1-823650779	
S1-733264891	
S1-701295238	
S1-305806402	S2-285392910,S2-419455438,S3-964904002,S3-603828060,S3-255437965
S1-187816351	
S1-336061277	
S1-437257572	
S1-628928137	S2-360332688,S2-83043853,S2-427075462,S3-538868644
S1-13890051	S2-447379768,S3-129340537,S3-4607771,S3-871995152
S1-451031610	
S1-360687013	S2-772996565,S3-252485516,S3-864475516
S1-538658634	S2-774779181,S2-599520330,S2-505790461,S2-769316322,S3-292237211
S1-339000163	S2-987575442,S2-134973879,S2-106451793,S3-418530923,S3-409197774
S1-410782702	S2-541795860,S3-72984031
S1-990761686	
S1-968005573	S2-721900594,S2-933193406,S3-479694403,S3-719140907,S3-935700129
S1-381436022	S2-537851813,S2-725925091,S2-172974353,S2-697341605,S3-48981930
S1-641994637	S2-799098294,S2-578231929,S3-184572881
S1-33373731	S3-802676207
S1-781053965	S2-19459373,S2-637967898,S2-928959157,S3-438873364,S3-206757723,S3-774084599
S1-106010689	
S1-240999086	S2-529526623,S3-180030435
S1-944379882	S2-371189383,S2-256058850,S3-759778140,S3-819588625,S3-479409978
S1-486912734	S2-88835930,S2-576496449,S3-368958233
S1-987194415	
S1-52558008	S2-477635812,S3-107816557,S3-892243220
S1-931018777	S2-872655235,S3-245956951,S3-413935797
S1-640189171	S2-312144819,S2-86085044,S2-740572991,S3-292822625,S3-151269909
S1-644205244	S2-182678523,S2-595925690,S3-191253991
S1-556223533	S2-654668081,S2-266040844,S2-677377946,S3-650707981
S1-83528254	S2-48182408,S3-592420891
S1-316584423	
S1-113609747	
S1-614724414	S2-35392196,S2-819975487,S3-397645968,S3-929555652
S1-776455223	S2-456921001,S2-33081903,S3-407436962,S3-771769171,S3-409212045
S1-106779208	S3-287794190
S1-352858418	S2-683370833,S3-892718167,S3-179465667,S3-461419351,S3-260007579
S1-693581131	
S1-624205381	
S1-902847834	S2-577526227,S3-867539900
S1-730029620	
S1-554834407	S2-185387315,S2-534451442,S2-797390434,S3-794308611
S1-766306929	S3-267103269,S3-362495544
S1-599136250	S2-501601507,S2-516111050,S3-546370570,S3-404970686
S1-621694526	S2-48393750,S2-121130601,S2-978750809,S3-853012371,S3-409280168,S3-680075758
S1-60138717	
S1-297933047	S2-167093846,S2-696714045,S3-614217093,S3-431379624,S3-456094655
S1-918976294	S2-859890158,S2-865802058,S2-333104134,S3-435253866
S1-459212289	S2-979018722,S2-482759883,S3-973649243
S1-581968154	S2-215743295,S2-606061007,S2-435566723,S3-881709799,S3-628949310,S3-493431922
S1-165888490	S2-650536997,S2-688486218,S3-965379262
S1-976826532	S2-995249918,S2-335146499,S2-626116089,S3-186025463,S3-552403668
S1-889411573	S2-655755679,S3-735791217,S3-953113097
S1-529296706	
S1-333597999	S2-264064362,S2-815978926,S2-519522809,S3-775560604,S3-581901906
S1-520869195	S2-866124456,S2-941572000,S3-696014600
S1-444022954	S3-962259569,S3-268633186,S3-543879469
S1-123593485	S2-763272127,S2-81930493,S3-733363223,S3-219619805
S1-98852814	S2-866390523,S3-631244597
S1-641248763	S2-893141480,S2-491791955,S3-137516033,S3-887248712,S3-530210405
S1-38057087	S2-988896098,S3-570186964,S3-787826172,S3-720179640
S1-993605448	S2-393892957,S2-652006401,S3-62253438,S3-209242733
S1-730645384	S2-591448859,S2-678331519,S2-491081230,S2-37702406,S3-418906147,S3-584798073
S1-193056269	S2-568195269,S3-493701110
S1-814138276	S2-765964870,S2-321257958,S3-592159384
S1-409330588	S2-967906719,S3-452344001
S1-195977547	S2-369622382,S3-862222071,S3-970858767,S3-353412636,S3-587277674
S1-404756897	S2-1075530,S2-22506197,S3-665367670,S3-464610155
S1-708840671	S2-71790447,S2-262403580,S3-211990692,S3-707333030,S3-873978165,S3-856785935
S1-963253405	S2-646133331,S2-547264391,S3-158028721
S1-634689214	S2-542834522,S2-212169913,S3-173413040,S3-49828698
S1-886219149	
S1-793175794	S2-121366839,S2-477387054,S2-394670490,S3-402084102,S3-210609197,S3-184735114
S1-104247440	
S1-115403735	S3-689077218,S3-77000305
S1-139684083	S2-987153330,S2-840928033,S3-445435687,S3-429367161
S1-273964985	S2-735683129,S2-917251447,S2-349795701,S2-123285078,S2-448389672,S3-430454456,S3-308877102
S1-274437184	
S1-569535373	
S1-753922160	S2-604262104,S2-432670832,S3-53658924,S3-425794651
S1-549782488	S2-650955207,S3-61584583,S3-10470436,S3-5862043
S1-618510472	S2-634904444,S2-745117197,S2-982052651,S3-906700767,S3-513032930
S1-667897699	S2-795291686,S3-198100067
S1-976212477	
S1-834110049	S2-732635382,S3-402238240,S3-951371648
S1-79843970	S2-474206755,S3-684648954,S3-496859908,S3-468821956
S1-383774989	S2-614380825,S2-395245210,S3-575289266,S3-707246487,S3-430515641,S3-949243374
S1-377154163	
S1-534445545	S2-289004688,S2-132351593,S2-18576064,S2-370146438,S3-794331824
S1-658471254	S3-540087336,S3-728418889,S3-925773412
S1-190560106	S2-254131975,S2-254923264,S2-932891432,S3-460386825,S3-819422339,S3-405819872,S3-197075305
S1-179148277	S2-636296466,S3-158624111,S3-190694337,S3-230995578
S1-13776159	S2-148681431,S3-699108294,S3-415283776
S1-496547303	
S1-7109116	S2-613458962,S3-785994773,S3-625485184
S1-302834247	S2-153809076,S2-239660702,S3-491311787
S1-103246832	S2-214508994,S3-832953073
S1-974985166	S2-719674292,S2-106488044,S3-79271905,S3-350257986,S3-286087732
S1-400396363	S2-192129345,S2-694386341,S3-981000637,S3-776814214
S1-771973472	S3-906334349
S1-453598818	S2-101214710,S2-302182577,S3-953144904
S1-251134194	S2-494905721,S2-535266586,S2-507122690,S3-273710484,S3-433129343
S1-546048731	S2-431889871,S2-179103730,S3-397717462,S3-968081706,S3-175103356,S3-950148907
S1-414608071	S2-130350364,S3-254290430,S3-953474224
S1-190853744	
S1-934862312	S2-450421660,S2-562097455,S2-347753914,S3-135677160
S1-224340004	S3-637911705
S1-622384842	S2-47553955,S2-524636010,S3-505997985,S3-143789027
S1-262548528	S2-201423929,S2-157527705,S3-107271242,S3-927069496,S3-987909755,S3-151650331
S1-424191798	S2-945534155,S3-862325011,S3-160513717,S3-218547361
S1-657089389	S2-849727859,S3-133199474,S3-388256455,S3-40443170,S3-102783464
S1-52871464	S2-409106434,S2-648057864,S3-390702085
S1-389016626	S2-562725552,S2-957006795,S2-976316729,S3-311690841,S3-868194184
S1-599660226	
S1-48527120	
S1-268737558	S2-13485842,S3-193392616,S3-858036349
S1-578562774	
S1-943825216	S2-720527926,S2-289607143,S3-907749
S1-499533142	S2-928940161,S2-828998571,S2-476966739,S2-543232720,S3-445167485
S1-761668123	S2-294255596,S3-464300664,S3-205685779,S3-645062530
S1-745421011	S2-242314654,S2-997731734,S3-548022984,S3-972905049,S3-336129221
S1-238616702	S2-692170041,S3-853970687,S3-270043799,S3-12832337,S3-877743919
S1-182642261	S2-338866017,S2-17806091,S2-771813284,S3-732170943,S3-672842896,S3-705061187,S3-971178502
S1-304953420	S2-398223191,S2-917658916,S3-847704829,S3-322837419,S3-82315190
S1-53301605	
S1-313337473	S2-504736718,S3-741218416
S1-300361821	S2-136918579,S2-241914374,S3-537814369,S3-232076718,S3-967679634,S3-970106999
S1-670858137	
S1-654920600	S3-69459784,S3-8875528
S1-215298585	S2-137296740,S3-209887226
S1-78841933	S2-502595653,S2-438695711,S3-716350811
S1-395981638	S2-464842581,S2-125558785,S3-803004732,S3-97873430
S1-224791638	S2-14589682,S3-649473399
S1-583627483	
S1-133978364	S2-358732690,S2-844284220,S3-772476221
S1-343540638	S2-796078249,S2-421544791,S3-181277030
S1-381993087	
S1-648134117	S2-538621757,S2-127109545,S2-220640526,S3-681264736
S1-407769671	S2-955211222,S3-333900083
S1-13718339	S2-682417728,S3-714952177
S1-868619583	S2-679512071,S3-452362004
S1-359057177	
S1-845606590	S2-104500487
S1-813020540	S3-811218852,S3-777819185
S1-107269618	
S1-633896839	S2-33738940,S3-737752745,S3-422009562
S1-337022551	S2-318786724,S2-598437861,S2-686519795,S3-744609161
S1-220791947	S2-936773459
S1-553506953	S2-410562697,S2-735179854,S3-829522543,S3-515413055,S3-346834522,S3-163914729
S1-109812871	
S1-6517092	
S1-62980523	S2-530630885,S3-145597788,S3-758459293
S1-605603664	S2-330394293,S3-805538277,S3-360333983
S1-548007036	
S1-117500031	
S1-866000500	S2-611625555,S3-889546860,S3-188858893
S1-597092384	S2-413548035,S2-453241887,S2-888412432,S3-164072982
S1-12130091	S2-903182920,S3-960181102
S1-75426737	S2-194652528,S3-483755550
S1-468522997	S2-163034933,S3-847601038
S1-796515843	S2-590434033,S3-581315755
S1-709501893	S2-557140969,S2-895037265,S2-393030796,S3-988525639,S3-243084803
S1-362487657	S2-104909820,S3-843314548,S3-510772544
S1-49345572	S2-192848343,S3-203161384
S1-534120690	
S1-630862107	S2-66415807,S2-248774807,S2-585654863
S1-339180128	S3-571972991,S3-70068350
S1-324445596	S2-928053607,S2-764327623,S3-974946149,S3-180057807,S3-976439795,S3-885901847
S1-254335778	S2-372330482,S3-602718822
S1-473692757	S2-594236617,S2-764531087,S2-251622171,S3-732464368
S1-240837795	
S1-20864039	S2-675377460,S2-524111112,S3-858904521
S1-10724930	
S1-473816433	S2-377174308,S3-269461557,S3-99571509
S1-535671406	
S1-848157729	S2-628935334,S2-940159956,S2-329233479,S3-751349567
S1-861693272	
S1-594499309	S2-616957154,S2-907049099,S3-302087819
S1-84859680	S2-729507299,S2-92756867,S2-10655201,S3-599944684,S3-952150194,S3-585523341
S1-449712013	S2-538301057,S2-886180403,S3-72448557
S1-593188521	S2-26689784,S2-227492948,S3-901596558,S3-370379978,S3-575123537,S3-692515000,S3-420816964
S1-979150189	S2-12417072,S3-763254177,S3-383202035
S1-668194655	S2-859696217,S3-228709064,S3-291096760
S1-439534918	S2-643104442,S3-958286761
S1-151767387	S2-313155893,S2-291016422,S2-376518865,S3-567441845,S3-821852759
S1-217022110	
S1-339705216	S2-158816537,S3-206767164,S3-77543174,S3-684668965
S1-977587508	S2-526916392,S2-885084309
S1-942841147	S2-87936680,S3-972171245
S1-547357013	S3-711130849,S3-908689715
S1-941889118	S2-829705527,S3-588471626
S1-670300382	S2-976669931,S3-818354082,S3-268139609
S1-413435687	S2-97406596,S3-494600743,S3-953182619
S1-872561723	S2-211950744,S3-599758204,S3-245076133
S1-481652069	S2-572997927,S2-338569185,S3-650109492,S3-659792648,S3-583761954,S3-550127278,S3-861177972
S1-899930904	S2-736424183,S2-737902474,S3-198101634,S3-970419312,S3-572609258
S1-817670773	S2-534422825,S2-755719065,S3-426170054
S1-728488212	
S1-289669622	S2-83495428,S2-778708046,S2-549070229
S1-517000504	S2-135613810,S3-400750045,S3-747346443,S3-921132402
S1-530430652	S2-286431823,S3-570962173,S3-207338865
S1-376927013	S2-683054842,S2-39908721,S2-825751926,S2-862522454,S3-739265164
S1-791259589	S2-23219434,S2-523368627,S3-255064214,S3-591430604
S1-954381635	S2-142426591,S2-61682055,S3-131937862
S1-271653491	S2-391553323,S2-463699455,S3-379068981,S3-717239182,S3-990456211
S1-688512920	S2-439410371,S3-554534774,S3-894131610
S1-5811153	S2-381851672,S2-649533249,S2-363173663,S3-40263781
S1-416962303	S3-851670096
S1-401545466	S2-153834023,S3-484477034,S3-541571685
S1-857644560	S2-26289937,S3-321039504,S3-555239456,S3-767156833
S1-738593195	
S1-552325494	S2-13698429,S2-481785010,S3-841512279,S3-755649980,S3-8670659,S3-521028109,S3-166463455
S1-306725907	S2-738111281,S2-476497560,S3-912705773,S3-853790067
S1-451391137	
S1-511723711	S2-696725238,S2-351491769,S2-265534363,S2-364048481,S3-291044747
S1-169049366	S2-902794855,S3-733249409
S1-244078336	
S1-183183603	S2-304026996,S2-341597280,S3-93361324,S3-83703462,S3-209147708
S1-262041456	S2-585803036,S2-602672525,S3-776196232,S3-449957073,S3-298648634
S1-3328182	S2-823100174,S2-691040772,S3-576920433,S3-222822352
S1-786286291	
S1-565535256	S2-512245749,S2-844851423,S3-448905160
S1-736968408	S2-419890076,S2-446008174,S2-380565580,S3-637211993,S3-937319901
S1-978199229	S2-327980621,S3-619465510
S1-778646905	S2-809817581,S3-36671169
S1-443498416	S2-688667441,S2-865949373,S2-164857545,S2-828436304,S3-987112444,S3-667786628
S1-894233060	
S1-522592234	S2-101535200
S1-385471602	
S1-872425751	S2-342049149,S3-86367123,S3-51974466,S3-856390899
S1-329270859	S2-616992865,S2-974096748,S3-90227630,S3-434691430,S3-953155608
S1-174487204	
S1-694665720	S2-72106037,S2-458704443,S3-383080770
S1-209196409	
S1-891934264	S3-257296179,S3-4711511
S1-518914383	S2-336998119,S3-39736945,S3-39683556,S3-551530273,S3-893882600
S1-373646933	S2-24336083,S2-325803937,S2-862198386,S2-939419862,S2-740133995,S3-374538770
S1-382393140	
S1-751424747	S2-320051254,S2-16089871,S3-658174624,S3-680274110,S3-692268956
S1-64236606	S2-652689120,S3-603937663,S3-895659503
S1-177460323	
S1-248378307	S3-811527156,S3-377968185
S1-935123350	
S1-905462307	S2-275055548,S2-703159054,S2-523297133,S3-903571083,S3-554148800
S1-596684456	S2-425803334,S2-149506594,S2-887320933,S2-315194151,S3-311907010,S3-637391457
S1-679721153	S2-923042565,S3-672126086,S3-731844969
S1-198274696	S2-177438786,S2-861277194,S2-573326722,S3-625865577,S3-941480831,S3-838290054
S1-284753061	S2-150427258,S3-654800769
S1-194322566	S3-933872550,S3-453253540
S1-182040215	S2-121621543,S3-351736207
S1-827391415	
S1-252838449	S2-85933209,S3-178293831
S1-26511597	
S1-600553466	S2-755419851
S1-461834175	
S1-858991996	
S1-335219559	S2-208218327,S2-638413934,S3-490982004
S1-496307079	S2-996086406,S2-5029024
S1-999599204	S2-18535083,S2-341363857,S2-443228380,S3-974737239
S1-613125242	S2-839308772,S2-808432823,S3-111342241,S3-212597892,S3-856409721
S1-659101573	S2-747208722,S2-66112297,S2-758934415,S3-792686825
S1-260720132	S2-424477240,S2-945892340,S2-947551320,S3-445659351
S1-301814657	
S1-322642181	
S1-916728453	S2-131670568,S3-332091444,S3-100454975
S1-46356564	S2-51469985,S2-266995783,S3-402480164,S3-512055395
S1-978649785	S2-167830905,S2-253335449,S2-701384904,S3-764679518,S3-653313563,S3-238056450,S3-669869935
S1-736182852	
S1-963815793	S2-824570348,S3-623144701,S3-217071651,S3-662592420,S3-535236751
S1-69606375	S3-93664410,S3-522039589
S1-192065959	S2-22340633,S2-283783954,S2-142198853,S3-153749644,S3-807641444
S1-130504269	S2-366876781,S2-992346507,S3-202513447
S1-825006523	
S1-821927513	S2-476352757,S3-636440250,S3-508082356,S3-273612698
S1-973907868	S2-363492383,S2-482594044,S3-24832082
S1-196003744	S3-375705762,S3-836380876
S1-284878823	
S1-749692486	S2-734098560,S2-561060159,S2-431812149,S3-125505962,S3-753722241
S1-523676461	S2-480911277,S2-371615851,S2-269837912,S3-825492935,S3-597169513,S3-643950525
S1-843160177	S2-245328613,S3-543836478,S3-140379687
S1-777770471	S2-670126566,S2-14126501,S2-988321023,S2-809325860,S3-436853781,S3-912550890
S1-257834169	S2-654492672,S3-104622079
S1-339761891	S2-210358571,S2-370082737,S3-696518950,S3-635712540
S1-805291293	S2-519362220,S3-215566464
S1-812486784	S2-457294029,S2-685844072,S2-276204339,S2-982336538,S3-209901014,S3-793250598,S3-717520749,S3-861821296
S1-979117087	S2-23191499,S2-841964938,S2-180164444,S2-929972259,S3-260246376,S3-453919442,S3-397593096
S1-914225571	S2-839977714,S3-934469111
S1-354656651	
S1-501745404	S2-141872114,S3-901258381,S3-191696157
S1-170375308	
S1-10870399	S2-782529655,S2-370528272,S2-221389172,S3-923722574,S3-474823174,S3-5066391
S1-309592485	S2-815395443,S2-246957621,S2-38396062,S2-371936598
S1-96889719	
S1-568504789	S2-109244293,S2-202928471,S3-135868415
S1-431948234	S3-568376810,S3-212692709,S3-924652818
S1-382518193	
S1-480846384	S2-40408297,S3-979364582
S1-778850126	S2-997724061,S2-690479920,S2-839023189,S2-217496709,S3-876355494,S3-418902094,S3-23219612,S3-296557414
S1-18594120	S2-379316279,S3-9535685,S3-717126275
S1-695581453	S2-453975656,S2-191852619,S3-29648755,S3-865976417
S1-512179486	S2-752120312,S3-21486288,S3-982937023
S1-227758508	S2-887887871,S2-936971062,S3-969308990
S1-420724188	S2-891425030,S3-979598843,S3-123900504
S1-980222090	S2-514781796,S2-254151637,S3-869835026,S3-759932288
S1-359374902	S2-125433593,S2-542778474,S2-930879474,S3-631724184
S1-698169970	S2-528761429,S2-956453456
S1-811348172	S2-267026998,S2-277827645,S3-393580958
S1-664798359	S3-375590875
S1-580611112	S2-799692564,S3-822363978,S3-214424621
S1-941261991	S2-324141284,S2-126856231,S2-583258400,S3-746989399,S3-292701930,S3-794466172
S1-361787912	S2-960920412,S2-352000958,S2-546489950,S3-862525865
S1-771202421	S2-978187234,S2-94136484,S2-653756065
S1-236472794	S2-384183008
S1-460928489	S2-381722695,S3-122218507,S3-325563873
S1-512014964	S2-889533433,S2-118628252,S2-766296525,S3-546862158,S3-431547211,S3-377945386,S3-704211213
S1-161702061	S2-511952264,S2-721055912,S2-209271044,S3-153874460,S3-408009514,S3-255781162,S3-870915593
S1-454943436	S2-934860377,S3-442630066
S1-41347791	S2-382450558,S3-218854775,S3-708527988
S1-906295913	S3-39074464,S3-581207442
S1-778768160	S2-707229056,S2-348576036,S3-628062677,S3-663943698,S3-436640209
S1-466934583	S2-510493934,S3-848610936,S3-853540473
S1-674757774	
S1-2353263	
S1-801231498	
S1-788214146	S2-961440004,S3-363922289
S1-57562751	S2-947281857,S2-61507724
S1-758242343	S2-812291038,S2-316689703,S3-178949954,S3-667872744
S1-203541458	S2-530134799,S2-519877332,S2-972299526,S3-837645191
S1-543560066	S2-41456526,S2-186213137,S3-947739329
S1-173391149	
S1-672623447	S2-804419904,S2-969059966,S3-144588281,S3-20902782
S1-259762323	S2-361782209,S2-50042142,S3-1903448
S1-797416216	S2-345092554,S2-14913260,S2-954443069,S3-816244837
S1-873097708	S2-558073126,S2-312489794,S3-214118603
S1-253119074	
S1-702415272	S2-487377976,S3-778978986
S1-441233998	
S1-574011598	S2-279273396,S2-164823039,S3-58013361,S3-858977611,S3-799177515
S1-868609656	S2-991011322,S2-573648166,S3-293090420
S1-407755695	S2-12938091,S2-470254998,S2-717267002,S3-732724795,S3-523569456
S1-968700074	S2-73688779,S2-497340546,S3-367801693
S1-273018728	
S1-438562065	S3-982895486
S1-642002887	
S1-385673142	S2-66921769,S3-853535172
S1-677589669	S2-452599344,S2-392858301,S2-14633037,S3-391395510,S3-795668266
S1-319274247	S2-386115418,S2-975247102,S3-39991360,S3-498783055
S1-448593786	S2-299381675,S3-373808337,S3-262185421,S3-467611446
S1-320101199	S3-966466683,S3-115705830
S1-813250623	S2-942607525,S2-704669959,S3-23127229,S3-441968938
S1-498776560	S2-820159474,S2-585685463,S2-590856985,S2-951387517,S3-322712458
S1-957691698	
S1-843635505	S2-717290316,S2-481751691,S3-541118766,S3-440482645
S1-755646903	
S1-140083019	S2-476872583,S2-589337975,S3-995789938,S3-618448361
S1-428173050	S2-691176409,S2-456733827,S2-855613466
S1-592013011	S2-661628160,S2-487711694
S1-351688987	
S1-856233442	S2-764108933,S2-141917344,S2-705287598,S3-732010209,S3-867304723
S1-543658046	
S1-466005341	S2-789199529,S3-884351940,S3-186372406
S1-42418912	S2-854180636,S3-83501784
S1-272653067	S2-500990821,S2-511671758,S3-519258772
S1-809731415	S2-755207775,S2-643487475,S3-509615269,S3-676811157,S3-882381547
S1-100190437	S2-725882042
S1-761936519	S2-314019249,S3-953588239
S1-517711698	S3-734867746,S3-449396741
S1-112611532	S2-72200510,S2-853423890,S2-648598863
S1-243846281	S2-376756225,S2-44734519,S3-518149659
S1-67321262	
S1-864524700	S2-605002699,S2-619430326,S3-977992171
S1-810034258	S2-43372177,S2-256172973,S3-112638948,S3-404714490,S3-520313439
S1-311529738	
S1-598755172	S2-314405563,S2-121776845,S2-88528757,S2-361402440,S3-229915348
S1-111153177	S2-204109597,S2-344408027,S3-507057539,S3-317589711
S1-544184189	
S1-111952122	S2-788876956,S3-178341432
S1-663392184	S2-532492697,S3-526172011,S3-804166472,S3-627832597
S1-676341674	S2-629023856,S2-471381538,S2-887459484,S3-361417927,S3-887301743
S1-938668240	S2-252169029,S2-925416020,S3-804304266
S1-325379061	
S1-897797538	S2-551316641,S3-663512333
S1-732241750	S2-412063250,S2-552518022,S3-98948510
S1-574994117	S2-19663447,S2-594831716,S2-487448828,S2-759320569,S3-956695565,S3-969130591
S1-803003943	S2-20924291,S2-427034177,S3-378886476,S3-171561399
S1-664052516	S2-334467782,S2-53323508,S3-39028825,S3-132582924,S3-16706359
S1-668606934	S2-696699595,S2-901968350,S2-159831497,S2-620657211,S3-416809419,S3-829580738
S1-873658558	S2-124633787,S2-152782725,S3-621455393,S3-169472834
S1-739032732	S2-244922463,S2-368369012,S3-313935130,S3-583452092
S1-852714950	S2-701878647,S2-48619266,S2-862449311,S3-472863120,S3-115192720,S3-306235194,S3-292399606
S1-258281625	S2-309710869,S3-397650393,S3-346471606
S1-83173092	S2-480378598,S3-509783201,S3-215084723,S3-108232052
S1-734234309	
S1-503244875	
S1-98788449	S2-289249968,S2-378467365,S3-740420672
S1-39386879	
S1-568475803	S2-663332726,S3-980260227
S1-712925310	S2-237219733,S2-387721092,S3-214015694,S3-653536356
S1-448882009	
S1-682377834	S2-714254247,S3-787647029,S3-110069926,S3-460836919,S3-170527999
S1-687013152	S2-218753598,S2-286122637,S2-37670931,S3-224572089
S1-355312015	S2-111657711,S2-648659943,S3-475568394,S3-190478641
S1-95503210	
S1-857259332	S2-934831442,S2-950950039,S2-756727839,S3-69341367,S3-312564350
S1-740080895	S2-280330753
S1-72428230	S2-503132508,S2-652475354
S1-620163575	
S1-856798695	
S1-748581494	S2-925982534,S3-880257840,S3-677815656
S1-794137787	S2-258540613
S1-565314063	S2-787440213,S3-983179637,S3-524483512,S3-670498568
S1-667924678	
S1-72647537	S2-848142452,S2-955923422,S3-112824730,S3-971019182,S3-669721186
S1-355610291	S3-366638118,S3-712448374
S1-628107631	S2-771006498,S2-72715171,S2-916876013,S2-588513048,S3-651953541,S3-969660955
S1-680408779	S2-376836098,S2-251936434,S3-484257001,S3-525698941,S3-409246493,S3-921105513,S3-72359516
S1-737248158	
S1-565144636	S2-240804698,S3-898854792
S1-491634999	S2-409551753,S2-980655056,S2-437450206
S1-305946526	S2-955064671,S3-483837800,S3-673675766
S1-300939959	S2-414892620,S3-690653918,S3-801515457
S1-718847885	S3-240139625,S3-367595368
S1-849611087	S3-570603932
S1-95536770	S2-44106526,S3-982381971,S3-435114394
S1-131669080	S2-41347563,S2-272172935,S3-596916980
S1-429759379	S2-689008148,S2-114154745,S3-82762171
S1-172586186	S2-126435154,S2-510903099,S3-274985702
S1-236973894	S3-767064540,S3-772181202
S1-597127839	S2-806515031,S2-29207473,S2-375373002,S2-290671679
S1-583625006	S2-341217717,S3-731361698,S3-601098663
S1-701090777	S2-106368300,S2-326737055,S2-846511148,S2-165490938,S3-176362364,S3-312292572
S1-336150033	S2-406867699,S3-942377590,S3-23990023
S1-917969303	S2-250208273,S3-682657087,S3-219547232,S3-551760966
S1-923956530	S2-421653468,S2-970666794,S3-917969021
S1-814364676	
S1-565871415	S2-457064826,S3-436082044,S3-520694530
S1-997435765	S2-977575269,S2-597763887,S3-469234350
S1-137506392	S2-212637381,S3-104011910
S1-849582145	S2-154951002,S3-475891726
S1-216601221	
S1-235216995	
S1-473812025	S2-563948675,S3-830465307,S3-526349451,S3-193000245,S3-882545863
S1-592171138	
S1-330359064	
S1-551827121	S2-185965363,S3-111196991
S1-543543586	S2-919944547,S3-886382991
S1-614525698	S2-498879283,S2-104526419,S2-221388429,S3-644533623,S3-71265681
S1-513571748	S2-239280711,S2-960607201,S3-508076887,S3-185577915,S3-288240980
S1-254147793	S2-386841221,S3-179001905,S3-652103979
S1-325923848	
S1-712595688	S2-646919422,S3-940996191,S3-774086991
S1-572881722	
S1-187679396	S2-212260206,S2-553055213,S3-935141860
S1-602413356	
S1-587073912	S2-6333776,S3-188063882,S3-240769113,S3-961597207
S1-428423080	S2-938249695,S2-803889214,S3-271937902
S1-936139204	S2-149808637,S2-338389253,S3-866401231
S1-373658297	S2-605023586,S2-833267183,S3-238485390,S3-879476022,S3-252008636
S1-628085608	S2-653571661,S3-643800081,S3-412025811
S1-176437060	S2-893309055,S3-666717625
S1-707034447	S2-453770127,S3-123724472
S1-821543209	
S1-646699097	S2-691924728,S2-899707795,S2-154207697,S3-573091774
S1-864052203	S2-598616447,S2-978108768,S2-26403611,S3-594686954
S1-524674887	S2-313088017,S3-355219195,S3-302232282
S1-488212127	S2-236030612
S1-669747731	S2-692454707,S3-387014441
S1-148414902	S2-223614675,S2-791243213,S2-605234398,S3-103593707,S3-183664522,S3-298926354
S1-597679028	S2-65051717,S2-7904370,S3-778765924,S3-468872105
S1-982464435	S2-967190786,S2-759100519,S3-95522137,S3-244098500
S1-381829178	S2-401925460,S2-55421379,S3-146746599,S3-147489599
S1-809907226	S2-104578791,S2-366467642,S3-573408056,S3-518491131
S1-386816839	S2-850477701,S2-959249870,S2-926773027,S3-645794306
S1-665878833	S2-682601115
S1-53693056	S2-433951333,S3-518147364
S1-741477223	S2-112175177,S3-782479709
S1-953219065	S2-642143201,S3-469804196,S3-988903813,S3-302337635
S1-709295808	
S1-182174660	S2-66596565,S2-181710381,S2-260722463,S3-374496423
S1-628608647	
S1-455131454	S2-584183455,S3-925686053,S3-14036065,S3-118663566
S1-435396173	S2-809952414,S2-776494987,S2-757633037,S2-370081911,S3-419701446
S1-995058673	S2-47793870,S2-268202901,S3-158720825
S1-522163615	S2-785061926,S3-989577443
S1-744843669	S2-49778907,S2-313122859,S3-334561004
S1-754708195	S2-951871272,S2-533631221,S3-639167161,S3-565363468
S1-752263842	S2-208821895,S3-702416327
S1-471259520	S2-195464454,S3-899665720
S1-69471102	S2-381388898,S3-785883423
S1-489620749	S2-377655212,S3-495096897
S1-22064195	S2-592699598,S3-501007830
S1-321461094	
S1-631467485	S2-783574447,S3-267544798
S1-17571355	S2-467230708,S2-846514721,S2-698803316,S2-747296944,S3-408535152
S1-488517902	S2-285167922,S3-698329738,S3-729187222,S3-61576524,S3-869356360
S1-734662583	S2-332580308,S2-291858253,S3-337896296,S3-935617838,S3-150754609
S1-623311548	S2-570983415,S3-279107830
S1-441754825	
S1-882375416	S3-441133116,S3-744520080
S1-497018432	
S1-285285942	S3-277811582,S3-832127030,S3-827961534
S1-265901934	S2-955603420
S1-59627142	
S1-902318392	
S1-425624067	
S1-586066271	S2-622019416,S3-277515909
S1-524973122	S2-206279584,S3-351274879
S1-191466678	S2-789347385,S2-566446455,S2-307560093,S3-551790074
S1-796277501	S3-924746242
S1-410560136	S3-483170538,S3-55787459
S1-637430339	
S1-246923329	S2-93347212,S3-659350402,S3-985279156
S1-601760537	S2-474598971,S2-211249866,S3-40744703,S3-667026733
S1-559541061	S2-831455606,S2-138116219,S3-46061811
S1-230740834	S3-464146408,S3-358264938
S1-578254262	S2-611496096,S2-571223976,S2-38649868,S3-588774611,S3-525156841,S3-753848151
S1-699628406	S2-357112850,S2-874142373,S3-3990991,S3-873158252
S1-55236106	S2-278203388,S3-155263475,S3-975691935
S1-360984405	
S1-166808893	
S1-532062989	S2-940588156,S2-563753107,S2-92276634,S3-375594328,S3-362099606,S3-102181107
S1-6550765	
S1-484861948	S2-987650804,S3-487963478,S3-691845001
S1-560660517	
S1-918570786	S2-599251572,S2-4240241,S3-605956909,S3-436121424,S3-592166034
S1-282280956	S2-232657728,S3-104922621
S1-726810881	S2-506961062,S3-929283153,S3-572719058,S3-978202343
S1-579341677	
S1-84601227	S2-742493944,S2-927884705,S2-632595043,S2-212365736,S2-496397449,S3-353796572
S1-438598771	S2-747823998,S2-462501121,S2-539912307,S3-399105791,S3-679614712,S3-734632944
S1-773491387	
S1-496813687	S2-106595612,S3-909053129,S3-90234374,S3-696902302
S1-724480703	S2-960881842,S2-687906719,S2-625988808,S3-341488784
S1-925065468	S2-234906407,S3-100940902,S3-830923280
S1-261607970	S2-213848932,S2-110950655,S2-346979851,S3-137253610
S1-23138672	S2-882045176,S2-474963799,S2-415892264,S3-114074671,S3-110947705,S3-633186127
S1-546205719	S2-78692713,S2-448922789,S3-710728424
S1-673473750	
S1-310521693	S2-544110895,S2-903674631,S2-874713778,S2-727428356,S3-731770408,S3-215356428,S3-869692233,S3-513717013
S1-442604432	S2-80314294,S3-293912534
S1-881491739	S2-888927742,S3-302887572
S1-429515326	
S1-206625316	S2-3376318,S2-14712608,S3-249109074,S3-94401919,S3-783827133
S1-537011151	
S1-289473499	S2-735825476
S1-809722993	S2-77006803,S3-993637585,S3-845085005
S1-328164272	
S1-729807109	S2-32476447,S3-203364619,S3-220171837
S1-922528779	S2-9880784,S3-694161253,S3-526070573
S1-578740215	S2-37526037,S3-888210396,S3-958915018
S1-921073712	
S1-253137633	S2-700789598,S2-393335428,S2-711667962,S2-482958164,S2-323032217,S3-922902484,S3-573732559,S3-93039654
S1-557388418	
S1-548378980	S2-358173718,S2-464303325,S2-385582676,S3-192429004,S3-816990298
S1-500564056	S2-985864015,S2-734541674,S2-341122075,S3-866565984
S1-440055199	S2-620646605,S3-223536,S3-688543184
S1-739503137	S2-373548873,S3-92601851,S3-448428588
S1-452548499	S2-905158422
S1-910420806	S2-467141594,S2-570912020,S3-957081151,S3-263783760
S1-300894815	
S1-458955022	S2-958402461,S3-632153900,S3-767400183
S1-731681456	S2-781271419,S2-135847852,S2-522081327,S3-507875287,S3-202199786,S3-865906256
S1-993266174	S2-104477083
S1-6514592	S2-459307497,S3-660063896,S3-730138923,S3-109903782
S1-141384581	S2-297066638,S2-845445347,S3-675648608
S1-905238842	S2-751792450,S2-891459835,S2-112829489,S2-299274431,S3-759000460,S3-632257436
S1-168373034	
S1-324284957	S2-14490377,S2-841639824,S3-400262444,S3-154791058
S1-791373710	S2-740058753,S2-704804472,S2-904503919,S3-932693839,S3-319131018
S1-616923873	S2-743630069,S2-125290244,S2-627044410,S3-969062291,S3-881939710
S1-745293076	S2-844958846,S2-735947723,S2-440797169,S2-131658853,S2-930015004,S3-220565580,S3-354397913,S3-300964608
S1-485507687	S2-698416391,S3-362607680,S3-107419028
S1-865589506	S2-931566301,S2-260148771,S2-146277299,S2-799550609,S3-146318938,S3-28670443
S1-15722045	S2-941727030,S3-610978176
S1-133355438	S2-226266568,S3-645782037,S3-987310895,S3-529406524,S3-493287838
S1-897632786	
S1-301881552	S2-38292520,S2-300401129,S2-174591831,S3-434834818,S3-212316012
S1-442356198	S2-308372190,S3-415993036
S1-97441547	
S1-129812802	S2-553471094,S2-548525120,S3-458148780,S3-7847247,S3-121459657
S1-323986787	S2-542969428,S3-622493279
S1-838058147	S2-5883287,S2-114228611,S3-709745591,S3-685518740,S3-98736932
S1-427357723	S2-12648039,S2-916816236,S2-63428181,S2-546323201,S3-881460391,S3-842278915
S1-589292418	
S1-754659672	S2-715250032,S2-54316602,S3-531504590,S3-641547664,S3-667945918
S1-703524462	S2-535978419,S3-178005797,S3-437444001
S1-195802181	S2-810490477,S2-498541494,S3-470899551,S3-544475812,S3-528178804
S1-651225937	S2-886851013,S3-875955561
S1-253931330	
S1-449668639	S3-458715437
S1-688400306	
S1-175343424	S2-134325925,S2-571579684,S3-669126720
S1-6370056	S2-359741903,S3-513443615
S1-322326415	S2-749557989,S2-681794759,S2-90054618,S3-908705670
S1-987702349	S2-297142254,S2-45001768,S3-245502828
S1-266170402	S2-826554333,S2-468990423,S2-74953080,S3-729921460,S3-698496660
S1-372126414	S2-424738712,S2-641955079,S3-307946307,S3-279196240,S3-775875532
S1-508426176	
S1-531509912	S2-645540157,S2-61151110,S2-579779950,S2-61514529,S3-292516184,S3-114358040
S1-900351430	S2-134834908,S3-680639353,S3-181691133,S3-771652257
S1-903072315	S2-514257529,S3-185956668,S3-142934741
S1-810750093	S2-164547650,S3-898370402
S1-259583341	S3-156401862,S3-941990360,S3-280280575
S1-694265635	S2-655571569,S2-893022950
S1-471672230	S2-346794551,S2-214905680,S2-602171384,S2-17395075,S3-914758985,S3-264208791
S1-655662742	S2-731588570,S3-614519965,S3-233629768,S3-503248549,S3-189457812,S3-50931435
S1-457667577	
S1-572532708	S2-439512634,S2-507503363,S3-158001061,S3-322222735,S3-367598844,S3-877321594
S1-891465772	S2-148779962,S2-859285010,S3-154659757,S3-633744246
S1-884080409	S2-181029039,S3-674304771,S3-697252180
S1-815827552	S2-953392250,S2-435147092,S2-589135875,S2-627963437,S2-536506425,S3-807267678
S1-859708445	S2-232989631,S3-777824291
S1-647822623	S2-792211379,S2-232437318,S2-148005690
S1-858033179	S2-550135481,S3-100966451
S1-152184008	S2-769886342,S3-361635847,S3-228609203,S3-70254771,S3-30494382
S1-169294562	S2-749489065,S3-542499886,S3-795222928
S1-242836937	S2-157381451,S2-458006426,S2-739223163,S3-268294571,S3-746217743,S3-786908848
S1-685767068	S3-692783297,S3-75417953
S1-385372382	S2-33181764,S2-184053438,S3-462930590,S3-652220208
S1-483858661	S2-465088237,S3-539560263,S3-109346815,S3-659626436,S3-894300846
S1-264822399	S2-546507064,S2-6654427
S1-910198998	S2-69739261,S2-225220426,S3-207977985,S3-453047462
S1-359744208	S2-36568980,S2-863182434,S3-682058360
S1-870104915	
S1-724963981	S2-301791358,S2-755856816,S3-208203421
S1-885237448	S2-924267947,S3-865295316,S3-551934019
S1-153175383	S2-425850019,S3-931254702,S3-440902312,S3-456338900
S1-13411786	S2-388548388,S3-45813760
S1-481261727	
S1-146360604	S2-746265203,S3-322822982
S1-983197102	S2-39652591,S3-403589258
S1-53911919	S2-648280946,S2-72737493,S2-218400885,S2-186471643,S3-687892363
S1-891169718	S2-809114158,S2-778660799,S3-513616932
S1-255162427	S2-212037097,S3-297460386,S3-350930922,S3-435201480
S1-475804851	
S1-970809760	S2-342878568,S2-162140787,S3-681983498
S1-904132440	S2-108215650,S3-778327440,S3-121531271,S3-347341051
S1-95582677	S2-345194329,S2-811940792,S2-647879538,S3-53056532
S1-951417684	S2-264976361,S3-258660601,S3-768429948,S3-666072194
S1-687797756	S2-648518322,S2-847247171,S3-513887578,S3-716205446,S3-614196784
S1-772517100	
S1-580730364	S2-530330594,S3-243822148,S3-937023728,S3-578151393
S1-480431719	S2-17434782,S2-632114749,S3-483661920,S3-386700697,S3-770554585,S3-370672392
S1-967328391	
S1-533049642	S2-436254877,S3-125510505,S3-847657847,S3-651574682
S1-239205497	
S1-142030387	S2-854807506,S2-29111200,S2-26863432,S3-815994903,S3-706225720,S3-936577923
S1-752846958	
S1-685739190	S2-423506275,S3-122259959
S1-104547743	S2-110011273,S2-801805074,S3-67121577
S1-505058644	S2-721292150,S2-225779891,S2-637007866,S3-108189523,S3-851119152
S1-743930336	S2-655956911,S2-93477660,S3-281320446
S1-420094312	S2-431112086,S2-569527029,S3-433524189,S3-444770
S1-511771547	
S1-850777308	S2-437100944,S2-469928040,S3-549450770
S1-706398202	S2-536425907,S3-154274806
S1-801360361	S2-209738274,S3-61828398,S3-948878459
S1-802226322	S2-849045536,S2-698151003,S3-174224312
S1-198538716	S2-614228877,S3-593217190,S3-352919596,S3-339488898
S1-306349365	
S1-579840449	
S1-390189093	
S1-656457981	S2-917202840,S2-223226961,S3-58877682,S3-570260308,S3-946318022
S1-278819549	
S1-146750999	S2-26868039,S3-253703815,S3-532548888,S3-543270653,S3-276803248
S1-152078192	S2-397576533,S3-925111125
S1-965123342	S2-139855862,S2-253476475,S2-533990964,S2-755776575,S2-171856247,S3-823102841,S3-198272359,S3-925486361
S1-467123202	S2-75685642,S2-587350694,S3-368226546,S3-490609575,S3-448752664
S1-112964588	S2-592183241,S2-682974349,S2-334873200,S3-274888462,S3-538632365,S3-713772184
S1-111293872	S2-462403392,S3-677662825,S3-825282569,S3-667502949
S1-429865892	
S1-626789389	S2-595148597,S2-991115257,S3-459540355,S3-681891018
S1-810349407	
S1-395044968	S2-89196618,S2-391631275,S2-151945284,S3-82798503
S1-482111837	
S1-520465562	S2-667493515,S3-223618703,S3-731052342,S3-472035518
S1-258366861	
S1-749612760	S2-62812174,S3-510340868,S3-511480588,S3-393290728
S1-45176074	S3-763697771
S1-447765793	S2-828599402,S2-115956995,S2-327162464,S3-602190649
S1-298791122	S2-251330951,S2-688456926,S3-709713123,S3-169354438,S3-524670753
S1-520284729	
S1-294621245	S2-652411259,S3-701925555,S3-576054800
S1-95386923	
S1-156845192	S2-530381975,S3-379437021
S1-793768461	
S1-681582856	
S1-393071723	
S1-340812801	S2-530341911,S2-731684963,S3-978178785,S3-54169413,S3-753780031
S1-946029369	
S1-24391204	S2-418777208,S2-911239782,S2-754460236,S2-236277566,S3-258156144,S3-184961328,S3-283042974
S1-9464060	S2-702699881,S2-827751607,S2-110685036,S2-423518393,S3-195091406,S3-237553703,S3-232930342,S3-162320096
S1-950741724	S2-222646797,S2-993488657,S2-773494439,S2-824575538,S3-513778928,S3-885853125
S1-88607992	S2-438140225,S3-503019502,S3-37997472
S1-778842655	S2-369354762,S2-34290029,S3-650175498
S1-89013769	S2-491112304,S3-171841,S3-824220085
S1-335586111	S2-218272111,S2-119400073,S2-271405683,S3-664382453
S1-501703904	S2-829817296,S2-90926945,S3-287734103,S3-445755141
S1-969754038	S3-388994780,S3-685270986,S3-325557736,S3-168942429
S1-679506814	S2-311363591,S2-681185145,S3-771612138,S3-982942878
S1-367693023	S3-790342689,S3-382546114
S1-926441370	
S1-138799888	S2-72889204,S2-811330498,S3-560246954,S3-12142241,S3-599018866,S3-938163296
S1-227977472	S2-744755752,S2-567781405,S2-87749239,S2-704305775
S1-568028274	S2-689998112,S2-35121526,S3-340030021
S1-160992708	S2-201476119,S3-782408560,S3-587576170
S1-630124848	S2-398788956,S3-831836041,S3-376028958,S3-507673386
S1-864969687	S2-648598602,S2-312867551,S2-425698497,S3-116655350
S1-555449564	S3-478464199
S1-444155037	S2-125375988,S2-215831331,S3-182575711
S1-717225827	S2-947738813,S2-41724774,S2-930226533,S3-949417920,S3-503347075,S3-577062062
S1-980653247	S2-856586932,S2-458390380,S2-657081064,S3-102914470,S3-591315411,S3-154938653,S3-112374685
S1-73229415	S2-438341817,S2-895769568,S2-25803169,S3-807963345,S3-339439540,S3-989807007
S1-36797499	S2-107651775,S2-795162777,S3-131351912,S3-867202827
S1-783487600	
S1-352837913	S3-545755382
S1-882198137	
S1-437040521	S2-482817079,S2-674386306,S3-121745258,S3-80394675,S3-261184011
S1-165959767	S2-714294460,S2-576001785,S3-214320248
S1-639257459	S2-136851332,S2-404246827,S3-297601609,S3-786459279
S1-552232455	S2-213697156,S2-986317282,S3-97017523,S3-417063859
S1-248490827	S2-894609257,S3-333080258,S3-17117766,S3-247630346
S1-871050161	S3-624699349,S3-950967042
S1-618889340	S2-841642056,S2-620347196,S3-319172290,S3-583685370
S1-582557163	S2-268669554,S2-891048122,S2-699794529,S3-827985958,S3-779186714,S3-91456182
S1-250936518	S2-167717233,S2-960138433,S2-847049123,S3-51181526
S1-496794571	S2-250195308,S3-379818847
S1-11240682	
S1-51774929	S3-787659878
S1-385333305	S2-169869308,S3-70602695,S3-420483562
S1-865439290	S2-931119085,S3-716917713,S3-662246864,S3-112049580
S1-180226405	S3-981594962,S3-371048940
S1-249977779	
S1-443806267	S2-192625619,S3-771710576,S3-308250621,S3-141239763
S1-812715693	S2-765442083,S3-962465896,S3-478254763
S1-825992759	
S1-157772107	S2-272571699,S2-616370559,S3-575876960,S3-179645737
S1-339836515	S2-297309322,S3-451838199,S3-201458597,S3-139216333
S1-112620926	S2-203666655,S3-148287206,S3-116527743,S3-914641608
S1-530178268	S2-547675620,S3-532604765,S3-106162041,S3-980799293,S3-869407371
S1-632149586	
S1-682880130	S2-915317432,S3-952529463
S1-126842039	
S1-44461728	S2-710026511,S2-879407820,S3-406909952,S3-483087365,S3-929073693
S1-960572511	
S1-321377741	S2-573684852,S2-20860701,S3-715336298
S1-934260460	S2-327519105,S2-587885190,S2-412907035
S1-606308082	
S1-963807582	S2-716971383,S2-375104163,S3-904324687
S1-102546233	S2-552107796,S3-727363530,S3-669688000,S3-46015442
S1-319232966	S2-923790390,S3-726599712
S1-461435255	
S1-777935940	S2-11003125,S2-867120373,S2-432884340,S2-380066291,S3-908744766,S3-157256803
S1-617934212	S3-654860276,S3-109157803,S3-76353284,S3-533258393
S1-668344889	S2-115795311,S2-773496404,S3-556829730,S3-610904940,S3-615704936
S1-643349886	S2-385093098,S3-285836564,S3-740942024
S1-948137436	S2-976401977,S3-106132879,S3-375805404,S3-642438222
S1-693282155	S2-322311183,S2-353117460,S2-483210265,S3-887285970,S3-174248473,S3-101596136
S1-921661526	S2-488476028,S2-169096587,S2-72154050,S3-958704339
S1-852009155	S2-931788744,S2-174015474,S3-962883677,S3-310143740,S3-212162519,S3-540334414
S1-95627898	S2-9316761
S1-766129489	S2-58991200,S2-774521988,S2-105279008,S2-78496476,S3-570371535,S3-654922777
S1-210741278	S2-412526919,S2-682221689,S3-949914610
S1-425175450	S2-662650622,S3-220305904,S3-556621787,S3-81343152
S1-839373758	S2-66145814,S2-161396234,S2-813226758,S3-987049660
S1-287421711	S2-772467100,S2-350695581,S2-59186763,S2-358608197,S3-568989680,S3-930692502,S3-204499599
S1-183933406	S2-483072830,S3-981906957,S3-258104646
S1-395133330	S2-314676190,S3-259443286,S3-924538319
S1-456449146	S2-995131828,S3-15522827,S3-602624034,S3-63655312,S3-334290115
S1-342530193	S2-32323656,S3-59536601,S3-32489732
S1-381826718	S2-697924425,S2-843979771,S2-539608185
S1-165677001	S3-284383359
S1-302647711	
S1-285184076	S2-818907568,S2-443376230,S3-615904855
S1-685125809	
S1-785345254	S2-300008699,S3-945372448
S1-803491095	
S1-8524069	S3-359448989
S1-493731401	S2-101842614,S2-444088615,S2-159681734,S2-76881000,S2-14698412,S3-587596466,S3-711996196
S1-502340358	
S1-58586440	
S1-109577736	
S1-832324241	S2-746518597,S2-612341508,S3-786759015,S3-417733340
S1-774450031	
S1-910293639	S2-325918938,S3-625164713
S1-77274527	S2-451350970,S2-651086145,S2-915663745,S3-590626492,S3-406077907,S3-343066647,S3-833656632
S1-280548290	S2-719483161,S2-551252245
S1-952657599	S2-62683060,S3-684995046,S3-840087885
S1-265449272	
S1-304447701	S2-383801791,S3-508287771,S3-524921811,S3-950359939
S1-876403605	
S1-822152683	S2-429255759,S2-946314898,S2-860688051,S3-168840508,S3-175775737
S1-328725930	S2-731253294,S2-576328169,S2-441747650,S3-659377362
S1-480200681	S2-117144085,S2-569131993,S3-171617503,S3-400010721
S1-817905400	S2-34394677,S2-7875064,S3-135710097,S3-19349183,S3-231023806
S1-39453311	S2-163047690,S3-871134313,S3-702222471,S3-688283229
S1-484550602	
S1-28390839	S2-797784574,S2-806923579,S2-551152705,S3-26967129,S3-247233338,S3-972157828
S1-632007789	S2-10772027,S3-495284558,S3-435857316
S1-909185272	S2-184769754,S3-828757180
S1-247506570	S2-535205681,S2-443981813,S3-851280101
S1-337358864	
S1-189356742	S2-605565740,S2-231276280,S3-357768168,S3-982247765,S3-90882887
S1-463654192	S2-752259020,S2-101342070,S3-624726122,S3-921767418
S1-541996803	S2-57212059,S2-388072932,S2-258897271,S2-10968959,S3-659436443,S3-919853904,S3-346210247
S1-468895981	S2-719104929,S2-793378595,S3-160441920
S1-783423626	S2-187466791,S3-476109053,S3-418913477
S1-295899485	S2-226923343,S2-62325338,S3-62807681,S3-634416105
S1-794765885	S2-442077753,S3-699757486,S3-505631559
S1-875230163	S2-506424819,S2-381420005,S3-60365250,S3-571091953
S1-814838441	S3-327534293,S3-430897020
S1-344979668	S2-621823296,S2-844513966,S3-132181526,S3-486288353
S1-643469008	S2-22931263,S2-317510188,S2-980808063,S3-592989314,S3-488932431
S1-987124728	S2-880765364,S2-790565271,S3-589100724,S3-674770591,S3-861236505
S1-493451761	S2-451137235,S2-166770400,S2-419508462,S3-954173501,S3-208693472
S1-495354091	S2-808235320,S2-104212461,S2-687314310,S3-962214905
S1-491120722	
S1-939656755	S2-523616746,S3-873892558
S1-165970622	S2-548567481,S3-969676995,S3-621813970
S1-11471027	S2-938176563,S2-349398490,S2-850387516,S3-549209131
S1-551878175	S2-29038780,S3-533413348,S3-314077698
S1-370110608	S2-593702003,S2-441884293,S2-15000881,S2-525147042,S3-773871799
S1-462919705	S2-917988198,S2-743238401,S2-83439051,S3-242391811
S1-186012964	S3-29135074,S3-252269024,S3-436176374
S1-771481250	S2-810368097,S3-732514101
S1-229300228	S2-843290637,S3-957842878,S3-57008721
S1-206465255	S2-675823657,S3-569078672
S1-185171706	S2-379534993,S3-903208947,S3-82998899,S3-528291176
S1-161906801	S2-856746186,S3-117642628
S1-471046052	
S1-274875053	S2-48251247,S3-65746903,S3-913708398
S1-940561869	S2-402633902,S3-932434045,S3-945695673
S1-904848291	S2-645377881,S3-169933276
S1-589812469	S2-789925424,S2-557962369,S3-117000150,S3-67285199
S1-579403936	S2-423829726,S3-375904602,S3-306088427
S1-505683835	S2-846034514,S3-536701233
S1-903603436	
S1-289782891	S2-230601995,S3-917654141,S3-764325577
S1-924070797	S2-410363750,S2-464524268,S3-916844998,S3-643452659
S1-333004703	S2-71497716,S2-785931738,S2-805361948,S3-523969629,S3-66038981
S1-877732553	S2-393824181,S2-437047893,S2-487504326,S2-305060960,S2-666542652,S3-750949520,S3-376911108
S1-804103653	S3-72566084
S1-688727595	S2-374323005,S2-824946990,S3-48327619,S3-157292367
S1-232102603	S2-57412210,S2-994243895,S3-900899954
S1-401488603	S2-683573667,S2-345520504,S3-965040438,S3-335246395
S1-254588801	S2-951478601,S2-416845193,S3-228751936,S3-346846478,S3-937252208
S1-396696881	S2-681148744,S2-395568518,S3-133240659,S3-663961631,S3-121949367
S1-835581036	S2-611599899,S2-912126304,S2-395501362,S2-525551233,S2-137402082,S3-547579161
S1-497555378	S2-823728343,S2-653295794,S3-83190003,S3-336791159
S1-786648028	S2-295927033,S3-411383317,S3-271567190
S1-603307820	S2-98630012,S2-416946529,S2-492087853,S2-929795198,S3-116656548
S1-70290644	S2-913419909,S3-825475195,S3-641969155
S1-503217536	S2-42276288,S3-155777316,S3-501267854
S1-549026919	S2-372918557,S2-249035194,S3-200433499
S1-203597934	S2-995758317,S2-832328150,S2-361163660,S3-240938425
S1-78372535	S2-142330583,S2-653432727,S3-971251734
S1-136988751	
S1-387554918	
S1-535086041	S2-904726477,S2-28167369,S2-199806259,S3-542859414,S3-394203331,S3-199337643,S3-443237569
S1-541302555	S3-901703952
S1-112941983	S2-34222796,S3-30648549
S1-994670759	S2-418504665,S2-855420172,S2-616965569,S2-452194637,S3-807594978,S3-11176388,S3-911187435,S3-533333792
S1-981823979	
S1-251321756	S2-854383887
S1-575286582	S2-399842820,S2-502960318,S2-9843760,S3-249850301,S3-518614265
S1-674541610	
S1-353530480	S2-376436778,S2-372199980,S2-894432033,S3-662896468,S3-392582657
S1-137490259	
S1-135668662	S2-262827538,S3-396829524,S3-129849760,S3-908756081
S1-250646305	S2-267221171,S2-83997715,S2-648062448,S2-364710415,S3-914734553
S1-579428736	S2-621310242,S3-317300202
S1-746256047	
S1-770405424	S2-696753361,S3-145062152
S1-302054854	S3-191349969,S3-619086812
S1-497323890	
S1-945142491	S2-906926655
S1-780228490	S2-566909086,S2-98039946,S3-658234571
S1-10342085	S3-313449134,S3-674028509,S3-205567740,S3-578152349
S1-980001810	S2-426008305,S2-461995916,S2-185287201,S3-112850942,S3-656425438
S1-265884973	S2-264710209,S2-19708354,S3-422692361,S3-182869182
S1-166526651	S2-107490372,S3-417571495,S3-11185290
S1-35153604	S2-16821669
S1-746744666	S2-457652539,S2-54057866,S3-734499375,S3-397720292
S1-755381993	S2-64112436,S2-80803430,S3-439036180,S3-110119073
S1-319118649	S2-9677267,S3-808514722
S1-683045115	S2-828488898,S3-25428050,S3-206503815,S3-597853411
S1-964290903	
S1-474696683	
S1-450134111	S2-739272938,S3-12356020,S3-890046373,S3-846476658,S3-775407906
S1-289874254	S3-130119629
S1-809814486	S2-941411020,S2-309644039,S3-277751879,S3-923010854,S3-247314110,S3-158121473
S1-411647606	S2-218417140
S1-968888246	S2-870408842,S2-86355405,S2-935225735,S3-424194885
S1-236532025	S2-51271004,S2-538558560
S1-204064508	
S1-606524570	S2-383621252,S2-109024115,S3-756297846
S1-667020488	S2-829105278,S2-455692762,S3-201430979,S3-553022242,S3-803353391,S3-693010206
S1-274473920	S2-826636283,S3-205799194
S1-305869714	S2-862294244,S2-232591712,S2-921444562,S3-5381677,S3-48627759
S1-283004636	S2-502691346,S2-329005456,S2-111339218,S2-982888143,S2-421683624
S1-855016850	
S1-699093257	S2-547504471,S3-599252707
S1-197727999	S2-952387984,S2-805723618,S3-451213165
S1-128583881	S2-550857572,S2-811748647,S3-993553097,S3-421140400
S1-238377953	S2-989398581,S3-401445944,S3-203196044,S3-491638617
S1-543129917	S3-437301843,S3-77209177,S3-523118493
S1-880015641	S2-106871675,S3-175928752,S3-993697838
S1-911125704	
S1-803549518	S2-615639436,S3-527418030,S3-385917561,S3-537698887
S1-882463306	S2-425936096,S3-381946136,S3-492695362
S1-706513027	S3-598392955,S3-941846929,S3-795612947,S3-576107806
S1-167383913	S2-594233860,S2-414188952,S2-691380012,S3-746475585,S3-474151138,S3-203671016
S1-863234876	S2-492076858,S3-993617967,S3-80666523
S1-961641469	
S1-673991351	S2-693302250,S3-703589277,S3-58816281
S1-710891317	S2-86832950,S2-740411661,S3-412256519
S1-341313267	S2-496627753,S3-794133430,S3-361735739,S3-578332891
S1-108005563	S2-72888752,S3-569064745,S3-102036182
S1-23713023	S2-507945155,S2-872921623,S3-979319113,S3-729069630
S1-390565888	S2-173752258,S2-128292052,S3-503334507,S3-361106799,S3-545464483
S1-490988697	S2-170810726,S2-235405143,S2-536436139,S3-467568581,S3-599299877
S1-843382764	
S1-473371883	S2-474201104,S2-537717984,S2-175619736,S2-435230192,S3-833523376
S1-313592921	S2-840196239,S2-349308607,S3-600948109
S1-46577189	S2-821245942,S2-367239475,S2-614616019,S2-986810420,S3-505656919,S3-206989860
S1-689996686	S2-534464423,S2-739543178,S3-318746471
S1-881139324	S2-735539497,S2-429774215,S3-473828926,S3-839013012,S3-23966335
S1-137258945	S2-905138176,S3-67881908,S3-305667287
S1-447287913	S2-413004050,S3-973053569,S3-541023283
S1-713428072	S2-389651411,S2-736811415,S3-883418440,S3-531978654
S1-147339525	S2-697565162,S2-500824637,S2-401374315,S3-123431311,S3-566944236,S3-260765599,S3-381762543
S1-393034736	S2-647044156,S3-5552887,S3-144489629,S3-264957234
S1-796215153	S2-934224310,S2-362706864,S2-496565137,S3-502212444
S1-999179022	S2-596592246,S3-802489954,S3-701822304
S1-225341632	
S1-360396137	
S1-614202347	S2-988463337,S2-894960773,S3-243248121
S1-556377301	
S1-303997538	S2-904947252,S3-958570600,S3-126256110
S1-85869066	S2-156206671,S2-331112901,S3-308173839,S3-111770261
S1-367997703	S2-698996440,S2-778129324,S3-336864171,S3-364123413,S3-563048630
S1-611660075	S2-13678840,S2-254683228,S3-871098459,S3-434920902,S3-1033,S3-825973049
S1-75987357	S3-993144060
S1-50062566	S2-60178678,S3-459437799,S3-849469043,S3-703285336
S1-698243372	S2-629764107,S2-973019321,S3-861606666,S3-995743804
S1-976313518	
S1-210329355	S2-674396405,S3-134228204,S3-391173693,S3-97089822
S1-873385528	S2-464690216,S3-492515850
S1-593908911	S2-355726477,S3-357134273,S3-784989542,S3-314846770
S1-936789007	S2-853379601,S2-684940973,S2-289439469,S2-235846719,S3-882391406,S3-357759606
S1-217708532	
S1-809877684	S3-57469624
S1-593790614	S2-783755922,S3-498650364,S3-492198643
S1-91916884	S2-130868231,S3-689140468,S3-270245880
S1-25403814	S2-608704863,S3-58098968,S3-457999092
S1-885315205	
S1-889478893	S3-963663363,S3-20846507,S3-958926815,S3-977503392
S1-795228707	S2-908283363,S2-914348690,S2-651313549,S3-96780598
S1-73206886	S2-762303408,S2-564296299,S2-258644341,S3-896544215
S1-862575793	S2-100088755,S2-24870706,S2-48568474,S3-668597520
S1-787250823	S2-30906577,S3-259376974,S3-429911557
S1-871655033	S2-329998360,S2-80329403,S2-25713605,S2-980218412,S3-729501093,S3-178632024,S3-353559414
S1-307279853	S2-301349190,S2-652587531,S3-958207467
S1-444895179	S2-540793205,S2-289307497,S3-709230917
S1-400903071	S2-353963978,S2-631463097,S2-546540002,S3-750107075,S3-715944578,S3-434475708
S1-104033501	S2-801039077,S3-737345242,S3-269692597,S3-319048659
S1-276257088	S2-426248652,S2-853198121,S2-417058515,S3-487747300,S3-40896474,S3-353432400
S1-366580812	
S1-719055462	S2-85801867,S2-320248509,S3-354974808
S1-876176139	S2-43760701,S2-475717522,S2-656738785,S3-192682609,S3-801454329
S1-619752587	S2-473463448,S2-731196104,S3-526962363
S1-26132899	S3-381842500,S3-297426779
S1-349533292	
S1-386745744	S2-150830472,S3-328170935,S3-829316596,S3-348229065
S1-733243111	S2-654101,S2-377907981,S3-946945925,S3-699605053
S1-928515642	S2-214241478,S3-360113817,S3-716396127
S1-876495773	S2-858387018,S2-798289120,S3-393501539,S3-391912204
S1-603199075	S3-960800372
S1-659369968	S2-456683071,S3-420717745,S3-506957310
S1-788136387	S2-544113586,S2-426751278,S3-281229342,S3-473092142,S3-932115910
S1-887270164	S2-440424535,S2-419288532,S3-931863285,S3-407406235
S1-733591019	
S1-485764583	S2-205125950,S3-640437726
S1-169345014	
S1-286637885	S2-713603736,S3-812247525
S1-195543145	S2-260547162,S2-964362169,S3-210004181
S1-331627476	S2-25477048,S3-17588609
S1-546658010	
S1-667301916	S2-509112,S2-775057791,S3-315222093,S3-624121925,S3-617271261
S1-179770373	
S1-426093511	S2-351507147,S3-465947659
S1-554630167	S2-739352924
S1-982023557	
S1-602739151	
S1-685136962	S2-396433796,S2-137532224,S3-845054392,S3-658797975
S1-62626361	S2-554808849,S2-100087044,S3-761713401,S3-699660936
S1-118754588	S2-789402883,S3-601245895,S3-882576543,S3-56389312
S1-440535742	
S1-58203059	S2-30258104,S2-485852283,S3-67375250,S3-253119241,S3-605557565
S1-915804324	S2-614696330,S2-564819663
S1-650334862	S2-337470646,S3-680810836,S3-156286105
S1-989175138	S2-973124683,S2-696614128,S2-961459630
S1-313192349	S2-858609061,S3-360703962
S1-35777686	S2-374880499,S2-725829897,S3-670195497,S3-726110017
S1-459424829	S2-397771755,S2-36795744,S2-211852691,S3-962714362,S3-572764696,S3-376408757,S3-430339656
S1-196131931	S2-647723473,S2-577386516,S3-474380036,S3-962456374
S1-474654900	S2-300168837,S2-734929726,S3-615142970,S3-651371145
S1-667391135	S2-166101916,S3-208804552,S3-53851432
S1-257272879	S2-482198634,S3-423678531,S3-239479257
S1-146708828	S2-535237974,S2-961987047,S2-460463595,S3-970721994
S1-708501286	S2-84412894,S2-704556188,S3-972764658
S1-424414920	S2-965345950,S2-766733286,S3-370877820,S3-983984654
S1-853538522	S2-334553749,S2-509933544,S3-490975761
S1-187642818	S2-666263068,S2-233181696,S3-365880775,S3-440389351
S1-53550576	S2-234904802,S3-266925997,S3-382805418
S1-852401186	S2-977942857,S2-71274949,S3-310513404,S3-276044947,S3-144245870,S3-404107919
S1-642695153	S2-772263568,S2-112448128,S2-393988110,S2-394791430,S3-680308029,S3-948273647
S1-321850626	S2-43678504,S2-630817997,S2-969462662,S3-518644055,S3-934160714
S1-62127650	S2-29079861,S3-591741830,S3-473364301
S1-629109575	S2-89777708,S2-149457789,S3-415763417,S3-329733083,S3-273104057
S1-664964612	
S1-483629187	S2-920987047,S3-392268325
S1-132389946	S2-288511112,S3-713700518
S1-883946987	S2-651899047,S3-190267830
S1-230736280	S2-675386094,S3-31091288
S1-552835235	
S1-942695566	
S1-596703606	S2-366818048,S3-213928006,S3-992164188,S3-620643115,S3-804776705
S1-247306420	
S1-464127116	S2-686473966,S2-230004931,S2-280083789,S3-807923958,S3-260791819
S1-714014100	
S1-763093674	S2-648625822,S3-710486707
S1-72725531	S2-151476214,S2-430083316,S2-751839241,S3-389487027,S3-563386339,S3-328903807
S1-315157451	S2-819067961,S3-713626107,S3-770451117,S3-907661131
S1-990028705	S2-72776523,S2-476151893,S2-388603276,S3-29928441
S1-883647035	
S1-188142534	S2-15417250,S2-228703432,S2-189177242,S3-398430327
S1-905343965	
S1-578958991	S2-910086872,S3-120384876,S3-870853787,S3-229241410
S1-107383974	S2-739617751,S3-736603108
S1-410140830	S3-771029552,S3-34082867,S3-91605875
S1-535899416	S2-912372931,S3-448469172
S1-932561587	S2-294505786,S2-290855232,S2-941378920,S2-399722923,S2-428306516,S3-179878835,S3-748932997
S1-30459407	S2-663900503,S2-339409186,S2-942965163,S3-237395468
S1-81199943	S2-922317686,S2-194622293,S3-631972228,S3-899995015
S1-29792081	S2-640329740,S2-230225950,S3-589848471
S1-574751819	
S1-862712171	S2-905428491,S2-206209826,S2-974735869,S2-926902571,S3-345210508,S3-793258563,S3-877969825
S1-854878302	S2-161396453,S3-729540180,S3-749111414
S1-163568207	S2-585064230,S2-809682652
S1-992735302	S3-93367042
S1-726595067	S2-751207998,S2-373890344,S2-751038378,S3-21708727
S1-491099893	
S1-237146681	S2-88004791,S2-71102518,S2-994302683,S3-335434325,S3-271972224
S1-349252455	S2-789625672,S2-743007873,S2-532536901,S2-272705740,S3-802003141
S1-599842385	S2-234579959,S3-547983466,S3-257032110
S1-776826213	S2-194811078,S2-730763378,S3-38249845,S3-605124770,S3-267656100
S1-772669769	
S1-341572162	S2-502524184,S3-359727641
S1-384292203	S2-230058023,S2-801223881,S2-771722571,S3-745782366
S1-463263306	S2-197518689,S2-542804259,S2-86000547,S3-988000394
S1-18910739	
S1-150342721	S2-968945517,S3-692324488,S3-548362688
S1-426725094	S2-182896065,S2-637512914,S3-875999542,S3-905700631
S1-566071645	S2-974647820
S1-917408843	S2-311775077,S2-298614266,S3-819576909
S1-144234982	S2-982171665,S2-502053348,S3-14460176,S3-77875251,S3-176172926
S1-63020049	S2-596008797,S2-464659659,S2-599119146,S3-17600739,S3-322290404,S3-798875156
S1-626694894	S2-470087908,S3-960043572
S1-546953275	S2-797086700,S2-36922958,S3-894236240
S1-378020036	S2-785459614,S2-147138512,S2-324565201,S3-119267710
S1-79296848	S2-114803087,S2-484827472,S3-399561877,S3-129593536
S1-323684335	S2-532666873,S3-186289761
S1-536445193	
S1-790338211	S2-668411724,S2-919022053,S2-622362315,S2-49839078,S3-427367735
S1-16088554	S2-725780804
S1-292459911	S2-681286778,S2-498811748,S3-496137149,S3-952809759,S3-486874704
S1-777066492	
S1-161912317	S2-489883482,S2-540703413,S2-421771476,S3-271763108,S3-769551196
S1-576639346	S2-857494145,S3-579241734,S3-67184047
S1-532181005	S2-147370049,S2-97491532,S2-254805686,S3-736072892,S3-632227559,S3-26553987
S1-997667420	S2-972986334,S3-541920900,S3-355144760
S1-19484496	S2-807317138,S2-571893510,S2-392013271,S3-956378423
S1-600690855	S2-520312979,S3-987479664,S3-92397178
S1-366333864	S2-71651585,S3-415572226,S3-577903468,S3-742810554,S3-599892805
S1-824138254	S2-215170520,S3-607023274,S3-313519738,S3-925684961,S3-238631625,S3-939655024
S1-485209120	S2-609016625,S3-878984901,S3-115165067,S3-202710113
S1-598879454	
S1-594813380	S2-926791407,S2-272840235,S2-406724915,S2-626692687,S3-875365069,S3-715742955,S3-394359435
S1-32982834	S2-584935747,S2-275528287,S2-449678287
S1-517181767	
S1-787606541	
S1-717528507	S2-953595753,S3-596876486,S3-494612940
S1-273918704	S2-405151909,S3-734566251,S3-664345133
S1-695252025	S2-888506062,S2-172610745,S2-424677335,S2-245092043,S3-546809904
S1-812787409	S2-576283608,S2-640887977,S3-553808244
S1-289965580	
S1-452649374	S2-604343626,S2-895502094,S3-925390479,S3-574398534,S3-287239267
S1-141402875	S2-821557725,S3-735331095
S1-640622038	
S1-962034662	S2-760052976,S3-894199974,S3-331221099
S1-30466038	S2-345259952,S2-170620207,S2-411468159,S3-560913196,S3-51852262
S1-407107002	S2-231259896,S3-314305817,S3-695345979
S1-769789165	
S1-671564602	S2-867504801,S2-523384960,S2-260938499,S2-161715961,S2-734498807,S3-676817632,S3-554700643
S1-503323468	
S1-966931018	S2-454498644,S3-82981470,S3-682064500
S1-874196114	S3-766286510,S3-508461919,S3-318041270,S3-504227801
S1-646875743	S2-569331562,S3-71099775,S3-427681759,S3-735474163,S3-5004943,S3-499257763
S1-976207500	
S1-540720425	S2-760528273,S3-791204209,S3-366212845
S1-996444369	S2-107681965,S3-824188861,S3-245103911,S3-439693881
S1-312231929	S2-94909357,S3-483031105,S3-697644655,S3-240932688
S1-972614925	S2-193326442,S2-870686726,S3-837542435,S3-224875366
S1-223420080	S2-24402456,S2-961763054,S3-667590363
S1-608854391	S2-228209409,S3-30687425,S3-370575077,S3-942586895,S3-99071546
S1-51591272	S2-219709352,S2-903391104,S3-30309198,S3-78843779
S1-38738376	S2-756971419,S3-160498061,S3-586344553
S1-784669365	S2-160643674,S2-880271724,S3-783589164
S1-709462442	S2-360271466,S3-353893740,S3-611130546,S3-685384231
S1-602296498	S2-638268740,S2-364957171,S2-933302975,S3-408645670
S1-901864450	S2-531966636,S2-757044165,S2-250429754,S2-196128902,S3-240991348,S3-917690390,S3-244190287,S3-792823572
S1-139664721	S3-543977808,S3-621963594
S1-14344981	
S1-866262114	S2-396841947,S2-84845103,S2-647037467,S2-504810593,S3-152019378,S3-148223050
S1-375986548	S3-717548986,S3-573697213
S1-534364383	S2-569640781,S3-280607458
S1-884376093	
S1-674824993	S2-724428217,S2-609324457,S3-476578668
S1-945876060	
S1-831422972	S2-759951010,S2-572631785,S2-491837931,S3-943030810,S3-514943722
S1-492561561	S2-692956531,S2-826393291,S2-639558361
S1-287761224	S2-718458001,S3-43070013
S1-283063594	S2-355957595,S3-608793527,S3-364573466
S1-72379460	S3-624419510
S1-325957549	S2-914639677,S2-658824485
S1-282969525	
S1-559379049	
S1-183465974	S2-750441871,S3-120465236,S3-140847272
S1-48587595	
S1-267326772	S2-72689536,S3-257345578
S1-383338830	S2-325482962,S2-157929187,S3-318649356
S1-449714097	S2-951288621,S2-625998729,S2-47440479,S3-610829018,S3-753294007
S1-319531665	
S1-167830676	
S1-333325312	
S1-802923343	
S1-44678757	S2-836545872,S2-116163165,S2-910016038,S2-40651379,S3-894682356,S3-547209634
S1-501271803	S2-633300074,S2-453672911,S3-523893632
S1-247478821	S2-682315662,S2-590876059,S2-229256698,S3-328570846,S3-93524975
S1-920297646	
S1-617488124	S2-646493336,S2-884117755,S3-622734314,S3-276066465
S1-77573773	S2-959227155,S3-307079551
S1-296311929	S2-591929578,S3-867223893,S3-986156395
S1-355250161	S2-548189842,S2-86038171,S2-397243969,S3-87464236
S1-640916583	S2-954290766,S2-149464103,S3-999323432,S3-416986230,S3-128654026
S1-168059962	S2-823105685,S2-134736137,S3-580297696,S3-158822904
S1-982686031	S2-825978884,S3-123707726
S1-287705687	S2-90409950,S2-118030616,S3-165562543,S3-140805481
S1-441690621	S2-559155149,S3-68878812,S3-239385991,S3-377421237
S1-95543593	S2-892527219,S3-952747411,S3-947955168,S3-666940045
S1-141891479	S2-232086765,S3-289283244
S1-154381194	S2-64906080,S2-996065791,S3-510417795
S1-801160193	S2-794353827,S2-104987116,S2-704963423,S3-994465232,S3-629902739,S3-684066933,S3-354603182
S1-962834023	S2-276615836,S2-785380772,S2-409382578,S3-500477947,S3-300028419
S1-435124417	S2-196668574,S2-303987981,S3-689845544,S3-511342638
S1-401517985	S2-370559686,S2-51363526,S3-421150491,S3-547904810
S1-266095487	S2-769231261,S2-299660811,S3-381440178,S3-898704517
S1-871896929	S2-374992725,S3-530656274,S3-901511149
S1-450399545	S2-766878996,S2-441921420
S1-775707167	S2-730272319,S2-57456218,S2-939362421,S2-937222548,S3-931483971
S1-439875063	S2-471635729,S2-817269773,S3-810312953,S3-16177282
S1-246000051	S2-198007967,S2-496733663,S2-729348590,S2-957773632,S3-777952957,S3-216562454
S1-791296271	S2-231337389,S2-67595183,S3-745695756
S1-572317494	
S1-552417803	S3-478679691
S1-318173030	S2-371219107,S2-499340405,S3-727637829
S1-42998188	S2-995677658,S2-235300704,S3-749810822,S3-902093553,S3-581343701
S1-687437164	
S1-592714258	S2-754384575,S3-538226520,S3-361478601
S1-435406569	
S1-920816489	S2-58081385,S2-590112952,S2-286307804
S1-217548654	S2-977757002,S3-300529263
S1-276003668	S2-115764717,S3-473781390,S3-302802068
S1-330542070	S2-108529053,S3-803082210
S1-158662956	S2-647221583,S2-14290577,S3-958405901,S3-70661220,S3-530171816
S1-612430732	S2-160373817,S2-382553419,S2-541287462
S1-50934034	S2-170366384,S2-693412342,S3-463282652,S3-907158479
S1-483710623	
S1-663673659	S2-234163173,S2-919544013,S2-389656699,S3-919844343
S1-659800511	
S1-966515871	S2-17550960,S2-678734819,S3-414722078,S3-691252283
S1-30268683	S2-705535257,S2-858986395,S3-60272202
S1-497048061	S2-71828300,S3-606044759
S1-641642061	S2-809091354,S2-178651287,S3-450955303,S3-96746572
S1-632559701	S2-995145220,S2-723883690,S3-968400815
S1-807590781	S2-129288898,S2-926269117,S2-956571529,S3-258727902,S3-148750645
S1-148206771	
S1-812272038	S2-492345976,S2-813920646,S2-370085113,S2-347151774,S3-332326873,S3-782563660
S1-723992970	
S1-45290819	S2-241738963,S3-428515889
S1-6655083	S2-892547030,S2-353234245,S3-173180326
S1-762998124	S2-403042367,S2-147946400,S3-587158421
S1-598305110	S2-485117180,S3-495817923,S3-372182442,S3-737474373
S1-319066693	S2-806051205,S2-30739681,S2-265043364,S3-801835835
S1-82407517	
S1-499639334	S2-545023260,S3-63665881,S3-149927730,S3-487508736
S1-986321961	S3-701113077,S3-298484184
S1-785448997	
S1-396033350	S2-209053677,S2-951644514,S3-169730806,S3-709215963,S3-581530841
S1-660165	S2-496775355,S2-402563125,S3-507524790,S3-650896158,S3-226817438
S1-616159316	S2-877081686,S2-292746437,S2-327598531,S3-298866985,S3-546615825
S1-789003647	
S1-150075959	
S1-752008030	
S1-527261696	
S1-837917944	
S1-102757676	S2-915545024,S2-247338475,S2-257581931,S3-761127888,S3-802175095,S3-941482221
S1-142804598	S2-200589308,S2-864236828,S3-994283300,S3-874994573
S1-159011477	S2-608675850,S3-178760666
S1-224137565	
S1-867895189	S2-263004809,S2-855523438,S3-687069698
S1-769738436	
S1-690190623	S2-840534927,S3-240803534
S1-888115151	
S1-838994601	
S1-596182991	S2-591026910,S2-810147007,S2-372751448,S3-376388946,S3-767060506,S3-123860410,S3-546006480
S1-364372700	S2-641674042
S1-453407973	S2-698182152,S3-550404313,S3-478701721
S1-963207755	
S1-243957953	
S1-28568031	
S1-544511966	S2-263523269,S3-313689554,S3-293665141
S1-135487733	S2-417922664,S2-901849967,S2-37587055,S3-963943994,S3-337341123
S1-931148378	S2-866096690,S2-478609188,S3-172169433
S1-845872763	S3-548871750,S3-933668971
S1-121592150	
S1-536542154	S2-36631264,S2-275579950,S3-27178725,S3-852532102,S3-610619002,S3-47361799
S1-309589492	
S1-629020605	S2-384733329,S3-360747370,S3-973124783,S3-813281417
S1-482830845	S2-629454707,S2-361512089,S3-60646430
S1-403887464	S2-833154459,S3-804767815,S3-246350573,S3-602518155,S3-331784907,S3-78127656
S1-462032130	S2-69740067,S2-193375912,S3-226027733
S1-591094677	
S1-470302312	S2-728095550,S3-448234391,S3-457097520
S1-318824906	S2-798828570,S3-617156579
S1-322340372	S2-690961844,S2-607629330,S3-615166091,S3-49715343
S1-249445290	
S1-341220223	S2-609201603,S2-80874332,S3-387965123,S3-134786533,S3-346551216
S1-642936922	S2-468324474,S2-491764894,S2-253793143,S2-173875510,S3-728214838,S3-175602487
S1-428964474	S3-368801630,S3-435612614
S1-798424350	S2-824553298,S2-456637554,S3-350193254,S3-391392599,S3-173878973
S1-102841697	
S1-63077292	S2-506598793,S3-740482289,S3-701198053
S1-821862544	S2-940886406,S2-971456688,S2-134817371,S3-649216413,S3-51767716
S1-810426263	S2-665020505,S2-961108858,S2-810965781,S3-732592921
S1-984896800	
S1-312581523	S2-624496758,S2-973464890,S3-970027229,S3-23114261,S3-621362352,S3-212363482
S1-63488552	S2-921378714,S3-63921649,S3-576362220,S3-713099405,S3-494071950
S1-823233403	S2-539268784,S3-183035174,S3-998650241,S3-64438385
S1-978005367	S2-696355761,S3-623689378
S1-924013297	S2-497438518,S2-174298792,S3-98256036,S3-687787214,S3-832160054
S1-835576949	S2-282948735,S2-189902674,S2-457083496,S2-316919659,S3-269794850,S3-318808204,S3-933142862
S1-73362103	S2-487437384,S2-775830972
S1-94000755	S2-830133967,S2-534483228,S3-866612938,S3-116580982
S1-330616941	S2-626204604,S2-924478566,S2-861578935
S1-578523398	S3-604505491,S3-478571065,S3-112396761
S1-665060826	S2-905148380,S2-835794614,S3-691348923,S3-863996888
S1-758041353	S2-38146296,S2-88416775,S3-183410416,S3-923610348
S1-179948818	S2-911502980,S2-360840497
S1-604734124	S2-712725542,S2-995470930,S2-650714704,S2-694216977,S3-49363532,S3-158082909
S1-601077297	S2-402136732,S3-342286499,S3-314509068,S3-40926044
S1-672460598	S3-970039421
S1-228799722	S2-967556182,S2-292578301,S3-709343856,S3-933954324
S1-680598075	S2-449235014,S2-89683621,S2-620372737
S1-787019622	S2-536660685,S2-986475420,S3-147242591,S3-819325905,S3-193629704
S1-524303027	S2-708206380,S2-226396708,S3-475216932,S3-535762416
S1-815623956	S2-843865896,S2-977330322,S3-669723077,S3-346150058
S1-999823897	S3-627090002
S1-87862256	S2-431509668,S2-860542163,S2-115898562,S3-757918711
S1-508980113	
S1-14606900	S2-666770975,S3-345668767,S3-764298069
S1-389541294	S2-747701601,S3-561378004,S3-828199704,S3-275965940
S1-285712984	S3-893304929,S3-862362440,S3-880994840
S1-626706290	S2-51463455,S3-326545990,S3-105058390,S3-494873655
S1-541614936	S2-650667877,S2-899012358,S2-242403147,S3-301904739
S1-439438237	S2-787654364,S3-513912944,S3-824086188
S1-704304477	S2-982632431,S3-565351930,S3-125563758,S3-585559354,S3-809550265,S3-775431904
S1-590004252	S2-1644831,S2-264869547
S1-540547589	S2-581418777,S2-798155072,S3-635535195,S3-186276263,S3-78709981
S1-1192058	S2-518197124,S2-744643389,S2-434583676
S1-689484383	S2-642617548,S3-214053948
S1-831685836	S2-348672093,S3-843577196
S1-622152749	
S1-947830884	S2-282299661,S3-407994861,S3-574425938,S3-239632196
S1-875712430	S2-736898052,S3-141949785,S3-759601270
S1-73241877	S2-768684702,S2-684479667,S2-485069210,S3-723309170,S3-620253872
S1-707719541	S2-75028613,S2-781986001,S2-750921157,S3-282045297
S1-757404880	
S1-215630341	S2-764620303,S2-687936401,S3-686616228,S3-514346586,S3-167416811,S3-542560138
S1-609241998	S2-876240611,S3-503199828,S3-230351123
S1-936223223	
S1-739519706	S2-538701438,S2-52434383,S2-631922272,S3-965480205,S3-715793437
S1-95730121	S2-763339761,S3-762523506,S3-481016814
S1-663802156	S2-989383592,S3-603795249
S1-10954790	S2-785848088,S2-436436748,S3-773097964
S1-582131623	S3-950662111
S1-850328445	S2-610020282,S2-567137569,S2-816008183,S2-645998332,S3-43497756
S1-359082172	S2-535460925,S3-161907744
S1-768764488	S3-270120287,S3-905990689
S1-354485030	S2-376956626,S2-804252658,S3-951265518,S3-73617270
S1-399790871	S2-766002921,S3-948886359,S3-308490632
S1-425067974	S2-409452380,S2-241173179,S3-499312260
S1-120787703	
S1-959248611	S2-31985634,S2-464283252,S2-913747788,S3-246394190
S1-848814477	S2-864151327,S3-29319276,S3-341352459
S1-841745568	S3-654531860,S3-294635948
S1-776847769	S2-703449831,S3-490827780,S3-919588434,S3-963747554
S1-308491499	S2-363653407,S2-131237638,S3-827675227,S3-742892348,S3-470338145,S3-976724343
S1-984051578	S2-105741387,S2-284819991,S3-405750916,S3-83005316
S1-660767005	S2-192781536,S2-304468375,S3-314076094,S3-937597820,S3-793300562
S1-409102459	S2-637732023,S3-680411128
S1-38664735	S3-961462243,S3-2634305,S3-748792017
S1-520717636	S2-946575930
S1-41447196	S2-883608538,S2-202370387,S2-456394150,S3-914888590,S3-891988471
S1-394649656	
S1-661316835	S2-945088496,S2-869153162,S2-535453773,S3-667194640,S3-863820708,S3-802587097
S1-74943286	
S1-309065276	S2-395317143,S3-767325517
S1-596873728	
S1-21535700	S2-452563026,S2-331191986,S2-439904899,S3-478616011
S1-351991298	S2-168753233,S2-619257883,S3-718852716
S1-442448486	S2-214656111,S3-39493081,S3-297727972,S3-646765050
S1-356159151	
S1-895171767	S2-60169902,S3-808252184
S1-399421785	S2-320011514,S3-719288181,S3-234039323
S1-618432371	
S1-199957292	S2-326546675,S2-488344899,S2-320425195,S3-473547411,S3-958111878
S1-408387189	S2-340962737,S2-484986295,S3-510378141,S3-499527623
S1-799553785	S2-127469283,S3-185425693,S3-937350620
S1-826827932	S2-36585401,S3-207028763,S3-901007208,S3-326621642
S1-752428037	
S1-354628105	
S1-420692106	S2-243517987,S3-130566508,S3-749385316,S3-616501442,S3-863627333
S1-171956853	S2-179302,S3-854577776,S3-536182763
S1-472065954	S2-787611983,S2-536281096,S3-587164633,S3-789564449
S1-359041758	
S1-360131985	
S1-798674505	S2-957827245,S3-662103215,S3-93983646
S1-468505202	
S1-406803208	S2-368643298,S2-164692332,S2-535162316,S2-230931115,S3-391204207
S1-41335111	S2-493619444,S3-853411296,S3-870389985
S1-417017579	S2-539320948,S2-605539377,S3-52225610,S3-55085503
S1-749522741	S2-427211567,S3-528069789,S3-752949688
S1-512107179	S2-992496095,S2-108646637,S2-828913128,S3-805053195,S3-81926882
S1-846232035	S2-668835893,S2-565593699,S2-794497235,S2-8849810
S1-737732833	S2-618657712,S3-478895111,S3-38492907,S3-767029996
S1-587581283	S2-497227170,S2-340836061,S3-883435449
S1-791740807	
S1-244733485	S2-252936603,S2-318068623,S3-20013250
S1-96272658	S2-102664140,S2-513389623,S2-779331751,S3-327805967,S3-696815639,S3-210989627
S1-951355323	S3-47939667
S1-989848490	S2-146156213,S3-598867180,S3-422209060,S3-457598643
S1-569414380	S3-168777639
S1-264344203	
S1-184453368	S2-500596560,S2-256616766
S1-537910792	
S1-133799393	S2-828242416,S2-267971517,S2-285648356,S3-253973666
S1-242653859	S2-856267087,S2-325361229,S2-72795391,S2-481530205,S3-663640824
S1-100551118	S2-602838457,S2-208578654,S3-401108293,S3-236194557
S1-334878813	S2-334600947,S2-73970856,S3-549499511
S1-645659464	S2-171780337,S3-125806672,S3-212109940
S1-293478698	
S1-850835706	S2-824164836,S2-662656793,S3-621890336,S3-284918969,S3-607926477
S1-503242892	S2-857896469,S2-886119397,S3-912190690
S1-658851638	S2-68935977,S2-96964667,S3-126121711,S3-548700729,S3-121717087
S1-7622220	S2-888421590,S2-215387776,S3-573806026,S3-12126377
S1-103062976	S2-900274318,S2-58289693,S2-24670172,S2-879126961,S3-971353279,S3-394199511
S1-14297216	S2-358208968
S1-75807282	S2-313419221,S2-95137522
S1-615302985	
S1-682996622	S2-558289608,S2-351582075,S3-505472759,S3-91966970
S1-908200949	
S1-744561124	
S1-817939611	S2-900699802,S3-67006617
S1-268579660	
S1-809153704	S2-58049109,S3-751455811,S3-703606466
S1-345181173	S2-795718127,S2-474408233,S3-350860624,S3-861923339
S1-3927516	S2-452575054,S2-157396267,S2-894521884,S3-50000992
S1-94928920	S2-240316492,S2-925056119,S2-941064519,S3-40901249
S1-878867489	
S1-252263198	
S1-614052814	
S1-269563165	
S1-656768331	S2-852744836,S3-366965544
S1-140944676	S2-154237051,S2-75010197,S2-135700334,S3-611801663,S3-789500219,S3-446910312
S1-269701849	
S1-835018723	S2-846447492,S2-231121739,S3-200677182
S1-465607398	S2-513321253,S2-241919702,S3-395495495,S3-491954152,S3-757047652
S1-320719331	S2-408745215,S2-76514763,S2-660020336,S3-296051190
S1-389866551	S2-916430599,S2-30235262,S2-489353365,S3-811174635,S3-376714456
S1-950162257	
S1-306815783	
S1-519849741	S2-469622026,S2-596244085,S2-262231896,S2-357349835,S3-636019584
S1-209945900	
S1-465402754	S2-261959507,S2-811127290,S3-233377412,S3-23533092,S3-522887053,S3-168098244
S1-685228356	S3-244782887,S3-522933191
S1-316139341	S2-35420838,S3-742423175,S3-411006577,S3-616578337,S3-995730585
S1-485893605	
S1-801017797	S2-266941785,S2-782985232,S2-488931251
S1-442671078	S2-668317461,S3-441757110
S1-400833357	S2-313757134,S2-256530918,S2-243808423,S3-840620731,S3-462666244
S1-832863519	S2-890767404,S2-912922213,S3-944248501
S1-808305975	S2-988367777,S2-944807782,S2-730191569,S2-444648929,S3-909283223,S3-963369034,S3-593066997
S1-8746402	S2-176858020,S3-626195083,S3-8937819,S3-474814588
S1-159794333	S2-654110053,S2-552537755,S2-692590860,S3-218584012
S1-45214704	S2-801666660,S3-950891480
S1-189859324	S2-530218068,S3-403095224,S3-393546592
S1-91431510	S2-967739431,S3-800203702
S1-895026352	
S1-750207477	S2-455648249,S2-940902543,S3-183140210,S3-928355675
S1-546701203	S2-954561246,S3-500260164,S3-971337575
S1-109091244	S2-55333255,S2-707279548,S2-32433420,S3-506469976,S3-434906493,S3-955458132,S3-200725160,S3-618981962
S1-322538414	S2-122394562,S3-259724442,S3-97629623,S3-471350507
S1-877392128	S2-881313989,S2-123859039,S2-71213866,S3-56759023
S1-229158089	S2-181351329,S2-75901578,S2-826527787,S3-196493244,S3-344238365
S1-758253229	S2-213891847
S1-153948756	S2-181284251,S2-357644513,S2-677042064,S2-584892344,S3-506266095
S1-812986641	S2-755647071,S2-613632390,S2-165134393
S1-657186999	S2-127472678,S2-764485568,S3-80193257
S1-118626644	S2-506090742,S3-671273388,S3-921939289,S3-120468415,S3-148171131
S1-109057893	S2-963888717,S2-252824935,S3-175850765,S3-314569291
S1-492566995	
S1-913252017	
S1-891818000	
S1-989134750	S2-648930038,S2-633007702,S2-101629335,S2-990440978,S2-174000011,S3-246722037,S3-377469198,S3-836580553
S1-696122481	S2-486306851,S2-983222799,S3-201954842,S3-52274464
S1-133915074	
S1-728466190	S2-645531035,S3-209756962,S3-400665984
S1-661365107	S3-190109810,S3-377258815,S3-500501799
S1-386564017	S2-94183704,S2-400479433,S2-760092666,S3-65472627,S3-849139295
S1-876338249	
S1-597660322	S2-133387328,S3-55203059,S3-142502377,S3-705645271
S1-622032330	S2-250885586,S2-515573775,S2-611922865,S3-192397121
S1-67827729	
S1-228308752	S2-487342427,S3-634553773,S3-787678845
S1-461073892	
S1-506541451	S2-927760663,S3-739428043,S3-645726907
S1-950052629	S2-261634411,S3-655426928,S3-830548216,S3-183134149
S1-521943204	S2-330975767,S2-506183731,S3-138737779
S1-801653165	S2-779898498,S2-715972651,S2-294545043,S3-626577176,S3-564887624,S3-496942481,S3-431762623
S1-289575743	S2-130147436,S3-691428983,S3-52716200
S1-744636884	S3-277210434,S3-757639944,S3-287890090,S3-713976119,S3-465117679
S1-274389865	S3-417632371,S3-428886930
S1-835593835	
S1-156499490	S2-507135363,S3-380064480,S3-248116931,S3-652420282
S1-113362309	S2-774372997,S2-886190724,S2-372260421,S3-239146469
S1-278845792	
S1-247448314	S2-186677936,S3-919679901,S3-632744309
S1-823959826	S2-337897387,S2-666683028,S2-25148362,S2-700958804,S2-163251173,S3-281282255,S3-128330717
S1-563691793	
S1-696229167	
S1-370780024	S2-821709937,S2-329182760,S2-967213638,S3-841280685
S1-809512952	S2-175326204,S2-604763498
S1-591096967	
S1-405758637	S2-894818015,S2-746276306,S2-809692290,S3-312266822,S3-664948486,S3-990683354
S1-443502452	S2-462212708,S2-154743720,S3-285547395,S3-737014401
S1-939204346	S3-686038068,S3-603278027
S1-762838621	S2-599370953,S2-149702923,S3-422656082,S3-240719051,S3-341489923
S1-982509603	S2-680675738,S2-155634527,S2-222279900,S3-374733552,S3-827894689
S1-784664187	S2-710618670,S3-695546767
S1-438867877	S2-897443559,S3-358719958
S1-118036890	S3-694884042
S1-323510353	
S1-911473636	
S1-655719170	
S1-859546550	
S1-434856172	S2-391071620,S2-42176450,S3-979029887,S3-791794149
S1-444149322	S2-601237515,S3-349623491,S3-895241728,S3-633921162
S1-386618475	S2-540051833,S3-599788838
S1-609077029	S2-872668926,S2-926446236,S3-26224647,S3-666152116
S1-733862897	S2-400265953
S1-883398760	S2-989537715,S2-918416296,S2-849327271,S2-384155168,S2-974744403
S1-741802310	S2-115540697,S2-568905084,S2-44357775,S3-37005422,S3-604955699,S3-241284647
S1-725696322	S2-917969147,S2-453032402,S3-621230073,S3-743983593,S3-570481625,S3-469840031,S3-151443972
S1-255226856	S2-351389342,S2-247370729,S2-620719540,S3-382628431,S3-219188368,S3-589224939
S1-665413578	S2-205393858,S2-365939942,S3-997749743,S3-446377987,S3-85086637
S1-976546865	S2-89924330,S3-361196707,S3-914375905
S1-481454051	S2-124209180,S3-671202575,S3-126376536
S1-706091947	S2-146726632,S2-7036688,S3-953358932,S3-915551472,S3-701844558,S3-812337517
S1-259436700	
S1-703341577	S2-642268202,S2-443465998,S3-44647692,S3-304781447
S1-56648526	
S1-583145289	S2-937924281,S3-225882354,S3-485510618
S1-847366742	S2-165514831,S3-376001505
S1-692343309	S2-803795460,S2-815325284,S3-672871501
S1-188684873	S2-504790257,S2-691483924,S2-890701878,S3-921893099
S1-115492056	S2-913135574,S2-276810108,S2-112807871,S3-352487443
S1-783235385	S2-355290883,S2-167956491,S3-92353203,S3-174129411,S3-704428835
S1-872163572	S2-508614506,S2-194701663,S3-348803508,S3-963899380
S1-778979314	S2-166979139,S3-775581410,S3-256749651
S1-391904334	S2-493261644,S3-809362530
S1-341548922	S2-388008621,S2-124205883,S3-37993916
S1-71888451	S2-736542708,S3-509872520,S3-516606363
S1-107387314	S3-253923007,S3-484766139,S3-93917356
S1-70344334	S3-993038860
S1-814851547	
S1-580472052	S2-946807928,S3-687867531,S3-26636206
S1-349682358	S2-47016536,S2-221665077,S3-134008050,S3-580984473
S1-699269018	
S1-543914144	
S1-379392748	S2-388838908,S2-967693958,S3-556534300,S3-810174893
S1-915253943	S2-417635541,S2-677143285,S3-664677635,S3-824168486,S3-489967687
S1-870202299	S2-815740027,S3-117400302,S3-365221560
S1-435661233	S2-116418276,S2-693714036,S2-848394614,S3-534017780,S3-697705643
S1-264762774	S2-576564309,S2-58880134,S3-849252238,S3-440004998,S3-653907778
S1-778523411	S2-675672658,S3-213342311
S1-961872305	
S1-429473439	S3-153501910
S1-510964737	S2-543387849,S2-129822114,S2-178816801,S2-694772833,S3-414053718,S3-670771741,S3-838428943
S1-40145966	S2-369249747,S2-137253899,S2-111399765,S3-923910654
S1-775053789	S2-853124559,S3-235724246,S3-894534581,S3-487315147,S3-202954205
S1-554114084	S2-457748416,S2-69988927,S2-365407202,S2-102010362,S3-661463535,S3-889673825
S1-743957607	S2-359149795,S3-45192435,S3-736457038
S1-814849844	S2-489895368,S2-466208722,S2-668096401
S1-878558621	
S1-296846353	S2-414599853,S2-715710929,S2-682001387,S2-362118560,S3-20860435,S3-37613476
S1-433513860	S2-781355530,S2-649893145,S2-834725432,S3-173711689,S3-416358372
S1-543834595	
S1-430967810	S2-464155009
S1-909194052	
S1-946473296	S2-668578058,S2-252596054,S2-371953178,S3-462690984,S3-201774459
S1-781896957	S2-870885495,S3-220601858,S3-740074149,S3-910895821,S3-995984368,S3-918254758
S1-486682544	S2-123644784,S3-727662395,S3-760885922
S1-903537805	
S1-931246965	S2-353514018,S2-803872102,S2-638362953,S3-739973545,S3-735374342,S3-344742481
S1-604691073	S2-360722869,S3-613752771
S1-214463805	S2-27701570,S3-297709506,S3-728699858
S1-114498331	S2-168962328,S3-302926000,S3-92731904
S1-39905460	
S1-42740164	S2-898270357,S2-766702439,S3-473834712,S3-707424776
S1-647361966	S2-997658025,S3-101075753,S3-456519673,S3-656087024,S3-809921680
S1-424235186	S2-59552010
S1-734002227	S2-749971886,S2-618019733,S2-567224666
S1-312002673	
S1-649267508	S2-804677226,S2-469056420,S3-428408469,S3-730752055,S3-211226697,S3-504328932
S1-829166353	S3-950871134
S1-252844817	S2-877774691,S2-250845719,S3-110320407
S1-467955625	
S1-526927672	
S1-277008751	
S1-556414757	S2-334064668,S3-271366229
S1-22418738	S2-325025878,S2-425244359
S1-699856726	S2-122920147,S2-626340603,S3-14203263,S3-36583793
S1-673682986	S2-921248985,S2-143042145,S2-853290994,S3-557963345,S3-249212502,S3-143231428
S1-802252661	
S1-920295055	S2-854776994,S3-868249733
S1-707126145	S3-539144915
S1-334877847	S2-645483138
S1-831803494	
S1-468138093	S2-869987651
S1-906124312	S2-472679752,S2-773602668,S2-208552265,S3-50058222,S3-225739797
S1-854452990	S2-959445895,S3-149753748
S1-243448926	S2-496228777,S2-802555876,S3-550032140,S3-547190240,S3-226385019
S1-679651615	S2-288490174,S2-314668023,S3-535837853,S3-628449873,S3-960379201
S1-958968345	S2-851164966,S3-736606829,S3-452537185
S1-87192646	S2-11797697,S3-229878869
S1-475175648	
S1-965978545	S2-389183109,S3-757286695
S1-488435794	S2-261953841
S1-281131098	S2-610081286,S2-789595334,S2-973504046,S3-364073731,S3-614721983,S3-296498096
S1-407396462	S2-247609049,S3-433455409,S3-220398780
S1-211555893	S2-225166674,S2-518519280,S2-232066860,S3-164703105
S1-107880052	
S1-614455280	
S1-367759214	S2-69360341,S2-384943268,S2-730139815,S2-218950789,S3-656666670
S1-718232526	S2-270883505,S3-156665593,S3-227991042
S1-174606034	S2-964342994,S2-730950327,S3-465255824
S1-443717417	
S1-172085822	S2-854416394,S3-966625687,S3-963583392
S1-825597250	S2-183746968,S2-9552430
S1-451657965	S2-395337391,S3-447681157
S1-517921301	S2-322913711,S2-572170105,S3-640243063
S1-355653613	
S1-47037820	S2-726671139,S2-333133696,S2-789288096,S3-308359927
S1-921540560	
S1-304110550	S2-245522092,S2-954696352
S1-534010117	S2-787648221,S3-113456568,S3-312961317
S1-799525801	S2-184826412,S2-600247301,S3-478804691
S1-997685301	S2-440568689,S3-108421693,S3-904250382,S3-295070260,S3-255069112
S1-220659543	
S1-532598206	S2-541438705,S3-400309819,S3-35292060
S1-643231033	S2-622231495,S2-989713245,S2-965071817,S2-25604076,S3-536362079,S3-654072549
S1-998957710	
S1-9201242	S2-412324355,S2-440527646,S2-681552934,S3-703447540
S1-423166854	S2-194530208,S2-743784200,S2-601176467,S2-270251907,S3-173798269,S3-651549799,S3-51590145
S1-715920114	S2-631714510,S2-216321195,S3-571354809,S3-40756440
S1-584127779	
S1-586514087	
S1-452888172	S2-989378278,S2-490020470,S3-765096193,S3-754336317,S3-997805349
S1-58118895	S2-905486481,S2-438511612,S3-714805471,S3-86288460,S3-845956354
S1-348689511	S2-226194720,S3-490299749,S3-246161336,S3-669550255,S3-940549484
S1-913448519	S2-280526815,S2-14031527,S2-832053579
S1-689055153	S2-39721326,S3-667903805
S1-441593499	S2-141709094,S2-332745575,S2-762015452,S3-148112664,S3-454688069
S1-342658906	S2-331419278,S2-873394616,S2-880420728,S2-244671665,S2-58339707,S3-689460229
S1-268194656	S2-665650562,S2-833875167,S3-667212832
S1-543287852	S2-549505675,S2-375036179,S2-500831776,S3-198197411
S1-926087822	S2-587377607,S2-953977860,S2-142658766,S2-262288183,S3-416279945,S3-224203999
S1-259188680	
S1-186585139	S2-553819102,S3-114977486,S3-68680681,S3-873343411
S1-111453228	S2-695611617,S3-488207632,S3-823381505,S3-514613005
S1-626922589	S2-693610568,S2-271107675,S2-16663302,S3-643259873,S3-361226306
S1-746422159	S2-149673632,S3-991100847
S1-213479520	S2-288362867,S3-443936380
S1-658119104	S2-104982718,S2-412633146,S3-924683049,S3-236683923
S1-514584460	S2-514296304,S2-851913955,S3-931310513,S3-556070944
S1-894777407	
S1-8010616	S2-713336723,S2-6836925,S2-678777542,S2-672841389,S3-246691727
S1-43720642	S2-545909761,S2-28075479,S2-978485670,S3-381373874
S1-428945925	S2-148186819,S2-336455071
S1-241544572	S3-588722781
S1-792898805	S2-909696974,S2-211710050,S3-42664782,S3-244511407,S3-232384553
S1-809933187	S2-312296648,S2-19515355,S2-408771972,S3-176736929
S1-136226918	S2-294451943,S2-748533234,S3-893012722,S3-373232505,S3-220019866,S3-641423874,S3-601198037,S3-49226324
S1-71071666	S2-113536895,S3-826825137,S3-452590932
S1-883694540	S2-155394803,S2-396541888,S2-520524145,S2-172900600,S3-661881109,S3-886005982
S1-557931286	S2-104550577,S2-978886861,S3-292231859,S3-314348717,S3-673212722,S3-668263948
S1-33878215	
S1-669379987	S2-102682197,S2-994868956,S2-561155711,S2-598054796,S3-647064454
S1-783318675	S2-896730407,S3-481264225
S1-451382385	S2-604770551,S2-57836834,S2-81975645,S2-785849300,S3-7530315,S3-162144796,S3-521250066
S1-980158348	
S1-536083195	S2-57757248,S2-38696727,S2-272603222,S3-593379439,S3-470952119
S1-737225314	S2-568249126,S2-615030609,S3-156568484,S3-206600978,S3-81536588
S1-145490005	S2-186581617,S2-135899167,S3-183887209,S3-865656398,S3-344499520
S1-387987265	S2-533852020,S2-439857745,S3-706335892,S3-141388812
S1-133303811	S2-996245919,S2-66307968,S3-133953225
S1-630357648	
S1-924110399	S2-481029080,S2-288788043,S3-548616837,S3-219946399,S3-749892705
S1-183708708	S2-975226022
S1-151711549	S2-168850298,S3-946282287,S3-914619695
S1-978134595	S2-469236446,S3-488426691
S1-167176682	S2-732962902,S2-72363322,S3-165336692,S3-37742640,S3-864135279,S3-858716236
S1-749612257	S2-203144699,S2-459258712,S2-809851055,S3-243007071
S1-935253319	
S1-572598542	S2-571756063,S2-274934173,S3-888762703,S3-426891512,S3-140726830
S1-933720643	
S1-569834721	S2-954968326,S2-769469717,S2-82101641,S3-681235781,S3-806383958,S3-459046900,S3-263083525
S1-679573744	
S1-611371067	
S1-800655362	S2-820677882,S3-714981556
S1-765251832	
S1-416790136	S2-828722153,S3-502211588,S3-357580340,S3-660677854,S3-818086532
S1-557436300	S2-374474905,S2-881469121,S2-609324849,S3-233422167
S1-314060303	S2-726965388,S3-311716132,S3-643554956
S1-836586153	S2-337765362,S2-488535977,S2-230186854,S2-105620084,S3-616045023,S3-148945651,S3-981506735
S1-606948783	S2-248430026,S2-713445201,S3-450785754,S3-917967905,S3-970373057
S1-851091051	S2-264223150,S2-603198388,S3-70310090,S3-721484185,S3-513409154
S1-62869051	S2-651708215,S2-395131669,S3-307684185,S3-140638163
S1-547526411	S2-823059345,S2-344371283,S3-773299281
S1-433447970	S3-318155212,S3-656892049
S1-955845256	S2-324117010,S3-569443870,S3-504263796
S1-551884503	
S1-646353950	S2-369621998,S2-25610047,S3-184146987
S1-792146061	S2-440153780,S2-330664154,S2-709805688,S3-262253258,S3-707910551,S3-346765250
S1-605013959	S2-52840716,S3-309147574
S1-765163485	S2-641700692,S3-331194180,S3-928938925
S1-672360676	S2-952306644,S3-234120021,S3-482951716
S1-99146136	S2-769463930,S2-891719078,S3-118714634
S1-97306689	S2-938188266,S2-567188043,S3-990843758,S3-819078075,S3-732996122
S1-146369744	S2-716198329,S3-116688825,S3-302556286,S3-730873289
S1-79768301	S2-225032628,S2-411592761,S3-298273241,S3-487012380
S1-889943125	
S1-820283806	
S1-306430779	S2-945467229,S2-876997431,S3-188384661,S3-895613704,S3-612619833,S3-763997553,S3-618662820
S1-915021795	S2-502907224,S2-472558586,S2-398453370,S3-540326117
S1-753915392	S2-551074538,S3-188354079,S3-388981636,S3-533412104
S1-681355760	S2-265467699,S2-337608663,S2-947737400,S2-977739734,S3-52621876
S1-419978787	S2-435988438,S2-755300076,S2-187216457,S2-925784219,S2-322635271,S3-856066154
S1-161608520	S2-524894474,S3-946922469
S1-657617218	
S1-288632894	
S1-386116090	S2-142619256,S3-946417739,S3-534762078,S3-102101904
S1-714184187	S2-736251198,S3-398659603,S3-484602391,S3-904136452
S1-478474165	S3-289307401
S1-442538047	S2-109864340,S2-932534296,S2-827334688,S2-402142050,S2-601070147,S3-472760964,S3-572977435
S1-449045495	
S1-257199176	S2-959745055,S3-543607293,S3-973402491
S1-186934750	S2-972569246,S2-5917358,S3-183558642
S1-322955844	
S1-848631094	S3-705977778
S1-132912629	S2-120490083,S2-621165917,S3-78696606
S1-88694699	
S1-3645938	S2-751579472,S2-697019617,S3-973456003
S1-317960164	
S1-857098080	S2-126204166,S2-429499188,S3-176445632,S3-461359322
S1-128462546	S2-339694535,S2-80447464,S3-523022366,S3-820634547,S3-987847844
S1-772940487	S2-554494453,S2-370530565,S3-233977578,S3-106930905
S1-261734704	
S1-605310882	S2-460603300,S3-832173739,S3-574453225,S3-1662239
S1-618446535	S2-545929338,S2-298366926,S3-148673371,S3-528357826
S1-828077398	
S1-339646279	S2-566420020,S3-591167035
S1-962442942	S2-363162421,S3-390668250,S3-474939534
S1-237680970	S2-559472503,S3-926560905,S3-185707597,S3-695837808,S3-589329822
S1-707709306	S2-786981565,S3-625865117,S3-35904801,S3-585912773
S1-879706801	S3-497495112,S3-544712628
S1-438921916	S2-476667888,S2-976201473,S3-8539445
S1-328073808	
S1-132167161	S2-213096141,S2-437435988,S3-59658781
S1-517876854	S2-521008702,S2-503325300
S1-798417294	S2-131840117,S2-344669810,S3-483593421
S1-293747037	S2-56883101,S2-235442218,S3-938486950
S1-56994812	S2-169338148,S3-794377272,S3-551799555,S3-288702475,S3-197750508
S1-714122191	S2-795147331,S2-562530734,S3-869300826,S3-488512786,S3-956601732
S1-86435962	S2-622544351,S2-105006465,S3-218352648
S1-931260391	S2-81550420,S2-123821068,S3-578378923,S3-464988213,S3-160288851,S3-656727137
S1-108527349	S2-748411631,S2-446024449,S3-220522348,S3-361061223
S1-938486552	
S1-938281318	S2-978233073,S3-903283833,S3-529891136,S3-831109083
S1-833015509	S2-630481662,S3-89308031,S3-375052398,S3-649182618
S1-315101441	S2-945805539,S2-754398415,S2-392570398,S3-110287238,S3-532102534
S1-33857216	
S1-398699681	S2-757055757,S2-841494612,S2-979493985,S3-331654714
S1-859442811	S2-919961461,S2-360236000,S3-906261363
S1-327894814	S3-531975051
S1-216446415	S2-284944431,S2-987863358,S3-291238522,S3-890251891
S1-873175123	S2-193596229,S2-956764745,S3-541977621
S1-844154581	S2-574066841,S2-349920230
S1-188344758	S2-709344003,S3-464759282,S3-156651702,S3-741726850
S1-425013864	S2-218248481,S2-19592772,S2-553554427,S3-581315127,S3-890821961
S1-919096001	S2-624869918,S3-136930439
S1-879514819	S2-430152102,S2-831302358,S3-407869065
S1-493667845	S2-841623438,S2-844819112,S2-182122546,S3-282914079,S3-838005235
S1-646640744	S2-240666011,S3-638376141
S1-929392897	
S1-991671454	
S1-111181951	
S1-305055765	S2-209761801,S3-372876311,S3-204964725
S1-594967495	S2-868323570,S3-929012569
S1-779317837	S2-923263239,S2-408635393,S2-37271378,S3-870544937,S3-348729947
S1-686190380	S2-512306566,S2-334415775,S2-343793395,S2-48884890,S3-66379760,S3-314148561,S3-95039380
S1-385417581	S3-698511322
S1-120710855	S2-638013019,S3-163478560,S3-784356594,S3-244847944,S3-446741343
S1-904793621	S2-922363164,S2-367151836,S3-893911220,S3-206897408,S3-391535615
S1-196809227	
S1-726451580	S2-144451914,S2-497819982,S2-870517908,S2-293799890,S2-279284904,S3-22105076,S3-788356473
S1-276845143	S2-895297682,S2-88876992,S3-493742865
S1-349196724	S2-784114244,S2-646814933,S3-479517031,S3-65429860,S3-662617639,S3-381102804
S1-496123788	S2-647081836,S2-244825526,S3-52527252
S1-725999390	S2-406933305,S3-269500651,S3-109804674
S1-363937767	S2-963712871,S3-132818476
S1-88837684	S2-265523167,S3-763680876,S3-419306633
S1-178001972	S2-960933656,S2-992182859,S3-177363989
S1-101382761	S2-793282305,S2-2727533,S3-556027629
S1-90274018	S2-838991876,S2-822614330,S2-326301103,S3-116700904
S1-361565964	
S1-461366808	S2-723533594,S3-222164989,S3-154783632
S1-888636821	S2-482618310,S2-102544610,S3-838177560,S3-818308608
S1-200932156	S2-482705090,S2-24795239,S3-776107623,S3-444258423,S3-314986197,S3-761435274
S1-801006949	S2-371725878,S2-866218114,S2-236284462,S3-937022021,S3-953853273
S1-969387676	S2-431051262,S3-546465016,S3-542285900,S3-415276130
S1-637264994	S2-108927851,S2-143728365
S1-570118243	S2-694232947,S3-969258338,S3-214513805
S1-117290	
S1-200492651	S2-204416714,S3-456298951,S3-387746213,S3-264069051,S3-112501651
S1-895289588	S2-17448240,S2-402711096,S2-829748131,S3-512373305
S1-674365024	
S1-516258518	S2-856099347,S3-223866468
S1-3124099	S2-743518467,S2-87952120,S3-668934202,S3-392276474
S1-840875746	S2-232199157,S2-539758576,S3-279187377
S1-608850791	S2-21393729,S2-753652424,S2-268069635,S3-925673141
S1-335504330	S2-465064565,S2-704866378,S3-571367470,S3-190296731
S1-178641317	S2-482648134,S3-339799737
S1-198543609	S2-925661703,S3-372017459
S1-665786705	S2-28380373,S3-295682835,S3-375398075,S3-829280878
S1-979803381	S2-438396586,S2-740937366,S2-443118069,S2-614961475,S3-958653061,S3-380179351
S1-899700391	
S1-772382267	S2-728380979,S3-672203649
S1-266181248	S2-188510738,S2-947284947,S2-827382809,S2-752951037
S1-300914269	S2-964638924,S3-304801141
S1-26324496	S3-70897594
S1-8740605	S2-314243972,S3-486776562,S3-824525632,S3-624930603
S1-886319592	S2-91680300,S2-618697025,S3-404729584
S1-343250865	S2-826252734,S2-793220758,S2-215053256,S3-320720972,S3-391473926,S3-485603039
S1-376782166	
S1-702742495	S2-217532916,S3-623092055,S3-716572734
S1-392066568	S2-612020892
S1-51476826	
S1-802328917	
S1-371901368	
S1-450275711	
S1-644694445	S2-691140887,S3-446822849
S1-96130429	S2-444498221,S2-964343414,S3-155690422,S3-28105629
S1-910999146	S2-17662672,S2-600283152,S2-412813496,S3-614992208,S3-64660791
S1-56545867	S2-585824856,S2-134215420,S2-476624981,S3-288451765,S3-668123563
S1-77081912	S2-719486926,S2-731753319,S2-200183852,S3-802252937,S3-321077488,S3-560926202,S3-347406097
S1-208649752	S2-940726807,S2-485726458,S2-670663302,S2-193826910
S1-983028711	S3-879225416
S1-297605165	S2-26645669,S2-242369064,S3-264763686
S1-2691454	S2-636141626,S3-571418738,S3-405224656,S3-616279344
S1-316823032	
S1-553908281	
S1-977479458	S2-546532709,S2-446555006
S1-269547988	S2-929546891,S2-467240014,S2-774777381,S3-524019988,S3-923091898
S1-416213488	
S1-294538610	S2-588548717,S3-661558626
S1-594548099	
S1-891397050	
S1-302115041	S2-144846896,S3-602627870
S1-134775873	S2-126880238,S3-16364157,S3-963567307,S3-241542854
S1-969851207	
S1-170723527	S2-306700446,S2-885242996,S2-634700239,S2-271062302,S3-490012328,S3-880177992
S1-768429861	
S1-13292699	S2-688086636,S2-63871950,S3-156408836,S3-87217749,S3-976960491,S3-147161759
S1-79541646	S2-823692743,S2-932588340,S3-203256354
S1-824394409	S2-312114390,S2-38156118,S2-905276433,S3-844806071
S1-433401610	
S1-200751360	S2-150289578,S2-423712758,S3-486663865,S3-84956762,S3-608830232
S1-513122423	S2-462166615,S2-207012710,S2-685995910,S3-42428455,S3-897981351
S1-92815739	S2-615225488,S2-767344618,S2-20933987,S2-997478038,S2-427487030,S3-298981019,S3-316664965
S1-542177163	
S1-343408273	S2-798084119,S2-448433860,S3-864286934,S3-779073579
S1-187542188	S2-559424906,S3-802674677
S1-563874999	S2-488789871,S2-811632740,S3-274025247,S3-572930923
S1-525039854	S2-840213218,S3-753415101,S3-144790730,S3-684255078,S3-639357862
S1-74661443	S2-571389765,S2-926200697,S2-49885085,S2-108339,S3-489648970,S3-966281770
S1-572531340	S2-388014675,S3-604399436,S3-538597551
S1-402289475	S2-214775190,S2-984029441,S2-423929624,S3-920798368,S3-129300896
S1-860958791	
S1-463580218	S2-894177973,S2-724101050,S3-550900130,S3-785207852
S1-175265322	S2-325622290,S3-141935248,S3-845205529
S1-823615003	S2-865187472,S3-716907565,S3-478945597,S3-765947034
S1-183848697	S2-108363378,S2-649583527
S1-380071170	S3-625352188,S3-242335435
S1-766573844	S3-100359628
S1-394966323	S2-285073002,S2-396700578,S3-867757691,S3-337260492
S1-778406217	S2-296917896
S1-709919758	S2-138447316,S2-91968018,S2-289514697,S3-719027535
S1-368941726	
S1-632478649	S2-445021993,S2-728607583,S2-657953210,S3-719371993,S3-382451249
S1-975034569	
S1-87480600	S2-26336583,S3-362347814,S3-96466532,S3-214737827,S3-714186688,S3-864607096
S1-871441479	S2-468517172,S2-424906757,S2-875450035,S3-392773147,S3-637829881
S1-172552392	
S1-563909128	S2-260229824,S2-296195107,S3-53818562,S3-489910843
S1-603943308	S2-821756384,S2-670395257,S3-433708820,S3-479870221,S3-889821320
S1-761600416	
S1-234933224	S2-93345028,S3-468659116,S3-718364412
S1-997460550	
S1-915374189	S2-285218217,S3-150401276,S3-640539863
S1-339331919	S2-55065605,S2-77304377,S2-94718817,S2-989793326,S3-251016484
S1-616349541	S3-162309460,S3-447861359
S1-249565220	S2-779477944,S2-641496778,S3-689603209
S1-419737646	S2-899192821,S3-659095060,S3-482225875,S3-704654642
S1-631226601	S2-117716669,S3-14029474,S3-163021541
S1-842729528	S2-679563640,S3-557170229
S1-799510051	S2-724907119,S3-299868610
S1-814262895	S2-670526306,S3-859457083,S3-619029225
S1-138544820	S2-363004445,S3-833170211,S3-642412334
S1-734449438	S2-6484288,S2-627337860,S3-328521129,S3-875883084
S1-342076587	S3-120807280,S3-335109849,S3-246313052
S1-938670271	S2-693552991,S2-599895929,S3-846668251,S3-530865384
S1-291240912	
S1-234145395	
S1-239381463	
S1-837435439	S2-72714071,S2-465935881,S3-21669067
S1-208895954	S2-18236838,S2-676980851,S3-969946191,S3-542007140
S1-918507549	S2-659846762,S2-24567329,S3-643943924,S3-425424452,S3-291443393
S1-753302646	
S1-907080789	S2-23750287,S2-967063151
S1-462655532	S2-274733606,S3-987978085,S3-355941403
S1-832891027	S2-809047690,S2-364790844,S3-585085586,S3-515719311,S3-817219816
S1-960139170	S2-411363251,S3-617345211
S1-549934604	S2-722566210,S2-208562773,S3-180760760,S3-641225966,S3-666426998,S3-510953040
S1-794538313	S2-282798456,S3-509550641
S1-635998211	S2-64266611,S2-857070055,S2-597385607,S2-559171920,S3-699699077,S3-807001846
S1-998120400	S2-160299714,S3-457703003
S1-227179502	S2-316569852,S2-998174085,S2-894093179,S3-288664729,S3-849365447,S3-480189914,S3-800252540,S3-356758705
S1-153620101	S2-713944506,S2-910036960,S3-97384689
S1-56702327	
S1-74909375	S2-929345821,S2-521609062,S2-656074804,S2-303683022,S2-402818247,S3-324271125,S3-232225607,S3-518571708
S1-139662163	S2-716852810,S3-200057782
S1-408253145	S2-761608171,S3-862331275,S3-682010304,S3-12178040,S3-229213239
S1-728489006	S2-145096317
S1-307142338	S2-790350268,S3-553136544,S3-928129811,S3-540174762
S1-977602891	S2-699845780,S2-850736912,S3-130173921,S3-640341277,S3-983130997
S1-502620678	S3-572657977,S3-460606210
S1-73016567	S2-348318195,S2-417834400,S2-660046911,S3-594820876,S3-569039441,S3-762130958
S1-704356609	S2-195120229,S3-558190993,S3-807120558,S3-74565733
S1-912694904	
S1-482368089	S2-400111220,S2-497535826,S3-704685398,S3-714769634,S3-706474912
S1-494675931	
S1-705142645	S2-576129193,S3-911694321,S3-865244584,S3-633318761,S3-168658818
S1-668208923	S2-865749107,S2-792858446,S2-977346167,S3-255937938,S3-312425051
S1-66610854	
S1-806584253	
S1-618798017	S2-146982102,S2-782831427,S2-654689326,S3-121670801,S3-278930493
S1-977335207	S2-234569286,S3-127547932
S1-35681931	S2-897467181,S3-630997265
S1-731013804	S3-572850838
S1-28326994	S2-606383228,S2-295445164,S2-158006385,S2-838493821,S3-632438436
S1-551774798	
S1-504151297	S2-704370850,S2-193053286,S3-817619792,S3-471951454
S1-744179021	S2-996575426,S2-835075992,S3-569683422
S1-113505541	S3-625519401
S1-32506152	S2-243533737,S3-683788506,S3-877081957,S3-430296162
S1-197589341	S2-432599177,S2-542803059,S2-712295931,S3-541668115
S1-650245848	S2-805342467,S2-422987690,S2-382587747,S3-342431359
S1-817457513	S2-44080912,S2-258975808,S3-961115571,S3-847611825,S3-190830519
S1-376130111	S2-959205337,S2-373600991,S2-196628343,S2-744442000,S3-507479331
S1-649197910	S2-109863402,S2-706815373,S3-484111158,S3-818753079,S3-396314014,S3-39148234
S1-126177289	S3-172691869
S1-196730006	S2-566694685,S2-457810811,S3-683185663,S3-287608628,S3-481868380
S1-776844081	S2-759208121,S2-460435951,S3-146516750,S3-720882572
S1-10163760	
S1-321508985	S2-286233389,S2-779262757,S3-219182975
S1-682740229	S2-816921206,S2-295340004,S3-110824453,S3-563963679
S1-431096023	
S1-537837107	S2-588217800,S2-725240696,S3-987604544
S1-806781763	S2-162858515,S3-548446247,S3-377793881
S1-385192268	S2-92932020,S3-313157837,S3-117766897
S1-1196371	S2-920767170,S2-306943253,S3-787257454,S3-602213250
S1-54450200	S2-75805689,S2-859132106,S2-548179439,S3-418263944
S1-64377514	S2-729332668,S3-476691210,S3-20369712
S1-782008088	S2-818500456
S1-621525952	S2-333050755,S3-560251827,S3-587471312,S3-383994552
S1-252729871	S2-848380204,S2-687373033,S3-764154938
S1-518262604	S2-429514263,S3-711458887,S3-40433389
S1-890744894	S2-732926824,S2-783291669,S3-631911442,S3-720730226,S3-529810133,S3-106533973
S1-240776068	S2-581742600
S1-171745438	S2-136330327,S3-85839219,S3-372738436,S3-410872640
S1-532439182	S2-214471442,S3-981465302,S3-737901583
S1-158476459	S2-657527775,S3-25687900,S3-160284860
S1-190357184	S2-596404147,S2-363018477,S3-961733477,S3-175781814,S3-187619133
S1-82072514	
S1-502253267	S2-993160547,S2-644397376
S1-668761140	S2-861856499,S3-818667493,S3-124172006
S1-594916313	S2-981431988,S2-236190167,S2-581640627,S3-297226358,S3-461344320
S1-893645184	S2-933587299,S2-43433389,S3-111000360,S3-792590052
S1-750943283	
S1-419855220	
S1-115379941	S2-226520868,S3-181417580
S1-195908678	
S1-655621240	S2-367661212,S2-689093089,S3-320719452,S3-753035034,S3-339044320,S3-144939127,S3-567789890
S1-620309786	S2-990778670,S2-795668960,S3-541773304
S1-889553861	S2-524886812,S2-612286821,S2-472490886,S2-262929662,S3-33169600,S3-234806161
S1-494033151	S2-986917170,S2-185635891,S2-669040108,S3-200495478
S1-327574780	
S1-731241861	S2-906494367,S3-138071000,S3-99586470
S1-684035148	S2-911097583,S3-503954008,S3-6938644
S1-795006336	S2-987915509,S2-388413185,S2-345257626,S3-103190063,S3-171032293
S1-760824212	S2-729032998,S2-654038759,S3-929496006,S3-629590474
S1-231044760	S2-461307580,S2-740824548,S2-725623637,S3-174372098
S1-95651296	
S1-733316718	S2-16004047,S2-304804389,S2-399447379,S3-142954921,S3-318407323
S1-508822360	S3-670418520,S3-976805759,S3-187623021
S1-767905348	S2-617131695,S2-63119435,S3-472280352
S1-968574320	S2-92799615,S3-690104712
S1-758789576	
S1-460658692	S2-72271114,S2-855495334,S2-952262136,S3-610927353,S3-374084651
S1-497106856	S2-249283636,S3-361902290
S1-311149134	
S1-544436843	S2-379761022,S2-329141939,S3-407178109,S3-806018226
S1-126974143	
S1-622980057	S2-953109635,S2-499761310,S3-936161583,S3-740960998
S1-436754581	S2-8257103,S3-190620588,S3-214645488
S1-559895759	S2-339602783,S3-422094124
S1-518241820	S2-127340147,S2-514937972,S2-245534302,S2-788026302,S3-604807450,S3-399042099
S1-822452971	S2-307221498,S2-495544799,S2-205149024,S3-334576239,S3-702373958
S1-942360301	
S1-840192145	S2-641988440,S2-428460630,S3-196949078
S1-501028688	
S1-938301519	
S1-320642610	S2-304097868,S2-136069619,S2-641330686,S3-56844843,S3-362669424,S3-438869786,S3-895756382
S1-779960894	S2-803482964,S3-274094206,S3-183624369
S1-159459305	
S1-151345831	S2-437539833,S2-177149574,S3-95381875,S3-692094012
S1-662644405	S2-884325881,S3-864201944,S3-728834349
S1-971534244	S2-325878140,S3-27667579,S3-348910590,S3-653617038
S1-802114376	S2-15612750,S2-17763549,S3-487646825,S3-981910524,S3-493243004
S1-823579895	S2-61973373,S3-548105584
S1-591971417	S2-341326096,S3-433663844,S3-787175638
S1-879866531	S2-76511953,S2-680452143,S3-573245968
S1-16025493	
S1-320807257	S2-696235036,S2-210170099,S3-6391783
S1-773870282	S2-857776862,S3-847733985,S3-312027694,S3-225645438
S1-905697466	S3-421188215,S3-737447252
S1-241039593	S2-933658145,S3-759843476,S3-609819277,S3-671661636,S3-779182137
S1-97641026	S2-148072083,S2-556422160,S2-586047053,S3-88569752,S3-271664295
S1-579131854	S2-170103164,S2-355053025,S3-990523757,S3-217212062
S1-437706824	S3-709102855
S1-871753233	S3-333592734
S1-377943748	S2-11968803,S3-182541691,S3-58917751
S1-644518613	
S1-133688995	S2-855017251,S2-149409677,S3-189953921,S3-211216854,S3-995646798,S3-694885645
S1-309368023	S2-309568313,S2-578432960,S3-57275092
S1-490885133	S2-399969201,S3-363257674,S3-424192683,S3-371367959
S1-282962111	S2-179658524,S3-58001433,S3-516382173
S1-381931253	S2-855607413,S2-366681295,S2-73129306,S3-703125897,S3-354906702
S1-639409954	
S1-422788098	S2-851906316,S2-829844085,S3-640817934
S1-696128671	
S1-921444432	S2-916409133,S2-38323542,S3-488116797,S3-77723944,S3-589801490
S1-172761710	S2-792325134,S3-561790642,S3-215268469,S3-933010761,S3-761553177
S1-497523647	S2-262346227,S2-386233078,S3-296451778,S3-240748217
S1-967673744	S2-952266853,S3-615774875,S3-19186922
S1-392414684	S2-234571067,S2-206736346,S3-368705865,S3-75034821
S1-485635900	S2-896879015,S2-852357485
S1-885595801	S2-179684125,S3-385528678,S3-597518927,S3-931804238,S3-965922866,S3-898909455
S1-454009253	S2-115504789,S3-644248831
S1-726474137	S2-377838944,S3-792428612,S3-196702138
S1-575819142	S2-94743920,S3-430856878,S3-609920450
S1-260671568	S2-609776122
S1-443599121	S2-516912830,S2-584296606,S3-719780447
S1-304787491	
S1-845913561	S2-48720517,S3-336910459,S3-74728513,S3-835599004,S3-122396917
S1-328839954	
S1-261687633	S2-705059886,S3-378498852,S3-710604853
S1-616524550	S2-493531426,S2-586389069,S3-187301508,S3-332275099
S1-386373108	S2-9573350,S2-557820353,S2-711293003,S3-405701617,S3-483079053
S1-6392409	S2-291059083,S2-778320495,S2-230931197,S2-395451087,S2-237670574,S3-401512211,S3-780390128
S1-964475372	S2-654922386,S2-683114559,S3-947812910,S3-152073995,S3-482749180,S3-59188285
S1-463739116	S2-567295919,S3-737583262,S3-366050516
S1-459757422	S2-924944717,S3-533011546,S3-760009247,S3-125264017
S1-104714192	
S1-429130787	S2-627719706,S2-612034678,S3-694290300,S3-708499525
S1-447061801	S2-13271144
S1-548256867	
S1-811356093	S2-972278143,S2-194122513,S3-166604553,S3-759784654
S1-957934039	S2-436346535,S3-236300754,S3-389538463,S3-127779751
S1-881496828	S3-362606644,S3-913390609,S3-852533817,S3-5444220
S1-237387249	
S1-260784212	S2-645365835
S1-57771632	S2-131806936,S3-845917453,S3-939973345
S1-354904078	S2-70065513,S2-378375366,S3-716429378
S1-170250356	S2-879297973,S2-365951164,S3-779200327
S1-75710946	S2-667419006,S2-39024017,S3-100452877,S3-236041273
S1-843257790	S2-506784523,S3-387391051
S1-911112457	S2-565596922,S3-355979463
S1-790964695	
S1-165784990	S2-137780360,S2-301134444
S1-957389642	S2-408861949,S2-126807156,S3-828881940
S1-59497789	S2-325031281,S3-25840420
S1-667686052	S2-802924509,S3-379718857,S3-217941513
S1-276693258	S2-64419254,S3-323961041,S3-546563386
S1-643241180	S2-256542406,S3-829298584
S1-688147064	S2-102312359,S3-711157391
S1-581325114	S2-58433456,S3-692417790
S1-753008833	S2-49666608,S2-34221406,S2-606703310,S3-854920855
S1-105316141	S2-650689114,S2-704488541,S2-29325270
S1-883012404	S2-998176509,S2-122177804,S2-271010236,S3-2730627,S3-531514568,S3-391613699
S1-516817536	S2-850059308,S2-993657280,S2-400971883,S3-107994340,S3-727889980,S3-160492513
S1-102867832	
S1-57091049	S2-752088083,S3-196347051
S1-20803452	S2-518983779,S2-182355464,S3-722225511
S1-760141173	S2-895255871,S3-190050623,S3-25548,S3-684909704
S1-911579010	S2-992850642,S2-786896844,S3-369018145,S3-89318247,S3-361503429
S1-44385412	
S1-642727542	S3-139578765
S1-908120122	S2-596464410,S3-737816660,S3-63012255
S1-976565111	
S1-960966621	
S1-846419885	
S1-914734832	S2-130683047,S3-22246829
S1-973299714	S2-14902513,S2-644198500,S2-551705836,S3-804109692,S3-718492206
S1-615971607	
S1-975412852	S2-270871211,S2-788119009,S2-829560376,S2-142236447,S2-182011287
S1-117430457	S2-618852209,S3-201168560
S1-662906153	
S1-987573176	S2-288744127,S3-772166359
S1-238012566	S2-231992389,S3-532526706,S3-473914768,S3-538256219
S1-966011364	S2-234215099,S2-620223248,S3-121052579
S1-399220827	S2-993758733,S2-508192648,S3-955624616,S3-358168954
S1-73283735	S2-129125450,S3-804809414,S3-80536084,S3-72091497
S1-890468625	S2-762593136,S3-876218891
S1-339129389	
S1-866879887	S2-271219564,S3-636618859,S3-819319559
S1-894265313	S2-811088991,S2-684813617,S3-352674561,S3-912872692,S3-504238333,S3-210509170
S1-202962678	
S1-286418607	S2-947759312,S3-567690785,S3-31171952
S1-31553765	S2-982874404
S1-72731854	S2-380725425,S2-582672905,S2-53703391,S3-864024832,S3-987293861
S1-175515837	S2-213783457,S3-544452348
S1-718642664	S2-951320383,S2-642355063,S2-68703938,S3-60193682
S1-550614556	S2-595745632,S2-214019049,S2-726701114,S3-600973796
S1-871400204	S2-345759307
S1-678274693	S2-924464178,S2-67754764,S3-810651396,S3-2045048
S1-218857763	S2-674987247,S3-778606967,S3-101498080,S3-218622382,S3-4643444
S1-956410967	
S1-942281730	S2-72109062,S3-307855662,S3-196556472,S3-929452924
S1-55404180	
S1-787766829	S2-384698485,S3-338207707,S3-462630328
S1-553341128	S2-715905437,S2-845609541,S2-656203742,S2-587768260,S3-737065224,S3-723810736,S3-950329219,S3-261455530
S1-308342926	S2-929641936,S2-441716645,S3-579816479,S3-323534829,S3-632538116
S1-116055552	S2-139894944,S3-319772183,S3-121407381,S3-189627809
S1-850770558	S3-380598598,S3-168247972
S1-500285593	S2-231783795,S2-664466427,S3-952472781
S1-449714726	S2-144170024,S2-419844037,S3-251913694
S1-696082721	S2-485123534,S2-71076269,S3-724902348,S3-169056147,S3-644846263
S1-857158544	S2-796964863,S3-625243300,S3-221519636
S1-457874229	
S1-438057691	S2-33856806
S1-861129796	S2-591924164,S2-394065178,S2-409348096,S3-972633478
S1-430277847	S2-327139432,S2-956259500,S3-916570976,S3-9362522,S3-725380836
S1-151278742	S2-477468459,S3-572149386,S3-459314643,S3-135782921,S3-960249860,S3-333796983
S1-348223383	S2-708594976,S3-208759935
S1-607593404	S2-467885097,S2-338831732,S2-499869728,S2-5590946,S3-286364310
S1-2826148	S2-854094515,S2-571872508,S3-576277775
S1-479648887	S2-594944378,S2-452060829,S3-700958429,S3-680771688
S1-77468031	S2-426399257,S3-619362946,S3-676167044
S1-188289078	S2-302377630,S2-289069247,S2-340426706,S3-582627865,S3-219375991
S1-426703152	S2-826301106,S2-124634442,S3-561039151,S3-193671097,S3-290219015
S1-914701178	S3-957939205,S3-61662307
S1-401850208	
S1-540013895	S2-294638305,S2-465069605,S2-519900663
S1-222468833	S2-666492724,S3-456917556,S3-551976492
S1-275392870	S2-701514645,S3-699026223,S3-696247864,S3-599913325
S1-994710994	
S1-867810989	S2-878612244,S2-238050497,S3-582353392,S3-314354442,S3-329927325,S3-741409713
S1-600170309	S2-631737779,S3-900360674,S3-809045565,S3-131620431
S1-75039753	
S1-166888571	S2-860582655,S2-269100961,S2-508489742,S3-210466438,S3-431570394,S3-884469863,S3-45564739
S1-669111095	
S1-716821483	S2-348721538,S3-894130526
S1-673577940	S2-736044070,S3-418319689
S1-143246056	S2-629409034,S2-169379833,S3-271894120
S1-329711226	
S1-684553580	S2-702749403,S2-507512321,S2-748987774,S3-788919387,S3-627299410,S3-317773289
S1-942422619	S2-992718709,S2-204385941,S3-791128136
S1-105388328	S2-846305658
S1-464781719	S2-426020452,S3-873122907,S3-500986220,S3-69206877
S1-828861332	S2-482275385,S2-546868317
S1-870082485	S2-440724480,S2-949028158,S2-500591884,S2-847174557,S3-548721214
S1-119390392	S2-636979853,S2-645420972,S3-840642369
S1-241619005	S2-405757423,S2-262427919,S2-20916797,S3-456173478,S3-675888618
S1-791614473	S2-51707338,S2-549841115,S3-811788065,S3-195288874
S1-841087135	S2-98913375,S2-938317267,S2-983906714,S2-6705944,S3-471052208
S1-511402346	S2-244273229,S2-597697574,S2-617138980,S3-175401067
S1-78803538	S2-306927661,S2-63562478,S3-827547340,S3-495153929,S3-455878619,S3-862757341
S1-728156865	
S1-116397443	S3-659703027,S3-458625723
S1-779237535	S2-476321152,S2-424225726,S2-805470505
S1-90661569	S2-900668165,S3-559216418,S3-532715128
S1-769824570	S2-949836966,S2-494754660,S2-960311652,S2-740816302,S3-17901922
S1-364845786	S2-82555544,S2-900485275,S3-822965416,S3-986409306
S1-719058864	S2-182025896,S3-140026168
S1-740306832	S2-445464725,S2-417346262,S3-976148045
S1-546254530	S2-928482894,S2-297846985,S3-229675817
S1-40316262	S3-415412265,S3-854191720
S1-91731605	
S1-612241014	S2-227145828,S2-530280065,S2-837306909,S3-326554244
S1-294035707	S2-673936471,S3-680608346
S1-234895321	S2-922417076,S2-699238398,S3-915784349,S3-985161422,S3-979312594,S3-950350546,S3-500787339
S1-869856043	S2-634543404,S2-736745167,S2-73695321,S3-818474420,S3-776555084,S3-73304882
S1-893508214	
S1-458764250	S2-668614292,S2-614774798,S2-236032040,S2-825583861,S3-503478051
S1-84744236	S2-400747136,S2-196413885,S3-298185971,S3-773012735,S3-506964959
S1-944340218	S2-619314188,S3-332672113,S3-136415966
S1-59470871	S2-767266019,S2-797011893,S2-394161888,S2-996120392,S3-720991340,S3-538983777
S1-54135060	S2-569382122,S2-370103761,S2-816606097,S3-393115394,S3-462375742
S1-574861474	S2-179239410,S2-119908742,S3-474163326,S3-846991984
S1-615990545	S2-822142803,S2-443844790,S3-521738012,S3-843909249
S1-162171557	S2-565889012,S2-869168170,S3-807215359
S1-392067684	S3-39972941,S3-250221665
S1-312449561	S2-499522450,S3-39469483
S1-366185008	S2-783227940,S2-723274275,S2-378086376,S2-5832706,S3-319938325,S3-607951178,S3-112833903
S1-210830451	S2-862035650,S3-145508693,S3-962307498,S3-673564028,S3-194367896,S3-322652810,S3-315803730
S1-85600241	S3-48830362,S3-104331797,S3-573686195,S3-232986073
S1-72686172	S2-259713323
S1-921155307	
S1-950079450	S2-792026700,S3-522372486,S3-864625819,S3-332364659,S3-185691086
S1-936185581	S2-481262821,S2-835454828,S2-682016255,S3-725389746,S3-801210934
S1-606114769	
S1-56883510	S2-713527809,S3-484087708
S1-687628224	S2-849758103,S2-680855474,S3-877367469,S3-197484602
S1-76696845	
S1-544879475	S3-146379955
S1-65526858	S2-747408845,S3-318266747,S3-393964632
S1-712632461	S3-713988489
S1-596876823	S2-242990863,S2-435959439,S2-783866686,S3-171102393,S3-189579630,S3-556021521,S3-886566758
S1-519511992	S2-309174499,S3-853990559,S3-191886145,S3-127616160
S1-165633819	
S1-22221914	S2-785479760,S2-279826952,S2-560595610,S3-647759018
S1-759936634	S2-130682032,S3-55067787,S3-846788694,S3-898766088
S1-252469031	S2-551400220,S3-76782995,S3-494013852
S1-984541923	S2-990276054,S3-814680694,S3-283657726
S1-805980578	
S1-15991306	S2-830102356,S2-924433205,S2-580480456,S2-42975397,S3-494599866,S3-399682016
S1-662514922	S2-992297733,S3-714673744
S1-692258892	
S1-204507879	S2-191750516,S2-824304454,S3-339298436
S1-273886692	S2-128973332,S3-182997409,S3-386725590
S1-364170774	
S1-934247958	
S1-106480557	S2-135117602
S1-373443972	S2-947596175,S2-876812094,S3-771292548
S1-53825502	S2-648190454,S3-992363864,S3-431117573
S1-612274952	S3-204322248
S1-407013504	
S1-822159778	S2-352783938,S3-305461698,S3-145140286,S3-994180764
S1-668778032	
S1-560004037	S2-460363987,S3-411777265,S3-972262475
S1-501996978	S2-377935141,S3-831970043
S1-760524044	
S1-313747196	
S1-2657619	S2-603786294,S2-669516913,S3-713404684,S3-78692466
S1-604692271	S2-948730443,S3-932275806,S3-55600750
S1-597215519	
S1-449197677	
S1-465672813	S2-656759320,S2-365796708,S2-328036396,S2-290138932,S3-749751308,S3-416481084
S1-273289590	S2-572765307,S2-279234512,S3-681506174
S1-693515822	
S1-693659918	S2-559287330,S2-470467257,S2-857680185,S2-499757787,S2-951374449,S3-912118205,S3-159022570
S1-980395952	S2-957618634,S2-383388478,S2-145564722,S2-934324764,S3-355182406,S3-259821533
S1-825140937	S2-803901637,S3-856577094
S1-831943853	
S1-259190574	S3-341239836
S1-992171555	S3-345039031,S3-976672168
S1-719739319	S2-52770048,S3-834524098
S1-875788073	
S1-267427979	S2-95823228,S3-743504891
S1-344089520	S2-528392250,S2-341327430,S2-99444578,S3-380578655,S3-976451332
S1-379764344	S2-926989665,S2-940758031,S3-914389792,S3-772774839,S3-826958647
S1-18546711	
S1-455978088	S2-267372331,S2-129313066,S2-425390701,S2-513048614
S1-363549609	S2-429825147,S3-439768873,S3-137825708
S1-370625144	S2-686196954,S2-944769454,S2-296072760,S3-652332979,S3-227844042,S3-789628181,S3-193487478
S1-913173577	S2-114025806,S2-138092178,S3-367218390
S1-203900910	S2-132195991
S1-723711012	S2-13687304,S3-792552745,S3-357433767
S1-359931555	S2-109595167,S3-831174639
S1-256942919	S2-267638091,S2-207999652,S3-876877928,S3-484866967
S1-732687625	S2-84920948,S3-106604309,S3-804835249
S1-728213040	S2-264871165,S2-331829384,S3-957674522
S1-57124692	S2-605793200,S3-428550532
S1-956844075	S2-294603133,S3-786617261,S3-447970237,S3-688714457
S1-986491326	S2-185762383,S2-195457992,S3-992098279,S3-350819130
S1-241404206	S2-579384297,S2-675817018,S3-410680729
S1-23174009	
S1-537058004	S2-261261212,S2-411165733,S3-548102413,S3-899282724
S1-487441108	
S1-1700878	S2-370832220,S2-477554058
S1-682793272	S2-440083583,S2-22615407,S2-268034014,S3-748287509,S3-105374366
S1-272207178	S2-265674315,S3-910381057,S3-303584041
S1-639136078	S2-602870820,S3-650657448,S3-452013352
S1-459709424	S2-646532080,S2-738375483,S2-190405737,S3-636705383,S3-870533281
S1-773965622	S2-131106721,S2-888017435,S2-810252875,S3-764082668
S1-815745291	S2-493238413,S2-11598410,S2-500587120,S2-327373940,S3-975661711
S1-601104655	S2-916610664,S3-352367298
S1-119892038	S2-595006667,S2-10226590,S3-922965224
S1-425232348	S2-267862256,S2-83991812,S2-269701935,S3-318803695,S3-240877623
S1-457017080	S2-377955880,S2-259718201,S3-702021636,S3-398258547,S3-230711088
S1-679265192	S2-981316712,S2-393767165,S2-461295015,S3-909434670
S1-868000091	S2-333767627,S2-730922761,S3-98285119
S1-936349268	S2-228172406,S3-746800941
S1-268245201	S2-713834457,S2-971916780,S3-735981216,S3-440301674
S1-594547159	S2-56214675,S2-265201406,S3-85034309,S3-308458245,S3-670940023,S3-179833536
S1-793778305	
S1-104977751	S2-485930208,S2-889540103,S3-471049753,S3-953054367
S1-12115843	S2-496268660,S3-478968692,S3-407452344,S3-781436070
S1-116138962	S2-302275102,S2-30379446,S2-952941028,S3-757963976,S3-100658679
S1-178832461	S2-849729560
S1-337317172	
S1-364789226	S2-84870984,S2-140716435,S3-228788560,S3-912755175,S3-147047077
S1-521695067	S2-677960156,S2-199905616,S2-799226393,S3-559456143,S3-946511924
S1-662980812	
S1-288837532	
S1-250414389	S2-891740660,S3-992194517,S3-10251020
S1-11751225	S2-202417206,S2-700885442,S3-547545891
S1-364555975	S2-380840595,S3-925457633,S3-974755896
S1-700749845	
S1-819869247	S2-440553406,S3-147192360,S3-307736085
S1-539231621	
S1-562227333	S2-616272148,S2-268277883,S2-806909690,S2-27199067,S3-138866082,S3-352614384,S3-790222989,S3-948627964
S1-11182351	S2-125252676,S3-913121155,S3-619385774
S1-840154452	S2-333694305,S3-215502965
S1-558147011	S2-814888111,S3-127620119,S3-811537179
S1-621107708	S2-837836266,S2-447225044,S2-232861107,S2-242577817,S3-903826093,S3-127409342,S3-955228097
S1-971328003	
S1-167603132	S2-173977526,S2-936378648,S3-82555775
S1-920170329	
S1-629127706	S2-298719103,S3-10205095
S1-871557441	S2-448122604,S2-634957934,S3-365535217
S1-151452949	S2-539424700,S2-569426326,S3-221532204
S1-915284670	S2-522029204,S3-650499248,S3-706393846
S1-567990340	S2-815053281,S2-296323482,S3-569180922
S1-271537861	S2-86010432,S2-965230364,S2-787595146,S3-823216935,S3-144865163
S1-323408617	
S1-651444301	S2-708688520,S2-318766945,S3-28433425,S3-995528523,S3-494387329,S3-372803017,S3-229378228
S1-65136463	S2-354662784,S2-438257605,S3-751825000
S1-671753771	
S1-104032348	
S1-14723039	S3-670437826
S1-421761649	S2-792075488,S2-136079543,S3-266609284
S1-925544579	S2-574079600,S2-201205927,S2-21926919,S2-730824462,S3-118671918,S3-194739327,S3-48327159
S1-838713702	S3-252841159,S3-966922711
S1-223602793	S3-908829925,S3-47601265
S1-115604950	
S1-294708205	S2-908147961,S3-690949769,S3-292380951,S3-649821786
S1-300223306	S2-534472500,S3-422032434,S3-89744527
S1-585709444	
S1-455300994	S2-536137906,S3-392909359,S3-283097875,S3-954089258
S1-85102551	S2-944875044,S2-841847233,S2-269084113
S1-839892280	
S1-851965615	S2-682219054,S3-871355001
S1-828506355	S2-903135481,S2-305511088,S3-997180582
S1-568442225	
S1-770657033	S3-139551579,S3-23420219
S1-56824620	
S1-213543870	S3-608246231,S3-9351545
S1-843957624	S2-658849174,S2-77824978,S2-333616498,S3-91597014
S1-228789301	S2-480349937,S2-777710978,S3-342756902,S3-504378879,S3-16533321
S1-37207907	S2-1461786,S3-777466008,S3-817065959,S3-474918802
S1-764682593	S2-396989723,S2-101352930,S3-144218341
S1-932085748	S2-639138577,S2-270833434,S2-882661175,S3-533693625,S3-457907486,S3-991506251
S1-572207143	S2-221317289,S2-545587735,S3-581381404
S1-75069217	S2-129129768,S2-50483416,S2-75600746,S3-306618968,S3-231883380
S1-346076190	S2-361220922,S3-50424745
S1-660946367	S2-247303780,S2-565320707,S3-345009639,S3-764629408
S1-738215737	S2-155861666,S2-400485328,S2-893730480,S2-389135238,S2-245043,S3-441034704,S3-251879596
S1-493990686	S2-782997120,S2-582512573,S2-294918824,S3-297869396
S1-157850201	S2-258104776,S2-853849318,S2-488247819,S2-173203069,S3-65828493
S1-864948957	S2-590656487,S2-204017180,S3-381463319
S1-672761262	S2-755420213,S2-804176630,S3-265486939,S3-932244814,S3-742384738
S1-220527665	S2-573568099,S3-902793232
S1-681639757	S2-708301180,S2-825645465
S1-554136514	S2-462646209,S3-982013166,S3-515344227
S1-259013169	
S1-858665428	S2-721943430,S2-803134608,S2-991838096,S3-838337895
S1-307756510	S2-800369382,S3-658523834,S3-85101924
S1-872827047	S2-639151866,S2-614877183,S2-374372874,S2-133466407,S2-431266784
S1-749005074	S2-95258403,S2-165861580,S3-251262992
S1-124080071	S2-228697436,S2-342107609,S3-842832449,S3-905850079
S1-213748284	S2-325226098,S2-352018496,S2-993240907,S3-320092996,S3-530935899
S1-621985425	
S1-710796134	
S1-67445833	S2-602673586,S3-206803433
S1-735349250	S2-399902811,S2-932858335,S2-823486744,S3-236736891
S1-697883146	
S1-226767644	S2-537360911,S2-828534476
S1-595630182	S2-981776685,S2-921502660,S3-835099954,S3-807453756
S1-240181458	S2-562276221,S3-969268107,S3-28555711,S3-370899821,S3-991037581
S1-959070829	S2-849091504,S3-99944290,S3-429209249
S1-946944034	S2-411207436,S3-437797920
S1-346193236	S2-379607050,S3-743010988
S1-635242035	
S1-87944363	S2-166514188,S3-90933054,S3-732803629
S1-417655223	S2-310024175,S2-949717502,S3-948498424,S3-824676629,S3-25118037
S1-290940280	S2-645786078,S2-558523685,S3-249406113,S3-648568745,S3-678415041
S1-332961047	S3-441855210
S1-214850809	S3-807439827,S3-400955822
S1-926171686	S2-180856049,S2-565806804,S3-442704857
S1-452062723	S3-353564737,S3-316365941
S1-891328204	S2-397272435,S2-7253655,S2-879115179,S3-500628269,S3-433590338
S1-894934356	S2-856155298,S2-649685364,S3-179094235,S3-794317991,S3-21539598
S1-157778270	S2-17356058,S2-154014039,S2-962087713
S1-139930058	
S1-29850001	S2-877203687,S3-10511302,S3-963164146,S3-296770022
S1-368004430	S2-15775722,S2-918698434
S1-111813464	S2-161509250,S2-225951296,S2-620165325,S3-198815733
S1-2099950	S2-349370782,S2-61471794,S3-341063138,S3-420306887,S3-499778941,S3-230764687
S1-822052458	
S1-542801876	S2-89977036,S2-179290134,S3-205629111,S3-492384493
S1-232356747	S2-326109928,S2-889757863,S3-681670208
S1-688522292	S2-627182357,S2-211326005,S2-856255925,S2-874230891,S3-801628743,S3-822609072
S1-202596866	S2-545177875,S2-214282074,S3-33390980
S1-309483946	S2-358187596,S2-156132678,S3-510873320,S3-551982248
S1-92737301	S2-343516572,S3-376228968,S3-671305350
S1-368151545	S2-582800270,S2-927418864,S3-893494901,S3-115770884,S3-684594689
S1-964830317	S2-304301758,S2-471303985,S2-301051784,S2-875934601,S3-458751762,S3-802430964
S1-698457514	S2-597067101,S3-415749312
S1-295092943	S2-624966803,S2-185658297,S3-637167686,S3-412255403
S1-185030924	
S1-521099090	S2-195265455,S2-469968458,S3-649143828,S3-777066303
S1-269705085	S2-985571656,S3-575776866,S3-835765387
S1-295507522	S2-634597103,S3-294064945,S3-272314979
S1-117545912	S2-231837545,S3-75348522,S3-153444524
S1-927055458	
S1-337084811	S3-69663080,S3-12160369
S1-894693116	S2-651223358,S3-650352737,S3-864131071,S3-80124448,S3-441356680,S3-695232845
S1-864208107	S2-242315007,S3-744128561,S3-605884076,S3-958696901
S1-509872772	S2-492994922,S2-44551818,S2-612767538
S1-120316804	S2-127562052,S3-413844453,S3-309236289
S1-10209088	
S1-410668413	S2-507190615,S2-737132769,S3-386196127,S3-493517158,S3-551388423
S1-227356951	S2-513839315,S3-497033104
S1-220741094	S2-542809434,S2-524082262,S2-191460812,S2-349088092,S2-680128228,S3-125644604
S1-224019141	S2-518238518,S2-501386317,S3-260209695,S3-436207089
S1-648916471	S2-675410902,S2-261413115,S3-731519075
S1-244436728	S2-420524827,S2-950105692,S3-418785302,S3-939471436
S1-421761763	
S1-115143976	S2-653558125,S2-805677299,S3-261315589,S3-621387683,S3-52307575
S1-117216338	
S1-734799289	S2-50965324,S2-514256374
S1-950722751	S2-875821875,S3-158402045
S1-542479814	S2-926188686,S3-981842059,S3-363720421
S1-237445	S3-345746727
S1-478857441	
S1-121255766	
S1-269262568	S2-376477051,S3-176470888,S3-429158486
S1-166814669	S2-331643826,S3-438659432,S3-913217173,S3-69994283
S1-726041073	
S1-554357417	
S1-251387839	S2-502698707,S2-735442145,S2-666685844,S3-584920395,S3-239680613
S1-124618419	S2-723779602,S2-558631343,S2-930790675,S2-173735162,S3-871182594,S3-893929525,S3-157452511,S3-216318607
S1-203042800	S3-776486107,S3-624630371,S3-892009873
S1-6260344	S2-239185126,S3-636681435,S3-880992213,S3-622904155,S3-138755452
S1-62830983	
S1-686917380	S2-445056472,S3-671791814,S3-246439431
S1-338272785	S2-834041984,S2-646366078,S3-507148771,S3-522783242,S3-947797137,S3-186804368
S1-6497248	S2-214640366,S2-679243258,S3-998736441,S3-294004581,S3-205351457,S3-429270956,S3-816068894
S1-675812149	S2-916559386,S2-809765061,S3-230097131,S3-983135378
S1-454754649	S2-360945057,S2-65953255,S2-23794532,S3-927836047,S3-167531529,S3-856928206
S1-908922620	
S1-496694564	S2-23213013
S1-143240339	S2-847334757,S2-108729000,S3-712009245,S3-709289022
S1-463795157	S2-728455399,S2-893666512,S2-938389883,S3-547079030,S3-823222459,S3-489154207
S1-715124417	S2-277645361,S2-700242165
S1-360220456	
S1-937866827	
S1-955734948	
S1-442271866	S2-738293270,S2-258046661,S3-484651220,S3-588115967,S3-315533901
S1-52025487	S2-950605358,S2-230561742,S3-285473447
S1-514680373	S2-83909069,S3-873202911,S3-829890080,S3-506369986
S1-218291303	S2-449358951,S2-463917588,S2-937492018,S3-580347102,S3-477543875
S1-966657116	S2-479811355,S3-735404381
S1-843248697	S2-134814485,S2-957703504,S2-43288019,S2-944291115
S1-720624322	S2-619698274,S2-373461233,S2-738689770,S3-603920888
S1-781582327	
S1-501498630	S2-576729842,S2-453389821,S3-307113715
S1-952177888	S2-405661571,S2-19044581,S2-789436789,S3-311492355,S3-574671990,S3-559769867
S1-837780524	S2-989460747,S3-916993077
S1-427424076	S2-676845718
S1-945296825	S2-971133480,S3-510326748,S3-610586943
S1-179991615	S2-153989321,S2-891259708,S3-566362265,S3-855618633,S3-453844970,S3-50244332
S1-982577909	S2-755538586,S3-867248843,S3-914728319
S1-478332601	
S1-333556138	S2-682721983,S2-894464847,S2-956604398,S3-860101677,S3-823635133,S3-118019647
S1-666126956	S2-799008352,S2-266606729
S1-493047865	S2-36813833,S2-615836424,S3-829764511,S3-321930288
S1-957649217	S2-896503708,S3-217750106
S1-79557220	S2-956271445,S3-563593713
S1-531084712	S2-873107457,S2-728435384,S3-543210700
S1-989402267	S2-753441867,S2-290435437,S2-155059032,S3-599502084,S3-347882071
S1-952580149	S2-535090787,S2-913047705,S2-756658647,S3-329492759,S3-411894624,S3-24960207
S1-275220363	S2-544760532,S2-917781383,S3-496494445,S3-217149952
S1-241332876	S2-936280909,S3-138047093,S3-309845118
S1-685000930	S2-45326250,S3-31738124
S1-818148547	S2-109174630,S3-178541505
S1-948133629	S3-213038701
S1-760640256	S2-104283504,S2-446385558,S3-694453207,S3-769898850,S3-73396848,S3-497656201
S1-393000138	
S1-481645496	S2-669261047,S2-153916641,S2-373942001,S3-593863324,S3-944801846,S3-839275886
S1-11855149	S2-842648835,S2-716544239,S2-780858050,S2-162209146,S3-169771209,S3-800215603
S1-896612468	S2-375964772,S2-329718740
S1-392217801	S2-984793214,S2-528832523,S2-267651656,S3-875238321,S3-534926734
S1-406367759	
S1-860404706	
S1-649577538	S2-787643931,S3-262099602
S1-687792618	S2-427751109,S2-489606048,S2-74924199,S3-411598961,S3-613233060,S3-178413172,S3-367272131
S1-500809553	S2-663974394,S2-480010329,S2-815983912,S2-610033112,S3-167310544,S3-215171510
S1-79383656	
S1-275704362	
S1-137329770	S2-93874926,S2-672049028,S2-179068689,S3-776410986,S3-215301401,S3-281940813
S1-828989645	S2-570115016,S2-745341069,S2-554667670,S2-785925200,S3-930890411,S3-973057868
S1-905962170	
S1-216394408	S2-396763476,S2-602865323,S2-736745401,S3-891537914,S3-423755703
S1-354739064	S2-553760794,S2-815361890,S3-216788067,S3-128620371,S3-120037958
S1-527041900	
S1-840060721	S2-4736924,S2-169949507,S2-894437607,S3-496327639,S3-226987416,S3-735560033,S3-738262147
S1-743181284	S2-123837752,S2-637628351,S3-242074953,S3-370470464,S3-872175560
S1-99458358	
S1-329256100	
S1-278590250	S2-681999185,S3-422877851
S1-483414351	S2-766292530,S3-198253602,S3-377548281,S3-788208018
S1-613662866	S2-542375704,S2-143369201,S3-358353738,S3-807412071
S1-847765411	S2-766680159,S3-148540166,S3-742173692,S3-324251962,S3-173145233
S1-592157669	S2-806404312,S2-175629483,S3-549969519
S1-381225686	S2-338400479,S2-371435219,S2-141039250,S2-178984023,S3-466150686,S3-29327885,S3-230085597,S3-210796431
S1-533848169	S2-164932282,S3-833981257,S3-321674331
S1-508713717	S3-594984275
S1-32995133	S2-267614436,S3-384910963,S3-821739351
S1-405832787	S2-530110108,S2-372335650,S3-483863711,S3-687131373,S3-738019881
S1-145609397	S2-432202409,S2-479286153,S3-966408949,S3-145827847,S3-333949624
S1-556461362	S2-391784039,S3-830562214
S1-18902903	S2-54640016,S3-801320534
S1-26749895	
S1-104380094	S2-881501244
S1-742617559	S2-734751578,S2-289450729,S2-98644460,S3-198944271,S3-202304120,S3-522892038
S1-817688147	S2-367982661,S2-301989989,S3-945513667
S1-306300800	S2-328602448,S2-663159169,S2-5609043,S2-243128839,S3-918431399
S1-483470638	S2-827643098,S3-938088660,S3-95604827,S3-794682886
S1-105704322	
S1-680805209	S2-722419268,S2-675538306,S3-272169378,S3-376774200,S3-324146866,S3-258800745
S1-495346759	S2-495108747,S3-430166772
S1-669100462	S2-260176883,S2-561364055,S2-972353921,S2-153246203,S3-203321034
S1-562345176	S2-167088149,S2-861582168,S3-99001839,S3-265538431
S1-287328769	
S1-874936263	S3-387223949
S1-912808832	S2-797200923,S2-796044039,S3-722998377
S1-219741337	S2-796222121,S3-685613684,S3-571507485
S1-14002867	S2-422405018,S2-604323601,S2-608585586,S2-697102220,S2-307031190,S3-105063551
S1-213736319	S2-767525549
S1-942041941	
S1-723887286	S3-742679666,S3-812335431,S3-69838093
S1-200462393	S2-843683388,S2-721515720,S3-634126096,S3-226325162,S3-717864619
S1-340582163	S2-354517344,S2-948764352,S3-884736380,S3-866698849,S3-806517473
S1-440307625	S2-996840953,S3-109028077,S3-287915700
S1-650013565	S2-407599196,S2-307730698,S3-504473736
S1-247586686	S2-644173776,S3-842399582,S3-759739534,S3-108177641
S1-503195877	S2-504423433,S3-479955473,S3-258920900
S1-534511080	S2-288096894,S2-512376928,S3-753930012
S1-297669131	
S1-296186247	S2-413376741,S2-630269300,S3-106595085
S1-881864446	S2-734858831,S3-210032908,S3-629664920,S3-815806205,S3-678035974
S1-378742019	S2-837668716,S3-314745973
S1-914707877	S2-67659679,S3-495489782,S3-817346490,S3-76095250,S3-458738195
S1-187473372	S2-880333450,S3-577373993,S3-39003319
S1-100765420	S2-963414910,S3-57644361,S3-649939767,S3-916333716
S1-539978969	S2-386216513,S2-504811527,S3-903214137,S3-794309263
S1-435926297	S2-50733973,S3-169698631,S3-742940899
S1-845600347	S2-570273076,S3-453695742,S3-696526863
S1-521654665	
S1-574550037	S2-713502771,S3-907350057
S1-215315665	S2-308583210,S3-966885548,S3-46620662,S3-524911874,S3-194451974
S1-264655122	S2-81557223,S3-461036640,S3-536955208,S3-547856982,S3-31964658
S1-354504106	S2-573450868,S2-848542749,S2-711009852,S2-927110498,S2-341635909,S3-714094852,S3-676391223,S3-539929682
S1-579920662	S2-271894769,S3-282408255,S3-467886162,S3-29242866
S1-100031760	S3-655252183,S3-438802463,S3-131866631
S1-291916494	
S1-399611818	S2-433633528,S3-166382272
S1-142635061	S2-196541534,S2-769508112,S3-894959423
S1-110169519	
S1-62594960	S2-688491073,S3-533372260,S3-327306332
S1-860116830	S2-742192286,S3-584547382,S3-442492537
S1-118604663	
S1-696318540	
S1-360401329	S2-422607242,S2-500510393,S2-517847177,S3-383007353,S3-314449764
S1-495685213	S2-532633300,S2-343334867,S3-745289958
S1-625058213	S2-330481172,S2-698129906,S3-437983365,S3-706065449,S3-189815711,S3-474380310
S1-682763744	S2-479099167,S2-813164239,S3-845394775
S1-908901177	S3-538658957,S3-974578586
S1-636936378	S2-698624989,S2-625859824,S2-282012949,S2-568603547,S3-988084911,S3-776156013
S1-491134687	
S1-215044363	S2-252864276,S2-548809818,S2-988589458
S1-700454267	S2-28173195,S2-207133486,S3-235127287
S1-502025977	S2-243101014,S3-25095924,S3-324115796
S1-230905289	S2-422353311,S2-150536498,S2-700989625,S2-980134891,S3-160621337,S3-176342379,S3-772061831
S1-991216820	S2-737226876,S3-986927808,S3-582847945,S3-603725284
S1-114508299	S2-920634136,S3-91754912,S3-164170062
S1-569769726	S2-748153500,S3-388692235
S1-157827732	
S1-870826773	S2-448620241,S3-364961556,S3-769936823,S3-269223098,S3-332732979
S1-2495080	S2-778892133,S2-233559329,S3-807811236,S3-705529081
S1-554966827	
S1-866691494	
S1-232326519	S2-170522087,S2-816358309,S2-55635374,S3-765563426,S3-213021992
S1-621930643	
S1-31617447	S2-652058589,S2-502234402,S2-951146684,S3-279233980,S3-577968677
S1-339245546	S2-784555737,S2-305962366,S2-246274653,S3-542170722
S1-771418539	S2-280181035,S2-158255736,S3-91054511,S3-133910376
S1-841834107	S2-28684901,S2-873714538,S2-625417652,S3-108150794
S1-230069720	S2-716162989,S2-583024929,S3-836698162
S1-135033029	S2-773915501,S2-47675921,S3-958325370,S3-513487935,S3-542647618
S1-129863265	S2-356442313,S2-265565511,S3-115267562
S1-821251019	S2-250341238,S3-731037131,S3-132261774
S1-460799911	
S1-8043379	S2-396276633,S3-213166248,S3-951918145
S1-87246282	S2-157183043,S3-438540564,S3-534616831
S1-624913086	S2-89958598,S2-831970454
S1-284119868	S2-668432593,S2-998007520,S3-127456262
S1-501743231	S2-112028155,S3-333618060
S1-59110143	S2-85792060,S2-192000985,S3-864169345,S3-302917719,S3-299076987,S3-316200251
S1-534775142	S2-536938266,S3-167652473,S3-612111754,S3-156107052
S1-898296930	S2-878438208,S2-655784672,S2-717119786,S3-128605295,S3-454823064
S1-857127779	S2-713249630,S2-327197533,S2-384410194,S2-84363227,S3-594355788,S3-246616629,S3-944837081
S1-297266553	
S1-757972993	S2-183085660,S2-405938857,S2-316550965,S3-811845754,S3-552292346
S1-99282977	S2-581162875,S3-427639589,S3-702554751,S3-335745647,S3-332298100,S3-69415442
S1-2707036	S2-668622608,S3-530136250,S3-526832875
S1-433526823	S2-754531027,S3-206464005,S3-521991119
S1-397009708	S2-442364658,S3-196640217,S3-580067537
S1-632434080	S2-489196749,S2-631268884,S2-500953388,S3-263976690,S3-310650570
S1-385150945	S2-253484719,S3-635733725,S3-184056255,S3-464402458,S3-55738389
S1-606938203	S2-510783646,S2-775398177,S3-646837932
S1-200459281	S2-825030002,S2-174725235,S3-675484034,S3-27435119,S3-606751042
S1-678396634	S2-946884384,S2-775911324,S3-353106762
S1-8870177	
S1-793918909	S2-255084376,S2-874187032,S3-918852027
S1-952598221	S2-390195815,S3-724332893,S3-902081497
S1-986051568	S2-177556502,S2-227123019,S2-143583405,S2-36349802
S1-226239109	S2-538819989,S2-463921701,S2-452931609,S2-987305054,S3-192594052,S3-154140833,S3-271995578
S1-437589856	S2-40353489,S3-998542513,S3-19449500
S1-696313022	
S1-86643970	S2-16974974
S1-89007047	S3-671796646
S1-404172956	
S1-563819210	S3-60257320
S1-393636930	S2-948084289,S2-378254265,S3-338662223,S3-304182341,S3-196033445
S1-157814147	S2-217761190,S2-733691281,S2-466213354,S3-597677865
S1-195215490	
S1-457456212	S2-76506676,S3-585356822
S1-498870983	S2-305501318,S3-134306574,S3-340798961
S1-735512583	S2-618606665,S2-936534306,S3-17528219,S3-514054922,S3-156976300
S1-343248116	
S1-906212809	
S1-362914016	S3-309302529
S1-935549955	S2-791822148,S3-623955983,S3-704465095
S1-43687851	
S1-583247894	S2-490935666,S2-113166826,S2-624722331,S3-862777327,S3-17207976,S3-413439865
S1-417716617	
S1-292775455	
S1-515761142	S2-956670140,S3-26873722,S3-266852526
S1-4446045	S2-9103275,S3-528046609,S3-3519839
S1-928774570	S2-370607555,S2-403568003,S2-776142288,S3-557609829,S3-274074356,S3-420932092,S3-560410834
S1-4080450	S2-166153152,S2-876678483,S2-191721777,S3-274678385
S1-76379869	S2-571529331,S3-8669179,S3-554386127
S1-381742081	S2-374648101,S3-197294503,S3-592387494
S1-328732842	S2-386542252,S3-368653711,S3-313052343
S1-643727218	S2-136509439,S3-471762609,S3-485866006
S1-600695183	S2-775045283,S2-440791554,S2-175285525,S3-990677939,S3-790947332,S3-813607224,S3-69402933
S1-956361358	S2-255147195,S2-220907510,S2-227326601,S2-730074164,S3-785521157,S3-781807553
S1-636729909	S2-675721166,S2-44842253,S2-752153176,S3-124115324
S1-348287021	S2-769870961,S3-91513095,S3-958198522
S1-57064761	S2-629163195,S3-985980500
S1-902985382	S2-477369205,S2-510552727,S3-922898870
S1-569982848	S2-167821600,S3-892091443
S1-238762946	S2-806644409,S2-972569504,S2-568359511,S3-605460311,S3-575762227,S3-36590663,S3-143774416
S1-140671521	S2-645888436,S3-168291463,S3-250060846,S3-320924500
S1-760033475	S3-734899978
S1-699334488	S2-810863275,S2-344763798,S2-942477596,S3-278734827,S3-837042951
S1-995978396	S2-311534606,S3-727653147
S1-360113238	
S1-996929035	S2-434560501,S2-22371189,S3-748238997,S3-580005239
S1-134340646	S2-155104225,S2-831150046,S3-792740903
S1-646364594	S2-380392692,S3-30147305
S1-29640994	S2-969279581,S3-446604307,S3-354947915
S1-760564703	S2-271860543,S2-909048045,S3-208263283,S3-979694323
S1-165776189	S2-819162659,S2-403251337,S3-44566358,S3-27187196
S1-99037628	S2-163810886,S2-438742783,S3-753040537
S1-53444488	S2-923796693,S2-93239599,S3-13032540,S3-606237104,S3-906575869
S1-255780136	S2-984798474,S2-948566244,S3-60645336
S1-480709627	
S1-589671264	
S1-649238071	
S1-319199010	S2-469046358,S2-551384460,S2-679194445,S3-706214108,S3-217655250,S3-883181986
S1-666299896	
S1-563752846	
S1-573167862	S2-819253524,S3-362531988
S1-411320445	S2-1145166,S3-195872120,S3-243737885,S3-381213262
S1-714672596	
S1-492451157	S2-709457016,S2-648091425,S2-948079331,S2-704563881,S2-424875545,S3-712202886,S3-995696391
S1-615966927	
S1-666111684	S2-113508823,S2-266599720,S2-251543380,S3-326091187,S3-591628217
S1-907970183	S2-912068727,S2-468532955,S3-695331295,S3-494556451,S3-78767197
S1-651147397	S2-516692073,S2-498082897,S2-546089807,S3-956029523,S3-139407244
S1-655472820	S2-57828404,S2-75301570,S3-148471955,S3-228628385
S1-980069219	S2-701479752,S2-822019713,S3-193977171,S3-891958861,S3-382431982
S1-818030233	S2-261609512,S3-550025437,S3-820285396,S3-873516944
S1-229999384	S2-63716789,S2-872761201,S3-401597360,S3-873232491
S1-109421988	S2-451265544,S3-574862498
S1-377862893	S2-2928101,S3-216959391,S3-191701925,S3-209009769
S1-526373726	S2-93733466,S2-643686941,S3-429124179
S1-9963221	S3-158876272,S3-530432620,S3-31577280
S1-655629901	S2-167260404,S3-172404021,S3-720026386
S1-428137423	S3-953265150
S1-48173717	
S1-769800086	S2-542243839,S3-850378202
S1-89709116	S2-505084310
S1-406534404	S2-506212079,S3-821524414
S1-317631839	S2-865921956,S3-557868824,S3-78516111
S1-46563464	S2-481920499,S3-955488375
S1-447374438	S2-519588482,S2-911873388,S3-434065547,S3-758617746,S3-780297170,S3-145076846
S1-410049312	
S1-262785660	
S1-346742131	S2-182964709,S3-866549795,S3-569074260,S3-611144952
S1-595112672	
S1-935106471	S2-572752475,S3-240874900,S3-394416822
S1-54313244	S2-982529542,S2-599234532,S2-215765864,S3-188201380,S3-522964132,S3-928692664
S1-494532614	S2-538024424,S2-235024303,S2-520648271,S2-556803546,S3-229664761,S3-127873577
S1-918383222	
S1-643786008	S2-226048261,S3-120808699,S3-98275744,S3-974263684,S3-924093575,S3-898889851
S1-172756959	
S1-660111028	S2-908429086,S3-680339139
S1-537088795	S2-180421422,S2-97789029,S3-53526602
S1-765786327	S2-195607945,S3-28479993
S1-299600289	S2-51913870,S2-276866724,S2-122348527,S2-266658210,S2-707111736,S3-429469326,S3-717501585
S1-132646503	S2-37626998,S3-50455022
S1-89413629	S2-398941693,S3-737714074,S3-140668952,S3-623579584,S3-454103049
S1-26364998	S2-345337564,S3-585410556,S3-785038485
S1-349852818	S2-859042066,S2-633821553
S1-23279637	S2-496416082,S3-693552857,S3-601470289,S3-74356814
S1-950363806	S2-438994108,S2-773652395,S2-313465277,S3-268590397,S3-244275892
S1-423756864	S2-54318428,S2-368263519,S3-777878032,S3-536592505
S1-443352696	S2-221674712,S2-609484147,S2-350103832,S3-596859858
S1-528124201	
S1-57737581	
S1-436811501	S2-155021513
S1-717894139	S2-930287111,S2-195509581,S3-37961222
S1-171517430	
S1-498834527	S2-571518377,S3-505566049
S1-761237411	S2-312036620,S2-373276865,S3-750988843
S1-959517250	S2-580277874,S3-448755374,S3-296490959,S3-358587945,S3-565293520,S3-506140459
S1-547182237	S2-828977161,S2-448651214,S3-739686368,S3-364943309
S1-337657617	S2-355032637,S2-715143122,S2-393243542,S2-559293331,S3-118797732,S3-156861647
S1-432317607	S2-143492423
S1-780890074	
S1-720703255	S2-70608675,S2-913507678,S2-723587026,S3-827984754,S3-307353460,S3-268562594
S1-328207444	S2-824240588,S2-829166297,S3-99773916,S3-963575928,S3-144212642,S3-547110522
S1-471960571	S2-256229261,S3-991144699
S1-530335720	S2-175791611,S2-212159256,S2-843860536
S1-557090591	
S1-103368644	
S1-973344549	S2-324911280,S3-316249659
S1-820577681	S2-135795250,S2-842703891,S2-224618501,S3-595518989,S3-599506697,S3-766076955
S1-375023021	S2-93159530,S2-860152375,S3-954758091,S3-586661996,S3-504410581
S1-705769524	S2-8298177,S3-560474169
S1-222849705	S2-309966888,S2-820540491,S2-479162076,S3-843011518,S3-890206554
S1-519502295	S2-435233358,S3-428647564
S1-498292963	S2-524133203,S3-751483822
S1-262719655	
S1-519203408	
S1-464661240	S2-25601853,S2-294876302,S2-55265739,S3-991533867,S3-882289057
S1-741609235	
S1-777283329	S2-682043834,S2-429928183,S2-917835040,S2-717879229
S1-104105026	S2-464050283,S2-283092207,S3-227992612
S1-98443813	
S1-191071223	S2-427241854,S3-871564786
S1-983958492	S2-809928866,S2-272418176,S3-159862222,S3-731502202
S1-757945054	S2-419553235,S2-704136155,S3-840259257,S3-194148086
S1-871799802	S2-302207664,S2-69181561,S3-864291936,S3-967151802
S1-394818987	S2-32498266,S2-225870477,S3-747414084,S3-557380240
S1-708107192	S2-45860698,S2-761357385,S2-225688112,S3-652925783,S3-862347002
S1-735758687	S2-367455925,S2-402594005,S2-984238439,S3-749991697,S3-127936957,S3-219731108,S3-246670701
S1-770530090	S2-623759710,S2-841953649,S2-489879618,S3-26672297,S3-404121829,S3-970354323,S3-536394777
S1-3972409	S2-213351817
S1-500711427	S2-519535293,S2-7243213,S3-498094449,S3-331051466,S3-568575252,S3-273656789
S1-933996613	
S1-578321841	S2-391938146,S2-656677414,S2-978117338,S3-700064
S1-159249513	S2-924447529,S2-772364863,S3-451371534,S3-18886668
S1-77330585	S2-41073872,S3-937749503
S1-217853881	S2-161776563,S3-185974952
S1-168224249	
S1-309676106	S2-44703403,S2-979341341,S3-198645732,S3-477598218,S3-880291231,S3-720011831
S1-510554913	S2-603154403,S2-142126233,S3-182287997
S1-134225775	S2-988398198,S2-254455735,S3-91933605
S1-854079694	S2-843646112,S2-531124748,S3-107292777
S1-198232087	
S1-948142159	S2-506682876,S3-201945884,S3-940956854,S3-903160720
S1-833413560	S3-88672676,S3-982783067,S3-334333282
S1-533966610	S2-844380420,S3-377095853,S3-899746587,S3-623881387
S1-381280770	S2-730590407,S2-57695411,S3-341084918
S1-257961511	S2-425818938,S3-685451938,S3-634140878,S3-172885796
S1-396088088	S2-117056056,S3-604849497,S3-118074418
S1-819712316	S2-729487245,S2-394638805,S3-478384242,S3-598204868,S3-763011266
S1-774780451	S2-499130785
S1-199484026	
S1-850567068	
S1-189778733	S2-81128781,S3-470902569,S3-236423323,S3-696904545
S1-856075086	S2-53972742,S3-479971745,S3-567838027
S1-421032665	S2-897121235,S3-669282987
S1-39703657	S2-181123508,S3-871266268
S1-111773262	S2-62945756,S2-647567376,S2-25885784,S3-87842715
S1-533027253	
S1-673253053	S2-646694014,S3-21276253
S1-357220847	S2-31242251,S2-308593575,S3-171412988
S1-142194221	S2-34536356,S3-767868659,S3-722331782
S1-351744895	S2-160384423,S2-572717609,S3-651863009,S3-549192226
S1-458111533	S2-435525986,S2-356748148,S3-394773925,S3-325756807
S1-530828225	
S1-172850268	S3-465102254
S1-861009943	S2-957971534,S3-303827709,S3-597765980
S1-836835831	S2-374451341,S2-608247423,S2-548768456,S3-935227209
S1-570545750	S2-65917815,S2-537673303,S2-845954480,S2-366707425
S1-201384738	
S1-619886496	
S1-326940344	S3-666216618,S3-31809591
S1-569450548	
S1-357638852	S2-91298556,S3-852051269,S3-31533586,S3-246120834,S3-399730273
S1-384416512	S2-97099861,S2-820878141
S1-547485304	S2-555924567,S3-29348199,S3-719175907,S3-897895208
S1-445746167	S2-756018716,S2-40695884,S2-131532398,S2-835429971,S3-730183188,S3-686566254
S1-285716078	S2-235271098,S2-829053646,S3-988690888,S3-385527880
S1-756781934	
S1-412491603	S2-430101044,S2-126344325,S2-404479111,S2-28592859,S3-733655906,S3-267939314
S1-376688120	S2-255688202,S2-529594205,S2-775334166,S3-340903397
S1-675147329	
S1-896273885	S3-516401829,S3-99023786,S3-754608135,S3-96259447
S1-507331822	S2-536522724,S3-854019207,S3-133380293,S3-592790019
S1-340833157	S2-683593505,S2-514865641,S3-852036051
S1-121502908	S2-937803066
S1-417457288	
S1-950259301	S2-902157889,S3-610292482
S1-960561636	S3-233653735,S3-834527232,S3-501354788,S3-480175207
S1-685899285	S2-7380007,S2-66653071,S2-573595654,S3-156935239,S3-767263040
S1-234647972	S2-858617254,S3-749386068
S1-136460363	S3-91837363,S3-603135891,S3-604609204,S3-243771753
S1-298601518	S2-196124930,S2-184106023,S3-274196604
S1-932546919	S2-837131262,S2-837037868,S3-219210519,S3-320355484
S1-917084305	S2-414093177,S2-917758633,S2-832695298,S3-416209864
S1-698018959	S2-829760359,S2-147397226
S1-383802304	
S1-976013547	S2-972305101,S3-881100568
S1-500660303	S2-473983046,S3-43670342,S3-701417491
S1-283536001	
S1-416638940	S2-689884989,S2-461588151,S3-772552364,S3-374943904
S1-502869242	S2-81309237,S3-893022112,S3-776469657
S1-889663935	S2-604373408,S2-802936080,S3-379295376
S1-626136073	S2-214313625
S1-485008912	S2-327545442,S2-204346770,S2-4749197,S3-843066524,S3-732292159,S3-353658869
S1-238713169	S2-846365686,S2-199212057,S2-359170568,S2-205394299,S2-407583007,S3-971896258,S3-117836400,S3-674409162,S3-875222829
S1-829126346	S2-540064983,S2-252791778,S2-331839630,S2-705515988,S3-607002801
S1-42081235	S2-451722299,S2-669679801,S2-415694059,S2-587161761,S3-641975490,S3-889075103
S1-315978527	S2-978824204,S2-948405996,S3-997849842,S3-829437742,S3-972532593
S1-633791646	S2-447768270,S2-859069591,S2-402504348,S3-803743693,S3-397439473,S3-333469973
S1-750301589	S2-183685372,S2-714021907,S2-975787831,S3-608910142
S1-539139913	S2-33844339,S2-403855507,S2-433916506,S3-180407262
S1-478449567	S2-894720197,S3-633937330,S3-407897121
S1-5347802	S2-570782761,S3-994175358,S3-262057176
S1-869169805	S2-360110346,S3-473887508
S1-500641090	S2-304946217,S2-855197063,S2-793162817,S3-710837466,S3-49725975,S3-454806950,S3-414477818
S1-513961570	S2-682921543,S3-527891661
S1-506116155	S2-855048980,S2-103549123,S2-887561995,S3-382193078,S3-302689134
S1-471001688	S3-540420123
S1-244006553	S2-304402171,S2-590697466,S3-794782794
S1-429576019	S2-767582382,S2-651991280,S3-575589171,S3-448315011
S1-597716003	S2-939048649,S2-69933736,S2-764850003,S3-522595590,S3-912121106
S1-876698750	S2-99777846,S3-319480910,S3-338921245,S3-744622392
S1-578004468	S2-357096322,S2-771693347,S2-651476645,S2-9001943,S3-570874172,S3-72040179
S1-35827203	
S1-456229921	S2-618819950
S1-457086133	
S1-384661478	S2-883877189,S2-359914910,S3-270590569,S3-741404584,S3-798983488,S3-209757783
S1-496617203	
S1-699439726	S2-998003531,S3-314546271,S3-926208968,S3-92311147
S1-569303343	S2-210039914,S3-261491572
S1-184677752	S2-36775735,S2-722633893,S2-51142917,S3-828617466,S3-531999664
S1-109659269	S3-864717467,S3-577343750
S1-813352075	S2-436701751,S3-215354262,S3-792294938,S3-110967653
S1-477949990	S2-308716267,S2-597054457,S3-565383483,S3-78738959
S1-707314461	S2-199546745,S2-350316915,S2-298405093,S3-490417481,S3-376907897,S3-246113136,S3-208602994
S1-221289803	S3-977330324,S3-760176261
S1-450494492	S2-798476536,S3-65517924
S1-765398774	
S1-282505819	S2-784937549,S2-196922051,S2-793102610,S3-673692804,S3-366828671,S3-838528001
S1-405258113	S2-234532805,S2-501871857,S3-464833165
S1-329370566	
S1-139074163	
S1-376339605	S2-173895874,S3-444047733,S3-713459300,S3-406955289,S3-207664735
S1-191377084	S2-360968908,S2-459174667,S3-714079933,S3-791221272,S3-20054739
S1-289677810	S2-594037505,S3-52945825,S3-775727058
S1-339092480	S2-140227537,S2-301893811,S3-685277658,S3-406758299
S1-711525106	
S1-875843017	
S1-784834071	S2-41915760,S3-659107649,S3-350625080
S1-232548041	S2-608475597,S3-305540771,S3-336355556
S1-96791977	S2-928412705,S2-558441774,S3-572601661,S3-623854997
S1-310208666	S2-73962751,S2-355513987,S2-357271878,S2-60086648,S3-150404057
S1-83233473	S2-535457669,S2-675276909,S3-913544116,S3-509595323,S3-923491357
S1-191836097	S2-651272032,S2-558327206,S3-476431936,S3-335702049
S1-703413968	S2-333320158,S3-95574199,S3-141370981,S3-238401003,S3-380003684
S1-612759083	S2-205367839,S3-885745512,S3-233179404,S3-76893829
S1-55323399	S2-716405000,S3-20278732
S1-661017628	S2-19978773,S2-122238516,S3-355544797
S1-456050852	S2-319115322,S3-935564481,S3-744199805,S3-219415888
S1-738693088	S2-729443432,S3-434339495,S3-667935492
S1-464441584	S2-678741514,S2-338471838
S1-934992846	S2-193508247,S2-705740729,S2-245621176,S3-526292855,S3-913696508,S3-697386172
S1-922812179	
S1-787847930	S2-355483329,S3-262902995
S1-542090549	
S1-642499589	S2-489059484,S2-100064927,S3-183615270
S1-516741181	S2-924525797,S2-378677822,S2-792163719,S2-258003201,S3-805412027,S3-938682278,S3-714317784
S1-340587803	S2-319269974,S2-294173433,S2-674376395,S2-280538637
S1-488320919	S2-916106803,S3-667060613,S3-963402409,S3-837368438,S3-102440894
S1-304815028	S2-117535093,S2-42730797,S2-8930014,S3-690323565,S3-830751306,S3-284218178
S1-619843684	S2-153327470,S2-336274668,S3-23464090,S3-93412747
S1-244842561	S2-270525115,S2-797397449,S2-50470285,S3-650409701,S3-979318617
S1-771538706	
S1-146716925	
S1-925137811	S2-245435412,S2-300717750,S3-607299476
S1-322649776	S2-393134762,S2-74852946,S2-437559538,S3-987036649,S3-774284192
S1-882068213	
S1-199458758	
S1-286598295	
S1-226028476	S2-410612541,S3-23534037
S1-143435514	S2-34606725,S2-580336247,S2-900640364,S2-366247535
S1-944924927	S2-179911718,S2-81351653,S2-496467711,S3-292664629
S1-479122155	S2-669583075
S1-801473375	
S1-673172596	S2-368634959,S3-588329088
S1-634741417	S2-420058014,S3-175686599
S1-302366231	
S1-872787571	
S1-642985594	S2-500706097,S2-124410369,S3-807348511
S1-747395598	S2-532758933,S2-488337904,S3-506920375
S1-88179111	
S1-111617836	S2-90219465,S3-487418026,S3-710291475
S1-159878062	S2-386998110,S3-775932138,S3-922059031
S1-157038517	S2-305732893,S3-399927413,S3-582607869
S1-562119734	S2-652500756,S2-860456005,S3-656294517
S1-909452542	S2-818770757,S2-766610888,S2-992141769,S3-485530516,S3-166814962,S3-837594426,S3-907933356
S1-655010010	S2-126061540,S3-127672708,S3-881723391
S1-752876482	
S1-550787839	S2-506562514,S2-326455442,S3-535477677,S3-76080424
S1-659531600	S2-970490651,S3-258781515
S1-960011777	S2-958496543,S3-460771142
S1-358395798	S2-403166963,S2-715616396,S2-5978224
S1-289198678	S3-938413066,S3-235642108
S1-226904533	S2-358999258,S3-49666478
S1-786504318	S2-310551459,S2-948217593,S2-12062317,S3-199777195
S1-995137624	
S1-867250985	S2-318208897,S2-293127417,S3-924274973
S1-786512036	S2-929927526,S2-174044089,S2-412330760,S2-520435063,S3-968615277,S3-329669158,S3-334848702,S3-846531147
S1-960418516	S2-51825635,S2-328708607,S2-668227540,S3-627402693
S1-207847030	S2-622981605,S3-177113736,S3-877515662,S3-842598182
S1-787090648	S2-722609265,S2-9818075,S3-324020633,S3-289768105
S1-348178140	S2-801738344,S2-720237193,S2-694069999,S3-364711237
S1-725441949	S2-141405812,S2-858995112,S3-413919823
S1-456822712	
S1-899596326	S2-203226662,S2-265779521,S2-558825641,S3-766737322,S3-868321200
S1-302590309	S2-343426926,S3-229366889,S3-309369609
S1-951650699	S2-812295644,S3-981621495
S1-844268148	S2-771655417,S2-883875096,S2-941764010,S2-565689091,S3-735551982
S1-150939314	S2-993655738,S2-903792266,S2-972145606,S3-598587478,S3-481672844
S1-624365694	S2-515377242,S2-211985585,S2-308754498,S3-766019818
S1-176028640	
S1-960545125	S2-804544339,S2-490689142,S3-738970834,S3-939666376
S1-492998746	S2-285053532
S1-222052211	S2-118381329,S2-272128561,S3-852936184,S3-447591444,S3-336077742,S3-919131264
S1-196917015	
S1-963951937	S3-729732564,S3-352504338
S1-598337370	
S1-623191978	S2-113098459,S2-587591469,S3-691116665,S3-11453257
S1-938291799	S2-318827951,S2-575268145,S2-940423362,S2-899528745,S3-795232638,S3-273652812,S3-928060596
S1-783265261	S2-643696716,S2-266358107,S2-966280560,S3-333686493
S1-422249779	S2-279833754,S3-310650008
S1-911857432	S2-927974697,S2-861703774,S2-57353587,S2-197425477,S3-422274305,S3-58888647,S3-585901559,S3-791436770
S1-824675781	S2-592033536,S2-131368152,S2-686218704
S1-692531379	S2-730304716,S2-743658179,S2-475595475,S3-286854233,S3-200580240,S3-502560
S1-981016804	S2-890729339,S2-377586663,S2-346361052,S3-306490314,S3-58255782,S3-131431601
S1-902800911	S2-430678282,S3-926945111,S3-596123814
S1-208876573	
S1-110224434	S2-582366366,S3-271065560,S3-816501392,S3-933341968
S1-627587957	
S1-102975520	S2-733081595,S2-911549892,S2-109753106,S3-525792656,S3-686811782
S1-910281263	S2-654766167,S3-722007044,S3-77748271
S1-661772775	S2-124195949,S3-73463423
S1-259152859	S2-667223838,S3-895641880,S3-550273057,S3-56509407
S1-942887246	
S1-384308428	S3-106282662
S1-707593070	
S1-58639745	S2-699570528,S2-482130165,S3-952016253
S1-170943386	S2-376949374,S3-281618658,S3-89478951,S3-922943442
S1-346937907	S2-340397788,S2-904214352,S3-36131071
S1-828245917	S2-994677013,S2-904756289,S3-513601043
S1-482219377	S2-986447943,S2-943345811,S2-808878150,S2-491668944,S3-363228733,S3-601931322
S1-321161330	S3-787455938
S1-983983159	S2-242846225,S2-848638819,S2-498599218
S1-744145506	S2-365987143,S2-244116636,S2-498161180,S2-627585699,S2-638941724,S3-538237787,S3-284265783
S1-724374834	S3-560470626,S3-212191062,S3-745757574
S1-917970724	S2-203838497,S2-992102760,S3-69359259,S3-29464848
S1-614242421	S2-572682798,S3-68837900,S3-540366130
S1-140624793	S2-96861793,S3-536879999
S1-189823884	
S1-16039645	S2-256943807,S2-408296419,S2-669695762,S2-103763735
S1-669049663	S2-993239805,S2-429217461,S3-523169031,S3-301415414,S3-550932684
S1-20480803	S2-857750315,S2-90433199,S3-943329945,S3-415542503,S3-193334237,S3-141875672,S3-549057293
S1-466708214	S2-481225003,S2-612192551,S2-905885288,S3-646977976,S3-741545917
S1-524002133	S2-678481797,S2-492622501,S2-137161071,S2-545271507
S1-63210424	S2-47884736,S2-631485472,S2-373458422,S2-347671528
S1-540913025	S3-600321647
S1-330791980	S2-674078613,S2-430032844,S2-11668087,S3-307569646,S3-136215810,S3-545465714,S3-381703142
S1-256452080	S2-176322447,S2-542864212,S3-45877580,S3-863307552
S1-629995198	S2-453507982,S2-352647487,S3-791220817,S3-53238256
S1-972883753	S2-416636680,S3-118867394
S1-155411441	S2-934789024,S3-391673429,S3-26061772,S3-658329698
S1-336995122	
S1-843682049	
S1-350530941	S2-554710478,S3-662944815,S3-128502559
S1-458701934	S2-827332636,S2-234950232,S3-884454102,S3-833227311
S1-700029057	S2-374607481,S2-78212696,S3-966789143,S3-952424063,S3-941145533
S1-686417707	S2-51061496,S2-336938244,S3-920446315
S1-314964815	S2-686026703,S2-796907822,S2-272953026,S3-477606367,S3-348865690,S3-864874478,S3-357883390
S1-880510403	S2-782119164,S3-989920201,S3-160979714
S1-872061610	S2-435030498,S3-681563204,S3-7801959,S3-502635365
S1-722948188	S2-489154846,S2-339974299,S3-122432148,S3-114933852
S1-583468580	S2-761645324,S3-655804739
S1-327933501	S2-648870027,S3-311917089,S3-348206352,S3-170229472
S1-969085976	
S1-543828606	
S1-794661044	S2-307945634,S2-506369540,S3-105663428,S3-962307831
S1-871610122	S2-427077834,S2-256296823,S3-261646463,S3-462472608
S1-661623828	S2-18157149
S1-745316330	
S1-726875544	S3-791074765,S3-996690848
S1-678612315	S2-879098163,S2-700335737,S3-955802928,S3-984211793,S3-467622412
S1-740858951	
S1-672870529	S3-935961426,S3-346760889,S3-442298023,S3-325660075
S1-913486057	S2-876760157,S2-499292718,S2-418083178,S3-802418133,S3-360387847
S1-969666085	S2-189646465,S2-397525050,S2-129946499,S3-382783589,S3-934384373,S3-639586208
S1-139742266	S2-929636481,S2-643168911,S3-637450677,S3-877285501
S1-948740531	S2-599806033,S2-344455224,S3-427043064,S3-717274776,S3-979161448
S1-671129280	S2-881310850,S3-566730456
S1-689489912	S2-36792148,S3-417594723
S1-606270502	
S1-340407730	S2-81409406,S2-451805633,S3-717002260,S3-904767250,S3-142369703,S3-888674903,S3-257565587
S1-78267831	S2-302234435,S3-785681050,S3-699609414,S3-68141690,S3-928370345
S1-691752696	S2-634163471,S2-621492209,S2-987691294,S3-777910914
S1-925522126	S2-137713708,S2-529818795,S3-846937859,S3-182865391
S1-332410784	
S1-610425197	S2-781936874,S3-814140313,S3-272700922,S3-576618196,S3-827049742
S1-197053723	S3-551830628,S3-969732795
S1-408931604	S2-232998637,S3-165658128,S3-507728612
S1-158230985	S2-41140300
S1-176015194	S2-811320812,S3-19603603,S3-924364443
S1-148680397	
S1-433787666	S2-579287070,S3-138624302
S1-203469676	
S1-842706046	S2-28624437,S2-657908747,S2-618428681,S2-55639265,S3-145366935,S3-715351508
S1-5520424	S2-888344241,S3-145399712,S3-55970979
S1-879898847	S2-976734079,S3-48397673
S1-548338264	S2-947837646,S3-819824142,S3-420834691
S1-596106251	S2-479143806,S3-768092481,S3-625566776
S1-393273162	S2-429061295,S2-669480377,S3-338420729,S3-400467841
S1-341338842	S2-96642455,S2-217751145,S3-793821715,S3-586166232
S1-494635699	S2-2424702,S2-970729172,S3-442269590
S1-792828653	S2-925300195,S2-31613559,S3-77521345,S3-469012682,S3-874643403
S1-155919476	S3-705674478,S3-987970779
S1-235288357	
S1-355591624	S2-214577003,S3-580352495
S1-172153263	S2-471986164,S2-393329813,S3-270363265
S1-125283575	S2-8143810,S3-534674562
S1-862596950	S2-230440643,S2-801579518,S3-690226254
S1-119212778	S2-969806741,S3-867038701
S1-55586523	S2-536392416,S3-357685575,S3-264167934,S3-710900387
S1-830730100	S3-653055710
S1-722618058	S2-80328992,S3-32732507,S3-840409956,S3-280410823
S1-889138415	S2-857097067,S2-966861837,S3-906175122
S1-516335936	S3-659475392,S3-184056434
S1-405470865	S2-663156775,S2-168263235,S3-753035498
S1-716279928	S2-269727289,S2-373758464,S2-90151684,S2-409227428,S2-643762313,S3-971701776,S3-466471011
S1-589327224	S2-42226295,S2-633514445,S2-895149990,S3-508273991
S1-815295741	S2-374756868,S2-783501955,S2-566596570,S2-804346739,S3-162285758
S1-456786963	S2-752311926,S2-774531508,S2-715493312,S2-655635347,S2-203450058,S3-275632545,S3-483378557
S1-192380301	S2-904679228,S3-464800450,S3-305603775
S1-877956804	S2-699041538,S3-753641498,S3-684341386
S1-630188622	S2-861274169,S2-872196185,S2-824331503,S2-594392034,S3-520443455,S3-941934682
S1-391395537	
S1-282225609	S2-27867375,S2-711570044,S2-152738219,S3-436869510
S1-888004879	
S1-418669037	S2-880612622,S2-566307724,S3-128910375
S1-713152350	S2-231629376,S2-387980588,S3-387634885,S3-981037850,S3-135823659
S1-329052918	
S1-669148605	S2-417853401,S2-346262984,S2-21750709,S2-416367537,S2-65006354,S3-691221089,S3-701837077,S3-315728498
S1-780932747	
S1-650592054	S2-20891426
S1-47897323	S2-830649976,S2-661433104,S3-817196497
S1-605506079	
S1-489700024	S2-926244540,S2-466938135,S3-247396292
S1-967000714	S2-763275814,S2-888991846,S3-374483887,S3-433805529
S1-804053565	S2-510123249,S2-23400039,S3-874609559,S3-264058812
S1-280878796	S3-973720481,S3-107050521
S1-729097836	S2-514035820,S2-856079244,S3-737967635,S3-42822845
S1-134933296	
S1-653949509	S2-770885750,S3-225952797,S3-892323192
S1-128007491	S3-822206818,S3-895939925,S3-632454118
S1-592347770	S2-918408838,S2-922275217,S3-947721970,S3-220819625
S1-832143978	
S1-239490258	S2-424750532,S3-539928102,S3-743667155
S1-295639722	S2-801233706,S2-893421727,S3-797561714,S3-348767293,S3-103270973
S1-415507449	S2-35478432,S3-32679003,S3-516570180
S1-255248581	S2-318249680,S3-134494534,S3-980165290
S1-956588974	S2-929957530,S2-819626950
S1-158246950	S2-234809362,S3-380504106,S3-24350891
S1-344061820	S2-423442320,S2-354170828,S2-983321989,S2-745847189,S2-235280749,S3-91215087,S3-177896412
S1-595184763	S2-79175501,S2-865655537,S2-487561172,S3-52423565,S3-875300455
S1-963420327	
S1-775208974	S2-819883791,S2-357490456,S3-747841220,S3-766978965
S1-580700236	
S1-719555748	S2-835314041,S2-315294447,S3-411656005
S1-724774431	
S1-824405814	S2-634645153,S3-650897738,S3-850924314
S1-459262366	S2-44796932,S3-593845921,S3-133491188,S3-669822673,S3-256923927
S1-755237011	S2-642348957,S2-399115938,S2-161259988
S1-535977317	S2-564600585,S3-50744883,S3-740949203,S3-530638964
S1-457121226	S2-248459588,S3-334517230,S3-226405661
S1-57932775	
S1-626808537	S3-276989998
S1-746696327	S2-573965155,S3-431579423,S3-88586911
S1-455459402	S2-619773921,S2-358015800,S3-427907465,S3-305165460,S3-252194169,S3-992508440
S1-874923245	S3-423896980,S3-981796569
S1-372172752	S2-486357177,S3-779866246,S3-946993717,S3-35824849
S1-344579100	S2-167421346,S2-859111110,S2-637307231,S3-52837070,S3-460573576
S1-773865303	S2-761401854,S2-310044746,S2-346158591,S3-558718731,S3-858422913
S1-836100551	S2-920015160,S3-955999629,S3-7541269,S3-674184106,S3-327942349
S1-271054755	
S1-428108573	S2-289355272,S2-548507453,S3-116557985,S3-752523864,S3-885071067
S1-205664995	S2-898107757,S3-307640874
S1-169340403	S2-425187734,S3-607650926,S3-978870927
S1-15552441	S2-21753016,S2-636995492,S2-517193778,S3-874650143,S3-568741533
S1-908857055	S2-926533303,S2-659064391,S2-164827904,S2-990488654,S3-697273880,S3-823423827
S1-514335205	S2-35494879,S2-567952996,S3-711860081,S3-779022154,S3-490824017
S1-381592786	S2-774695563,S2-575584715,S3-484935700,S3-72412366
S1-5736885	S2-945688451,S3-190134521
S1-733260119	
S1-746401090	S2-648404262,S3-605815587
S1-859096785	S2-703008181,S3-76196124,S3-880783008
S1-976885631	S2-317263526,S2-816244148,S2-75178421,S2-908075151,S2-505021519
S1-370918852	S2-182462881,S2-726801750,S3-654187858,S3-677669643,S3-205020033,S3-744386694
S1-695631365	S2-197888037,S3-759674871,S3-215787936,S3-103350901,S3-308532101
S1-537078647	S2-614041162,S3-548590926,S3-883084892,S3-741247921
S1-755560887	S2-748276236,S3-489831633,S3-159146353
S1-238136416	
S1-710648873	S2-654074033,S3-981766380,S3-269829946
S1-31005402	
S1-73413295	
S1-227328067	S2-77295328,S2-435569980,S2-237624457,S3-195796208,S3-475082000,S3-113185277
S1-754218504	S2-339577356,S2-138356461,S2-157530551
S1-138145607	S3-640122280,S3-419074929
S1-619673864	S2-961153802,S2-932822962,S3-764175784,S3-357014369
S1-647580999	S2-801817842,S2-294014462
S1-565040937	S2-746306857,S3-460177560,S3-564728267,S3-115145891
S1-76760564	S3-324778958,S3-857771287,S3-279546398
S1-575140832	S2-750515762,S2-12291764,S3-262131330
S1-681276363	S2-537140144,S2-517732875,S3-7110737,S3-668891861,S3-45534385,S3-607135503
S1-734251437	S2-211885389,S3-165143345
S1-778831115	S2-318854637,S3-283798679,S3-212869183
S1-659658921	S3-188404267,S3-183127445
S1-847760450	S2-535253709,S2-689609724,S3-111258609
S1-956033622	
S1-172244923	S2-620402167,S3-532757717,S3-293327741,S3-426561606
S1-251850696	S2-296145231,S2-146202374,S3-878936884,S3-597603580
S1-104317573	S2-406924535,S2-416762344,S2-510793329,S3-22169460
S1-852542245	S2-972006443,S3-715340406
S1-175300181	
S1-90555187	
S1-32101381	S2-182016726,S2-452678195,S3-887231811
S1-839071345	S2-302320085,S2-92370808,S3-798727382,S3-459797009
S1-365593630	S2-391681168,S3-750652424,S3-506800112,S3-238755994,S3-680637519
S1-308960965	S2-806510279,S2-281541701,S2-475108026,S3-373412541,S3-87934362,S3-339220206
S1-770814551	S2-739260103,S2-231498840,S3-104472475,S3-344368734,S3-98678177,S3-332506677
S1-53701077	
S1-968583776	S2-866282819,S2-740954827,S3-677135630,S3-511227119,S3-883166590
S1-392726342	
S1-338552276	S2-519305507,S2-637201626,S3-427730228,S3-983963442
S1-646084560	S2-701006667,S2-347034386,S2-983382379,S2-83525525,S3-385428189,S3-830781519,S3-449466194
S1-512014871	S2-527261122,S2-835778295,S3-700070446
S1-679486595	
S1-823936683	S2-273040144,S3-372083786
S1-122402194	S2-831782944,S3-352829277,S3-641494062
S1-419834166	S2-339984470,S3-236020166,S3-80001958
S1-464166508	S2-540701391,S2-92563344,S3-987725071,S3-989056267
S1-234864018	S2-388698553,S2-307442166,S2-945746835,S2-448630304,S3-63459165
S1-156434442	S2-381582334,S3-53674472,S3-619068756,S3-625328756
S1-796666351	S2-649047214,S2-700036720,S3-37791258,S3-696842174,S3-906045737
S1-985885602	
S1-361976909	S2-143252708,S2-738676812,S2-755910532,S3-687203936,S3-844294638
S1-708926137	S2-551440660,S3-849823311
S1-575547758	S2-691359352,S2-545671237,S3-859376574,S3-338918674
S1-381241116	S2-187056103,S2-280972356,S3-770882548,S3-843827439
S1-276540724	S2-857902377,S2-519091502,S2-409819507,S3-192718308
S1-126218919	S3-280775484
S1-881342260	S2-655869631,S3-230556481,S3-205164198,S3-588049295
S1-598811039	
S1-782985194	S2-227599363,S2-570064244,S3-639083455,S3-507730830,S3-826114916,S3-291659546,S3-219910382
S1-612235925	S2-42677055,S3-470807120,S3-997413624,S3-194187470
S1-695345965	
S1-439738576	
S1-480473825	
S1-607933705	S2-48775726,S2-694603082,S2-536318594
S1-815383049	S2-901465865,S3-724184573
S1-671765633	S2-935137444,S2-880426320,S2-899362090,S3-588733876
S1-61341725	S2-147299771,S3-423532188,S3-435687716,S3-278429733
S1-283564336	S2-957760425,S2-31801788,S3-377776807,S3-816351542
S1-496337383	S2-924914230,S2-673808568,S2-858649133
S1-675328177	
S1-676074512	S2-965959170,S2-779235577,S3-643948803,S3-462874729,S3-843202801
S1-111650821	S2-265096278,S2-129562819,S3-508119031
S1-934035666	S2-60940513,S2-713346752,S3-148250323
S1-736538120	S2-517308768,S2-19031614,S3-118788133,S3-566319018
S1-952246830	S2-757901134,S3-480087193
S1-654213672	S2-12526966,S2-924638095,S3-784021334
S1-839192391	
S1-688748693	
S1-792813333	S2-536398526,S3-641609062,S3-453245529
S1-614013202	S2-443637176,S2-721067947,S3-77534306,S3-862358249
S1-86658551	S2-962781101,S2-174103741,S2-758000896
S1-691509806	
S1-290769561	S2-590412530
S1-572351630	S2-45391707,S2-573693883,S3-423246301
S1-211403387	S2-610124493,S3-781163969,S3-124457859
S1-977338594	S2-318717946,S3-237923674
S1-523913819	S2-702041676,S2-809605342,S3-142963931,S3-379878122,S3-788772204,S3-664710134
S1-791354033	S2-239632091,S3-51002429
S1-112825111	S2-786972759,S2-102680527,S2-776139684,S3-153964124,S3-229708846,S3-55297612
S1-478925209	S2-136600663,S2-149430106,S3-531857375
S1-721755308	S2-314128205,S3-763380534,S3-55987873
S1-533860730	S2-986159052,S2-637658339,S3-913110435
S1-422486340	
S1-74797107	S2-833388994,S2-980992670,S2-683970743,S3-313304922,S3-661590732
S1-886317327	S2-827958617,S2-422811877,S2-182034245,S3-622952533,S3-233602204,S3-321025255
S1-925671885	S3-455576355
S1-536430002	
S1-564782227	S2-880665357,S2-791905514,S2-446873581,S3-587350589,S3-535437231,S3-901673928,S3-699202729
S1-59772688	S2-886055151,S2-217756673,S2-184879238,S3-345155461
S1-839492305	S2-60996476,S3-161301257,S3-581815804
S1-514530148	
S1-712004613	S2-12841167,S3-267107101,S3-601240179,S3-339438944,S3-862944877
S1-232059143	S2-777246016,S3-589634445,S3-702040015,S3-313144138
S1-681783360	S2-931638571,S3-82134800,S3-935119867,S3-893357993
S1-271655423	S2-5261910,S3-43883239,S3-356747011,S3-158513648
S1-476523437	S2-649382737,S3-856326678,S3-455196528
S1-495227892	S2-370618147,S3-328138452,S3-708739365,S3-391033905,S3-323440617
S1-786064106	S2-807290314,S2-587833699,S2-981968987,S2-977473336,S3-694269424,S3-450254559,S3-826751375,S3-647015925
S1-154515508	S2-615974690,S3-63788976,S3-333505824,S3-153963688
S1-16753578	S3-284572991
S1-461321332	S2-945030605,S3-60275286,S3-219036178,S3-221608389,S3-993102100,S3-518091025
S1-783928944	
S1-971083838	S2-886453349,S2-375486420,S2-471698630,S2-432058898,S3-78620043,S3-990840746
S1-435458993	
S1-44815473	
S1-118211735	S2-625349688,S2-878791477,S3-893107003,S3-227109637,S3-631350527,S3-478998684
S1-222125419	S2-274090421,S3-169541983,S3-416250958
S1-122007759	S2-956202136,S2-525169862,S3-336122055
S1-810615209	S2-931282635,S2-628751153,S3-47214687,S3-467656353
S1-456108088	
S1-708327032	S2-980630452,S2-373192908,S3-543315229
S1-108906312	S2-926970433,S2-881385384,S2-904918206,S3-672451003,S3-571034301,S3-921017606
S1-508191840	S3-920754350,S3-161392329
S1-967618837	
S1-839584515	
S1-652651166	S2-915022008,S2-779159048,S2-559669420,S2-2311629,S3-580475213
S1-641010173	S2-413810463,S3-589468177
S1-389729888	S2-226055147,S3-683574547
S1-75813390	
S1-809959981	S2-213073976,S2-556030610,S3-346082396,S3-234277598,S3-361177670
S1-472191577	S3-120881286,S3-642479497
S1-284055493	S2-287200888,S2-733299327,S3-776175328,S3-703038160
S1-915880205	
S1-937482850	S2-788210495,S2-455357868,S2-632742327,S3-992387787,S3-341257351
S1-143101796	S2-971549506,S2-976532478,S2-958405922
S1-696925915	S2-411494252,S3-686659003
S1-900563662	
S1-117520054	S2-716558604,S2-475745839,S2-678090602,S3-281927140,S3-185129895
S1-77151648	S2-658053303,S2-807740043,S3-596117764,S3-440037365
S1-630977954	S2-120745089,S3-869986010,S3-719373527
S1-127703824	
S1-913626342	S2-987599168,S2-54476013,S3-669378821,S3-645775360
S1-707324091	S2-690410513,S2-162261086,S3-78119164,S3-209747421,S3-741505873
S1-90558033	
S1-769518453	S2-82422197,S2-404779131,S3-288167487,S3-606891817
S1-575697703	S3-3210690,S3-508815031,S3-148844690,S3-327591623
S1-146621462	S2-262351046,S2-246307473,S2-281516019,S2-832228586
S1-86106544	S2-144068169,S2-743595485,S3-372629178,S3-50557598
S1-193321646	S2-688310761,S2-679935298,S3-113975299,S3-308493876
S1-925076946	S2-402535997,S3-886946443,S3-633022207,S3-977257050,S3-626116842
S1-457197328	S3-690303437,S3-431716307,S3-198992158,S3-710021814
S1-329377434	S2-673681097,S3-822467688,S3-66080211
S1-964486642	S2-776797078,S3-267802578,S3-286832097
S1-932944366	S2-500905672,S2-579307364,S2-437602417,S3-286968988
S1-736836114	S2-927961551,S2-316025721,S3-611457236,S3-204425418
S1-80186508	S2-818268982,S3-243197532,S3-94846460,S3-124917436,S3-40597455
S1-553135818	S2-385049187,S2-67418965,S3-391798379
S1-765861668	S3-238834105,S3-261657331
S1-848734992	S3-717715454
S1-496761572	
S1-333893935	S2-424280064,S2-794811219,S3-699410202
S1-324516192	
S1-264199499	
S1-733095049	
S1-238031565	S2-696635941,S2-582582436,S2-342629196,S3-753912467,S3-318246295
S1-14886573	S2-652287810,S2-661763390,S2-466621351,S3-970552425
S1-69235781	S2-844510149,S3-94309136,S3-511359900
S1-270792799	
S1-602482945	
S1-603808130	S2-406693071,S2-132769740,S2-106532671,S2-724704779,S2-992736767,S3-762098365,S3-24535451
S1-837273094	S2-90433186,S2-894546680,S3-123159422
S1-171149806	S2-584162600,S3-27443038,S3-104663309,S3-421745313
S1-560574091	S2-413995567,S2-782074760,S2-680805012,S2-88802410,S3-869223094,S3-606251069
S1-989005806	S2-501848248,S2-195373721,S3-983350912
S1-398525755	S2-835891899,S2-45392494,S2-302202331,S2-270003721,S3-766668003,S3-409958274
S1-437610205	S2-7692665,S3-910230979,S3-573820200,S3-148981953
S1-705139580	S2-247986496,S2-493686247,S3-950070510,S3-801746045
S1-621381070	
S1-818088452	S2-800105100,S2-402377900,S3-339899541,S3-612741747,S3-9406651
S1-502694947	S2-727363415,S2-868154326,S3-99967809
S1-959955418	S2-540525760,S2-896156628,S3-484129043,S3-427889315
S1-587335423	S2-267917903,S2-152917921,S3-159078258
S1-437296743	S2-483063262,S2-30257736,S3-244203781,S3-469071907,S3-63422649
S1-768419039	S2-216055156,S2-423475385,S2-110952750,S2-969488166,S3-466061353,S3-159670958
S1-661432909	
S1-855892845	
S1-848941074	S2-539246921,S2-587820191,S3-940906661
S1-143151530	S2-955022042,S2-272097699,S3-170664163,S3-265472899,S3-170610459
S1-238315904	S2-147760736,S2-888924330,S3-307734377,S3-615362537,S3-622393830,S3-459622168
S1-483229948	S2-452532888,S2-42111598,S3-238827042,S3-624057757,S3-504402839
S1-356932233	S2-835242770,S2-363323234,S2-290977214,S3-581293957
S1-367026553	S2-19842901,S3-527856018,S3-988144972,S3-535066639
S1-444469075	
S1-45435773	S2-828436694,S2-929702094,S3-576073707
S1-397460139	S2-261648735,S2-138082249,S3-890965949,S3-879037075,S3-302825406
S1-737053525	S2-274463265,S3-9683836,S3-237190069,S3-469048032
S1-95466643	S2-707141660,S2-470744426,S3-571158072
S1-763926801	S2-895924740,S2-405883062,S3-215244135,S3-26070132
S1-478366024	S2-823585743,S3-721519560
S1-183397476	S2-586919167,S3-439016907,S3-783959291
S1-506179015	
S1-543165981	S2-852179576,S2-201376472,S2-765442217,S3-3459802,S3-936145918,S3-758214811,S3-613073014
S1-581139839	S2-348008025,S3-214148272,S3-745954176,S3-586769426
S1-674135192	S2-611528236,S3-98334876,S3-815198755,S3-109237764,S3-118548275
S1-491298332	S3-492325078,S3-311466273
S1-48493366	S2-522353850,S3-596558366
S1-930063654	S2-508123448,S3-773169174
S1-632843229	S2-648810722,S3-49123510
S1-338428153	S2-345141841,S2-998132700,S3-33674156,S3-301355012,S3-989673996
S1-695098648	S2-244811835,S2-864308124,S2-71688191,S3-493986074
S1-359700627	S2-641715705,S2-32939516,S3-110332573,S3-304648599,S3-621202034
S1-668211191	S2-263125259,S3-802947616,S3-609756297,S3-985477594
S1-469696633	
S1-821825176	S2-969615013,S2-891756213,S3-778934046,S3-779247525
S1-20278332	S3-364138769,S3-760302729,S3-479686094
S1-586068836	S2-846756278,S2-34548633,S3-534785111,S3-633082531
S1-201377019	S2-85034378,S2-373287612,S3-132715935
S1-796462656	
S1-63678047	S2-501259072,S2-514635056,S3-235253731,S3-781991944
S1-638520881	S2-317060425,S2-308164225,S2-162934102,S3-95526270,S3-680443129
S1-461488770	S2-423959254,S2-406002184,S2-618493427,S2-499483033,S3-542848004,S3-354674478
S1-996283652	
S1-476647651	S2-173555266,S2-634106171,S3-383454365
S1-581333383	S2-11822801,S3-758279685,S3-247760904,S3-58193223
S1-870042660	S2-137838894,S2-849791898,S2-612642983,S3-54101332
S1-421693744	S2-669779978,S3-655720493,S3-957374569
S1-465948121	
S1-321592129	S2-969703765,S2-669807735,S3-368054235,S3-462067553,S3-621196343
S1-541651510	S2-293921160,S3-619762236,S3-299665836,S3-103427398
S1-87726530	S3-21163867,S3-7312713,S3-50909978,S3-531624880
S1-49361674	S2-875497678,S3-93779397,S3-935252378,S3-309529613,S3-76698746
S1-887260068	
S1-218567311	S2-217605881,S3-136641086
S1-829700977	S2-574507632,S3-306175270
S1-135675920	S2-970413028,S3-329792511,S3-501174583,S3-479309013
S1-511690536	S2-471638280,S3-293899914
S1-581300773	S2-242346993,S2-587815777,S3-599439750
S1-238235398	S2-53556757,S2-145182399,S3-632361324,S3-314324881
S1-256517466	
S1-378781684	S3-637038175
S1-612706235	S2-739665095,S3-171509589,S3-363016437
S1-413898154	S2-202127186,S3-932262376
S1-424923207	S2-178708972,S3-210042450
S1-433877342	S2-910271806,S2-399891380,S2-664975240,S3-783456533
S1-187944071	
S1-599016878	S2-902026064,S2-108601503,S3-929800440,S3-48009004,S3-886496705
S1-423090359	
S1-319980988	S2-427495065,S2-455517071,S2-170768758,S3-387612311,S3-532555254,S3-884459525,S3-146307154,S3-382735463
S1-716250610	S2-336038985,S2-933122497,S2-889863927,S2-984365676,S2-683592950,S3-313437744,S3-923047316,S3-545156089,S3-945059525,S3-917689875,S3-371029763
S1-395514846	S2-822001585,S2-14474011,S3-765127988,S3-181624362
S1-175726326	S2-291155889,S2-263736863,S3-679540256
S1-897683603	S2-527970996
S1-91623898	S2-185521159,S2-618557207,S2-286440448,S3-119458039
S1-263183488	S2-911612225,S3-814472685,S3-104147003,S3-868506873,S3-134811738
S1-824610890	
S1-586201688	S2-520128745,S2-871101017,S3-430336012,S3-167434010,S3-425916459
S1-410888789	
S1-812035003	S2-284558850,S2-577022338,S2-295836006,S2-386748630,S3-273508976
S1-108539856	S2-85807848,S2-623970505,S2-551895812,S3-450379794,S3-140810935,S3-310238291
S1-812987772	S2-895409012,S2-802577332,S2-819410817
S1-795107559	S2-97886819,S3-502547671
S1-811511847	S2-511075204,S2-702502449,S2-975356512,S2-466074581,S3-37481059,S3-91123341,S3-804585903
S1-758283235	S2-777507689,S2-305286895,S2-940559480,S2-179260266,S2-159075187,S3-126080096,S3-423484854
S1-18354297	S2-167954347,S2-451901031,S3-870568855,S3-530689382
S1-32766395	S2-961227874
S1-665080921	
S1-421554873	S2-172172444,S3-429822944,S3-799576191
S1-843737434	S2-310872653,S3-821147229
S1-168891586	
S1-387520414	
S1-732925360	S2-881532718,S2-83438134,S2-821755358,S3-954608866
S1-716234735	S2-75610748,S2-527203299,S3-284498659,S3-361447358
S1-232523048	S2-959092397
S1-811693161	S2-59489961,S2-816714504,S3-601238711,S3-13262379
S1-885953166	
S1-467955745	S2-600013047,S2-211385253
S1-240954633	S2-560135192,S2-345290262,S3-441960874,S3-645774740,S3-987914161
S1-609714480	S2-639076596,S2-319479630,S3-524176059,S3-782628487,S3-451808645,S3-484878557
S1-241877035	
S1-143685376	S2-604351522,S2-541495225,S3-84780761,S3-309587905
S1-962557168	
S1-706442224	S2-289369983
S1-512476718	S2-630631205,S3-953878808
S1-240350471	S2-186842801,S3-548209566,S3-935403013
S1-445212616	S2-707419405,S2-602553161,S3-120507764,S3-189085847
S1-352434199	S2-791558354,S2-512323432,S2-36555476,S3-414775262
S1-24423312	S3-278839762,S3-385149784
S1-765142452	S2-402105225,S2-185425783,S3-826381939,S3-944243697
S1-402024319	
S1-54744281	
S1-103396588	S2-935406275,S3-995940160
S1-118107035	S2-312253705,S2-84038910,S3-203100876,S3-585056231
S1-878661041	S2-513264461,S2-490274941,S2-126233553,S3-751945817,S3-199763645
S1-418528893	S2-803601029,S2-384390347
S1-267386501	S2-375225582,S3-788140041,S3-901596786,S3-782924225
S1-945298656	S2-58556320
S1-341755711	S2-672906498,S2-782015443,S2-900878584,S2-620778659,S3-318726560
S1-382742478	
S1-19898268	S2-490115719,S2-391277120,S2-3133437,S3-804458365,S3-257257307
S1-832436073	S2-905145520,S3-105886437,S3-244771659
S1-803428445	S2-366939109,S2-711945601,S2-476636810,S3-915605787,S3-512749128,S3-943168506
S1-813293034	S2-164510356,S2-254915840,S3-958269610,S3-442103870,S3-800753484,S3-891656704,S3-414303706,S3-711129351
S1-676349283	
S1-567992714	S3-476935362,S3-385866177,S3-835049484,S3-11147258
S1-498137350	S2-110371683,S3-61506187,S3-595091426,S3-102089138
S1-75932615	S2-849085926,S2-837021963,S2-848877224
S1-674830555	S2-373149578,S2-683486121,S2-496990753,S3-880571670
S1-927944806	
S1-45216783	S2-756118794,S2-506694944,S2-394051134,S3-161105833,S3-155862053
S1-23568566	S2-899951576,S2-521297381,S3-624804674,S3-282336098
S1-216421767	S2-674073919,S3-469346537,S3-431506800
S1-85336147	S2-756407022,S3-566961971
S1-705663802	S2-918884547,S2-548331446,S2-842595983,S2-444647974,S3-633497445,S3-191010244,S3-153387551
S1-235002615	S3-625016951,S3-17116703
S1-477907208	S2-375834256,S3-810677731,S3-704554911
S1-53530964	
S1-587594378	S2-537387057,S3-996085959,S3-791877703
S1-949325562	S2-199604753,S2-339763686,S3-635772218,S3-35620635,S3-299572697,S3-95513926,S3-308685666
S1-898842541	S2-380199163,S2-761645676,S3-230232591,S3-402926538,S3-70377400
S1-835559178	S2-592254243,S2-250327702,S3-934874242
S1-512759997	S2-135691619,S2-980184002,S3-899592043,S3-416312080,S3-707753770
S1-120231913	
S1-380132471	S2-75395619,S2-240570603,S2-621945759,S3-281479276,S3-76914023
S1-246674001	S2-486522274,S2-576996664,S3-757754534,S3-85540546
S1-10776635	S2-27922373,S2-516231424,S3-899666275
S1-465803838	S2-662346887,S3-692402022,S3-263534442
S1-458250419	S2-606860265,S3-339639074,S3-259942242
S1-732692237	
S1-449821238	S3-384772602
S1-888576725	S3-690179902,S3-351103394,S3-639525962
S1-91868931	S2-310075844
S1-580535090	S2-509395052,S3-309377594
S1-856656420	S2-298779717,S3-731505410,S3-403372707,S3-720285273,S3-378126437,S3-831387174
S1-706935558	S2-661936681,S3-326153010
S1-301709883	S2-396790137,S2-619915998,S2-236434711,S3-134026179
S1-240981873	S2-767743067,S3-272927771,S3-632379726,S3-21677868
S1-224564280	S3-597208761,S3-660841522,S3-644534769
S1-776793175	S2-785475386,S2-191467813,S2-962799253,S3-61516369,S3-118940677
S1-199490112	S2-174726474,S2-568200299,S2-456704657,S3-371712596
S1-344457747	S2-970404186,S3-57759250,S3-163671984
S1-388380137	S2-131307680,S2-188659201,S3-429813339,S3-749983600
S1-632427297	
S1-651911804	
S1-100468553	S2-596229146,S2-691763416,S2-191518792,S2-91134431,S2-276709613
S1-860621324	S2-548505040,S3-898887411,S3-269730043,S3-518694782
S1-421287334	
S1-127284732	S2-953150910,S2-221388015,S3-85539890,S3-826513924
S1-906905977	S2-132884257,S3-175751099
S1-932126986	S2-373376011,S2-166119618,S2-791058266,S3-313882371,S3-899063394
S1-357741523	S2-133211154,S2-837160887,S3-523021355,S3-342202181
S1-173618924	S2-58300178,S3-534037496
S1-502844169	
S1-735477899	
S1-314967831	S2-911544035,S3-808880175
S1-36274552	S2-364380715,S2-321331357,S3-144492101,S3-703466131,S3-220002743,S3-934098305
S1-105193449	
S1-366408257	
S1-393659014	S2-359146872,S2-826467752,S2-67098707,S3-574184603,S3-790830752
S1-601081297	
S1-766056722	S2-972572655,S3-407686576,S3-161712879
S1-497141446	
S1-392392578	S2-934666598
S1-137607724	S2-364083404,S2-648342622,S3-567584249,S3-683495221,S3-44003306
S1-522303791	S2-371835801,S2-352286798,S3-478004651
S1-895475974	S2-88681270,S2-20954513,S2-949075543,S2-22314437,S3-243396711,S3-667482641
S1-277632338	S2-340406593,S3-684284490
S1-240486132	S2-288428207,S2-79158524,S3-831615615,S3-21929102
S1-113941651	
S1-887675174	S2-976968166,S2-942131079
S1-873772224	S2-757875708,S3-243411405
S1-554801778	S2-84957381,S3-266650529,S3-268543838,S3-744302748
S1-14062296	S3-939011695,S3-691716625
S1-667655679	
S1-611118335	S2-689192488,S2-612118900,S3-142952200,S3-325944406
S1-498590545	
S1-687076742	S3-994348528
S1-943340294	S2-544801591,S3-216105707,S3-456122178
S1-801726132	S2-192279377
S1-510615509	S2-663384658
S1-287899840	S2-655446082,S2-423586407,S3-671139826,S3-86653488
S1-674250113	S2-19041120,S3-31566319,S3-196292603
S1-589590243	
S1-169683321	S2-529605721,S3-674780387,S3-581193379,S3-80786774,S3-346032390,S3-641338086
S1-992707820	S2-720771779,S2-457192733,S3-16810339
S1-653589110	
S1-773455911	S2-158354526,S2-843596522,S2-523532282,S3-613549402,S3-490653373
S1-309539520	S3-545901642
S1-322810343	S2-510493885,S2-566466649
S1-214934998	S2-935775865,S3-76441799
S1-644777362	S2-866933319,S2-875604230
S1-234170742	S2-152274144,S3-369771814
S1-948004182	S2-807456690,S3-948334170,S3-509105853
S1-134756060	S2-225094620,S3-637436316
S1-791002025	
S1-872104389	S2-742528133,S2-908857054,S3-927676366
S1-425014441	S2-200890583,S3-544146028,S3-923455610,S3-15523719
S1-688105108	S2-969600542,S2-666502326,S2-612496070,S3-887081958
S1-361710965	S2-441708293,S3-49720879
S1-237686502	
S1-857917470	S2-711258449,S2-270193294,S2-220014104,S3-534662751,S3-668471114,S3-168271218,S3-81843899
S1-555321717	S2-653335046,S2-747856482,S2-972513287,S3-265679169
S1-346202846	S2-605240705,S2-7628522,S2-517489596,S3-875178704,S3-337915343,S3-40842473
S1-901720435	
S1-91153381	S3-393326482,S3-179441674
S1-113119974	S2-449817265
S1-847942299	S2-170162210,S3-575192536
S1-433627901	S2-954278276,S2-609875300,S2-945943925,S3-609901908
S1-248832317	
S1-475538258	S3-434354035
S1-908135067	S2-573634213,S2-365691185,S3-322095492,S3-32183545,S3-930951472,S3-468223689,S3-43329666
S1-986765580	S2-236954120,S2-717115636,S3-848186134
S1-555493583	S2-882794272,S2-390714433,S3-670534734,S3-469162960
S1-715101716	S2-929833177,S2-86933953,S2-97495532,S3-794613921,S3-13230131,S3-730848392
S1-433946164	S2-141524879,S2-927645852,S3-742815458
S1-134756123	S2-439883176,S2-393095056,S3-530567851,S3-584224850,S3-155773897
S1-693305956	S2-36337014,S2-826874945,S3-464784175
S1-632058495	S2-231695215,S2-31743493,S2-58668141,S3-237510364,S3-943490368
S1-937651908	S2-84357737,S3-456772659
S1-113045140	S2-923843894,S3-643506721,S3-740078249
S1-711351426	S2-258503871,S2-743877495,S2-380713391,S3-521852164
S1-530021666	
S1-678729100	S2-868620686,S3-81241513
S1-282726512	S2-389154949,S3-812244464,S3-378529199,S3-307335004
S1-56762205	S2-505295403,S2-237954999,S2-613792438,S2-59008615,S3-933926800
S1-359743105	
S1-268858814	S2-114175782,S2-543848309,S3-284923263
S1-755000938	S2-75462261,S3-866224111,S3-60067828
S1-224390754	S2-687268021,S2-938458312,S2-60862064,S2-678507358,S3-260023864,S3-450657660,S3-364347555
S1-906053373	S2-11441077
S1-599038886	S2-845164360
S1-205203193	S2-931089319,S3-662632791,S3-661716189,S3-40662215
S1-555338321	S2-808315192,S2-844411792,S2-183774122,S3-954112119
S1-733119400	S2-120876662,S3-110646019,S3-931796011
S1-623706114	S2-660217503,S3-635505263,S3-895860680,S3-854692922
S1-984962787	S2-710127783,S2-448825673,S2-70632423,S3-362932482,S3-232313521,S3-674613388
S1-346877938	S3-498776044,S3-94213437
S1-718502802	
S1-115159462	S2-484116458,S3-401287019,S3-252436706,S3-731051886
S1-718410513	S2-400524810,S3-538122613,S3-176649463,S3-660307392
S1-971250891	S3-715827850,S3-504998631
S1-879246451	
S1-14419337	S2-17948257,S2-467391934,S2-284813322,S3-6975827,S3-498630903
S1-162978604	S3-18466638
S1-35223771	S2-440761392,S3-993352274
S1-742291830	S2-445131802,S2-237109371,S3-468171604
S1-986303089	
S1-374202238	S2-236494534,S3-343327395,S3-725701248
S1-200512849	S2-110399220,S2-147191231,S3-466250797
S1-259617566	S2-773415942,S3-367350470,S3-108292017,S3-861725248,S3-227842510
S1-636085779	S2-66320915,S3-711514627,S3-289205352
S1-564611569	S2-564944051
S1-155023556	S2-656274225
S1-712675613	S2-897461885,S3-327850004,S3-436359970,S3-11862648
S1-386509811	S2-142760465,S2-840921212,S2-708003956,S2-345442889,S3-365498895,S3-356761955,S3-707813740
S1-870231230	S2-567775591,S2-743182697,S3-130207907
S1-623342215	S2-766904596,S2-626644510,S3-243683154
S1-4110112	S2-75278683,S3-674552488,S3-297610395
S1-668628967	
S1-23077153	S2-532519144,S2-989093214,S2-970306448,S2-997564871,S2-36834226,S3-759667987
S1-810168628	S2-785531033,S3-479014675,S3-731248593,S3-578091327,S3-624247142
S1-299859106	S2-166307426,S2-548844508,S2-32571767,S3-345120226,S3-165461552
S1-438350711	S2-584643243,S2-189422965,S3-565132175,S3-159770815,S3-749450284
S1-73990673	
S1-624788057	S2-204062563,S2-890624822,S3-623224563,S3-204551183,S3-771993839,S3-326050234
S1-648348932	
S1-780439662	S2-957303278,S2-434798865
S1-262565148	
S1-61581230	S2-362875824,S2-71129443,S3-12240663,S3-422181653
S1-86878056	S2-2525042,S3-674994550,S3-38814635,S3-750650446
S1-503954624	
S1-790268977	
S1-642337579	S2-637329159,S2-475620712,S3-333210437
S1-388421922	
S1-689947549	S2-364658124,S3-546977666,S3-178770646
S1-635445437	S2-902011070,S2-42860431,S2-529624561,S2-552247709,S3-543191151,S3-276474765
S1-586954429	
S1-764245153	S2-508654377,S2-715888538,S2-836444140
S1-605192553	S2-78912742,S2-611805898,S3-904465677,S3-469273310,S3-313101196,S3-149182339,S3-630237926,S3-659509524
S1-343759830	
S1-168302105	S3-630838138,S3-416235555
S1-335006839	S2-712583257,S3-186235961
S1-672430000	S2-448330433,S2-23180849,S2-158278389,S3-434001802
S1-748048943	S2-867412339,S3-323497454,S3-77581775
S1-488935059	S2-306252750,S2-740981360,S3-863908053,S3-575459998,S3-10988390
S1-258337350	
S1-959449598	S2-935135769,S2-998161323,S2-995815773,S3-522140710
S1-124656498	S2-892306642,S2-923797749,S3-729723649,S3-992175477
S1-174567819	S2-795012730,S2-861856412,S3-707677830
S1-880198728	S2-601735677,S3-969202576,S3-995624368,S3-208196542
S1-795657339	S2-698722097,S2-939172962,S3-992191819
S1-546052655	
S1-852487595	S2-402324243,S2-437289378,S2-482593650,S2-969647840,S3-35276406
S1-730756396	S2-759339320
S1-738080632	S2-845137667,S3-702577498,S3-762872105
S1-94420004	S2-520314634,S3-252984304
S1-400713632	S2-376560230,S3-129491646,S3-919520020,S3-387285550
S1-858313198	
S1-701407191	S3-539611520,S3-533135453
S1-682127777	
S1-130274107	S2-419538622,S2-563986909,S3-815030285
S1-419785377	S2-493896164,S2-827113383,S3-829204336,S3-588399535,S3-595267419
S1-761644086	
S1-190763186	S2-378814905,S3-968995893,S3-547878125,S3-382981774
S1-370117432	S2-40566648,S2-426407041,S2-944209691,S3-564196584
S1-283117461	S2-769180121,S2-882551548,S3-417169752,S3-264959498,S3-226583197,S3-674836638
S1-57886252	
S1-342574619	S2-869252131,S2-828783867,S3-353725108,S3-420699976,S3-164353940
S1-930120105	S2-932107260,S3-909827523
S1-204780113	
S1-400492720	
S1-185767399	S2-89618963,S2-431353020,S3-712100054,S3-650262704,S3-157261281
S1-321030121	S2-712917384,S3-299355013
S1-399684344	S2-770732919,S2-436364307,S2-918712589,S3-395884817,S3-843040819,S3-399371342,S3-244294706
S1-590975299	S2-874178819,S2-323583867,S2-602571963,S2-585685197,S3-675630062,S3-622793036,S3-552505059
S1-246804039	S2-813969445,S2-343760194,S3-917356537,S3-379254584
S1-774213163	
S1-125068767	S2-528934492,S2-535304720,S3-88562856
S1-27657261	S2-137321409,S3-901012560
S1-212462796	S3-444522800,S3-542746459,S3-557749005
S1-229731664	S2-806102036,S2-131767983,S3-715041162,S3-706814621,S3-720934034,S3-372118414
S1-314047042	
S1-655012993	S3-313105036
S1-585556459	
S1-989507505	S2-111216725,S2-492184359,S3-782562371,S3-119672102
S1-533662607	S2-378158389,S2-827197029,S2-433584739,S2-906257355,S3-286019593,S3-419552921
S1-55127929	S2-667678038,S2-1785970,S3-922628855,S3-990969326
S1-303273399	S2-122798748,S3-303168967
S1-776998286	S2-621204999,S2-846977090,S3-859765618,S3-21656430
S1-643283498	S2-944138402,S3-398008277
S1-971390087	S2-202044619,S3-657998238,S3-245989094,S3-734016158
S1-735007279	S2-970149677
S1-784899614	S2-388910625,S2-465497487,S2-728934011,S2-829511710,S3-751498024,S3-637799826
S1-78183384	S2-575389194,S2-107084677,S2-340270635,S3-567358878
S1-727237860	S2-39165418,S2-184079249,S3-603410071
S1-672094329	S2-899481270,S2-889852125,S3-774385927,S3-931052687,S3-871798058,S3-774535997
S1-637909902	
S1-64377203	S2-466996380,S3-491780836,S3-896384098,S3-213457369
S1-868897261	S2-648595674,S3-490163391
S1-237968257	S2-920468041,S3-148485930,S3-119962098
S1-126019556	S2-905258589,S2-766651374,S3-786943991,S3-377832962,S3-743675683
S1-1915232	S2-785899735,S2-810757681,S2-103800886,S3-833304929
S1-716146464	
S1-571465458	S2-885215832,S2-530213604,S3-989548141,S3-997349231,S3-271883031
S1-389572965	S2-628641116,S2-102962888,S2-36138240,S3-671845381,S3-314090281
S1-40239233	
S1-199693288	S2-722619518,S2-731291615,S3-3744440
S1-687428039	S2-915807169,S3-169830217,S3-387255609
S1-521207385	S2-47897044,S3-711300640
S1-278344000	S2-764688444,S3-958362498,S3-280295057
S1-679352891	S3-405118946
S1-190247294	S2-340822435,S2-679723490,S2-915826262
S1-809680609	S2-22886617,S2-976062659,S3-142786033
S1-47822633	S2-280594227,S3-836989353,S3-376032084
S1-10355359	S2-643345184,S2-449485076,S3-778581389
S1-543121686	S2-383384854,S2-440902452
S1-341442374	S3-778418838,S3-260339163
S1-731232414	S2-679058738,S2-118156482,S3-190537718,S3-76525932
S1-209744961	S2-37131637,S2-946468042,S3-251103942,S3-883411901,S3-66725632,S3-454835146
S1-349947929	S2-17894238,S2-190755249,S3-522552720
S1-616673135	S3-911429763,S3-911507153
S1-461264158	S2-815167391,S3-435310444
S1-642272010	S2-580501105,S2-663453065,S3-233263680,S3-387599541
S1-330357490	S2-503249803,S2-534385355,S3-828270494,S3-190979532,S3-55397817
S1-119347441	
S1-745206071	
S1-817600784	S3-646301067,S3-896245813,S3-717121824
S1-760449516	S2-437160285,S2-504151537,S3-6301360,S3-629045990,S3-886015362
S1-354985954	S2-440097872,S3-353650472,S3-812819303,S3-262439029
S1-328348807	
S1-458808127	
S1-904983275	
S1-162514421	S2-789610152,S2-118338504,S3-620611157,S3-527994329
S1-426433675	S2-713320804,S2-62556938,S3-875909943,S3-933476314
S1-38841956	S3-671043961
S1-283714762	S2-901857844,S2-919044569,S2-749632764,S3-868416809,S3-220465664
S1-757634473	S2-45090704,S2-767995055,S2-807690162,S3-412128148,S3-565161584
S1-952149929	S2-424392108,S3-306360721,S3-11683925
S1-967545395	S2-950776680
S1-357834171	S3-206187042,S3-617924620
S1-237983197	S3-731834525,S3-96937957
S1-151905297	S2-965969201,S2-648598563,S2-477927653,S3-571599520
S1-437729292	S2-719635578,S3-961629360,S3-166244082
S1-76985366	
S1-299157336	S2-203581126,S2-604325066,S2-532826964
S1-441742035	S2-317820647,S3-775388747,S3-848900890,S3-147950119
S1-812853593	S2-84357330,S2-904534999,S3-724589724,S3-211613186,S3-303819948
S1-934110606	
S1-210800211	S2-166496546,S3-688204148,S3-627029746
S1-484651114	S3-169273763
S1-513015226	
S1-559847636	S2-603027651,S2-89906026,S2-611853442,S3-186717096,S3-130716343
S1-983143074	S2-127568590,S2-181856454,S2-709172230,S3-155691607,S3-904018523,S3-771167680
S1-367247390	S2-405594375,S2-80807034,S3-885145519,S3-129208993,S3-888404208
S1-400349891	S2-351771350,S3-682383387,S3-306854162,S3-321884500
S1-581825118	S2-171725642,S2-400031309,S2-586846323,S3-619082881
S1-371194364	S3-686945070,S3-654500247,S3-908225821
S1-992220733	S2-695254867,S2-278415549,S2-340064421,S3-291936677
S1-852297285	S2-312541194,S2-839075401,S3-331484855
S1-402012262	S2-868163297,S3-379110210
S1-663386685	S2-62083555,S2-416799769,S2-737156661,S3-674462012
S1-881820506	S2-331479801,S2-227022130,S3-810452079
S1-743320379	S2-206349191,S3-425990451,S3-414999864
S1-814358134	S2-158947804,S2-342008847,S3-900456726
S1-847179044	S2-164328648,S2-451776751,S2-421678018,S3-343867997,S3-929067906
S1-144443231	S2-922345012,S3-883876123
S1-969096964	S2-619289820,S3-682183070,S3-378483494,S3-47283136,S3-579953726
S1-767118157	S2-204051201,S3-183904150,S3-348558154
S1-775891121	
S1-89326162	
S1-892146290	S2-738924842,S3-206115828,S3-687905889,S3-804036777
S1-278945370	S2-919716980,S2-704951267,S3-226359755
S1-529463375	
S1-430361926	
S1-787112767	S2-714309760,S2-394173019,S2-644582664,S3-232283997
S1-575654238	
S1-424988919	S2-631890148,S3-458571024,S3-399742546,S3-926732448
S1-992938119	S2-242591663
S1-983977583	S2-243181771,S2-228505460,S3-268568933
S1-783843943	S2-319764535,S2-989984944,S3-325728818,S3-404173249,S3-357274645
S1-72915342	S2-968123778,S2-442038956,S3-880961355,S3-519300567
S1-162211487	S2-357901177,S2-461245377,S3-234894996
S1-304287409	
S1-25484030	S2-15347165,S2-7921584,S3-802167929,S3-984647611,S3-463571803
S1-248022356	S2-121943486,S3-649042884,S3-432329230,S3-550121
S1-787772980	S2-374820046,S2-561808983,S3-304029428
S1-840002572	S2-146884927,S3-218524040,S3-193993827,S3-880527691
S1-529632460	S2-160953030,S2-596532536,S3-392694513
S1-523176178	S2-737407232,S2-913244258,S2-325369800,S3-527453408
S1-468655954	S2-555569668,S2-88182196,S2-812286393,S2-590731038,S3-425045548,S3-296521847
S1-939536934	
S1-311319082	S2-563382258,S3-804022741,S3-45694819
S1-225604932	S2-532917199,S3-876313241,S3-325187704,S3-350614189,S3-217047862
S1-326250786	S2-734687746,S2-929018510,S2-45285682,S3-459462498,S3-247828309,S3-288171532
S1-832159162	S2-533544291,S2-755417132,S2-187092575,S3-75692181
S1-306202452	
S1-407628305	S2-773549970,S3-549571024,S3-543811907
S1-625281300	
S1-580265425	S3-469988101,S3-808817241
S1-999609363	S2-328977026,S2-253028655,S3-990493864,S3-48027711,S3-365976795
S1-380041265	
S1-683198473	S2-730656533,S2-759687741,S3-720218734,S3-144106643,S3-299646664
S1-586249367	S2-676506614,S2-773847569,S2-260139359,S3-661340005
S1-594147669	S2-673330727,S2-456168764,S2-432190316,S3-31802420,S3-947586382,S3-263943811
S1-980939293	S2-277621039,S3-760561252,S3-175963195
S1-176177411	S2-521067037,S3-197195828
S1-412668751	S2-644537679,S2-680726340,S3-37237535,S3-834606160,S3-355165091,S3-634807891
S1-919643617	S2-642517950,S3-554519276
S1-140869427	
S1-144526611	S3-110958223,S3-48600442
S1-167545557	S2-317494684,S2-12924697,S2-711175498,S3-943155562
S1-885068445	S2-286947133,S3-600412244,S3-111549175,S3-727686539,S3-140348753
S1-464826391	S2-725178076,S3-651617911,S3-166983115
S1-737600926	
S1-899662833	S2-220234879,S3-542595744,S3-934973408,S3-961886084
S1-134656957	S2-762469278,S2-382172992,S2-148882410,S3-551529232
S1-491021728	S2-189645945,S2-756493641,S3-50897012,S3-115319366
S1-890426061	S2-751113977,S2-406735036,S3-938860298,S3-303084997,S3-112688794
S1-986367347	
S1-908020013	S3-830283964,S3-845240873
S1-818368891	S2-519655647,S2-117488853,S2-571045925,S3-6020281
S1-283862331	S2-516284846,S2-647484169,S3-444289944,S3-304455073
S1-989997455	S2-513930426,S2-817293157,S3-372286662
S1-782919582	S2-13105956,S2-3823348,S2-629143129,S3-137928430
S1-6231204	S3-408980920
S1-985722741	S2-638841564,S2-949030289,S3-777386698
S1-805834790	S2-396111282,S2-118600034,S3-411681735
S1-653979197	S2-922780725,S2-994535351,S2-889140420,S3-935910103,S3-189615035
S1-361818891	S2-472751701,S2-106997687,S2-126464142,S3-554964761,S3-695904338
S1-134563638	S2-558402555,S2-869963909,S3-456239374
S1-183872197	S2-345313847,S3-1400136
S1-27643366	S2-431755479,S2-636872954,S3-277699516,S3-604669016
S1-946307727	S2-537162299,S3-945623242
S1-26519634	S2-903608772,S3-227044084
S1-955381791	S2-41837880,S2-913709216,S3-111507491
S1-532949078	S2-774408745,S2-803018099,S2-744364855,S3-445856908,S3-846629071,S3-991835079
S1-966088047	S2-982431482,S3-853429793,S3-316421151,S3-522377264
S1-420646572	S2-385660762,S3-320386382,S3-873861404
S1-908014738	S2-777236803,S2-947887247,S3-808564190
S1-809107350	S3-152753864,S3-180965498
S1-552376164	S2-23974023,S3-464639599
S1-665949431	S2-435423433,S2-662545925,S3-52581252
S1-114692964	S2-848153926,S2-296104763,S3-592743557,S3-769699840,S3-951784947
S1-381086270	S2-416335093,S2-946425166,S3-989580429
S1-183953310	
S1-193900637	S2-251859054,S2-874277671
S1-815212283	S2-775592241,S2-255205751,S2-541713285,S2-734917105
S1-915001052	
S1-373408341	S2-449295083,S2-717023714,S3-929352530,S3-725947281,S3-291795967
S1-778782474	S2-954206573,S3-354748309,S3-496515017
S1-49483954	S2-692350637,S3-668830331,S3-279746256
S1-270446523	S2-874668602,S2-787633178,S2-470268408,S3-893064305,S3-486894056
S1-854167369	
S1-852135109	
S1-532438065	S2-827252115,S3-621472996,S3-568440021
S1-443203739	
S1-425208855	S2-53202174
S1-874306760	S2-135696946,S2-633062868,S3-618722951
S1-326307039	S2-764370275,S3-196059221,S3-860511603
S1-205864097	S2-873629483,S3-702548392,S3-183284343,S3-949616021
S1-716568128	S2-396994968,S3-686226253,S3-436604749
S1-556985946	
S1-625256116	S2-601672790,S3-161514439
S1-171858300	S2-577886365,S2-176921870,S2-494393248,S3-549564408,S3-212370990
S1-345386676	S2-372930386,S2-71311612,S2-206794291,S3-400157771,S3-327441900
S1-283865586	S2-651292525,S3-766326665,S3-657807123
S1-553822330	S2-408902547,S2-913501420,S3-690328015,S3-150415393,S3-620440975,S3-719258279
S1-223354342	S2-815122701,S2-81248997,S3-718543636,S3-22169862
S1-984625227	S2-715745843,S3-847910595
S1-992423639	S2-12662895,S3-912493208,S3-134135873,S3-282237082,S3-545836054
S1-89827823	S2-616377031,S2-671278963,S2-322023481
S1-79770868	S2-71465216,S3-745430293,S3-959851542
S1-557697184	S2-845949183,S2-220428438,S3-798742364,S3-196821360
S1-268368273	
S1-221336585	
S1-675411023	S2-295877758,S3-67635899,S3-932394066,S3-564861432,S3-485935998,S3-350468185
S1-244911867	S2-20780771,S3-589550818
S1-331063219	S2-565775646,S3-33532934,S3-434777845
S1-269980335	
S1-613247103	S2-570933550,S3-418107186,S3-882016576,S3-205403884
S1-825470697	S2-917181181,S2-626427726,S2-956520546,S3-11485048
S1-3779133	S2-185460781,S3-354208213,S3-940787424
S1-346894262	S2-506288262,S2-769503394,S3-631940687,S3-848882963
S1-605490856	S2-253328430,S3-326217837
S1-402830916	S3-726345942
S1-135697403	S3-424679202
S1-301525771	S2-813700496,S2-321975735,S3-24449057,S3-232164484,S3-712848179,S3-448296791
S1-26399363	S2-763346983,S2-535099091,S2-496918522,S3-70708657
S1-868735759	S2-606614999,S2-105133672,S2-623110885,S3-383496638,S3-885092417
S1-687570731	S2-100608390,S2-863020103,S3-643530812,S3-461589846,S3-23202589
S1-634888581	S2-987342568,S3-174714339,S3-468009259
S1-832616357	S2-141518712,S3-975339681
S1-383328804	S2-449548399,S2-576186237,S2-277227583,S3-510617559,S3-404614801,S3-691237830
S1-838132517	S2-268279922,S2-451659932,S2-589869754,S3-761211749
S1-649748365	S2-100530714,S2-952503687,S3-780308257,S3-665081524,S3-490118700
S1-2710738	S2-319678689,S2-824712419,S3-365800005
S1-119307481	S2-873327580,S2-913157512,S3-52030748
S1-590489772	S2-540426343,S2-906955446,S3-7138309,S3-447744330
S1-886437931	S2-767349514,S2-860090398,S2-783043715,S2-721579178,S3-751907316,S3-541414180
S1-37439766	S2-839346366,S3-465700235,S3-170452826,S3-46489205,S3-960642935,S3-453452692
S1-650892832	S3-266296147,S3-726208109,S3-68935996,S3-604615317
S1-282844898	S2-919740260,S3-380010869,S3-470131735,S3-365260347
S1-226709606	S2-170836562,S3-528228433,S3-759406540,S3-614308613
S1-279556776	S2-411316,S3-415457144
S1-662830996	S2-420087999,S2-193801271,S3-102745039
S1-662223898	S2-953917205,S2-199305759,S3-914782334,S3-119754499,S3-594761386,S3-676432488,S3-171532656
S1-978206256	S2-466358737,S2-515655798,S2-612364896,S2-54873649,S2-739927977,S3-401790794,S3-870438258
S1-595447092	S2-143158149,S2-861527171,S3-878721538,S3-958208321,S3-332443024
S1-341704851	
S1-688258410	S2-366236338,S2-829905371,S3-481400240
S1-267405340	S2-723622745,S2-727592504,S3-527464364,S3-441277417
S1-760285134	S2-894741652,S3-35646092
S1-105973317	S2-928891184,S2-16135207,S3-229494401
S1-52180337	S2-68909560,S2-833913510,S2-331561950,S3-468966491
S1-773521599	S2-786633934,S2-962607622,S3-972851622,S3-430617267
S1-962077347	S2-373417847,S3-60201783
S1-294855745	S2-486625176,S2-487022798,S3-202771095,S3-499945781,S3-810961621,S3-9136693
S1-97044799	S2-534181614,S2-358188759,S2-635384508,S3-892794975,S3-338314404
S1-828816341	S2-962610345,S2-700440725,S3-852781235,S3-319919531
S1-626007581	S2-894314481,S2-428089672,S2-830233519,S2-562826930,S3-228376106,S3-482300995,S3-391835938,S3-322531160
S1-325562762	S2-374010955,S2-917627969
S1-25407801	S3-166687891,S3-832355402
S1-759054752	S2-339325094,S2-568595864,S2-2726144,S3-866351639
S1-377377396	S2-911219626,S3-700268255,S3-522718006,S3-644272093,S3-727921813,S3-480559927
S1-288723011	S3-178920981,S3-52819577
S1-802527880	S2-27808851,S2-602787215,S2-145538733,S3-943499428
S1-245656967	S2-962999877,S3-595545981,S3-863816270
S1-829370092	S3-48411683
S1-928691825	S2-550970589,S2-10573007,S3-586335730
S1-588160379	S2-613505407,S2-219254872,S2-502606650,S3-980556427,S3-81395587
S1-299743789	
S1-7283677	S2-359526878,S2-715483926,S2-370134615,S3-412554154,S3-332150333
S1-621523892	S2-969334786,S2-394176416,S3-948575205
S1-202602869	S3-312915848
S1-698704332	S2-46167634,S2-512752473,S2-83878527
S1-38066186	
S1-665258897	S3-954610990,S3-73207152,S3-796142488
S1-129170406	S2-195545554
S1-725495145	S2-367388727,S2-68407246,S2-479723623,S2-918735340,S2-976433242,S3-634052761,S3-963534168,S3-752955460,S3-246649733
S1-249410610	S2-868828236,S2-177191476,S3-712225772
S1-687982957	S2-340635941,S3-768667028,S3-335292351,S3-765192573,S3-282440452
S1-389787587	S2-258015184,S2-892710358,S2-672555460,S3-957882349
S1-498085710	S2-534658209,S3-891776797,S3-763771545
S1-509723082	S2-57414977,S3-536253459,S3-973570168
S1-827165128	S2-323553736,S3-727216902,S3-972592674,S3-360323701
S1-197523931	S2-567384914,S2-647426439,S3-688345820,S3-229470413,S3-275298727,S3-933777235,S3-554119598
S1-942938283	S2-91674930,S2-527208630,S3-921289406
S1-87723126	S2-290609689,S2-868999914,S3-219574004
S1-545382289	S2-542173751,S2-62379777,S3-816443644,S3-105200605
S1-732212421	S2-138420301,S3-713400130
S1-359821081	
S1-301747187	S3-897016278
S1-862148696	
S1-656978181	S2-459767227,S2-918024059,S3-377744324
S1-884114469	S3-428869579,S3-416657496
S1-958840837	S2-487861259,S3-509093069
S1-562863555	
S1-301098526	S2-876035671,S2-555425630,S3-903815268
S1-337357999	S3-369905589,S3-342462951
S1-131384343	S3-520536425
S1-80994926	
S1-292699211	
S1-19822246	S2-455258538,S3-994982482,S3-771734363
S1-447555579	S2-732962465,S2-213107355,S3-562733954,S3-678376889,S3-279108315
S1-775745483	
S1-249910933	S2-840522917,S2-355766694,S3-214312337,S3-102364587,S3-252164788
S1-699863184	S2-629309626,S3-997528495
S1-911930802	S2-190616083,S3-186788163
S1-992698961	
S1-944238334	S2-161636157,S3-633703984
S1-391490429	S2-892636299
S1-962506915	S2-484322064,S2-278735393,S3-857248754,S3-362544700
S1-121356162	S2-879923203,S3-371735426,S3-523564248
S1-400949837	S2-792009929,S3-555259329,S3-948346251
S1-939662634	
S1-807354440	S2-662023803,S2-521097065,S3-323270915,S3-270273563
S1-734895620	S2-857188752,S2-722499190,S2-115391750,S3-664011117
S1-74616497	S2-271897372,S2-696967376,S3-715653512
S1-328975525	S2-227606426,S3-807361194
S1-268925673	S2-535723179,S2-2298844,S2-394485232,S3-421669991,S3-99105756,S3-864505755
S1-64854801	S2-717965652,S2-734169103,S3-502214040
S1-180369564	
S1-415811380	S2-865808223,S3-441415459
S1-970322827	S2-492776825,S2-104520790,S3-755605375,S3-666852045
S1-303242567	S2-804253998,S2-981430244,S3-571472331
S1-863072559	S2-252689409,S2-852841702,S3-126777701,S3-700337595,S3-385198585
S1-553451378	S2-395387758,S3-72907555,S3-210438146
S1-109098189	S2-309620121,S2-553675206,S2-332388702,S2-302129475,S3-540315079,S3-997864213
S1-841236317	S2-312843542,S2-325095248,S3-431702898,S3-345349021,S3-964355285,S3-223774170
S1-826892920	S2-166583273,S2-108354809,S3-270119678,S3-586564932
S1-93808717	S2-632708744,S2-230644543,S3-165401551
S1-720085998	S2-535549896,S2-132993766,S2-115189374,S3-630968660,S3-480675746
S1-879988219	S2-136958158,S2-424549824,S3-390817686
S1-499905344	S2-291018577,S3-689270300,S3-858023011,S3-509152081
S1-48860629	S2-672319701,S3-314074437
S1-534063593	S2-826051835,S2-56014698,S3-170134430,S3-148337567,S3-435312416
S1-938198501	S2-726744669,S3-442796508
S1-473298826	S2-186508006,S2-335671968,S3-795997129,S3-243155417
S1-438781781	S2-545156938,S2-508441891,S3-441551521
S1-17865302	S2-703317504,S3-330517858
S1-182071130	S2-829479256,S3-469094476,S3-658941493
S1-614103923	S2-757296248,S2-882932708,S3-457511692,S3-742257912,S3-982856437
S1-356716585	S2-503507466,S2-735618286,S3-644770562
S1-321820789	S2-182407568,S2-414336072,S3-96541492
S1-945064363	
S1-490566593	S2-645240067,S3-469928799
S1-267583398	S2-607910173,S3-257957864,S3-55608666,S3-782476821,S3-943552046
S1-67002041	S2-809141490,S2-817457959,S3-203982286
S1-975674620	S2-138504506,S2-185249310,S2-618166598,S2-661489912,S2-153869285,S3-833796860
S1-177492594	S2-198418926,S3-71890929,S3-621092664,S3-473529480
S1-636487111	S2-487746820,S2-728072130,S3-594923371,S3-99437639
S1-885944330	S2-16633285,S3-701147565,S3-254410134
S1-431686936	S2-895860121,S2-518172093,S3-177709219,S3-466582500
S1-548111070	
S1-300367816	S2-118371473
S1-500674168	S2-397610057,S2-796396630,S2-28704894,S2-600170938
S1-937080328	S2-396458404,S3-222784097
S1-639387124	S2-877587022,S2-708642282,S2-441358927,S3-521155541,S3-542664640,S3-794969758,S3-73302050
S1-892127767	
S1-818760399	
S1-871891974	S2-163362489,S2-104539664,S3-780503879,S3-904915127,S3-644524978
S1-810684933	S2-880181703,S3-259539286
S1-896378844	S2-488280869,S3-260189925,S3-157383076
S1-740377025	S2-871847077,S2-358865709,S3-58357640,S3-106927080
S1-721533377	S2-814421948,S3-738566888
S1-747896144	S2-642325573,S2-553227918,S3-190654722,S3-56834529,S3-494944501
S1-437982394	S2-165955482,S3-12735261,S3-122537505
S1-653324104	S3-417473902,S3-187733216
S1-829263278	
S1-937218617	S2-356478337,S2-586256606,S3-437291673,S3-994001361,S3-49207701,S3-273796163,S3-796336016
S1-912622031	S2-170720537,S2-984563427,S2-821493427,S2-997666178,S3-203434546
S1-525281212	S2-567199118,S3-219973323,S3-376177752
S1-485657596	S2-802760015,S2-617774704,S2-573833299,S2-176385688,S3-320572880
S1-711594208	S2-695015723,S3-881965897,S3-266312781,S3-186471370
S1-53367711	S2-415801504,S3-923286643
S1-506069846	S2-857892301,S2-699680275,S2-317961487,S2-140374518,S3-728832409,S3-729547050,S3-170693077
S1-250603635	S2-276654635,S2-428718584,S2-732447238,S3-419832535,S3-681425973,S3-757514821,S3-574590466
S1-797876252	S2-130583169,S2-891601786,S2-852538773,S3-116148033
S1-980693199	S2-980268218,S2-54887800,S2-81370777,S3-666873707
S1-709891911	S2-681333352,S3-29319904,S3-564825199
S1-695491455	S3-13365345,S3-630131879
S1-335846790	S2-34771894,S3-77860208,S3-451432898
S1-909753760	S2-189165307,S3-248801671
S1-525642956	S2-610084971,S2-685696659,S2-20411875,S3-561459159
S1-625092328	
S1-929813965	
S1-146289099	S2-751896687,S3-216072232,S3-989283866,S3-913286337
S1-908089362	S3-221318339
S1-493879752	S2-208730073
S1-168544427	S2-397458166,S2-429533015,S2-833717462,S3-198790001,S3-952017317,S3-296278661
S1-976855593	
S1-365775997	S2-2169898,S3-628496520
S1-521162953	
S1-259479021	S3-992631194
S1-422653818	S2-478552279,S2-568473599,S3-317162574,S3-791493985,S3-310636687
S1-484717643	S2-99340724,S2-674500244
S1-998648916	S2-184700468,S2-263758473,S2-98932827,S3-243247780
S1-61401859	S2-826138229,S2-222175908,S2-537753728,S3-920532975,S3-672990194
S1-789615015	S2-618923721,S2-125222446,S3-360861541,S3-233213489,S3-827444544
S1-468754455	S2-252522651,S3-187299570,S3-415386040,S3-213164009
S1-771736399	S2-207286196,S3-788157372
S1-394753571	S2-928179738,S2-475644986,S3-944145430
S1-369507355	S2-423080649,S2-429033005,S3-716914126
S1-204597568	
S1-943107925	
S1-387480723	S2-121847706,S2-997391383,S2-370665151,S3-429243694
S1-611136788	
S1-867277492	S2-877144684,S3-209238060,S3-793067835,S3-756475902,S3-151388920
S1-500743417	S2-150160516,S3-293203563,S3-549675415,S3-447008979,S3-673676706,S3-578133581
S1-742432241	
S1-652930604	S2-962397850,S2-720940793,S2-690294152,S3-466968443,S3-834092036
S1-48615775	S2-717125117,S2-165716471,S2-758186816,S2-169813628,S3-124843910,S3-118849114
S1-531079311	
S1-552722672	S2-33697748,S2-511566566,S3-627202931
S1-718643842	S2-860768173,S2-249179316,S3-877934381,S3-1026350
S1-397820954	S2-793050390,S3-22190820
S1-208454175	S2-149474443,S3-355806509,S3-56968465
S1-740494242	S2-645772255,S2-434269829,S3-279681296,S3-834886877
S1-478425294	S2-281861667,S3-554228141,S3-501861762,S3-942804252,S3-662952198
S1-840286437	S2-313999675,S3-348440655,S3-90578210
S1-58587792	S2-895729179,S2-456617165,S3-631185506,S3-474026080
S1-842675557	S2-572279240,S2-352423091,S2-363505417,S3-578412332
S1-770886863	S2-855135914,S2-605055856,S2-795555437,S2-487558132,S3-128889123
S1-649171571	S2-673135870,S3-422146026,S3-375171285,S3-515715520
S1-897323038	S2-13441497,S2-822727856,S2-419929309
S1-479294544	S2-895025078,S3-380570643,S3-640308843
S1-808192859	
S1-49960291	S2-496442533,S2-56611709,S3-907489741
S1-292427745	S2-527249239,S2-671887810,S3-730510385,S3-492740169
S1-329674322	S2-72403356,S3-999188641,S3-880702023
S1-317205566	S2-409086641,S2-366556527,S2-117695035
S1-469751065	S2-770059522,S2-993199272,S3-607051581,S3-420195675,S3-107209939
S1-888176402	S2-344151922,S2-422279749,S2-965619949,S3-94507930,S3-326440700,S3-655431547
S1-869756847	
S1-447241485	S2-917408540,S3-925512596,S3-604650622,S3-607022995,S3-214638770
S1-615081105	S2-977636118,S3-464224401
S1-149719530	S2-829004517,S3-791402079,S3-664582427,S3-317480904,S3-404798034,S3-36021662
S1-655014029	S3-783999155
S1-364993412	S2-499307681,S2-929049269,S3-369362625,S3-863908516
S1-654141342	S2-689275088,S3-909759726,S3-308418561
S1-861469910	S2-534885013,S2-774536690,S3-873717145
S1-374379389	
S1-765624638	
S1-87963787	S2-577237188,S3-786110817
S1-958594191	S2-513417224,S2-739440870,S3-366356750,S3-270278206
S1-334536580	S2-499688938,S3-958042295
S1-933212843	S2-352599431,S2-469967793,S3-113669768
S1-803619069	S2-115955162,S3-758382219,S3-556189962,S3-871493322
S1-562369881	
S1-722621579	S3-870963072
S1-24048244	S2-187861314,S3-371937599,S3-716087629
S1-216991682	S2-994198147,S2-42137495,S3-607091317,S3-554306399
S1-698144435	S2-162866261,S3-147888625,S3-388357856
S1-994144423	
S1-19123460	
S1-469354301	S3-822007694,S3-889992479
S1-482864874	
S1-34313639	S2-538921242,S2-523383010,S3-676297037
S1-100183447	S2-285090293
S1-862486638	S2-483188528,S2-903771186,S3-306520633,S3-163336906,S3-926181109,S3-159415524,S3-70426739
S1-408559040	S2-232473807,S3-418911832,S3-567439513
S1-461076173	S2-130756973,S3-441198232,S3-136146480,S3-972193726,S3-769165842,S3-391890401
S1-39574654	S2-659765267,S2-663208863,S3-13276669
S1-797133972	S2-751604842,S2-331029055,S2-604353588,S3-536063463,S3-446694515
S1-410380444	S2-608237491,S2-5995468,S3-232977700,S3-591779860
S1-499765206	
S1-657234334	S2-993707603,S3-306988180,S3-760944062,S3-607952096
S1-775876191	S2-47604902,S3-802287917,S3-86859064
S1-521850747	S2-466044642
S1-225102078	
S1-360740597	S2-557128966,S2-144848261,S3-566838536
S1-859016148	S2-637698685,S3-15593106,S3-163788011,S3-828133086
S1-963106152	S2-264354443,S2-780964111,S2-350180387,S2-945674459,S3-730445890
S1-583533022	S2-825894537,S3-957053459,S3-399901536,S3-501832984,S3-801492151
S1-84340733	S2-828329765,S3-965709106,S3-973232810
S1-260553896	S2-263032397,S2-715324002,S3-383629773
S1-576875822	S2-303241754,S2-305770043,S3-28871299,S3-52353131,S3-705381910
S1-712469792	S2-67455491,S2-572201113,S2-625213859,S3-125616374,S3-132662194,S3-884889718
S1-567892762	S2-34467501,S2-163882384,S2-457064299,S3-586262675,S3-655890036
S1-492056420	
S1-416155355	S2-303753758,S3-970113462
S1-921064496	S2-562134375,S3-143623530,S3-531257643
S1-933639501	
S1-195921020	S2-51667789,S2-467238931,S2-539238805,S2-438697510,S2-657323579,S3-656399168,S3-316199345,S3-911193745,S3-920649653,S3-972418661
S1-51671635	S2-597080022,S3-383568739,S3-296344052
S1-959380380	S2-148404043,S2-12001029,S3-702412425,S3-905850805,S3-784221021
S1-708407554	
S1-565909529	S2-195046761,S3-88353894
S1-527763392	S2-529341017,S3-541170852,S3-519179636,S3-237029382,S3-111665236
S1-197779728	S2-475050264,S3-691689208,S3-485508047,S3-116751029,S3-694965780
S1-26833765	S2-321949716,S2-580181788,S2-513397150,S3-9194766,S3-637553163,S3-708001182
S1-985371951	S3-81874397,S3-42369690
S1-434351890	S2-823779482,S3-183274186,S3-605776625,S3-191360054
S1-986733242	S2-104194938,S3-456315308,S3-531477390
S1-23178062	S2-234276679,S3-143172585
S1-813371631	
S1-714592519	
S1-497372548	S3-666851033,S3-52999948
S1-515865173	S3-232704692,S3-392181403
S1-976062300	S2-338990529,S2-8929869,S3-606084361,S3-675898941,S3-804437062
S1-33062717	S2-989795117,S2-434806431,S3-393223582,S3-881451287
S1-115001563	S2-659647526,S3-419556144,S3-290926130,S3-45175355,S3-635190071
S1-520630575	S2-203650301,S3-491567235,S3-672111655
S1-303676134	S2-648097467,S2-965656323,S2-884893509,S3-598181039,S3-216143161,S3-945460038
S1-598251990	S2-610466932,S2-596068127,S3-415011928
S1-652241343	S2-81984454,S3-847509313,S3-801618715
S1-151858758	S2-164933169,S3-539863393
S1-163156589	S2-125368780,S3-417795849,S3-68401608,S3-975539031
S1-32508687	S2-949196223,S3-71807765
S1-246813118	S2-883883321,S3-242913998,S3-307232894
S1-663792657	S2-118990834,S3-118139780
S1-96236418	S2-46652102,S2-374395030,S2-784028535,S3-122097794,S3-601698260
S1-818925573	
S1-862879606	S2-446568160,S3-125953059,S3-316636722,S3-120052050,S3-583403247
S1-647409110	S3-843296915
S1-692540972	S2-464650662,S2-473979172,S2-162462419,S3-220316659,S3-474670595,S3-311465709
S1-226780417	S2-512747849,S2-745477486,S3-583947300
S1-174898043	S2-536129134,S3-51504733
S1-628650073	S2-465966749,S2-583623550,S2-831332073
S1-332604	S2-871710721,S3-489393926
S1-954320537	S2-5965362,S2-437223592,S2-364691599,S3-977251770,S3-491008268
S1-997601187	S2-363349959,S2-712374793,S2-809069004,S3-373913347,S3-527835910
S1-606491823	S2-952228378,S2-77597078,S3-917543997
S1-130744899	S2-995174730,S2-959192698,S2-5909178
S1-149555724	S2-653482980,S3-133310655
S1-752765366	
S1-526608061	S2-348379471,S3-406085627
S1-930745091	S2-325254833,S2-579739010,S3-351533365,S3-519489056
S1-827753996	S2-251500981,S2-57883938,S3-502659398
S1-30603515	S2-868209709,S2-889476921,S2-358756999,S3-358085404,S3-889666870
S1-289587547	
S1-946309038	S2-637219378,S3-608961260,S3-833881626,S3-225904433
S1-300739721	S2-837374710,S2-804000975,S3-845099706,S3-391141789
S1-484751252	S2-138791651,S3-94050936
S1-944654924	S3-63199299,S3-627843784,S3-532532292
S1-188853492	S2-437338001,S2-584741621,S3-713746695,S3-763049660
S1-879034	S2-159866996,S2-266929569,S2-198851407,S2-115934330,S2-549620495,S3-726007058,S3-377788439,S3-463364591,S3-242364747
S1-83860307	
S1-493566687	S3-800972797,S3-265619705,S3-885225901
S1-627879496	S2-862297857,S3-412694220
S1-643596372	S2-467599490,S2-145613857,S3-250694610
S1-690940323	
S1-576556851	S2-884240239,S3-819239746,S3-960883279
S1-495690102	S2-2356510,S2-689586555,S3-483561395,S3-246264165
S1-338935422	S2-188275622,S3-187921672,S3-513932794
S1-169762809	S2-596464346,S3-22430000
S1-233906710	
S1-260814062	S3-913066417,S3-88469501
S1-430467647	S2-826408055,S3-71315802,S3-501363888,S3-889297166
S1-163958979	S2-146786861,S3-812602,S3-179153428
S1-870690996	S2-589381037,S2-493089937,S3-411648695,S3-489848727
S1-27367801	S2-961902705,S2-939546699,S3-267685027,S3-140057432,S3-422186160
S1-581711996	S2-16032157,S3-232021996
S1-788249302	S2-395920304,S3-83323869
S1-876610294	S2-650054370,S3-375338885,S3-698742127,S3-436477381
S1-46404263	
S1-276681956	S2-173107245,S2-759570393,S2-431864561,S3-690864207,S3-561552405,S3-729744012
S1-350137074	S2-458501221,S2-659586375,S3-652807877
S1-747981237	
S1-453502979	S2-301263140
S1-7903850	S2-719725863,S2-501641732,S3-28498938,S3-938832667
S1-107959679	S3-928974717
S1-29049673	S2-504800599,S3-219689127,S3-830906809
S1-445041093	S2-906009415,S2-617347539,S2-625901195,S3-329223099,S3-72114795,S3-775128720
S1-354013580	
S1-593806315	
S1-906877182	S2-774655177,S3-61662251,S3-112987139
S1-495823260	S2-194058735,S2-20816706,S3-168188044,S3-578224938,S3-489525786
S1-43864632	S2-751520115,S2-853821946,S3-315942519,S3-567470067
S1-845723650	S2-973382425,S2-863877922,S3-461230720,S3-840679648
S1-221514568	S2-691035512,S3-600874494,S3-545684221,S3-769070733
S1-908300547	S2-329330016,S2-622300159,S3-446649660,S3-864392667
S1-162846284	
S1-721565573	S2-688566494,S2-529161786,S2-567399408,S3-150328722,S3-838722116,S3-843413230,S3-443661550
S1-449030921	S2-109569096,S2-535123708,S3-885259527,S3-362458622
S1-320639305	S2-384369689,S3-544390434
S1-88705477	S2-903962755,S2-94748074,S3-415385903
S1-547732383	S2-577534236
S1-385775108	S2-305741715,S3-494668333,S3-311788786
S1-122993087	S2-470314101,S2-450687098,S3-654493757,S3-750008464,S3-970826876
S1-394186628	S2-92102375,S2-218440922,S2-973804500,S2-440002223,S3-361991000,S3-963964017
S1-494061661	S2-856001241,S2-776472912,S2-19825931,S2-413705163,S3-377963087
S1-189198317	S2-191534568,S3-330296659,S3-333289636,S3-923449876
S1-118450030	S2-226188398,S2-255428807,S3-661499953,S3-279490772,S3-356256346
S1-870857823	
S1-790469963	S2-735016095,S2-304795489,S2-78408156,S3-881111648,S3-545938790,S3-216850484,S3-734569225
S1-804107991	S2-74358864,S3-95866831,S3-899085445
S1-876331653	S2-162617954,S2-108203204,S2-707099634,S3-261561907,S3-557947307
S1-578541707	S3-890767647,S3-106524868,S3-126595108
S1-780721514	S2-499419719,S2-123491857,S3-144719360,S3-766609780
S1-109872307	S2-647205939,S2-436433024,S3-865986204,S3-813506927
S1-76002595	
S1-242493580	S2-406014627,S2-31401752,S3-621140421,S3-906705612
S1-452158924	S2-613514633,S2-193057003,S2-502285292,S3-438313521,S3-772566640,S3-852304416
S1-112742947	S2-779231930,S3-991423173,S3-570647763
S1-961195154	S2-76541965,S2-139254647,S2-813675036,S3-82258646,S3-269914673,S3-365621586
S1-117076456	S2-765966739,S3-44301478,S3-648266738,S3-282251201,S3-196484221
S1-472337049	
S1-832765363	S2-285698732,S3-996451309,S3-393393269,S3-110221845,S3-277698060,S3-739837083
S1-215643712	S2-969597399,S3-167053742
S1-757409856	
S1-776521693	S2-232045089,S3-308457097,S3-841094146
S1-940629713	S2-19354699,S2-613456738,S3-822295826,S3-223198129,S3-152289322
S1-283002517	S2-878372413,S3-391679009,S3-435864957,S3-261012051,S3-98786375
S1-938835724	S2-365944959,S2-949801824,S2-645022035,S3-162330905,S3-525361024,S3-532373561,S3-870114612
S1-528804453	S2-136481952,S3-148479297,S3-547601012,S3-53155167
S1-871709619	S2-875339521,S3-198345431
S1-831325783	S3-268729286,S3-624247586
S1-826535271	S2-653527846,S2-559720535,S2-687834244,S3-832961066,S3-571207430,S3-306814804
S1-472641490	S2-559702006,S3-717407568,S3-984911622
S1-535493413	S2-630137280,S3-207626201
S1-14549940	S2-974486498
S1-356614165	S2-305619758,S2-263103106,S3-982234292,S3-58597315
S1-600346558	S2-197571556,S3-742407175
S1-263982117	S2-373728606,S3-110147438
S1-68440855	S2-288087566,S2-527456769,S3-347107336,S3-987831563
S1-16630161	
S1-725688843	S2-621145719,S2-995305712,S3-863233349,S3-718383488
S1-282341103	S2-83962343,S2-86545174,S3-942879071
S1-831581738	S2-788836895,S3-243125043
S1-760475739	S2-337565993,S2-247450003,S2-310183981,S2-919462933,S3-363654856
S1-274157092	S2-878206601,S3-464894636,S3-537235579,S3-945659454
S1-111982095	S2-404146742,S3-91673661,S3-9414565
S1-551598884	S2-338152088,S2-276619528,S3-815753602,S3-246679371,S3-580995546
S1-224688116	
S1-164717257	S2-871080661,S3-700620681
S1-233361419	
S1-150006081	S2-67145314,S2-637856970,S3-47988639,S3-935628240
S1-62047666	S2-598559664,S2-328719293,S3-481836544
S1-425060750	S2-751731245,S2-697440289,S2-723681699,S3-881093485
S1-876455261	
S1-98509140	S2-626656559,S2-688553062,S2-481523401,S3-618014431,S3-315295361
S1-282494528	S2-905575691,S3-823616342,S3-952476944,S3-370661864
S1-618891618	S2-589001944,S3-681020762
S1-74785614	S2-479998813,S2-211737517,S3-796434439,S3-388529393
S1-123240420	S2-853546853,S2-654246655,S3-277262308,S3-309589880,S3-662053326,S3-708917531
S1-173014114	S2-337352408,S2-634147128,S3-100614265,S3-677557992
S1-365589217	S3-602730485,S3-179878927
S1-67716044	S2-576309423,S3-805523340,S3-444757522,S3-349778583
S1-516025123	
S1-807402344	S2-481187816,S3-592611161,S3-998413696
S1-86129982	
S1-915359608	S2-531561293,S2-584287940,S3-501379980,S3-397804155
S1-543408558	S2-895459927,S3-202265340,S3-956171595
S1-306451572	S2-877784816,S3-63807038,S3-823386086,S3-737718571
S1-511668265	
S1-853500292	S2-550977785,S3-643881788
S1-152925474	S2-686131036,S2-206371772,S2-283966039,S2-800878933,S3-85418374
S1-98083765	
S1-255085362	
S1-949927005	
S1-213906136	S2-234828939,S2-980748588,S3-438747560
S1-327052589	S2-369631751,S2-391480283,S3-485661381,S3-409621341,S3-845840610,S3-211730357
S1-942600780	S2-690529707,S2-920276222,S3-508747822,S3-685727721,S3-503699189
S1-521240793	S2-783652959,S2-516598927,S3-494792525,S3-118183167
S1-479655220	
S1-409620469	S2-339819644,S2-676420770,S3-167159195,S3-778785241,S3-87392832,S3-234018564
S1-112609365	
S1-635738321	S2-551493881,S2-784156121,S3-127618977
S1-231762560	S2-754341082,S2-660641184,S2-421857810,S3-221493236
S1-96928403	
S1-361941991	S2-950413274,S3-651218523,S3-494825499
S1-53798351	S2-77910629,S3-578529505,S3-682159930,S3-329638934
S1-620222670	S2-212242324,S3-61462587
S1-418839009	
S1-995296208	S2-988206399,S3-765914009,S3-214440898,S3-34827692
S1-966706093	S2-118138548,S2-835877580,S3-843161755
S1-176724112	S3-860929577,S3-529352069
S1-716497817	
S1-63308426	S2-234012963,S2-143457120,S2-383251676,S3-532155864,S3-266375816
S1-491932535	S2-85573322,S3-132639860,S3-701314558,S3-14926380
S1-337496498	S2-151818480,S3-320443002,S3-557392986,S3-927236301
S1-427589463	
S1-579711153	
S1-651648003	S2-177672034,S2-801975061,S2-838596602,S2-264747728,S3-762827302
S1-479706554	S2-172863635,S3-610355240
S1-922976040	
S1-267182908	S2-299036386,S3-363645142,S3-473225043,S3-601445719
S1-54883594	
S1-707025810	
S1-925225207	S2-436941475,S2-166371281,S3-880847700,S3-859880689,S3-159680843
S1-375564517	S2-826025140,S2-545579826
S1-920088458	S2-911451434,S3-424397993,S3-894444040,S3-468834106
S1-29159969	S2-737653349,S3-438306045,S3-643208187
S1-834504103	S2-474100535
S1-971381608	S2-67026497,S3-148093779,S3-937258210,S3-154227896
S1-302595668	S2-938808941,S3-35840373
S1-980858330	
S1-593387936	S2-95237081,S2-254890538,S3-255830893,S3-998193608,S3-855968480
S1-496134230	
S1-933185719	S2-343638764,S2-669042066,S3-120586530,S3-385310854
S1-112227101	S2-898327816,S2-316492400,S3-761775042
S1-410538610	S2-91808442,S2-551225676,S3-404945528
S1-972081049	S2-901229620,S3-524985537
S1-162543833	S2-13167203,S2-920457394,S3-770013660,S3-278101829,S3-61884318,S3-935065985
S1-638508447	S3-360889686,S3-987642726
S1-954036287	S2-794813438,S3-964426191,S3-766230508,S3-593538190,S3-200274658
S1-253903172	S3-443024947,S3-453302091,S3-86821439,S3-151648543
S1-618102508	S2-997909894,S2-52637577,S2-254847954,S3-769333475
S1-763837390	S3-698159669,S3-877951413
S1-970185769	S2-993163730,S2-558543933,S3-826085127,S3-475219097,S3-427850662
S1-460787183	S2-523747880,S2-392277179,S3-306560959
S1-22503842	S2-911014504,S2-185061234,S3-816919142,S3-514140320
S1-68482868	S2-131404135,S2-915898526,S3-919366615,S3-207972118,S3-705608088
S1-362103916	S2-759453912,S2-546721243,S3-468310445,S3-954456861,S3-478907036,S3-209845324
S1-561611901	S2-293850771,S3-113684706
S1-949954527	S3-565075584,S3-588575937
S1-934098493	S3-508704972
S1-172716152	S2-936850994,S2-674315014,S2-522363781,S3-830719898,S3-303865700
S1-332553595	S2-826621032,S3-803897820
S1-363999943	S2-975829317,S2-601758091,S2-25866842,S3-40605602
S1-847367191	
S1-986842935	S2-799869851,S3-932739328
S1-475806674	S2-388232642,S3-733960342,S3-349083899
S1-435034723	S2-371148051,S3-32600006
S1-183061349	S2-349524802,S2-249933012,S3-684057019
S1-93221397	S2-288633471,S3-205818127,S3-98156721,S3-415032332
S1-213731223	
S1-962548459	S2-999858422,S3-787637352
S1-11619357	S2-886084540,S2-353363667,S2-62211525
S1-915429685	S2-158004946,S2-923619587,S3-132121420
S1-203558491	S2-453188168,S2-80537674,S3-445024599
S1-607394037	S2-312033739,S3-58777148,S3-855498590,S3-698716085
S1-179916731	S2-232805441,S3-72149039,S3-854376179,S3-840232213
S1-925345541	
S1-995432065	S3-89679601,S3-518331320,S3-474933099,S3-552169857
S1-752416952	S2-978165415,S3-341345528,S3-772989324,S3-892909979
S1-380101558	S3-357123144,S3-303587300,S3-955317651,S3-255594943
S1-398827112	S2-130937667,S3-282885256,S3-714170230
S1-165737931	S2-692175895,S2-779058156,S3-363467416
S1-673029561	S2-641722810,S3-357214513
S1-375135017	
S1-806634681	S2-694521942,S2-380157005,S3-318300635
S1-194839914	S2-407741999,S2-694711285
S1-848163329	
S1-315082026	S2-46258224,S2-170953115,S2-391711784,S2-373256135,S3-942000881,S3-974299514
S1-367398727	S2-268325710
S1-19019011	S2-558354814,S2-582419109,S2-956555084,S2-699384059,S3-388710629,S3-615222910,S3-94057686,S3-707228842
S1-373898862	S2-668845585,S2-288957299,S2-609254154,S3-491009171,S3-498452212
S1-994346361	S2-77725710,S2-493006123,S3-960935885,S3-610384068,S3-553551322
S1-14733351	
S1-671260881	S2-794626470,S2-365799455,S2-889675711,S3-286635944,S3-912139426,S3-833579307,S3-654837959,S3-219094281
S1-407091729	
S1-455421468	S2-357651138,S3-385704081,S3-608291906
S1-648784420	S2-510591585,S2-656898236,S2-611801412,S3-539599874
S1-368701496	S2-844756331,S3-660144316,S3-368935918,S3-450298082
S1-800711853	S2-688670344,S2-890895097
S1-853153371	
S1-868407648	S2-376051884,S2-333368088,S3-966425812
S1-719347032	S2-594348414,S2-711924108,S3-462878794
S1-557388790	S2-316343868,S3-31615650
S1-156417876	S2-461759282,S2-54949071,S2-852243620,S3-159873292,S3-952925804,S3-528697510
S1-263679360	S2-878856686,S2-424499057,S3-150895722
S1-262027526	
S1-599229157	S2-637897874,S2-591946554,S2-509678395,S3-927871707
S1-646201442	S2-438528795,S3-591353123,S3-862237697
S1-356728796	
S1-870230615	S2-210418998,S3-126770883,S3-208857498
S1-640899052	S2-719314165,S2-14275407,S2-852717840,S2-82184569,S3-104330346
S1-341648381	S2-704863796,S2-449934512,S3-674486358
S1-271264405	S2-206734669,S3-201327664,S3-525364761,S3-690718180
S1-113284742	
S1-51825606	S2-480437666,S2-959132290,S3-352206814,S3-494247584
S1-444824824	S2-835168915,S2-832771317,S3-361298532,S3-218182544
S1-12165197	S2-770506614,S3-552633419
S1-77065534	S2-89611890,S3-815552644,S3-930122121,S3-280726255,S3-581855264,S3-73055175,S3-808097331
S1-294941045	
S1-834794526	S2-416631600,S2-817772075,S3-432004010,S3-903580820
S1-544498288	S2-562862829,S3-374434485,S3-380399459,S3-494256206
S1-6974208	
S1-263073891	S2-311435856,S2-181573341,S2-121504137,S3-55718807,S3-901968769,S3-328095670
S1-139467125	
S1-216048208	S2-603776446,S3-356108000,S3-812813575
S1-152544681	S2-668669406,S3-650783879,S3-851548315,S3-770718162
S1-651151488	S2-868656978,S2-205382702,S3-139597763,S3-247588223
S1-66266449	S2-865618324,S2-304107347,S2-85363836
S1-679054237	S2-271801680,S2-150684719,S3-508137994,S3-184796259,S3-489874505
S1-834904326	S2-437793577,S3-234919119,S3-727764822,S3-524855386,S3-133139286
S1-257498186	
S1-54747967	S2-732588777,S3-410524871,S3-756607346,S3-314070637,S3-515767700
S1-406146558	S3-645107881
S1-770325399	
S1-204202191	
S1-325202280	S2-672872534,S2-585922215
S1-142119317	S2-230751616,S2-46865004,S2-719439100,S2-917352894,S3-328399125
S1-597779917	
S1-734700559	S2-712665609,S2-694450581,S2-734416475,S3-249749286,S3-311905493
S1-263291484	S2-488440513,S2-564341266,S2-703794149,S3-293882849,S3-53272955,S3-130522201
S1-967023448	S2-245124658,S3-752380867
S1-847474098	
S1-777470596	S2-35067298,S3-557041311,S3-878897657,S3-352186068
S1-506679272	
S1-819528904	S3-345549271,S3-723735567,S3-793018513,S3-936542686
S1-650645543	S2-773890734,S2-325655322,S2-532088577,S3-728990425,S3-768933995
S1-568159734	
S1-795964968	S2-122171125,S2-980466730,S3-219075651,S3-57061484,S3-219875728
S1-139929351	S2-25600610,S2-61340011,S2-141447240,S3-274790771,S3-98795131,S3-658172043
S1-260012098	S2-509569976,S2-112506537,S2-293302294,S3-849545631,S3-918255054
S1-320318694	S2-979226760,S2-535422316,S2-611656882,S3-527873326,S3-947002886
S1-819238413	S2-282844616,S3-181326860,S3-868415566,S3-345204774
S1-978192167	S3-970626830,S3-996918318
S1-658692607	
S1-664158691	S2-938388138,S3-807639543,S3-395657514
S1-630343653	S2-225357864,S2-995030213,S2-908491422,S3-674908403,S3-213224565,S3-618336825
S1-778859051	S2-207656326,S2-965174555,S2-716938423
S1-326699015	
S1-634321505	S3-464110595,S3-692855672
S1-726743109	S3-522196345,S3-476552022
S1-398738329	
S1-149851114	S2-140965392,S2-308608095,S3-305590888,S3-102799839,S3-49340671
S1-656559531	S2-554274372,S2-267176640,S2-92203488,S3-564541498,S3-127831966,S3-602483334
S1-994640669	
S1-473959143	S2-33719772,S2-367960113,S2-827321139,S3-968297703,S3-368108696,S3-953236772
S1-193653484	S2-882762428,S3-514228652
S1-13187538	S2-629053872,S3-753453099
S1-32014215	S2-71314169,S2-711922806,S2-204941111,S2-605373117,S3-928251007,S3-96735594
S1-689350569	
S1-856489447	S3-296090300
S1-728123916	
S1-701050596	S2-579339223,S2-80330212,S2-36407062,S3-85839349
S1-412346906	S2-39755938,S2-138151234,S2-747546729,S3-663254010
S1-454920411	S2-419070737,S2-730720124,S3-495603960,S3-547827602
S1-137142323	S2-479779171,S2-991273044,S2-543563960,S2-831507273,S3-154500905,S3-136849967,S3-557099649,S3-310368508,S3-961493999
S1-419835807	S2-940804195,S3-250839724,S3-28828680,S3-328288031,S3-448533154
S1-894777585	S2-84304986,S3-88103015,S3-317810656
S1-3980426	S2-587377996,S2-253731925,S3-955070909,S3-133591000,S3-559251093,S3-925982668
S1-926470657	S2-456377637,S2-673782134,S3-699541363
S1-600401665	S3-347249067
S1-481704816	S2-218259569,S2-142430903,S3-177196320,S3-487381920
S1-899044297	S2-294997828,S3-797686612,S3-82555160
S1-604821241	S2-926415587,S2-299499658,S3-34511994
S1-796429886	S2-389756741,S3-815983347
S1-487910163	S2-449526217,S2-425325932
S1-293840513	S2-575803190,S3-453539376,S3-535608063,S3-16525017
S1-974432873	S2-547604853,S2-119704803,S3-72997128
S1-313252549	S2-548589350,S3-406863584,S3-169714733
S1-980530925	S2-286234267,S3-602149249,S3-268541489,S3-253365312
S1-355103078	S2-958190796,S2-10460445,S3-489963186,S3-584760532
S1-690978444	S2-195792689,S3-724307660,S3-226075328,S3-732312967
S1-360542129	S2-331416537,S2-507290254,S3-936757406,S3-702332958
S1-541654252	S2-631180185,S2-500903315,S3-420065228,S3-72236639
S1-455395468	S2-333933780,S3-676227199,S3-750366716,S3-939486205
S1-395691904	S2-160111638,S2-359648587,S2-159843765,S3-555761639,S3-140374974,S3-650782501,S3-768883129
S1-857817571	S2-198333577,S2-124592321,S2-243152355,S3-680484154,S3-223544997,S3-892853777
S1-771713708	S2-934047920,S2-395982728,S3-421404376,S3-896290318,S3-510795014,S3-540375092
S1-648366314	S2-486714721,S2-653222889,S2-487171669,S3-544802696
S1-8409795	S2-300438321,S2-780969620,S3-28056756,S3-873076946
S1-29482481	S2-545124480,S3-630730382,S3-664114657,S3-199283363,S3-642744117
S1-462123041	
S1-482712109	S2-429514875,S3-305489374,S3-828034366
S1-438302853	S2-778587867,S2-164298545,S2-895372172,S3-99765932
S1-288399879	
S1-343915297	S2-463395906,S2-204103814,S3-749569041,S3-215642952,S3-590859740
S1-695479510	S2-586199340,S2-297461675,S3-679610839
S1-55028594	
S1-594097981	S2-84645927,S3-167815023,S3-836998384,S3-654020758,S3-505760799
S1-71559728	S2-817969297,S2-907778558,S2-669461113,S2-178897263,S3-50169074,S3-794508290,S3-240658972
S1-237605445	
S1-676516551	
S1-33759109	S2-476548937,S3-826498295,S3-964897411
S1-584986143	S3-918811462,S3-270567166,S3-504170390,S3-101429384,S3-479387815
S1-735515335	S2-134368534,S3-22044021
S1-96149356	S2-416698438,S2-789466924,S3-962076145,S3-289594776
S1-540969303	S2-864911434,S2-850017273,S2-879633245,S2-288035176,S2-265195429
S1-496443598	S2-31881387,S2-171511396,S3-140771822
S1-329175814	S2-659215665,S3-125678350,S3-621215500
S1-465322401	S3-602193098,S3-614190082,S3-199051226
S1-561354467	S2-381994769,S2-631667725,S3-807957843,S3-578286845
S1-23377904	S2-516472352,S3-341203283
S1-999857079	S2-231863775,S2-884231602
S1-221517919	S2-46384042,S2-439958506,S2-379473297
S1-712366248	S2-70681733,S2-404767662,S3-973825523,S3-839539419,S3-797765271
S1-408851703	
S1-544958138	S2-486319501,S3-813583456
S1-820646304	S2-764983901,S2-480423225,S2-687000510,S2-151762451,S3-309358535
S1-495249667	S2-670164344,S3-890167512,S3-476721942
S1-965298592	S2-678269988,S3-277066410,S3-734693091,S3-164668873
S1-771942272	S2-533783867,S3-948805970
S1-292693208	
S1-239064005	S2-900924753,S2-58435874,S2-752388658,S3-167900770,S3-581785358
S1-801637019	S2-662346167,S2-64097545,S3-91298825,S3-835068491,S3-745470382,S3-160162499,S3-663519237
S1-719236832	S2-310200464,S2-877034830,S2-839442826,S3-958958804,S3-260139352
S1-509931628	S2-772323892,S3-89698193,S3-938190134,S3-42943868
S1-840476083	
S1-162074833	S2-927743416,S2-285016401,S3-131783424
S1-537121436	
S1-222939111	S2-974877668,S2-21472565,S3-633003467,S3-425430315,S3-725296706
S1-869037142	S2-920440142,S2-176408453,S3-581043633,S3-231876232,S3-921262207
S1-32485704	
S1-757705939	
S1-609523077	S2-647539949,S3-11218622
S1-873969564	S2-770342091,S2-88092911,S2-235917137,S2-805678857,S3-66553534
S1-970801765	S2-439648178,S2-796226348,S3-608144752,S3-399198528,S3-170560670
S1-829442056	S3-461899635
S1-249037438	S2-527547396,S3-534878740
S1-876109257	S2-756509255,S2-646109280,S3-284883938,S3-245875370,S3-42119559,S3-426106306,S3-564925347
S1-610468999	S2-898683089,S3-88103798
S1-218318773	S2-531162779,S2-663003280,S3-735210071
S1-55592342	S2-122735612,S2-797218959,S2-600171734,S3-70098505
S1-356806114	
S1-415000616	S2-549240874,S3-826884352,S3-435007049,S3-505360666
S1-437138864	S2-259772708,S2-523769799,S2-754509830,S2-62604511,S2-74798840
S1-627331110	S2-916147823,S2-18918832,S2-880872953,S2-740857124,S3-94171275
S1-773158776	S2-160711690,S2-367507881,S3-768011799
S1-579945470	S2-877402499,S2-704894318,S3-323586582
S1-541210591	S2-810889807,S2-243882882,S2-627007736,S2-409749654,S3-73197592,S3-500886360
S1-500359320	S2-890132536,S3-403048375
S1-770735916	
S1-427021650	S2-513003304,S2-78590340,S2-68137143,S3-355525647
S1-476367931	S2-938769643,S2-670689602,S3-497551367
S1-5431965	
S1-924176447	S2-24621886,S3-655896418
S1-717052108	S2-709616072,S2-110493008,S3-60955212
S1-183192436	S3-176662198,S3-75970442
S1-923126640	S2-756872387,S2-856133732,S3-354204707
S1-874447837	S2-283191750,S2-439329737,S2-165715956,S3-555916617,S3-621927461
S1-640493960	
