entity_id	business_name	business_address	country
S1-714672596	Foot & Ankle Patriot Group	325 Cross Street, Unit LOT 1A, Anderson, IN	US
S1-444149322	White, Helge W., DDS	12007 Rock Spring Dr, Coldstream, KY	US
S1-402046621	Family Clinic	VA, 23037 Olympia Drive, Loudoun County	US
S1-422926253	Sky Enterprises Pvt Ltd	A- 42, Ground Front Side, Dayal Bagh Faridabad, Faridabad, Haryana	India
S1-238012566	Baldwin Superior Farms LLC	5016 85, New Salem, ND	US
S1-81981566	American Oxley LLC	W197N4950 Hickory Street, Unit Apartment 303, Village Of Menomonee Falls, WI	US
S1-441593499	Mathis Colonial Fitness Corp	305 Downing Glen Drive, Morrisville, NC	US
S1-335478469	Audy Parker Blue Yield Corp	1064 Dwarf Lane, Bedford County, VA	US
S1-840218727	Heritage Design Industries LLC	1111 Innsbrook Lane, Buffalo, MN	US
S1-641842880	UU Churchill L.L.C.	3505 Matador Drive, Garland, TX	US
S1-775350452	Mumbai Vacation Pvt. Ltd.	505, Shalimar Morya Park, New Link Road, Andheri West, Mumbai, Maharashtra	India
S1-920297646	West Federal Oyster LLC	301 Neals Lane, Gallatin, TN	US
S1-280803193	Jannel Benson, L.C.S.W.	1173 Shelburne Museum, Shelburne, VT	US
S1-174416924	Raj Healthcare Private Limited	Divyasree Chambers, A Wing, Ii Floor, Langford Road Bangalore, Bangalore, Karnataka	India
S1-461834175	Kiernan & Labarre PC	4768 Bar Neck Road, Tilghman, MD	US
S1-431995033	Internal Medicine Care, LLC	Greensboro, NC, 321 Regan Street	US
S1-335846790	Nelson Premier Steers Corp	123 Flanner Street, Burlington, NC	US
S1-854452990	Parwati Products	Maniktala Rd, Hzr, 24 P-N, Barrackpur - I, North 24 Parganas, West Bengal	India
S1-943187307	Heart Association Partners	365 Oak Stand Path, Chesterfield, MO	US
S1-340481848	Strupp Pioneer LLC	NY, Yonkers, 9 Brandt Terrace	US
S1-209733956	Brightis Calamos	1153 Lisa Lane, Tempe, AZ	US
S1-234624983	NEJ Infra Center	7-40-6/6, Satyavathi Nagar, 1St Street, Near Govt Hosp, Tadepalligudem, West Godavari, Andhra Pradesh	India
S1-229630451	India Tuticorin Multi Private Limited	Gagan Vihar Co Op Soc 612/7 Fl 204, Bl D/2 Market Yard/ Bibvewadi, Pune, Maharashtra	India
S1-253565247	Maa Entertainment Pvt Ltd	K-27 Ist Floorkalkaji, South Delhi, Delhi, New Delhi	India
S1-577184903	Jones Group	3841 Southpass Avenue, Baton Rouge City, LA	US
S1-473290688	Foot & Ankle Center Partners	7865 Us 23, Ivel, KY	US
S1-782190430	2-Sons LLC	3018 11th Avenue, Bessemer, AL	US
S1-260429958	Sun Blue Systems Private Limited	House No. 40/127, Top Khana Bazar, Cantt., Kanpur Nagar, Uttar Pradesh	India
S1-28971575	Shiva Power Private Limited	957/1 At Panjangaonkh Tq Madha Dist Solapur, Solapur, Maharashtra	India
S1-572455178	Emili Fernandez Premier Defi LLC	942 Loomis Avenue, Des Moines, IA	US
S1-825168376	Conner Global Graphics LLC	212 Splendor Way, Parrottsville, TN	US
S1-837025896	Internal Medicine Continental Care LLC	IN, Indianapolis, 3538 Luewan Drive	US
S1-704028597	Madanlal (India) Infotech Private Limited	Kachchaury Gali, Dehri, Rohtas, Bihar	India
S1-505683835	Crespo College Inc	Middlebury, IN, 57244 35	US
S1-141410638	Midwest Highland Cherry Inc	314 1230, Tooele, UT	US
S1-698169970	IBX Patriot Renaissancere, Inc.	2508 Grandview Road, Phoenix, AZ	US
S1-302366231	Moya, Miller and Mulligan LLC	2515 Boston Street, Unit 902, Baltimore, MD	US
S1-578004468	Marketing Synapse Solutions LLP	Halol, Gujarat, Panch Mahals, Gidc Halol, Plot No. 503/D/3/1	India
S1-130504269	Modern Investments Private Limited	Plot No. 1465, Sector 9, Bahadurgarh, Jhajjar, Haryana	India
S1-145510098	Oliver Direct Systems	69 Saratoga Road, Glenville, NY	US
S1-401593436	RXU Agro Private Limited	T12-2203, Blue Ridge Township, Hinjawadi Phase-1, Haveli, Pune, Maharashtra	India
S1-212632055	Ghazipur Infotech Pvt Ltd	C/O Nira Pirnagar, Ghazipur, Govind Chad, Ghazipur, Uttar Pradesh	India
S1-851779124	Smith Allied Corporation	110 Outrigger Drive, Kill Devil Hills, NC	US
S1-937965473	Keith, Barreto and Coughlin	AL, 184 Happy Hollow Road, Notasulga	US
S1-278878931	Wharton Encore	835 Roderick Avenue, Oxnard, CA	US
S1-252469031	2-Point	3280 Pickering Road, Shelton, WA	US
S1-195236940	Fernandez & Salmi Good LLC	208 LOT Fairway Green Drive, Unit LOT 24, Shelbyville, TN	US
S1-266170402	East Consulting Private Limited	No 93/391, 1St Main Road, Near Hegganahalli Govt School, Hegganahalli, Viswaneedam Post, Bangalore North, Bangalore, Karnataka	India
S1-694682934	Vijay Technology Limited	180/1/2/3, 2Nd Floor Minerva Complex Rai Market, Ambala Cantt, Ambala, Haryana	India
S1-278590250	Salazar Guaranty	4650 Fairway Drive, Los Alamos, NM	US
S1-472632551	Prime Infotech Pvt Ltd	13/A Shyambazar Street2Nd Floor Flat-E, Kolkata, Calcutta, West Bengal	India
S1-737053525	Verreon Development Inc	1324 Taylor Street, City Of Green Bay, WI, Unit Apartment	US
S1-329377434	Maa Hospitality Pvt Ltd	Amc Xi/674, Geetha Nivas V.V.Clinic Lane, K.S.R.A 96, Attingal, Thiruvananthapuram, Trivandrum, Kerala	India
S1-510615509	Heng Innovative Consulting LLC	3205 Eastfield Station Drive, Charlotte, NC	US
S1-725999390	Johnson, Post and Sprecher LLC	8865 Baseline Road, Unit 1711, Mesa, AZ	US
S1-694519573	Regan Butler Midwest Interactive PC	120 Fort Pond Boulevard, East Hampton, NY	US
S1-633791646	Parsons Old LLC	6076 42nd Street, Yuma, AZ	US
S1-556341822	Aurie Yu Clean Indigo Clinic	422 Bloomsbury Avenue, Catonsville, MD	US
S1-144753683	Proraque	160 B Ridge Court, Village Of Pewaukee, WI	US
S1-722621579	Signature Industrial Brands LLC	432 N Leavitt Road, Leavittsburg, OH	US
S1-869037142	East Aditya Management Pvt Ltd	Maharashtra, Ahmednagar, Village Shilar, Survey No.105/3, 105/5, Post Kashele, Karjat	India
S1-15413567	Choice Charlton LLC	8342 25th Place, Unit APARTMENT  131, Tulsa, OK	US
S1-749522741	Urology Center LLC	10926 Clemson Boulevard, Unit 1337, Seneca, SC	US
S1-585398934	Guerrero Best LLC	380 Glendale Street, Kilgore, TX	US
S1-379810738	Devtech (india) Ltd	Maharashtra, Jalna, Kothala Bk Ghansawangi, C/O.Mahadeo Asaram Sabale, Ghansawangi	India
S1-483337679	Bansidhar Law Chambers	Alete Towers H.No 3-6-726 & 727, Street No. 11 Himayatnagar, Himayathnagar, Hyderabad, Telangana	India
S1-216394408	Leanora Singleton, DDS	9042 Ocean Harbour Golf Club Road, Sunset Beach, NC	US
S1-258440092	Anjaneya Chemicals Private Limited	Plot No. K-86 1St Floor, Pkt-N Sec-1 Dsidc, Delhi, North West Delhi, Delhi	India
S1-153264685	Hernandez, Cooper and Hewitt	1018 A Vermont Avenue, Alamogordo, NM	US
S1-773158776	Jabalpur Works Private Limited	Shop No. 1042, Ground Floor, Thakur Shivraj Market Garhaphatak Road, Ranitaal Square, Jabalpur, Madhya Pradesh	India
S1-521654665	3698 Fourth Boulevard Holdings	500 Metcalf Street, Unit 2, Sedro-woolley, WA	US
S1-778979314	Kutch Promoters Company	Kuchchh, 7 Jubilee Colony Nrjubilee Ground Bhuj, Kutch, Gujarat	India
S1-841236317	Welch Interprivate LLC	2005 Rogers Street, Unit LOT 21, Bloomington, IN	US
S1-337956782	Summit Bdc Corp	4564 Peak View Road, Panguitch, UT	US
S1-610330318	Unique Digital Properties	Haryana, Dheeraj Nagar, Faridabad, G 24 Block2G	India
S1-731681456	Custom Keystone Nasdaq	292 Elsworth Drive, El Paso County, TX	US
S1-961135845	Shree Engineering Pvt Ltd	Maharashtra, Pune, Fl No 401 Crystel Royal S No.39/11 Nr Pacific Ambegaon Bk, Pune	India
S1-953050582	Supreme Producer Private Limited	37, Dr. Abani Dutta Road, 1St Floor, Room No. 173, Howrah, West Bengal	India
S1-5681092	Sunrise Media Private Limited	Plot No. 187, Kh No. 16/6, Nangli Vihar, Arjun Park, 1St Floor, Pole No. A840, Najafgarh, South West Delhi, Delhi	India
S1-512179486	Smart Prairie Bleichroeder LLC	4775 Lake Road, Cazenovia, NY	US
S1-547526411	Cascade Principal Inc	2655 700, North Vernon, IN	US
S1-17014021	New (India) Software Limited	I/O Bhairu Mandir, Bhrahmano Ka Mohalla, Bhinasar, Bikaner, Rajasthan	India
S1-283117461	Blue Cardiology LLC	834 Bella Drive, Rockwall, TX	US
S1-286418607	Aditika Venture	North Delhi, Plot No. 207, Delhi, Gf Pkt-1, Sec-4, Bawana Dsidc, Delhi	India
S1-733243111	Mcbrearty Network Group	Rialto, 5715 Sycamore Avenue, CA	US
S1-428832554	Sumptuous Traders Private Limited	C/O. Kamlakar Pagar, Row House. 1, Shiv Aradhana Park, B/H Sapna Cinema, Nashik, Maharashtra	India
S1-181099706	Apex Data Global Inc	26 Cape Court, Pekin, IL	US
S1-852009155	Chiropractic Center	Fort Fairfield, ME, 244 Presque Isle Road	US
S1-204064508	Fresh Mortgage Dynamics LLC	44 Parkway Terrace, Unit 17B, City Of Ripon, WI	US
S1-473959143	Fresh Bakery Partners	35911 Fairview Road, Ray, OH	US
S1-490889386	Cote's Liberty Grading	143 Mountain Avenue, Malden, MA	US
S1-108144287	Eastern Black Business Private Limited	304, Iiird Floor, Minerva Complex, S.D.Road, Secunderabad, Hyderabad, Telangana	India
S1-982199848	Unified Technical Digital Inc	Owens Cross Roads, 101 Victorian Lane, AL	US
S1-289669622	Christ Ministries	146 Milkweed Drive, Frederick County, VA	US
S1-763986890	Pune City Security Private Limited	Flat 6 Cassia Court Appt, Plot 41 Sr 129/130 Iti Road, Pune, Pune City, Maharashtra	India
S1-111239278	Kassi Tucker Columbia LLC	2895 Premae Drive, Akron, OH	US
S1-449384384	Granite Inc	6582 210th Street, Farmington, MN	US
S1-774390259	Pioneer Trading Private Limited	Plot No. 143, 145, Phase Ii, Gidc Industrial Estate, Vatva, Ahmedabad, Gujarat	India
S1-880086905	Eastern Montessori School LLC	15 Meadow Lane, Southwick, MA	US
S1-593387936	PP Procare Private Limited	F-36 & F-36(A), Industrial Area Madanganj, Kishangarh, Ajmer, Rajasthan	India
S1-384045139	MYD Roadways Limited	29A Rabindra Sarani 3Rd Floorroom No 12, Kolkata, South 24 Parganas, West Bengal	India
S1-549483854	U & D Fund LLC	1410 Cleveland Avenue, Unit 1, Columbus, OH	US
S1-708159128	Wong Graf LLC	6234 Cortez Street, Glendale, AZ	US
S1-816944288	Vibgyor Feeds Private Limited	45 C/2, Kajal Park Soc., Opp. Azba Duplex, Ahmadabad City, Ahmedabad, Gujarat	India
S1-371194364	Kinnison and Butler Royce LLC	254 2nd Street, WI, City Of Richland Center	US
S1-523237292	Palmateer Multimedia	113954 4634 Road, Sallisaw, OK	US
S1-456786963	Hotel Shiva Marketing Pvt Ltd	83 Khasra No-623, Ghaziabad, G.R. Garden 2 Chipiyana Bujurg, Uttar Pradesh	India
S1-714184187	Paradise & Sons Co	H.No. 6-96, Plot No 217, Prashanth Nagar Bandlaguda Jagir, Rajendra Nagar, Hyderabad, Rangareddy, Telangana	India
S1-557379384	Saint Cloud Community Services	2020 Lone Oak Circle, Saint Cloud, MN	US
S1-873883330	Uma Knitwears Private Limited	Nitikhand- Iii Indirapuram, Uttar Pradesh, Ghaziabad, 60	India
S1-621107708	Sidyne LLC	1 No Where To Go Road, Friendship, NY	US
S1-359057177	Select Seafood LLC	17708 John Avenue, Country Club Hills, IL	US
S1-208865354	Greer Money	1516 Fifth Avenue, Unit Apartment 1, Watervliet, NY	US
S1-925137811	I 7 C Pineapple Inc	1935 8th Street, Terre Haute, IN	US
S1-828892341	Sierra Preferred Inc	1401 Birmingham Drive, Arlington, TX	US
S1-59772688	2 29 Intelligence	NY, 3 Chappell Street, Jordan	US
S1-760807491	Happy Andmarketing Private Limited	474/47/02-Reti Mohala Sitapur Road Khadra, Lucknow, Uttar Pradesh	India
S1-108711921	Preferred Signs Inc	Unit 21, 303 Hawthorne Street, Kelso, WA	US
S1-360475070	Kissee Vu Diamond Encore, LLC	1 Havertown Road, Newark, DE	US
S1-962461331	Enterprises Fabtech Infrabuild LLP	45 S.B.H. G.A.Colony, Hyderabad, Telangana	India
S1-322567842	Gupta Communications Limited	101, Sudarshan Apartment, Sheela Vihar Colony, Pune, Maharashtra	India
S1-501271803	Wampler's Grading	107 Buffalo Trail, Frederick County, VA	US
S1-169226760	F D Spradley Mitsui	7107 Byfield Road, Browns Summit, NC	US
S1-495227892	Gevue Grand Electricity, Inc	704 Oakside Street, South Bend, IN	US
S1-513846137	White Brothers Limited	Police Colony Lane No 2, Gola Road, Dinapur-Cum-Khagaul, Patna, Bihar	India
S1-513015226	India Quick Singh Limited	Flat No G1, Ramakrishna Raju Residency, Maruthi Nagar, Kothapet, H. No. 5-95/5, Hyderabad, Telangana, Hyderabad	India
S1-861984089	Ivenify Ngl	Chicago, 4229 Kamerling Avenue, IL	US
S1-650334862	Neha Hospital	No 10-A, Ground Floor, Tranquill Nest, Kamakoti N 3Rd Main Road, Pallikaranai, Chennai, Tamil Nadu	India
S1-597716003	3992 Fourth Drive Owners Corp	2132 169th Street, Marysville, WA	US
S1-854295433	Penous River, Inc	220 Welch Drive, Lincoln, IL	US
S1-95069725	Reliable Select Lodging	1155 Bradley Road, Lillington, NC	US
S1-767460631	Aim Info Private Limited	Bangalore, Bengaluru, Mahadevapura, Karnataka, C/O Mittal Steel Limited White Field Road	India
S1-971757487	Swastik Builders Private Limited	Keerthi Sunrise, Flt 208, Bandlaguda Jagir, Shankarpally, K.V.Rangareddy, Telangana	India
S1-498809660	U/J Virtus	106 Sunrise Street, Highlands, TX	US
S1-369521029	Sanatan (India) Enterprises Private Limited	Unit No 3001 To 3021, 3Rd Floor, Landmark Cyberpark, Sector 67, Badshahpur, Gurgaon, Haryana	India
S1-890100134	Gatech Resources L.L.C.	54962 Kagerville Road, Town Of Sanborn, WI	US
S1-159293541	Prime Projects Pvt Ltd	New Delhi, South Delhi, 405 Madhuban Bulding-55Nehru Place, Delhi	India
S1-252844817	Global City Logistics Private Limited	Fl-504, Bl-E, Maestros, Sn-60-7, Opp Salunke Vihar, Pune Wanawadi, Pune, Maharashtra	India
S1-476647651	Dique LLC	3120 John Olsen Avenue, Unit #8101, Hillsboro, OR	US
S1-814627073	Webster and Dowell Northern	14216 Stone Bluff Lane, Rosharon, TX	US
S1-656202646	Urology Metropolitan Center Corp	11610 Woodstone Place, Fort Wayne, IN	US
S1-334987600	Lu Matthews Direct Newbury	120 Crooked Lane, New Hanover Township, PA	US
S1-32829645	Mollie Miller Value Muzero	107 Rowan Avenue, Spencer, NC	US
S1-151079195	Pramod Redevelopment Private Limited	608, Felix Square, Lucknow, Uttar Pradesh	India
S1-264822399	Venture Infrastructures Private Limited	B-399 Basement, New Friends Colony, New Delhi, South Delhi, Delhi	India
S1-259013169	Ellie Bean Brown LLC	144 Grand Haven Drive, Muscle Shoals, AL	US
S1-659512046	Jarlium Vehicle LLC	73 Pennsylvania Avenue, Unit Apartment 2, Binghamton, NY	US
S1-335262131	QFF Education Limited	Villa 01, Kaadosh Belvedre, Shyamala Garden, Akkarai, Saidapet, Kanchipuram, Tamil Nadu	India
S1-407107002	Rudraksha International Private Limited	Petch Area, Opposite Dak Bungalow Circuit House Road, Nimbahera, Chittorgarh, Rajasthan	India
S1-54724899	Heritage Freight Worldwide Inc	768 Mallory Avenue, Memphis, TN	US
S1-637264994	Mcs Trading Corporation	A/02, Poonam Palace, Laxmi Ben Cheda Marg, Opp Shani Mandir, Nallasopara West, Palghar, Thane, Maharashtra	India
S1-531256414	Naya Fruits Ltd	Flat No. A3-301, Palm Grove Heights Apt. Sector - 52, Ardee City, Gurugram, Gurgaon, Haryana	India
S1-16957578	Gujarat Shiva Energy LLP	G-396, Sector-Gamma 2 Rampur Jagir, Greater Noida, Gautam Buddha Nagar, Uttar Pradesh	India
S1-476523437	Arha India Limited	H.No 6-82 Potharam Village, Mallial Mandal, Jagityal, Karimnagar, Telangana	India
S1-257199176	Royal Wellness Group	TX, Houston, 2734 Fry Road	US
S1-992690831	Unique Construction Private Limited	Ground Floor, No. 18 Millers Road, (Nandidurga Road Entrance) Benson Town, Bangalore, Karnataka	India
S1-860621324	Ahmadabad City Engineering Care	Ahmedabad, Ahmadabad City, Gujarat, 442, Iscon Emporio, B/S Star India Bazaar	India
S1-104547743	Seven Projects Private Limited	85/1 D Thrahimpur Rd, Kolkata, Calcutta, West Bengal	India
S1-416790136	Kann's Auto Body Partners	6 Hickory Avenue, Haleyville City, AL	US
S1-729339883	Pan Estate (India) Private Limited	83/84/85 Salkia School Road Dreamland Apartment, Block-A, 1St Floor, Howrah, West Bengal	India
S1-715715633	Eye Superior Associates, LLC	8426 Woodlawn Street, Fairfax County, VA	US
S1-614724414	Red Human Private Limited	301, Vandan Chsl, M G Road, Nr Rosary Church, Goregaon(W), Mumbai, Mumbai City, Maharashtra	India
S1-626292118	Rhine Infradev Private Limited	No.8-2-293/82/J/A/123, Journalist Colony, Shaikpet, Hyderabad, Telangana	India
S1-244842561	Decade & Co	H No. 14, Motimahalcomplex, 1St Floor, Burnpurroad, Barabani, Bardhaman, West Bengal	India
S1-90920859	Shajapur Farmer	Village Post-Kiloda, Shajapur, Madhya Pradesh	India
S1-305869870	Raj Power Private Limited	H. No. 1757, Rupinagar, Talawade Ss, Taluka Haveli, Pune, Maharashtra	India
S1-768764488	Janessa K. Tidwell, L.C.S.W., M.D., P.C.	68 Pope Road, Unit Bridge 68, Ohatchee, AL	US
S1-563053061	Kalyani Consultancy Private Limited	C/O. K A Sasidharan, Kannimolathu House Bldg, Xxii /624, West Vengola, Perumbavoor, Ernakulam, Kerala	India
S1-650121742	Safe Pioneer Legato LLC	3940 Sartain Street, Charlotte, NC	US
S1-22769277	Consultants Vivekananda Brakes Private Limited	Gf-4, Keshav Plaza, Village - Madhavgadh, Talod, Sabarkantha, Gujarat	India
S1-231955265	Dynamic Wireless Innovations LLC	20 Graf Dairy Drive, Unit 5216, Mobile, AL	US
S1-323986787	Value Agricultural	711 Evergreen Road, Unit 1075, Mesa, AZ	US
S1-61341725	Quanta Polytechnic	Flat No 401, Shanthi Aavaas Mithra Hil, Tirumalagiri, Hyderabad, Telangana	India
S1-920979488	Deininger Telephone LLC	1120 Derby, Casper, WY	US
S1-187642818	Nathalia's Rocky Dental	701 Mill Street, Clermont, IA	US
S1-223144968	Chintamani Alloys	112-A Shivlok House-Iicommercial Complex Karampura, New Delhi, North Delhi, Delhi	India
S1-15552441	Sudarshan Office Private Limited	Anand Bhavan West Marredpally, Hyderabad, H. No 3-9-223/B, Secunderabad, Telangana	India
S1-980718986	Ultra Industries Group Ltd	Delhi, 1St Floor, Amberhai Extension, Sector-19, Dwarka, New Delhi, Plot No. 21, New Delhi, Delhi	India
S1-242497923	Concordia's Atlantic Boutique	15240 142nd Avenue, Unit 1010, Surprise, AZ	US
S1-2099950	Sharda Consultants	South Delhi, Flat No.9, S/F Mehrauli Guru Kripa Apartments, 182/3, Delhi, Newdelhi	India
S1-932775461	Howard Smith	9 Union Transfer, Woodbury, NY	US
S1-899596326	Supreme Healthcare	Plot No D-2, Tuljai Bunglow Narhari Nagar, Pathardi Phata, Nashik, Maharashtra	India
S1-803728022	Falcon LLC	5207 Panorama Drive, Unit 1, Cheyenne, WY	US
S1-555827392	High Tech	M-706, Silent Park M-Wing Chsl, Nr Fly Over Circle, Mira Bhayander Road, Bhayander East, Thane, Maharashtra	India
S1-322810343	Elite India Private Limited	Level 3, Rider House Plot No 136, Sector-44, Near Huda Metro, Station, Co Working Desk No 20, Gurgaon, Haryana	India
S1-702702824	Melar	2227 Bluebird Avenue, Sharon, IA	US
S1-846232035	Maa Solutions Private Limited	2/D-3 Shirin Garden Opp. Iti Aundh, Aundh, Pune, Maharashtra	India
S1-484881260	Tirupati International Private Limited	304, Tf, Syndicate House, 3 Old Rohtak Road, Inderlok, Delhi, North West Delhi, Delhi	India
S1-146750999	Florette Luera Advanced Keycorp LLC	111 Wall Street, Unit Apartment 5, Auburn, NY	US
S1-410140830	Henson, Martinez and Livengood LLC	2777 Cable Avenue, Lincoln, NE	US
S1-86288888	Naveen Hospital	Sco-35, Second Floor, Huda Market, Sector-31, Gurgaon, Haryana	India
S1-51591272	Mileage International Limited	Plot No 15 Sy No 134 Tatanagar, Mailerdev Pally, Rajendra Nagar, Mandal..Rangareddy, Hyderabad, Rangareddy, Telangana	India
S1-930799045	Baba Marketing Private Limited	29, Sangam Vihar, Muzaffarnagar, Uttar Pradesh	India
S1-650449101	Shivam Power Private Limited	Maharashtra, Bl C 2, Nda Road, Dsk Ranavara, Aditya Shagun, Bavdhan., Pune, Flat 202	India
S1-335878294	Glyphora Lakeshore Inc	18210 Idlewild Drive, Country Club Hills, IL	US
S1-230180650	White Trust, Inc	144-44 183 Street, Springfield Gardens, NY	US
S1-806375398	Lones, Henson & Mccoy Corporation	6105 Poplar Tent Road, Concord, NC	US
S1-101051870	Smridhi Solutions Private Limited	Ghaziabad, Flat No S 2 - Sector - 1 Gbd In Vasundhra, Uttar Pradesh, 641	India
S1-191783161	Hmc & Brothers Pvt Ltd	Shop. No 23, Dda Market Vashundra Enclave, New Delhi, Delhi	India
S1-155919476	Om Tech Private Limited	B1349, Dayalpura, Near Police Station, Karnal, Haryana	India
S1-85983319	Sweet Deli	416 Fletcher Lane, Beech Grove, IN	US
S1-218857763	Bombay Care Private Limited	Tamil Nadu, 3 Rd Floor, Mani, School Teachers Layout, No.21, Coimbatore South, Coimbatore	India
S1-289512619	Brightex Resorts Pvt Ltd	8, Haridarshan Apartments, 3Rd Floor, 16, Haribhakti Colony, Vadodara, Gujarat	India
S1-857861080	Ivenola Pgim LLC	TX, 3123 Camelot Lane, Belton	US
S1-410560136	Traify LLC	WA, 1320 Fox Road, Spokane Valley	US
S1-372126414	Travel Group of Companies Private Limited	8-2-544/1 Road No.1Banjara Hills, Hyderabad, Andhra Pradesh, Telangana	India
S1-979867376	V/M Bynordic Inc	Tucson, AZ, 4501 18th Street	US
S1-26175892	Genny's Blue Contracting	958 Rilance Lane, Oregon City, OR	US
S1-976313518	L B Nagar Roadways Co	H No.3-1-353/2, Sbh Colony, Venture - Iii Maitrinagar, Hyderabad, Telangana, L B Nagar	India
S1-761226068	Back Alley Deli	4350 Shining Star Drive, Unit D, Sacramento, CA	US
S1-384308428	Parrott Beacon Partnership L.L.C.	1960 Fowl Road, Unit APT 910, Elyria, OH	US
S1-991216820	Certified Winvest, LLC	930 Spotted Pony Trail, Show Low, AZ	US
S1-979682987	Lucky Diner P.C.	1202 Pearl Street, Unit #F204, Tacoma, WA	US
S1-273964985	Peridial Vance LLC	7729 Maya Avenue, City Of El Paso, TX	US
S1-221892451	New Delhi Solutions Pvt Ltd	F-3/22 Vasant Vihar, New Delhi, South West, Delhi	India
S1-208755646	Gokuldham & Brothers Limited	104/105, Veda Commercial Complex, Tp 13, Canal Road, Chhani, Vadodara, Gujarat	India
S1-917084305	Advanced Prime Law Group Inc	16628 Paint Avenue, Central City, LA	US
S1-927055458	New Services Private Limited	Adarsh Nagar, Central Bank Colony, 273, Bihar, Patna, Sampatchak	India
S1-228984498	Freeman, Greenwood and Torres LLC	1 Janice Avenue, Yukon, OK	US
S1-246151458	Million Investments Pvt Ltd	124/127, Vardhaman Market, Sector 17, Vashi, Navi Mumbai, Mumbai City, Maharashtra	India
S1-267405340	Optimal Health Global Inc	704 Avenida De Leon, Rancho Viejo, TX	US
S1-109624300	The Dent Bistro PC	949 Coach Trail, Newport News City, VA	US
S1-11628555	Innovative Business Private Limited	431/1 N S Road, Ward 14, Jaynagar Banerjee Para, Jaynagar - I, South 24 Parganas, West Bengal	India
S1-117500031	Casa Alloys (India) LLP	F 2 Shilp Commercial Complex Nr. Bhaikaka Statue, Vallabh Vidhyanagar, Anand, Gujarat	India
S1-297669131	Apex Builders Private Limited	Ahmedabad, B/H.Omkar Timbers Gidc Phase-Iv, Ramol-Vatva, Ahmedabad, Gujarat, 327/27-Shakriba Estate	India
S1-888709681	Oncology Signature Specialists	2257 Viking Drive, Saint Cloud, MN	US
S1-79729767	Nb & Brothers	C-064, The Nest, Crossing Republik, Ghaziabad, Uttar Pradesh	India
S1-183734159	Vega Principal Inc.	33 145, Orem, UT	US
S1-621484765	Silver One Constructions Limited	C002, Grd Floor, Tower C, Gulshan Ikebana, Sec 143, Noida, Gautam Buddha Nagar, Uttar Pradesh	India
S1-163568207	Four Polytechnic	Old No 238, New No 232, Alagesan Road, Saibaba Colony, Coimbatore, Tamil Nadu	India
S1-805536815	Harbor Fund	300 27th Street, Temple, TX	US
S1-247478821	Boroque Talon Inc	7643 Gresham Hills Drive, Raleigh, NC	US
S1-523075552	Guru Trading	M 202 Ashok Nagarvazira Naka Borivali West, Mumbai, Mumbai City, Maharashtra	India
S1-379811631	Abba Services Pvt Ltd	L.S.No. 18 C Beed Nagar Road, Patoda, Bid, Maharashtra	India
S1-575832659	Nm Services Private Limited	C/O = Nilam Kumari, Jamo Road Afrad More, Siwan, Bihar	India
S1-862575793	Aditya Systems	Maharashtra, Thane, Room No.105, Om Apartment, Diva Saba Rd Diva East, Thane	India
S1-657089389	Beasley First Laboratories	338 Sumner Street, Fostoria, OH	US
S1-585283516	Rishikul & Brothers Co	C/O Shri Supped Pandurang Jadhav H No 51 Borwadi Ta Khultabad Dis Aurangabad, Aurangabad, Maharashtra	India
S1-899310898	Services Parry Securities Limited	1025, 1 Aerocity Corporate Park, Mumbai, Maharashtra	India
S1-121374486	DSX Investments Private Limited	Shop No. B-61, Ground Floor, Eros Boulevard Plot No.13-A, Mayur Vihar District Centr, E, Delhi, New Delhi, Delhi	India
S1-634113493	@ Cure 7 You, Inc.	4806 Wrightsville Avenue, Wilmington, NC	US
S1-479655220	Future Marine Private Limited	H. No. 1-6-141/48/C6/2, Near Raman School, Suryapet, Nalgonda, Telangana	India
S1-530494862	Star First Launchpad	1424 A Street, Washington, DC	US
S1-561375011	Earl and Gonzalez Corp	103 Alton Park Lane, Franklin, TN	US
S1-770688986	Supreme Bharat Marketing Pvt Ltd	H.No:254, 1St Floor Tan Singh Palace Rakesh Marg, Shop. No.101, Ghaziabad, Uttar Pradesh	India
S1-626918687	# 6 JV Sports	1776 Jargo Road, Town Of Cottage Grove, WI	US
S1-249445290	Shandra Smith Avalanche LLC	390 Bryson Harbor Drive, Counce, TN	US
S1-586351038	Arihant Digital (India) Care	Survey No 264/2, Plot No 36, T.P 3, Nr Ram Baug Bunglows, Nr Badshah Villa, Daskroi, Ahmedabad, Gujarat	India
S1-540107827	Vanguard Construction Corporation	Olympia, 9101 Steilacoom Road, Unit 39, WA	US
S1-227188025	Eastwood's Specialists LLC	460 Mcclure Lane, Anna, IL	US
S1-771713708	Perfect Foundation Pvt Ltd	Office No. 701, Floor No. 7, Plot No. 207, Embassy Centre, Jamnalal Bajaj Marg, Nariman Point, Mumbai, Maharashtra	India
S1-9660834	Hansen and Hill Allocation Inc	560 Antelope Way, Eugene, OR	US
S1-901864450	Brightus Mountain	21 Wellington Circle, Greene County, VA	US
S1-663673659	Ridge Holdings	2400 Baseline Avenue, Unit 113, Apache Junction, AZ	US
S1-698457514	Connor & Lashbrook	212 Murifield Drive, Jacksonville, NC	US
S1-307498781	Cave Junction Secure Clean	7090 Takilma Road, Cave Junction, Fl 0, OR	US
S1-482111837	Cc Institute of Technology Private Limited	Pp V 115 B, Thiruvoth House, Koyilandi, Kozhikode, Kerala	India
S1-339768243	Aashapura Paints Private Limited	S-193School Block Shakarpur, Delhi, East Delhi, Delhi	India
S1-162978604	Hearn, Hughes and Bolding LLC	407 Sieber Avenue, Akron, OH	US
S1-673705552	Lyra	3655 Oak Bay Road, Port Hadlock, WA	US
S1-694286467	House Superior Meshflow LLC	7021 Memorial Drive, Unit SUITE  253, Tulsa, OK	US
S1-319305217	American Guild	403 Main Street, Unit Suite 730, Buffalo, NY	US
S1-666111684	Indosoft Solutions Private Limited	Shop No-141, Plot No-184, Chairman Sector-13, Kharghar, Navi Mumbai, Maharashtra	India
S1-312449561	Lotus Tech Private Limited	Unit 701 & 702, 7Th Floor, Gowra Palladium, Plot No. 8A & 8B/1, Survey No. 83/1, Raidurg Village, Serilingampally Mandal, Ranga Reddy District, Shaikpet, Hyderabad, Telangana	India
S1-91116033	Red Media Private Limited	G-32 T/F Kalkaji, New Delhi, South Delhi, Delhi	India
S1-269165987	Consultancy United Therapies Private Limited	Mumbai City, Shabir Niwas Blk No 1 Mahakali Rd, Near Shashikant Hotel, Andh, Eri (E), Mumbai, Maharashtra	India
S1-170228828	Ess & Sons Pvt Ltd	Guntur, 4/2 Lakshmipuram, Flatno.301 Vayuputrahomes, Andhra Pradesh	India
S1-53549257	Ranee Andrade Vehicle	216 Chase Avenue, Lombard, IL	US
S1-295639722	Green Automation Limited	E/9, Saraswat Colony Sitladevi Temple Road, Mahim, Mumbai, Mumbai City, Maharashtra	India
S1-374379389	Vanguard Rail	10474 Los Cabos Drive, Amarillo, TX	US
S1-4637883	Livein Polyesters Private Limited	B-1104, Tower-4, Nx-One, Techzone 4, Greater Noida, Bishrakh, Gautam Buddha Nagar, Uttar Pradesh	India
S1-472337049	Tatech	5446 212, Shandaken, NY	US
S1-777935940	Mccarty Special	40 Bent Twig Drive, Unit 8, Lake Saint Louis, MO	US
S1-141891479	Heckman Pioneer Arts	7 Barbara Lane, Billings, MT	US
S1-77151648	Koratla Furniture Pvt. Ltd.	5-2-307, Raheempura Road, Near I K Chicken Center, Koratla, Karim Nagar, Telangana	India
S1-14886573	Bibian Global LLC	2527 Bay Winds Court, Houston, TX	US
S1-504837210	QLO Cross LLC	321 Sandusky Avenue, Bucyrus, OH	US
S1-120022169	Schaffer Valley Renaissancere, Inc	822 Village Center Drive, Ofallon, MO	US
S1-339778455	Pediatric Dentistry Group of North Haven	6 Bishop Street, North Haven, CT	US
S1-841970505	East Enterprises LLP	Office No.519, Clover Hills Plaza Sn, Pune City, Pune, Maharashtra	India
S1-291916494	Digital Enterprises Limited	House No. 185 Ward No. 74, Shraddhanand Peth, Nagpur, Maharashtra	India
S1-813995615	Eastern Health Center	DE, Selbyville, 36217 Glenveagh Road	US
S1-790268977	Garcia and Blanc Inc.	301 1st Street, Dexter, NM	US
S1-829105413	Silver Gladstone	272 Heritage Park Drive, Murfreesboro, TN	US
S1-562119734	Integrated Supreme Sunstone	83 Lowden Avenue, Unit 3, Somerville, MA	US
S1-242274023	Future Enterprises Private Limited	3/165, Vidhayak Puram Vinay Khand, Gomti Nagar, Lucknow, Uttar Pradesh	India
S1-126974143	Pinnacle Digital Consultants	4332 Van Buren Street, Sioux City, IA	US
S1-980158348	Family Associates Co	72 Geneva Drive, Kent, NY	US
S1-815163804	Su Element LLC	514 Henry Mason Way, Jeffersonville, IN	US
S1-509931628	Contreras Golden Northwest Inc.	34381 Tenaza Drive, San Tan Valley, AZ	US
S1-606600091	Meus LLC	NC, 3217 Glenridge Drive, Raleigh	US
S1-496871172	H 9 H Pantages Inc	4304 Hull Avenue, Milwaukie, OR	US
S1-41688867	Acropolis Trading (India) Ltd	Dhanai Bunglow, Sr No. 681/1/1/A, Near Am, Nashik, Maharashtra	India
S1-375460672	Beix Sterling Federal Inc	AL, 3908 Boxwood Avenue, Anniston	US
S1-705769524	Superior Mortgage Products LLC	1328 Division Street, Springfield, IL	US
S1-332811051	Shivam Healthcare Limited	Rohit Villa, Bngl. No. 4, Behind Stella Petrol Pump, Vasai West, Thane, Maharashtra	India
S1-395664201	Warren, Straughn & Carvajal Digital	MN, Austin, 308 12th Avenue	US
S1-902387642	4240 Ocean Plaza Realty LLC	25 Hackett Boulevard, Fl Floor 1, Albany, NY	US
S1-823615003	Oncology Physicians Group	Unit 516, MA, Fitchburg, 29 Merriam Parkway	US
S1-28390839	Shree International Private Limited	Sarhi Samruddhi Appt Sno 79 A1 And A2 Kumbare Garden K. Kothrud, Pune, Maharashtra	India
S1-803619069	Red Food Private Limited	Sy No.92, Kata No.85 Channakal Village, Masthi Road, Malur, Bangalore, Karnataka	India
S1-90558033	Department of Environmental Protection LP	400 Fisher Street, Monticello, IN	US
S1-251270569	Hanuman Distribution Private Limited	Shop No.4, Ground Floor, Sushila Sadan, Sushila Sadan Chs., Mogul Lane, Mahim, Mumbai, Mumbai City, Maharashtra	India
S1-822408727	Ramos & Osborne P.C.	2313 Foothills Road, Unit 1, Cheyenne, WY	US
S1-500743417	Anchor Rocky Titan LLC	1005 1st Street, Unit 1140, Washington, DC	US
S1-675672117	Medina, Mack & Price	185 South Street, Oyster Bay, NY	US
S1-292427745	Jai Products Private Limited	582/1405 Bagh No. 2, Badali Kheda, Shaheed Path, Kanpur Road, Lucknow, Uttar Pradesh	India
S1-51327042	Behavioral Health Ridge Medicine	13926 Wyoming Street, Douglas County, NE	US
S1-828605384	Western Best Texas PC	4163 192nd Place, Country Club Hills, IL	US
S1-998698573	M 5 Optimal Altenergy LLC	303 Horse Mountain View, Alleghany County, VA	US
S1-99040407	Votava, Lopez and Toner LLC	24 Pine View Road, NM, Tijeras	US
S1-217235972	Bright Yoga L.L.C.	10216 Candlewyck Street, Keller, TX	US
S1-593729834	Sylvia Benedict Rapid Stanley Inc.	2135 Clarion Drive, Forney, TX	US
S1-518914383	Blue Anchor Mining LLC	217 Mcandrews Road, Unit 308, Medford, OR	US
S1-905998901	Dental Care	2512 Jackson Street, OH, Lorain	US
S1-605819848	Haight & Rother Yhn LLC	141 Lake Wood Road, Lebanon, TN	US
S1-400349891	Global Payroll Industries	216 Lightwood Drive, Nashville, TN	US
S1-189143417	Williams Tavia Inc	2051 Sea Level Drive, Unit CONDO 303, Ketchikan Gateway Borough, AK	US
S1-555449564	Keerthi Technologies Private Limited	Uttar Pradesh, Lucknow, Duplex Rajni Khand, Sarda Nagar, Mig-1/56, Lucknow	India
S1-487647257	Krishna Trading Limited	Tower 1C, Flat No. 105, Golf Link Nh 24, Ghaziabad, Uttar Pradesh, Ghaziabad	India
S1-478084166	Gwynne's Integrated Property Solutions	3 Southwick Court, Milford, CT	US
S1-669379987	Alexia S. Ortega, MD, P.C.	4570 Long Hollow Road, Letart, WV	US
S1-262209663	Sai Investment (India) Private Limited	C2-12 0 3 Sector-16, Vashi, Navimumbai, Thane, Maharashtra	India
S1-55404180	United Consultancy Private Limited	C-9/76 Sec-8Rohini, New Delhi, North Delhi, Delhi	India
S1-579303712	Fern Eastwood Capital Inc.	740 Zumstein Lane, Unit 306, Westerville, OH	US
S1-687013152	Capital Rocky Emera LLC	26 Ashmont Street, Melrose, MA	US
S1-295346460	IL Pacific Inc	15654 Clackamas Court, Portland, OR	US
S1-752501077	Hill Couture (India) Ltd	Flat No. 7, Sharavani Heights Apartment Nehru Nagr Pimpri, Pune, Maharashtra	India
S1-771202421	U+ Box LLC	1117 Corvair Circle, AL, Birmingham	US
S1-829015383	Deteva Industries Inc	1113 Napa Street, Spokane, WA	US
S1-361818891	Olanan Rate	351 County Road, Rochester, MA	US
S1-455131454	Page Mcelroy Automotive LLC	621 Oakwood Drive, Geneva, IL	US
S1-252838449	Regional Sterling Vista	2635 Perry Avenue, Bremerton, WA	US
S1-410888789	Technology People Good	603, 6 C, Tribute, Dr. S.S. Rao Road, Parel, Mumbai, Mumbai City, Maharashtra	India
S1-139684083	BJ Roman LLC	39 Lakeside Drive, Morgantown, WV	US
S1-840669668	Digital Investment Private Limited	Mekkattukulam House, Pazhuvil West P.O Thrissur, Thrissur, Kerala	India
S1-721912794	Sky Infotech Private Limited	No.15/2, 3Rd Floor, Gidadakonenahalli Herohalli Ward, Yeshwanthpura Hobli, Bangalore, Karnataka	India
S1-802114376	Upper Water LLC	5072 Sutter Park Way, Sacramento, CA	US
S1-780228490	Aarvin India Corp	C-61, 02Th Floor South Extension Part -Ii, New Delhi, South Delhi, Delhi	India
S1-886351944	Raviavi Technologies Private Limited	15, Basement Siri Fort, New Delhi, Delhi	India
S1-495408555	Gulf Committee Corp	515 Richmond Avenue, Unit Unit 3, Buffalo, NY	US
S1-540913025	Johnette Berry Gss Inc	230 72nd Street, Birmingham, AL	US
S1-984051578	Legacy Broadcast Associates Inc	MA, Unit 2, Leominster, 125 Adams Street	US
S1-124284875	Brown Bay Bitwise LLC	5934 Ashlyn Court, Middletown, OH	US
S1-807331609	Engel Irenic	1626 Fig Avenue, Unit Apartment 211, City Of Marshfield, WI	US
S1-104380094	White International Pvt Ltd	Pwra C 52 Kachani, Nettayam Po Thiruvananthapuram, Thiruvananthapuram, Trivandrum, Thiruvananthapuram, Kerala, Vp V /1014	India
S1-235002615	Pediatric Group	303 Willow Ave, Council Bluffs, IA	US
S1-699898906	Reliable Logistics Worldwide LLC	Sandwich, 19 Highfield Drive, MA	US
S1-980334635	Summit Program	Hokes Bluff, AL, 3520 Shields Road	US
S1-79570317	Rancho Cucamonga National Kochav Inc.	CA, 12468 Mainstreet, Rancho Cucamonga	US
S1-628107631	Frontier Project	7629 Pineville-matthews Road, Unit B, Charlotte, NC	US
S1-492998746	Gujarat Infrastructure Private Limited	412, City Plaza Banipark, Jaipur, Rajasthan	India
S1-93131611	Saints Global Private Limited	#1121 14Th Cross, 1 Stage, 1 Phase, Chandra Layou, T, Bangalore, Karnataka	India
S1-974021282	Caldium Precision Co	805 17th Street, Sebring, OH	US
S1-158959642	Oncology Golden Physicians LLP	1426 Cameron Woods Drive, Apex, NC	US
S1-938281318	Dewas Farmer	543, Lig Vijay Nagar, Madhya Pradesh, Dewas	India
S1-681276363	Blue Clinical Private Limited	H. No. 5/1127, Room 101, Sindycate House, Gajjar Falia, Bardoli, Surat, Gujarat	India
S1-339646279	Cultural Charities	264 Whispering O Road, Mineral Wells, TX	US
S1-640622038	KDK Desert Midland Inc	143 Fifth Street, Tooele, UT	US
S1-556414757	Baba Power Private Limited	No. 2, Vincent Colony, R.S.Puram, Coimbatore., Coimbatore, Tamil Nadu	India
S1-702415272	Internal Medicine Specialists, Inc	1828 Poplar Lane, Albuquerque, NM	US
S1-518241820	Newton Cancer Legacy Society	1220 8th Street, Newton, IA	US
S1-73990673	Zephis Alchemy Inc	5137 Old Washington Road, Washington, NC	US
S1-420682829	Mumbai Estate Private Limited	Maharashtra, 5-B, Mumbai City, Awadh House, Laxmi Singh Estate, Bh. Hotel Laxmi Int, S.V. Road, Goregoan, (W), Mumbai	India
S1-469193727	Lethia Ramires Asa, Inc	1836 Eastman Road, Grafton, VT	US
S1-741664521	Sterling Defense Works	12373 1000, West Lafayette, IN	US
S1-968888246	Caressa Mena Guardian LLC	6536 Charles Page Boulevard, Tulsa, OK	US
S1-804053565	Foot & Ankle Clinic	2290 Highway 64, Whiteville, TN	US
S1-752263842	Sugar Grove Fresh Foods LLC	1330 Slater Street, Sugar Grove, IL	US
S1-541614936	Goforth Group	1207 Mcclure Avenue, Peoria, IL	US
S1-774213163	Herbst, Espinoza and Ochs Inc	1808 Pickering Lane, Little Rock, AR	US
S1-195215490	Western Bitwise	5822 Stanley Huff Road, Summerfield, NC	US
S1-944536346	Lizabeth S. Williams, L.C.S.W., DDS PC	9752 Cedar Avenue, Bloomington, CA	US
S1-925544579	Erode Shine Private Limited	305 E V N Roadd305 E V N Roadd 305 E V N Roadd, Erode, Madurai, Tamil Nadu	India
S1-150075959	Global Construction LLP	2Nd Floor, Enkay Tower, Udyog Vihar, Phase-V, Gurgaon, Haryana	India
S1-181730620	VB Safe Xsolla LLC	202 Freedom Road, Mt Pleasant, TN	US
S1-566031984	Neex Secure Keystone LLC	Sun Valley, 100 Wedeln Lane, ID	US
S1-238342664	Nature Welfare Society-Noida	405, 4Th Floor, Tower B1 Wishtown Klassic Jaypee Wish Town, Noida, Gautam Buddha Nagar, Uttar Pradesh	India
S1-337657617	Modern Mobility Union	711 Dover Road, Greensboro, NC	US
S1-720792762	HIJ Spaces Private Limited	Shop No 16 Rameshwar Towrsb Wing Shimpoli Road Borivli West, Mumbai, Maharashtra	India
S1-913626342	All Business Private Limited	Plot No.141 Vill Kapashera, Delhi, South West Delhi, Delhi	India
S1-601081297	Anchor Sound	151 Saddle Club Road, Weatherford, TX	US
S1-838363998	Qulaa Auto Sales Inc.	36861 W Shore Parkway, North Ridgeville, OH	US
S1-74021606	Balaji Builders Private Limited	82 Capital Commerce Centre Ashram Road, Ahmedabad, Gujarat, Ahmedabad	India
S1-256146485	Kassia Gibbs Global Treasury LLC	Gilbert, AZ, Unit 15, 1700 Lakeside Drive	US
S1-394801907	Lower Fresh City Inc	116 Winding Hollow Cove, Georgetown, TX	US
S1-850182467	V G & G Line	10 Baldwin Court, Halfmoon, NY	US
S1-959248611	Legacy Network Collective L.L.C.	1519 9th Court, Mcminnville, OR	US
S1-718410513	Ear Nose & Throat Federal Specialists, Inc	MD, Dameron, 49740 Freemans Road	US
S1-574504101	La & Co	Alarca House, 10Th E Road Sardarpura, Jodhpur, Rajasthan	India
S1-752077030	Apex Food Private Limited	Arazi No 666 Dandupur Chandmari, Varanasi, Uttar Pradesh	India
S1-702742495	Vision Legacy Care Associates Inc.	NY, 123 Creek Meadow Lane, Greece	US
S1-247090326	Veterans Center	39 Narrow Gauge Road, Dulce, NM	US
S1-140435888	Palumbo Providence LLC	2742 Meridian Drive, Unit 7, Greenville, NC	US
S1-115379941	Niketan (India) Holidays Private Limited	Office 409, Jasal Complex, Nanavati Chowk, 150 Ft Rd, Rajkot, Gujarat	India
S1-319739876	Hernandez's Agriculture	Gambrills, 1047 Red Clover Road, Fl 0, MD	US
S1-596876823	Denham, Lee and Martin	26 Silver Street, Randolph, MA	US
S1-488212127	Wright Omega, LLC	2017 Elmwood Street, Harlingen, TX	US
S1-297231233	Soa LLC	1027 Warwick Avenue, Norfolk City, VA	US
S1-498192779	Miller Smart Providence Center	4472 Enchanted Circle, Nashville, TN	US
S1-758789576	Langford Creative Fitness LLC	OR, Fl 1, Medford, 3061 Blackthorn Drive	US
S1-166218629	Sutton Quality Berto Associates	Bothell, 1621 Seattle Hill Road, WA, Unit UNIT CC2	US
S1-133310440	Pediatric Dentistry Metro Specialists Inc.	3761 Coaling Road, Sylacauga, AL	US
S1-126002513	Quality Trading Corporation	820 Mint Meadow Way, Springfield, OR	US
S1-765861668	Vijay Constructions Private Limited	99, Jakkasandra Extention, Off Sarjapur Road, Koramangala, Bangalore, Karnataka	India
S1-417123287	Nadeau, Baskett and Cree	1703 Somerset Pl, Unit 4, Hurstbourne Acres, KY	US
S1-200023417	KJX Solution	C- 352, Ground Floor, New Delhi, South Delhi, Delhi	India
S1-430320050	Lozano, Mccain and Pecora Asset Inc	4508 Jamaica Place, Jonesboro, AR	US
S1-300739721	Urgent Care Partners	285 16th Street, San Bernardino, CA	US
S1-359744208	North Energy Private Limited	Rz-B/122-B Kh No-31/4, Ug Floor F/Side Gali No 8, New Delhi, South West Delhi, Delhi	India
S1-142804598	Indo Foods Private Limited	New Delhi, F-2-A, 2Nd Floor, Plot No. 1 And 2, Ishwar Nagar, Mathura, Road, The Mira Corporate Suites, Delhi, South Delhi	India
S1-350935780	Sunrise Software Limited	57-F, Purna Das Road, Kolkata, Howrah, West Bengal	India
S1-951803228	Breanne Jauregui Computing Inc.	80 Brennan Beach, Unit Site 1208, Richland, NY	US
S1-105761156	Electricians Local Union 350	5321 Rd 9, Edison, OH	US
S1-727166443	Global Bombay Properties Private Limited	Suyog Fusion, Office No. 901, Final Plot No. 197, Sangamwadi, Dhole Patil Road, Pune, Maharashtra	India
S1-847384441	Felipa Ellis Athena	105 Franklin Street, Fairland, IN	US
S1-519203408	High Infra	46C Fafi Ahmed Kidwai Road, Kolkata, Calcutta, West Bengal	India
S1-135993878	Kadapa Food Pvt Ltd	Cuddapah, # 3/337, Sunkesula Road Khajipeta, Andhra Pradesh, Kadapa	India
S1-512212810	Liberty Guild	6001 Old Hickory Boulevard, Unit 408, Nashville, TN	US
S1-829410782	Redd Animal Hospital	CT, New Hartford, 117 E Cotton Hill Road	US
S1-194322566	Sun Royal Software	24 Ground & First Floor Municipal Market Outer Circle Connaugh P, Lace, New Delhi, Delhi	India
S1-836957633	Great Builders Private Limited	Vishakhapatnam, 57 6 114/1 Aganampudi, Andhra Pradesh, Visakhapatnam, Pentaiah	India
S1-311547284	Interfaith Society P.C.	TX, 3701 Pure Atlantic Road, Groves	US
S1-282524106	Peak Consulting Inc.	Elkhart, IN, 1440 Holiday View Drive	US
S1-740837615	Alfaro, Porter and Dolph Keycorp Ltd	UT, 249 Velma Circle, Springdale	US
S1-511693853	Hamer Institute of Technology	16458 73rd Place, Kenmore, WA	US
S1-475129677	WA Innovative	2256 Barnesville Highway, Charlotte County, VA	US
S1-625754177	Hopper, Luke & Greenhaw LLC	65 Bisbee Avenue, Atlanta, GA	US
S1-482745794	Cardiology Silver Specialists Corp	2221 Palmer Avenue, Unit Apartment 4N, New Rochelle, NY	US
S1-516699145	Jordan, Burkett and Preston Corp	1108 Richardson Street, Greensboro, NC	US
S1-11751225	Saranya Autoplast Private Limited	6, Harekrishna Apartments 1092, Model Colony, Shivajinagar, Pune, Maharashtra	India
S1-668761140	Ziify Corporation	3391 Eva Rd, Unit 103, Louisville, KY	US
S1-40145966	Preferred National Solutions Inc	Marlborough, MA, 3550 Green District Boulevard, Fl 5	US
S1-364555975	Aditiya Investment Private Limited	Stephen House 5Th-Fr;Fl-89, 4 B.B.D.Bag (East), Kolkata, Kolkata, Howrah, West Bengal	India
S1-20278332	Delcina Carroll, D.O., M.D., P.C.	25 Boscawen Street, Unit STE 201, Winchester City, VA	US
S1-378557080	Manley Royal Vulcan LLC	1446 Polk Road, Bowie, TX	US
S1-227758508	Hughbanks & Cruz	Glen Burnie, MD, 791 Aquahart Road, Unit 100	US
S1-13890051	Corporate Energy Partners	2753 72nd Circle, Mesa, AZ	US
S1-332297565	Behavioral Health Partners of Woodburn PC	475 Brown Street, Woodburn, OR	US
S1-83727908	Pediatric Dentistry Clinic	TX, 1001 33rd Street, Temple	US
S1-775360103	Bright Technologies Private Limited	607-A, 6Th Floor, Block No., E-15/8, Sanjay Place, Agra, Uttar Pradesh	India
S1-199458758	Perfect Properties Pvt Ltd	Telangana, H No. 3-6-361/8/203, Hyderabad, Aashray Mansion, Street No.20 2Nd Floor, Himayatha Nagar, Hyderabad	India
S1-791901862	North Atlantic View Inc	934 Comstock, St Peters, MO	US
S1-162003219	Shree Laxmi Software Private Limited	D-1502, 15Th Floor, Mahindra Splendour, Lbs Marg, Bhandup West, Mumabi, Mumbai City, Maharashtra	India
S1-418528893	Silver Bakery LP	14422 Cinnamon Field Road, Charlotte, NC	US
S1-746696327	Halimeda Boldt Fresh Two Inc	1267 Rosefield Court, VA, Norfolk City	US
S1-94225654	Egge & Rodea	OH, 5485 Wilson Drive, Mentor	US
S1-783928944	Seana Martin Midwest Payments	55 Main Street, Uxbridge, MA	US
S1-343915297	Darleen P. Murphy, D.O.	2240 Farola Drive, Dallas, TX	US
S1-305055765	Pacific Foundation	160 Buddy Lane, Lexington, NC	US
S1-420692106	Custom Trading Technologies	1505 189th Court, Omaha, NE	US
S1-766683741	Hotel Management Private Limited	H No 268, Ward No 3, Daundaj, Tal Purandar, Pune, Maharashtra	India
S1-605506079	Capital Health LP	2913 Montauk Highway, Southampton, NY	US
S1-790740599	Tech Care Pvt Ltd	No.68J3/1, Ashok Nagar Ii Artharipalli Street, S.P Pudur, Namakkal, Tamil Nadu	India
S1-326699015	VI Green Private Limited	32 Ezra Street 8Th Floor, Room No 862 Todi Corner, Kolkata, Kolkata, Howrah, West Bengal	India
S1-787019622	Regional Network Partners	2399 Koontztown Road, Falling Waters, WV	US
S1-168608728	Dynamic Arihant Properties Private Limited	No. 53, 2Ndmain Road, Dollars Colony, J P Nagar, 4Th Phase, Bangalore, Karnataka	India
S1-216534941	Richardson Costamare LLC	Huntland, TN, 106 Methodist Avenue	US
S1-1192058	Pioneer All Connection LLC	1918 Lincoln Avenue, IL, Peoria	US
S1-502340358	Congregation Ministries	158 145 Street, Rockaway Park, NY	US
S1-84311223	Chiropractic Health	S69W39606 N, Town Of Eagle, WI	US
S1-9000499	Lopez Ventures	209 Ann Street, City Of Weyauwega, WI	US
S1-468630095	Primary Care Clinic of Austin	TX, Austin, 4304 Green Cliffs Road	US
S1-994670759	A C & U Algonquin LLC	1377 Palestine Road, Burkesville, KY	US
S1-97044799	The Dent Cleaning Service	2806 Merrick Way, Abingdon, MD	US
S1-681419592	GNU Fertilizers LLP	Golf Links, New Delhi, Delhi, Central Delhi, 187	India
S1-720624322	Puma Leathers (India) LLP	Vikram Heights, Plot No. 25/2, Y.N.Road, Indore, Madhya Pradesh	India
S1-809107350	Cedar Vendome	15088 Woodruff Lane, Trumann, AR	US
S1-501703904	Coastal Quality Special LLC	KS, Fl 0, Wichita, 1939 Jewell Street	US
S1-396857555	Camphor Healthcare	H.No. 646/ A-647/ Bgf To 5Th Floor, Chello Mohallo B/H.Parag House, Rustampura, Ring Road, Surat, Gujarat	India
S1-232548041	Supreme Products Private Limited	Door No. 5-17/3, Salian Rice Mill Compound, Jappinamogaru, Dakshina Kannada, Karnataka	India
S1-678612315	Pediatric Peak Specialists	13650 N Frontage Road, Unit 284, Yuma, AZ	US
S1-625092328	Ghaziabad Logistics Limited	537/1 Kallupura, Dasna Gate, Ghaziabad, Uttar Pradesh	India
S1-853316693	Kalani Food Private Limited	Lot No. 14 Adil Nagar, A-70 Ahilya Bai Nagar, Lucknow, Uttar Pradesh	India
S1-149719530	Bright & Brothers Private Limited	West Delhi, Anand Vihar Nagli Sakrawati, Najafgarh, New Delhi, Delhi, Plot No. 52	India
S1-247635095	Sai Investment Private Limited	137B, Tambaram, Tamil Nadu, Kanchipuram, 2Nd Street, Shanthi, Chrompet	India
S1-154678051	Siliguri Mercantiles Pvt Ltd	House No.67, 68 Floor 3Rd Pkt 16 Sec 24 Rohini, Delhi, New Delhi, Delhi	India
S1-99761830	Fredericks All Tpg LLC	MN, Orr, 10047 King Road	US
S1-702343765	Riyansh Publications Pvt Ltd	South Delhi, Delhi, New Delhi, C-101A, Ansal Plaza Khelgaon Marg, Hudco Place	India
S1-263679360	Sky It Pvt Ltd	Suite#6Se, 6Th Flr East Wing, Tower Neil Of Neil Rao Towers, Plt No.117, Rd No.3, Epip Phase-1, Whitefield, Bangalore, Karnataka	India
S1-22503842	Yamuraj Agro Corporation	Thane, Maharashtra, Laxminarayan Residency, Opp. Neelkanth Heights, Devdaya Nagar, Pokhran Road 2, Thane (W), Thane, B-403	India
S1-10776635	Cherthala Pharmaceuticalsprivate Private Limited	10/620, Karthika Cherthala South P. O., Cherthala, Alappuzha, Kerala	India
S1-981823979	Super Projects Private Limited	12-1-468/Vb/205, Vaasavi Brunavanam-2, Road No.9, Madhura Nagar, Bandlaguda, Nagole, Hayathnagar, Hyderabad, Telangana	India
S1-993492619	Mumbai Kripa Private Limited	B-18, 3Rd Floor, Everest 156 Tardeo Road, Mumbai, Mumbai City, Maharashtra	India
S1-369900901	Quality Twin LLC	AR, Paragould, 2003 Gabrielle Street	US
S1-967545395	VK Graphics Private Limited	Office No. 503, 5Th Floor, Jaipur Central Building, Jaipur, Rajasthan	India
S1-662223898	Continental Family Practice	102 Elkmont Drive, VA, Elkton Town	US
S1-540577188	Letti Siegel Fresh Pinnacle LLC	405 Stanton Court, Winston-salem, NC	US
S1-496794571	Coimbatore South Beverages Private Limited	No.1, Triveni West, Kurumbapalayam Road, Coimbatore South, Coimbatore, Tamil Nadu	India
S1-714277332	Jumbo Trading Co	#B-7/2, Ida, Hyderabad, Telangana	India
S1-766056722	20/22 Foods LLC	128 Cobblestone Lane, Springboro, OH	US
S1-533049642	Summit LLC	12094 Sth 42, Town Of Liberty Grove, WI	US
S1-501949568	Richmond City Interfaith Fund LLC	2811 Shoreham Drive, Richmond City, VA	US
S1-200020681	IRT Fashions LLP	104, Sumer Kendra Premises Co. Op. Scty. Ltd., Pandurang Budhkar Marg, Worli, Mumbai, Maharashtra	India
S1-659106200	Mountain Coalition	3036 Bettles Bay Loop, AK, Anchorage	US
S1-555338321	Hotel Technology Private Limited	44, Pitrudhan House, 1St Floor Charkop Village, M.G.Road, Kandivali Wes, T, Mumbai, Mumbai City, Maharashtra	India
S1-713019809	Suzette Roland Crumrine LLC	129 Hidden Trail Lane, Vallejo, CA	US
S1-696122481	Mangal (India) Forwarders LLP	7, Shreeji Bhuvan, 2Nd Floor, Room No. 21, Gazdar Street, J .S.S. Road, Mumbai, Maharashtra	India
S1-618446535	Taylor & Reyes	518 Greyshire Drive, Chesterfield County, VA	US
S1-675411023	Star Shakti Properties Pvt Ltd	201/212, Shiva Estate, Lake Road Bhandup (W), Mumbai, Maharashtra	India
S1-958443106	Vision Quality Clinic LLC	AZ, Gilbert, 3303 Gary Way, Unit 218	US
S1-586251234	Innovative Technology Limited	Shop No. 02, Oskar Building No. 01, Suresh Nag Rto Four Bunglows, West Of Link Rd, Andheri, (West), Mumbai, Mumbai City, Maharashtra	India
S1-984327940	Ardelis Moore Preferred Inc	406 Parkwood Court, Fl 1, Columbia, MO	US
S1-960572511	New Delhi Care	B-25, Manglapuri Village, New Delhi, Delhi	India
S1-668226536	Literacy Society III Inc.	1236 Old Farm Lane, Springfield, OH	US
S1-829968747	Beam Liberty Arrived	200 Brentwood Circle, Alexandria, KY	US
S1-162211487	Pediatric Dentistry Health	906 2nd Street, New Philadelphia, OH	US
S1-488770080	Mosoft Emerging Inc	12655 Prices Distillery Road, Damascus, MD	US
S1-886243719	Lennon, Bella & Monarrez Electronics Inc	510 Curtis Street, Unit Apartment 1, Watertown, NY	US
S1-924110399	Southern Construction Private Limited	Santhome High Road Mylapore, 152-A, Tamil Nadu, Chennai	India
S1-206896242	Adkins Hovnanian	15026 40th Avenue, Unit 11301, Lynnwood, WA	US
S1-498085710	The Dent Grill	41 Shawmut Street, Chelsea, MA	US
S1-230705656	Big Ice Cream	5864 Hassell Road, Robersonville, NC	US
S1-787766829	Harrigan National Impact	5265 St Isidore Road, Bristow, IN	US
S1-889138415	Nichols & Haines Associates	1021 Saugerties Woodstock Road, Saugerties, NY	US
S1-35777686	Coniex LLC	116 Jerrett Lane, Havelock, NC	US
S1-951355323	Cardiology National Medicine	37619 Wright Farm Drive, Loudoun County, VA	US
S1-341548922	Salem Memorial Cascade Trust	831 Lancaster Drive, Unit 13, Salem, OR	US
S1-341572162	Foot & Ankle Clinic	980 Granite Reef Road, Unit APT 120, Scottsdale, AZ	US
S1-536896285	Future Enterprises Private Limited	D. No. 7-2-1740, Ware House No. 14&15, Opp. Fire Station, Main Road, Sanath Nag, Ar, Hyderabad, Telangana	India
S1-945298656	WO Business Private Limited	A.R.K. Colony, No.35/4, Eldams Road, Alwarpet, Chennai, Tamil Nadu	India
S1-882370280	Seven Dream Private Limited	Mumbai, Maharashtra, Akbar Chambers 60Mohammedali Road	India
S1-920816489	Caldio Regions, LLC	5121 400, Muncie, IN	US
S1-557090591	Rahul Polytechnic Private Limited	Hyderabad, Third Floor, Block A Bhel Coop Apartments, Petbasheerabad, Telangana, Flat No.A 314, Hyderabad	India
S1-718232526	XRI Realhomes Private Limited	C L 46 Sarnath Colony Kesar Bagh Road, Indore, Madhya Pradesh	India
S1-437616455	High Finance Private Limited	29/48A, Anna Nagar, Hosur, Krishnagiri, Dharmapuri, Tamil Nadu	India
S1-462548034	GB Certified Aberdeen Inc	218 Meadowdale Drive, Sunbury, OH	US
S1-931018777	Simpson Pioneer Five LLC	507 Bedford Street, Lexington, MA	US
S1-276693258	Frontier Midland LLC	2502 Burningtree Drive, Decatur, AL	US
S1-789215808	Hira Dyechem Pvt. Ltd.	Pune, Maharashtra, Pune, Pushpa Heightspune Satara Road Bibwewadi	India
S1-920088458	Adarsh Foods (India) Pvt Ltd	4 Crs 1Mn B Blk, Vinayaka Nagar Vmp Po, Bangalore, Karnataka	India
S1-236479635	QPT Xii PC	Rosedale, 3266 Mill Fork Road, WV	US
S1-193321646	Birgitta Scott Residential LLC	359 West Road, Colchester, CT	US
S1-659101573	Empire Ridge LLC	3901 Willow View Drive, Lake In The Hills, IL	US
S1-946656217	Global School of Medicine	20122 Dakota Court, Fl 1, Centralia, WA	US
S1-351903820	Silver Hospitality Private Limited	Flat No. 102, Kumar Tower Boring Road Chauraha, Patna, Bihar	India
S1-196462168	Citadel Otg LLC	Washington, DC, 1610 Park Road, Unit 416	US
S1-121527869	Royal Food Pvt Ltd	Gujarat, Ul/16 Vishwamitra Complexsardar Patel Stadium Road Nr Golden Triangle, Ahmedabad	India
S1-819632145	Megha & Sons Private Limited	0, Gokul Dham Society, Mainpuri, Uttar Pradesh	India
S1-136226918	Ostler Golden Equitable	37-01 10 Street, Astoria, NY	US
S1-888115151	Saint Methodist Church	Hoffman Estates, IL, 4851 Tarrington Drive	US
S1-831464980	Global Consultancy Private Limited	A-8/3, Ground Floor, Sector-15, Rohini, North West Delhi, Delhi, North West Delhi	India
S1-906295913	Thomas Rmg of Fort Worth	1500 Circle Drive, Fort Worth, TX	US
S1-958799752	Black Red Agro Pvt Ltd	Last Lean For Sanketbaker, Pune City, Pune, Sno 18/1 Hno 1 Nr Forest, Maharashtra	India
S1-584398324	Weber, Larson & Kibby Principal Corp	67 Duke Street, Tallassee, AL	US
S1-255780136	New Delhi Retail Private Limited	Flat No-129Pocket-10 Type A Nasirpur Dwarka, New Delhi, West Delhi, Delhi	India
S1-49916458	Urgent Care Health	MO, 601 Belair Avenue, Belle	US
S1-246813118	Rion Co	3106 Brown Avenue, Kansas City, KS	US
S1-87862256	Maa Edge Co	Pb15-Ptvs, 44/292/A2, Divyam Arcade, Chakkungal, Ernakulam, Kerala	India
S1-226709606	Akey, Madison & Phillips Innovation	N78W17445 Wildwood Drive, Unit Unit 408, Village Of Menomonee Falls, WI	US
S1-925065468	Orthopedic Associates LLC	NY, Brookhaven, 2 Dogwood Lane	US
S1-510480570	Alwar (India) Housing Pvt Ltd	101, Raheja Heights, D Wing, Gen. A.K.V. Marg, Malad (East), Mumbai, Mumbai City, Maharashtra	India
S1-289599452	Delta Cornerstone Colombier	10770 Farmers Drive, Moses Lake, WA	US
S1-879514819	Serilingampally Builders Limited	Flat No.302, Pvr Prime 116, Madhava Hills, Serilingampally, K.V.Rangareddy, Telangana	India
S1-396033350	Vivian Mccabe Eureka L.L.C.	168 Barnard Road, Poplar Branch, NC	US
S1-111293872	Dental Health	555 Lady Slipper Lane, Lynchburg City, VA	US
S1-174026580	Mcwilliams, Stern & Horan	10480 Eastridge Street, Unit #27, Portland, OR	US
S1-166660963	Kritya Ecom Private Limited	Orissa, C/O Balaram Charan Lima, Rayagada, Gunupur, Chalkhamba	India
S1-360131985	Williams Metal Works Clinic	249 Country Club Road, New Britain, CT	US
S1-746256047	Marks, Henry & Buckley	107 Webster Court, Algonquin, IL	US
S1-33463390	LT Tri-State Wells LLC	3720 Offutt Road, Randallstown, MD	US
S1-104808971	One Services	'Sreyas', 39, Chettiparambil Lane, Choorakkad, Thekkumbhagam, Tripunithura P.O., Ernakulam, Kerala	India
S1-263982117	Dynamic Semiconductor Labs, LLC	53 Red Oak Avenue, West Fork, AR	US
S1-111650821	Cordova and Andrews	14569 New York City Highway 30A, Andes, NY	US
S1-299603100	RQE Rai Private Limited	Ahmedabad, 401, Ahmedabad, Hilltown Impressa, Opp Nikol Police Station, Gujarat	India
S1-653525763	Tushar Tech Pvt. Ltd.	1223A Devikhan, Kumta, Uttara Kannada, Karnataka	India
S1-346894262	Admire Mall Co	Plot No. 173, Sector- 58 Transport Nagar, Faridabad, Haryana	India
S1-29792081	Brightis Willow	579 White River Road, Crawford, NE	US
S1-521162953	Cardiology Clinic	ME, 473 Ridge Road, Plymouth	US
S1-823650779	Jain Enterprises Partners	A-18, 72 Siddharth Nagar Road-1, Near Bharat Gas Company, Goregaon -West, Mumbai, Mumbai City, Maharashtra	India
S1-784782787	Horizon Classic Beauty Inc	AZ, Cottonwood, 137 11th Street	US
S1-287812684	Good Innovative Foundation Private Limited	18B, Brabourne Road, Pnb House, 3Rd Floor, Kolkata, Kolkata, Howrah, West Bengal	India
S1-66652479	Shaligram & Co Private Limited	B-50, Sfs, Sheikh Sarai, Phase-I, New Delhi, Delhi	India
S1-657617218	Cheshire Wildlife League	156 Sandmill Road, Cheshire, MA	US
S1-638381853	Rocky Grupo LLC	7 Boyce Lane, Bella Vista, AR	US
S1-809659567	Temple Synagogue	2398 Jandell Avenue, Saint Michael, MN	US
S1-337005566	Gilda Henry, M.D.	10808 Soaring Eagle Way, Unit 108, Knoxville, TN	US
S1-304399445	Shanti Polytechnic	1St Floor, Ramachandra Arcade, 2Nd Cross, Beside Oral D, M S R Main Road, Mathiker, E, Bangalore, Karnataka, Bangalore, 21	India
S1-865589506	NXB Elite Paloma	732 Herman Road, Webster, NY	US
S1-950512634	Mendoza Custom Tree Associates	1510 Regency Court, Friendswood, TX	US
S1-610765434	Prasana Solutions LLP	239D, Ram Mandir Road, Khar Danda, Khar West, Mumbai, Mumbai City, Maharashtra	India
S1-688727595	WMT Realty Pvt Ltd	Panchvati Point Complex P.N. Marg, Opp. Mansarovar Tower, Bedi B, Under Road, Gujarat, Jamnagar, 101 First Floor	India
S1-7283677	Bigfoot Seva Samiti	Tirumalplotno.508, Gavaneroad, Parbhani, Newmondha, Maharashtra	India
S1-887731168	Regent & Co Private Limited	A-14/3, Narayana Industrial Area Phase-Ii, New Delhi, Delhi	India
S1-868305413	Jai Engineering	Gadhi Labayan, Etah, Uttar Pradesh	India
S1-892127767	East My Enterprises Limited	35, Gram Lisari, Meerut, Uttar Pradesh	India
S1-710589877	Krell, Johnette, DMD	W00582 Burt Lane, Town Of Buffalo, WI	US
S1-549934604	Omshiv Brothers Private Limited	Flat No- 392 Mig S/F Sector-18 B L&T Pkt, Ph-2 Dwk New Delhi, New Delhi, South West Delhi, Delhi	India
S1-150121848	Womens Health Associates of Portland Corp	6106 44th Avenue, Portland, OR	US
S1-661858870	Zandra Delmonico Quasaredge LLC	970 Donaldson Road, Winchester, KY	US
S1-784666045	Nedda Burks Tri-State Fox	4 Kelly Lane, Newark, DE	US
S1-559847636	Ludhiana Industries Private Limited	64/1-L Model Town, Ludhiana, Punjab	India
S1-274473920	Molina & Paquette LLC	304 Wordsworth Avenue, Altoona, PA	US
S1-172716152	Diya Services Ltd	Mumbai, Goregaon East, Vijayalaxmi, Nr Shivsena Shakha, Maharashtra, Fltno-3 12	India
S1-76931997	ZN Universal Pvt. Ltd.	W P 114-A Dadi Chawl S V Irla Vile Parle West Near Irla Bridg, E, Mumbai, Mumbai City, Maharashtra	India
S1-546254530	Bright Enterprises Private Limited	Ward No 4 Villp.O. - Bakhtiyarpur, Patna, Bihar, Bakhtiyarpur	India
S1-174487204	One Engineering Limited	1102, Sonata Apartment, Wing-A, Malad- West, Malad West, Mumbai, Maharashtra	India
S1-926470657	Media Alakh Foods Pvt. Ltd.	13, Shikha Apptt, Plot No 48 I P Extension, New Delhi, Delhi	India
S1-639413179	VMG Infrastructure Private Limited	Gandhi Nagar, Gandhinagar, Capital Icon, Opp Swagat High Street, Shop 508, Gujarat	India
S1-941040952	Aiman & Sons Pvt Ltd	402 Parijat Relif Roadmith Chowky Malad West, Mumbai 64, Mumbai, Maharashtra	India
S1-914390594	XN Farmer Private Limited	259, Ground Floor, Gali No 4 Raja Park, Jaipur, Rajasthan	India
S1-74785614	Rivera and Giese LLC	1129 Via Montoya, Camarillo, CA	US
S1-33026345	Select Northland Inc	158 Juanita Avenue, Varney, WV	US
S1-773680470	Evershine (India) Creation Ltd	Madhya Pradesh, Limbodi, 35 C Brijnayni Colony, Indore	India
S1-718956985	Patna Resources Co	Police Colony B/116 Gandanibagh, Patna, Bihar	India
S1-632815593	YQI Services Limited	Lgf-1, Eldeco Udyan Plaza-2, Raebareli Road, Lucknow, Lucknow, Uttar Pradesh	India
S1-525798460	Lais Dynamic Environmental	111 Julia Street, Forest, OH	US
S1-487704684	Barnes and Qureshi Keycorp Corp	1046 Artella Drive, Knoxville, TN	US
S1-750279752	Dream Projects Pvt Ltd	E-4926 Rajaji Puram 1469, Lucknow, Uttar Pradesh	India
S1-882665650	Aurora Inc	3507 Oak Springs Drive, Austin, TX	US
S1-628928137	Yoder Ridge South	36435 San Alvarez Avenue, Maricopa, AZ	US
S1-777283329	Womens Health Dynamic Clinic	109 Ferndale Drive, Braham, MN	US
S1-410782702	East Services Private Limited	Khasra No-220, Dhool Siras N.D, New Delhi, South West Delhi, Delhi	India
S1-152778967	Laxmi (India) Solutions Pvt Ltd	Delhi, East Delhi, S-29, East Delhi, Lsc Dda Mkt., Savita Vihar	India
S1-617077067	Trang Cascade Management LLC	3521 Ellen Road, Windsor Mill, MD	US
S1-631780245	Temple Synagogue LP	425 Jefferson Street, Paducah, KY	US
S1-19114382	Maa Consultancy Limited	Dipak Fitter 506-B Wingnirman Apartment Opp Vikas Nagar Pump House Andheri (E), Mumbai, Mumbai City, Maharashtra	India
S1-6370056	Pioneer Sky International Pvt Ltd	Rajdeep Bunglow No 8Sheeield Society A Lokhandwala Complex, Andheri Mumbai, Mumbai, Maharashtra	India
S1-123240420	Ahmedabad India Private Limited	Office No 335, Block C, 3Rd Floor Siddhivinayak Tower, Sg Highway, Makarba, Ahmedabad, Gujarat	India
S1-971083838	Smith Maywood	Dover, 441 79, TN	US
S1-615990545	Pia Prigge Auto Care	5202 Griffendale Lane, Upper Marlboro, MD	US
S1-656595319	Better Wellness Corporation	364 23rd Street, Upland, CA	US
S1-66266449	Sweet Barbershop! Inc	644 Chadwick Place, Ventura, CA	US
S1-897606403	Micro & Partners	63/8 Smp Sarani, Barrackpore, North 24 Parganas, West Bengal	India
S1-364010339	Sree Solutions Private Limited	714, 9Th Street, 1St Cross, S A Colony, Tondiarpet Fort St George, Chennai, Tamil Nadu	India
S1-555493583	Producer Trendsetters Technologies Private Limited	Gautam Buddha Nagar, G-8 Ground Floor, Noida, Uttar Pradesh, D-1 J S, Arcade, Sector-18	India
S1-366528275	Rocky Silver Taiwan Inc	9178 Heady Road, Sumas, WA	US
S1-480226127	NCY Services LLP	Gf 3, Lilamani Corporate Hegihts, Ramapir No Tekro Nr Brts Bus Stop Vadaj, Ahmedabad, Gujarat	India
S1-531079311	Ridge Teucrium Inc	15190 Hope Vista Drive, Powell Butte, OR	US
S1-856643214	Ladonna's Coffee	MD, Laurel, Unit 101, 6927 Andersons Way	US
S1-674541610	Pediatric Continental Center	Clarendon Hills, 260 Stonegate Road, IL	US
S1-502045218	Star Food Private Limited	Chandersekahar Illam, 30.Firstmain, Muneswarlayout Behind Golden Aprts, Kodichiken Halli, Bangalore, Karnataka	India
S1-168891586	Interfaith Network PC	6324 Oak Trail Drive, Galloway, OH	US
S1-359228576	Compton Saul, Inc	262 Glen Ellyn Road, Bloomingdale, IL	US
S1-815867905	Keon LLC	40 Gerber Road, Unit 118, Asheville, NC	US
S1-282424380	Urban & Co	No 197/2, 5 Th Main, 5Th, Cross, Reliable Woods, Bangalore South, Bangalore Rural, Karnataka	India
S1-632149586	Alpha Exports Private Limited	833, Embassy Lake Terrace, Apt, Level-3, Tower-8, Bangalore North, Bangalore, Karnataka	India
S1-521636083	Winifred Connell Ligand L.L.C.	162 Monarch Drive, Houma, LA	US
S1-528878062	Arpita Energy Pvt. Ltd.	D-2 Kalandi Colony, Delhi, South Delhi, Delhi	India
S1-2707036	Neelkanth Solutions Pvt Ltd	B-105, Basement Floor, Vaishali Enclave, Jaipur, Rajasthan	India
S1-821120685	Y & E Heritage LLC	MO, 322 Kingsbarns Court, Dardenne Prairie	US
S1-63932879	Ar & Brothers Private Limited	209 Shikshak Nagar Scheme, Number 2 Somani Nagar, Indore, Madhya Pradesh	India
S1-28873529	Satvik India Pvt. Ltd.	Mh-14, My Home, Bld No-C, 1204, Punawale, Gaikwad N, Pune City, Pune, Maharashtra	India
S1-306060140	Family Care	590 South Avenue, Glencoe, IL	US
S1-517088282	Selvalakshmi Nirman Limited	Jalna, Maharashtra, Ctc No. 350/43, Jalna, Plot No 43, Sr No 225, Ganesh Jinning	India
S1-722948188	Raja Life Pvt. Ltd.	323, Mv House, 13Th Main, 18Th Cross, Narayananagar 1 Block, Boohbcs, Kanakapura Main Road, Bangalore, Karnataka	India
S1-832863519	Jai Investments Private Limited	No. 1989-D, Railway Road Indra Colony, Narela, North West, Delhi	India
S1-203597934	Jackson Sun LLC	516 E Chestnut St, Louisville, KY	US
S1-350631310	Kelman National Alpex Inc	902 Mohawk Street, Lewiston, NY	US
S1-716497817	St. Zion	101 Shafer Street, Unit 2, Athens, OH	US
S1-332385089	Beacon Packaging Company	TX, 44 Country Ranc Road, Anna	US
S1-500641090	Capital Liberty Jaws P.C.	222 Fourth Street, New Cumberland Borough, PA	US
S1-629109575	Sbb & Co	Fno301, Cosmos, Highland, Residency, Kolshet Road., Thane, Maharashtra	India
S1-342996156	Ceex Hawaii Partners	185 Vadie Lane, Washington, NC	US
S1-32014215	Irwin Amc LLC	579 3rd Street, Winona, MN	US
S1-543543586	Andrus Vehicle Clinic	18110 Solomon Road Extension, Tomball, TX	US
S1-814851547	Brandea Tate Karbon LLC	10420 Waters Avenue, Seattle, WA	US
S1-136602289	Magdalen's Bright Grill	2426 Muller Road, Town Of Bristol, WI	US
S1-759286065	Abigael Blanchard Gores	805 Taylor Street, Arlington County, VA	US
S1-18902903	As Academy	H.No.-17, Purabsarai Munger, Munger, Bihar	India
S1-664674343	FU Rio	2780 Lincoln Street, Eugene, OR	US
S1-714649526	Optimal Federal West P.C.	10420 Wilson Street, Soddy-daisy, TN	US
S1-508035096	Mountain Cion	675 Lake Street, Unit # 206, Oak Park, IL	US
S1-246341106	Sky Builders	No.4/461, 2Nd Floor, Suite, 1691, Valamkottil Towers, Ernakulam, Kerala	India
S1-442679546	Hari Projects	301, Kanta Bilding, Phirozsha Road Santacruz West, Mumbai, Maharashtra	India
S1-810243875	Positive Trading Private Limited	Gitanjali Press Sdm Niwash Road, Pichhore, Shivpuri, Madhya Pradesh	India
S1-811693161	Children's Network LLC	24100 19th Avenue, Unit 1075, Phoenix, AZ	US
S1-777390877	Choice Safe Platforms LLC	31 Bay Club Parkway, North East, MD	US
S1-616417998	Davis Biracilik, LLC	4112 Nantucket Drive, Hampden Township, PA	US
S1-223680845	Indo Enterprises Private Limited	C/O Reena Kumari, Village Mindhwan P.O Jhinjri Tehsil Anandpur Sahib, Rupnagar, Punjab	India
S1-979219252	Doclaria Osprey Group	12588 Opal Drive, Lolo, MT	US
S1-53550576	Sun Infra Private Limited	Unit 1, 2, 4Th Floor, Ghmc, No. 2-105/3-1, Gowlidoddi, Seri Lingampally, Hyderabad, Telangana	India
S1-124324633	Fortunext International School	Ist Floor Plot No-9Sagar Centre Gujrawalan Town, Delhi	India
S1-921444432	Royal Estate Private Limited	Plot No. X-114, Gidc Estate, Sainath Gidc Staff Colony, Nr. Shramic Apartment 500, Qtrs., Road, Anklwshwar, Bharuch, Gujarat	India
S1-75987357	Behavioral Health Rocky Physicians Inc	101 Murray Drive, Dayton, OH	US
S1-914484077	Brunton Colombier	3751 Salida Del Sol Avenue, Yuma, AZ	US
S1-94282463	Surgical Partners LLC	1107 Stonegate Boulevard, Elkton, MD	US
S1-458764250	W 3 F Target LLC	1623 London Drive, Columbia, TN	US
S1-582131623	Beck Better LLC	40 Judd Street, Fredonia, AZ	US
S1-966208263	Black Projects Pvt Ltd	Promoter'S Add:- B-14 Gulmohar Park, New Delhi, Delhi	India
S1-219901474	Garcia Pacific Schwab Inc	10804 Herald Street, Mantua, OH	US
S1-625567967	Synify Horizon Silverbox	25223 Buck Creek Road, Festus, MO	US
S1-311529738	New Delhi Home Pvt Ltd	15-B Atmaram House, Tolstoy Marg, New Delhi, Central Delhi, Delhi	India
S1-355250161	E C & K Lincoln	34127 Vaughan Street, Snoqualmie, WA	US
S1-183872197	Opp To Lmw Bus Stop Periyanaickenpalayam Foundation Private Limited	Tamil Nadu, Coimbatore, Opp To Lmw Bus Stop Periyanaickenpalayam, First Floor, 694/1- A1-Palaniapppa Complex	India
S1-742610781	New Enterprises	F-2Nd, 510, Mdv Nagar, Bikaner, Bikaner, Rajasthan	India
S1-794143960	Fresh Grand Choice LLC	33360 Marina Bay Circle, Millsboro, DE	US
S1-53911919	Dobbins Safety	5656 Fall Creek Dock Road, Unit 46, Russellville, TN	US
S1-909452542	Geralda Villanueva Adamas LLC	1938 Tazewell Avenue, Bluefield Town, VA	US
S1-288530871	Veterans Fund	10 Hickory Hill Way, Granby, CT	US
S1-868619583	Rodgers and Davis	861 Middle Street, Weymouth, MA	US
S1-242059746	Gutierrez Innovation Inc.	1267 Milestrip Road, Brant, NY	US
S1-186535792	Lauree Cunningham Services LLC	86-07 159 Avenue, Howard Beach, NY	US
S1-991626616	Capital Great Starling LLC	Trenton, IL, 14 Iowa Street	US
S1-685000930	Pioneer Creative Bancshares	16758 Mohave Street, Goodyear, AZ	US
S1-198538716	Future Engineering Pvt Ltd	H No 13-1/12, Saipuri Colony Yadav Nagar, Malkajgiri, Secunderabad, Hyderabad, Telangana	India
S1-404172956	Uttiramerur Solutions Private Limited	No. 19 Sri Arunachales, Warar Nagar Walajabad, Uttiramerur, Kanchipuram, Tamil Nadu	India
S1-393636930	Ace Blue Services Limited	H.No 93 Ground Floor Pkt 1 Sector 20 Rohini Landmark Nr Sulabh Sauchalaya, Delhi, North West, Delhi	India
S1-893741745	Lotus Software Private Limited	4659/15, Jai Mata Market Tri Nagar, Delhi, New Delhi, Delhi	India
S1-54312695	Firefighters Local 860	15 Bishop Avenue, Southampton, NY	US
S1-751385710	Srikanth Holdings	Plno 8 Sno 13/2, Vidnyan Nagar Rd Sagar Soc Bavdhan Kh, Pune, Maharashtra	India
S1-724903270	Commission on Environmental Protection	16301 51st Avenue, Marysville, WA	US
S1-5736885	Campbell Compania LLC	27 School Street, Unit B, Somerville, MA	US
S1-43720642	Leblanc River of Willisville	136 Nevada 123, Willisville, AR	US
S1-185030924	New Life Ministries	2854 Handy Drive, Atlanta, GA	US
S1-290962517	Mikos Federal Crescent P.C.	523 Yorktown Lane, Beaumont, TX	US
S1-574757155	EV (india) Pvt Ltd	Flat No. 434 4F, Gateway Of Dreams Nabha, Rajpura, Mohali, Punjab	India
S1-54323782	Wilson Tax	45 Benoit Circle, Unit A, Chicopee, MA	US
S1-408559040	Nexa	9925 Buckeye Drive, Huntsville, OH	US
S1-968973721	Womens Health Silver Physicians LLC	KY, Henderson, 110 Atkinson Street	US
S1-63678047	Dak India (India) LLP	New Delhi, Dsf First Floor Jangpura Extention, Delhi, 8/37, New Delhi	India
S1-842729528	CD Delta Newbury Inc.	1263 Oakmont Court, Mcminnville, OR	US
S1-155335350	Biermann Dynamic Fund Inc.	1106 Dove Trace, Tega Cay, SC	US
S1-703413968	Chiropractic Center LLC	76 Chestnut Hill Road, Litchfield, CT	US
S1-750116531	Shree Hitech Trading Private Limited	50, Diamondharbourroad, 4Thfloor, Flatno.9Minervagardens, Opp.Iimjoka, Kolkata, Kolkata, Howrah, West Bengal	India
S1-973675171	Lova LLC	452 Prairie Street, Bethalto, IL	US
S1-327635380	Bright Hari Impex Private Limited	Flat No A1-404 S.No 29(P) 69(P) 29 Gold Coast Dhanori, Pune, Maharashtra	India
S1-431170499	Brown Spdr LLC	30721 144th Place, Scottsdale, AZ	US
S1-649577538	Surgical Rapid Care Associates Company	207 Boles Street, Ola, AR	US
S1-650614384	Awadallah Family Practice PLLC	13636 Rollingwood Circle, Chino Hills, CA	US
S1-790752442	Temple Methodist Church	44065 221st Street, Porter, OK	US
S1-142030387	Clean Eagle LLC	395 Fork Road, Weirton, WV	US
S1-108804529	Ray Charter School	452 James Street, Carthage, NY	US
S1-702467174	Alexander, Peta T., DDS	211 Mt Olive Church Road, Lillington, NC	US
S1-605798030	Vasquez Tokyo LLC	AL, 818 Daphmont Drive, Daphne	US
S1-567642573	Behavioral Health Custom Partners LLC	Highlandtown, MD, 7746 Eastdale Road	US
S1-126009131	Jaipur Education Ltd	Plot No. B-85A, Ganesh Marg, Bapu Nagar, Jaipur, Rajasthan, Jaipur, Rajasthan	India
S1-260720132	Behavioral Health Silver Care Associates LLC	Beacon, NY, 169 South Avenue	US
S1-346202846	India Wisdom Investments Pvt Ltd	372-B/1 Rajapark, Jaipur, Rajasthan	India
S1-605310882	Vision Group	59-75 Grand Avenue, Maspeth, NY	US
S1-100665142	Maa Memorial Trust	Chanditala, Hooghly, Badatajapur Madhyapara Panchghara Chanditala, West Bengal	India
S1-974030688	Apeiron Solutions Private Limited	2Am-707, Ombr Layout Banasawadi, Bangalore, Karnataka	India
S1-502844169	Blue Sunshine	4 Yolo Drive, Prescott, AZ	US
S1-960545125	IE Systems Private Limited	Ernakulam, Vyttila, Kerala, Toc H School Road, 52/82 (Old No.29/164 A)	India
S1-954535641	Ortiz and Grim Xsolla	732 Shadywood Lane, Hendersonville, NC	US
S1-375217710	Rizza's Chemical-Fairview Park	21445 Northwood Avenue, Fairview Park, OH	US
S1-3980426	Vinco & Co	Iv/18Bazar Road Mattancherry, Ernakulam, Kerala	India
S1-606563956	5-Corners	33 Erin Hills Road, Commercial Point, OH	US
S1-776998286	Valenka's Trusted Wireless	3206 23rd Street, Arkansas City, KS	US
S1-954622601	Queenie Kaminski, MD	12841 Delap, Lincoln, AR	US
S1-551971145	Armstrong, Owens and Batey Inc	4133 Timberland Trail, Canfield, OH	US
S1-468481348	Houston Community Peak Fund	9223 Waving Fields Drive, Houston, TX	US
S1-521099090	Ferryx Bank LLC	4303 139th Avenue, Vancouver, WA	US
S1-502597454	Community Chiropractic	1375 Battleview Drive, Atlanta, GA	US
S1-983787309	Baez's Technologies L.L.C.	15305 48th Street, Kansas City, MO	US
S1-369236178	Superior Diagnostic Services Inc	3167 2700, Millcreek, UT	US
S1-849582145	Gujarat Infotech LLP	Maharashtra, Unit No 2901, 29Th Floor, Plan S Business Park, Plot No - D-108/1, Thane Midc, Thane	India
S1-133688995	Seven Healthcare Private Limited	Main Road, Lanjipalli Ps-B.N.Pur, Berhampur, Ganjam, Orissa	India
S1-98852814	Lucky Massage	35 Colin Street, Unit Apartment 3, Yonkers, NY	US
S1-137186487	Infinix Technicians Limited	Karaibari Champashari, Near Jingle Bell School, Siliguri, Darjiling, Darjeeling, West Bengal	India
S1-772217515	Schoenecker and Avila Ready LLC	Unit 160, TX, Leander, 780 Broade Street	US
S1-863950883	Data Packaging Alliance LLC	1434 26th Street, Kansas City, KS	US
S1-894739472	High Consultants Pvt Ltd	Chittoor, Reddys Colony, Andhra Pradesh, Ii-250-E1, Madanapalle	India
S1-90274018	St. Fellowship	4516 Navarre Road, Unit 35, Canton, OH	US
S1-656978181	Pediatric Partners Inc.	1165 Hickory Grove Loop, Oakland, TN	US
S1-34684306	Services Sonal Electrical Corp	Laxmi Niwas, 3 - 29 Santoshi Mata Road, Kalyna West, Thane, Maharashtra	India
S1-915880205	Akshaya (India) Industries	C/O Swati Shekar Deshmukh, Off. No. 304, Tejas Eternity, Ganesh Temple, Balewadi, Pune, Maharashtra	India
S1-194839914	Sky Consulting Private Limited	Yavatmal, C/O Gajanan Ashok Bejankiwar, Kelapur, Maharashtra, Jagdamba Nagari, Pandharkawada Kelapur	India
S1-477907208	Guru Agro LLP	A / P - Kangaon, Hno 1132, Tal Daund, Pune, Maharashtra	India
S1-163474502	Dermatology Frontier Care	902 Loganberry Drive, Princeton, TX	US
S1-391472603	Signature Value Vision Center L.L.C.	2187 Valence Place, Newark, DE	US
S1-446869880	Claudio Freight Inc	6560 143, Clay, KY	US
S1-777066492	Indo Business Private Limited	Porur Gardens Phase 1, No 11, Tamil Nadu, Poonamallee, Tiruvallur	India
S1-226239109	Wellons Total Auto Sales	20156 274th Lane, Buckeye, AZ	US
S1-758607896	Snow International School	Patna, P.C Colony, Behind Tiwari Bechar, Sampatchak, Bihar, A/106	India
S1-594499309	1680 Ocean Plaza Realty, Inc	4112 U S Rte 6, Helena, OH	US
S1-899575398	Innovative Services Private Limited	C/O Bhagwati Prasad Maurya Obahrampur Alapur, Ambedkarnagar, Ambedkar Nagar, Uttar Pradesh	India
S1-871638928	Atlantic Fund Inc	AZ, Yuma, Unit 289, 6800 Strand Avenue	US
S1-361976909	Modern Media Private Limited	Shop No.36, 2Nd Floor, Silicon Shoppers Near South Zone Gate, Main Road, Udhna, Surat, Gujarat	India
S1-977587508	Willow Averin LLC	63 Belmont Court, Unit 11, Brockton, MA	US
S1-77541573	Jsr Infotech (India) Private Limited	162 Dsidc Complex Okhla Industrial Area-1, New Delhi, South Delhi, Delhi	India
S1-623993358	Foot & Ankle Physicians of North Canton	619 Eastbury Avenue, North Canton, OH	US
S1-609241998	Dadu Hariom	910 Stock Exchange Towerdalal Street Fort, Mumbai, Maharashtra	India
S1-755237011	Ss Logistics Limited	Business Building, K C 578/Xvii, Beach Road, Kollam, Kerala	India
S1-222776829	Onyx Fisheries LLC	9563 Kilwood Court, Orangevale, CA	US
S1-872163572	Mugdha Healthcare Co	7 27 Century Mills Staff Jvaters Pandurang Bhudhkar Marg Worli Mumbai, Mumbai, Mumbai City, Maharashtra	India
S1-362914016	Ramdas (i) LLP	Nariman Point, Floor-3Rd, Plot-211, Dalamal Tower, Free Press Journal Marg, 308, Mumbai City, Maharashtra	India
S1-658851638	Upper Insurance LLC	5904 62nd Street, Vancouver, WA	US
S1-186306070	Coastal Veterinary Clinic LLC	424 Lekites Avenue, Bethany Beach, DE	US
S1-299856446	Williams Bitwise LLC	2023 Westbranch Road, OH, Grove City	US
S1-14344981	Aspen Industries Pvt. Ltd.	Plot No 11, First Floor, Sector 12A, New Delhi, South West Delhi, Delhi	India
S1-977787777	Silver Technology Pvt Ltd	69-C, Scheme No. 51, Indore, Madhya Pradesh	India
S1-365589217	Leach Pharmaceuticals LLC	203 Boone Street, Unit Apt D, Lavaca, AR	US
S1-475786838	Scholarship Guild	NY, 265 Willetts Lane, Islip	US
S1-975537539	Key, Brown and Delgado	23824 Harvest Heights Circle, Waterloo, NE	US
S1-301814657	Sidhi (india) LLP	Mpb-8, Mahaveer Nagar-I, Kota, Rajasthan	India
S1-345255775	Heritage Signature Transport, LLC	7813 Ravenswood Road, Acton, TX	US
S1-450324336	Ahmadabad City Energy Private Limited	102 F/F Sarvamangal Cmplx, Bhattha Cross Rd Abv Sbi, Ahmadabad City, Ahmedabad, Gujarat	India
S1-671564602	Morgan Supreme Xcel, LLC	South Jordan, 10637 Oquirrh Lake Road, UT	US
S1-381225686	Global Industries Private Limited	A/118 Transport Nagar, Chandal Bhatta, Jabalpur, Madhya Pradesh	India
S1-105368123	Esquibel Best Apex LLC	7340 Gabriel Street, Sherrills Ford, NC	US
S1-466934583	Kiesow and Wright Roman LLC	812 Abbey Avenue, Maybrook, NY	US
S1-593367794	West Kgaa, Inc	18607 Berry Hill Drive, Tomball, TX	US
S1-84381207	Philipa Landgren, D.D.S.	109 Tibidow Circle, Daphne, AL	US
S1-299652978	Lantern Center	2013 40th Street, Ashtabula, OH	US
S1-796429886	Technologies Solutions Limited	202, Copper Annexy, Street No.3, Jamnagar, Gujarat	India
S1-630124848	Rodriguez and Hawes LLC	1936 Trekell Road, Unit 272, Casa Grande, AZ	US
S1-298709988	Strides Smart Private Limited	G.No 409, At Wakla, Valijapur, Aurangabad, Maharashtra	India
S1-217386502	KI Investments Ltd	Chennai, Lakshman Street Mahalingapuram, Tamil Nadu, No.22	India
S1-697949999	Prime Rock	120 58th Street, Unit 2105, Oak Island, NC	US
S1-339092480	Batra Fitness Private Limited	Bhankri Dabua Road, Nr. Police Office Society, Haryana, Faridabad, 1, Ballabgarh	India
S1-226780417	Calhoun Patriot Couture	725 Adams Street, Unit 30, Boston, MA	US
S1-711525106	Point Vidyalaya	Villa No. 603 Omex City, Maya Khedi, Indore, Madhya Pradesh	India
S1-767800222	Clean Drugs Private Limited	1-B-53 5Th Floor Narendrapark Naya Nagar Mira Road (E), Thane, Maharashtra	India
S1-932614980	Daffy Singletary Liberty Dave, LLC	102 Walter Avenue, TX, Pflugerville	US
S1-125234501	Community Initiative	2708 Hanson Avenue, Baltimore, MD	US
S1-73241877	Classic Projects Limited	Mahaveer The Watermark, Whitefields, Serilingampally, K.V.Rangareddy, Telangana	India
S1-339318831	Sledge Meshflow Inc	5146 Singleton Drive, Bldg 41, Hilliard, OH	US
S1-646403828	Automated Services Private Limited	Booth No. 54, Rishi Nagar Market Near Water Tank, Ludhiana, Punjab	India
S1-624365694	Ferdinanda Ruiz, D.C.	46 Elsmere Avenue, NY, Unit Apartment 2, Bethlehem	US
S1-543287852	Arunodaya Foreign Pvt Ltd	T - 61, Ugf Khirki Extension, Malviya Nagar, New Delhi, Delhi	India
S1-314060303	Ncpl Projects Private Limited	Telangana, Uppal, D No 2-1-67/4 Laxma Reddy Colony, Hyderabad	India
S1-73206886	Lai Creative General LLC	AL, Irvington, 7451 Murray Heights Drive	US
S1-706398202	Nivas Seva Samiti	No.81, Kurlappa Building, 1St Main Road, Chokkasandra, Dasarahalli, Bangalore North, Bangalore, Karnataka	India
S1-458390945	Fernandes Retail Inc	311 Norman Dr NE, Cedar Rapids, IA	US
S1-762998124	Meng, Kennedy and Bowden	7057 Dove Street, Breezy Point, MN	US
S1-383877778	9-Brothers	15625 Fallen Oak Lane, Chino Hills, CA	US
S1-79768301	Horizon Tavia LLC	125 Eastover Drive, Gastonia, NC	US
S1-1761625	Shivpuri Services Private Limited	New Delhi, West Delhi, Mandap Banquet Hall Building, Upper Ground Floor, Budella Market, Vika, S Puri, Delhi, Wz 14A	India
S1-117545912	Allen Investments	15361 Virginia Avenue, Unit 1108, Goodyear, AZ	US
S1-923251126	Peak Security Inc.	9184 Longfellow Lane, Machesney Park, IL	US
S1-420313191	XAM Jab Inc	647 Nix Loop, Midway, AR	US
S1-579156641	Enrich Traders Ltd	New Delhi, C-574 Sarita Vihar, North Delhi, Delhi	India
S1-387480723	Division of Sanitation	9152 Ciri Lake Lane, Fairfax County, VA	US
S1-673032342	Ajuba Clays Private Limited	C/O Sri Dasarathi Sahoo, Press Colony Satya Nagar, Bhubaneswar, Khordha, Orissa	India
S1-400396363	Yazzie Empire Enterprises LLC	24800 Euclid Avenue, Euclid, OH	US
S1-745577290	Patriot Academy	117 James Street, Barre, MA	US
S1-116379756	Federal Dental Associates	703 Colonial Court, Nevada, TX	US
S1-314790053	Sai Unique Producer	C-1208, 12Th Floor Ace City, Greater Noida West, Noida, Gautam Buddha Nagar, Uttar Pradesh	India
S1-980621146	Ss Infrastructure	H-403, Maestros, Salunkhe Vihar Road, Near Salunkhe Bus Stop, Wanwadi, Pune, Maharashtra	India
S1-83860307	Highland Association	21804 119, Tyler, TX	US
S1-49109976	Robbin's Apparel	1901 31st Street, Mandan, ND	US
S1-849153023	Smart Staffing Group	291 Rolling Hills Circle, Carroll County, VA	US
S1-742617559	Flint LLC	Elwood, IL, 24901 Hemphill Drive	US
S1-271682331	Navrang Brothers Private Limited	No. 484-C, I Cross, 3Rd Main Road Mathikere Extension, Bangalore, Karnataka	India
S1-715920114	The Dent Bistro	615 Shorter Avenue, Attalla, AL	US
S1-436840454	Om Investments Private Limited	One North Tower Spica F-801 Sn-133P136P1 Magarpatta Rd, Hadapsar, Pune, Maharashtra	India
S1-6497248	Good Global Logistics Pvt Ltd	111 M K Amman Koil St Mylapore, Chennai, Tamil Nadu	India
S1-904227992	Sher Holdings	No.688, Opp.Aiyappa Temple Stcholanayakanahalli, Bangalore, Karnataka	India
S1-842675557	Rasoi Dham Company	Unit 1053 B, Tower-B 10F, Unitech Cyber Park, Sector 39, Gurugram, Sadar Bazar, Gurgaon, Haryana	India
S1-576827243	Smith Management PC	510 Bella Montagna Circle, Austin, TX	US
S1-745293076	Urology Care Associates Inc.	1306 131st Circle, Vancouver, WA	US
S1-848831252	Krishidhan Consultancy Private Limited	H. No. G 40A, Harijan Basti Dwarka Palam Exts, Sector-7 Near Push-Up Gym, New Delhi., New Delhi, South West Delhi, Delhi	India
S1-365628831	Royal Shakti Technologies Pvt Ltd	Nagpur, Maharashtra, Jai Prabhu Apartment, Behind Mehta Petrol Pump, Small Factory Area, Bagadganj, Nagpur, F-102	India
S1-349728809	SHB Jewels Pvt Ltd	No:1, 2Nd Cr, Sarvabhowma Nagar B.G Road, Bangalore, Karnataka	India
S1-240837795	Bennett Better Studios Partners	1030 Edmonds Street, Unit UNIT 303, Jefferson City, MO	US
S1-979533434	94 Ganesh Nagar Chits Pvt Ltd	C/O, Mohit Mohan Gupta 93, 94 Ganesh Nagar, Firozabad, Uttar Pradesh	India
S1-522586393	Dermatology Associates LLC	16780 Tontogany Road, Bowling Green, OH	US
S1-855341188	Data Apparel Partners	67 Douglas Lane, VA, Augusta County	US
S1-995801213	Hink Bancshares Corp	231 Noah Place, Bluefield, WV	US
S1-251497576	First Emanuel	24 Cypress Road, Goshen, NY	US
S1-657186999	Park Resources PLLC	146 Robertson Avenue, Marianna, AR	US
S1-236973894	Great School of Medicine	205 Somerset Street, Unit 102, Ocean City, MD	US
S1-764633710	Highland Investments, LLC	180 Walnut Creek Lane, Pittsylvania County, VA	US
S1-548338264	Prairie Interstate Virginia Group	3659 68th Place, Chicago, IL	US
S1-58774042	Happi Educational Society	Delhi, New Delhi, East Delhi, D-19 Shakarpur	India
S1-353487227	Innovative Strategic Praetorian Inc	10822 Buchanan Street, Avondale, AZ	US
S1-832143978	Superior Superior Trading	433 High Peak Road, Hendersonville, NC	US
S1-69606375	Platinum Retail Networks	115-08 204 Street, NY, Saint Albans	US
S1-832870271	Maloney Foods	7800 Big Bug Mesa Road, Prescott, AZ	US
S1-243924455	Gray, Miller and Bryson Fuels LLC	Unit 13, AZ, Phoenix, 1909 Grovers Avenue	US
S1-167830676	Bas Innovations Partners	Swastik Villa, P.No.1-P, Pawan Vihar, Kalyanpura, Jaipur, Rajasthan	India
S1-870857823	Houston Global Viking	822 Lavergne Avenue, Chicago, IL	US
S1-941708077	Preferred Deep	320 Fraternaland Road, Schroon, NY	US
S1-421693744	Orbent Amplify LLC	445 Alabama Street, Huntington, WV	US
S1-553822330	Mumbai By Private Limited	Phoenix Tower, 18Th Floor, 1804, A Wing Senapati Bapat Marg, Mumbai, Mumbai City, Maharashtra	India
S1-781678313	Ledbetter Cal	3515 Tuam Street, Houston, TX	US
S1-372547449	Exports Five Transport Pvt. Ltd.	Plot No. A-41, Midc Ganekhadpoli, Chiplun Tal. Chiplun, Chiplun, Ratnagiri, Maharashtra	India
S1-85166762	Kohl & Smith Rate Inc.	514 12th Street, Salina, KS	US
S1-105569566	Mercer, Bussey & Singh LLC	549 Mumford Street, Schenectady, NY	US
S1-13128450	Bowen Music LLC	3221 Columbus Road, Canton, OH	US
S1-796378247	Dream Industries Private Limited	416/8, Raghuvir Society, Mukundnagar, Pune, Maharashtra	India
S1-385372382	Star Producer Limited	Geetai Deep Jyoti Colony S No1/24 Karvenagar Near Vithal Mandir, Pune, Maharashtra	India
S1-621381070	Gold Power LLP	Door No.Tmc/51/483, Naaz Apartments Vishal Nagar, Ayyanthole, Chungam, Thrissur, Kerala	India
S1-893780486	Apex Holdings Group	286, Jolly Centre Tilak Road, Santacruz (W), Mumbai, Maharashtra	India
S1-565607348	Fossett Family Practice	3700 Rolliston Road, Shaker Heights, OH	US
S1-496443598	Wallis and Rosa Natural	37169 Cygnet Drive, Selbyville, DE	US
S1-973840378	Unified Bitcoin LLC	1204 Elm Street, Wilmington, DE	US
S1-106411281	International Global Private Limited	Shivshankar Complex Digha, Ashiana Road Shastrinagar, Phulwari, Patna, Bihar	India
S1-268211374	New Delhi Construction Private Limited	M-65 2Nd Floorgreater Kailash Ii, New Delhi, South Delhi, Delhi	India
S1-969851207	Nileum	19 Stoneledge Court, Amherst, NY	US
S1-887715722	Christiana Markham, D.O., PC	17308 Fishmarket Road, Bethel Acres, OK	US
S1-731232414	Bright Nuclear LLC	912 Springleaf Court, Murfreesboro, TN	US
S1-612789863	Storm Vasquez Liberty Electronics Inc.	609 36th Avenue, Marion County, OR	US
S1-950052629	Silver Pacific Air Inc	OH, Shaker Heights, 3542 Townley Road	US
S1-896949221	ZG Security Limited	H.No.-B-148, Street No-8, Gokal Pur Village, Gokal Pur, East Delhi, Delhi	India
S1-643469008	Oncology Rapid Group Inc	6250 19th Avenue, Unit 613, Phoenix, AZ	US
S1-230276209	Louisette Valdez Metro Orange	Pulaski County, VA, 7209 Gate Ten Road	US
S1-381280770	Shiva Advisors Corp	Andhra Pradesh, Krishna, Apoorva Towers, Vijayawada (Urban), Flatno 202, Sector- 3, Road No 3	India
S1-659658921	Kolkata Labz Private Limited	28 Stephen Court18-A Park Street 2Nd Floor, Kolkata, Calcutta, West Bengal	India
S1-372729666	Pediatric Dentistry Integrated Physicians Inc	522 Unicorn Trail, Chattanooga, TN	US
S1-482006908	Eligio & Bates LLC	900 Dropleaf Court, Pikesville, MD	US
S1-588622095	Mayur Developers Limited	1/121 Vivek Khand, Gomti Nagar, Lucknow, Uttar Pradesh	India
S1-818088452	Saini Consultants	Land Rocord No 648, Patwari Halka No 21, Mandsaur, Madhya Pradesh	India
S1-999179022	Oncology Summit Physicians LLC	155 Brookside Drive, Yellow Springs, OH	US
S1-935260338	Shyam Constructions LLP	58-D Kalakunj, Maruti Estate, Bodla Road, Shahganj, Agra, Uttar Pradesh	India
S1-70233946	Secure Payroll Concepts	17474 Sr 104, Circleville, OH	US
S1-84440553	Boston Womens Health Specialists	16 Howes Street, Boston, MA	US
S1-332353946	Amber LLC	75 Highland Street, Holden, MA	US
S1-569982848	Foot & Ankle Green Care Associates LLC	13130 9N, Unit Unit 6, Jay, NY	US
S1-249410610	Sree Construction Pvt Ltd	H.No:12-6-36/11, Balaji Nagar Moosapet, Hyderabad, Rangareddy, Telangana	India
S1-351688987	Fresh Complete Dbdr	West Peoria, 1919 Laura Avenue, IL	US
S1-510260828	Hurlburt Pbc LLC	220 El Dorado Boulevard, Friendswood, TX	US
S1-395044968	Valdez and Sparks LLC	2911 Huckleberry Lane, Pasadena, TX	US
S1-623107682	Thane Publications Limited	Zenia Bldg 4 Th Floor, Hiranandani Business Park, Kolshet, Thane, Maharashtra	India
S1-469594077	Ace Printing Laboratories Inc	939 Schroll Drive, Forsyth, IL	US
S1-352432623	Benita Miranda Star Quetta	5709 Tara Way, Pittsboro, IN	US
S1-532439182	EIJ Shyam Private Limited	48, Vasant Lok Vasant Vihar, Delhi	India
S1-196730006	Piedmont Douglas Inc.	840 Limerick Road, Perkiomen Township, PA	US
S1-118626644	White Companies LLC	43783 First Street, Alexandria, NY	US
S1-63198087	Deepak Ram Private Limited	No.35, Mg Road, Kamaraj Nagar, Avarampalayam, Coimbatore North, Coimbatore, Tamil Nadu	India
S1-760110409	Arunesh & Associates	F-60, Gf-1, Balaji Enclave, Ghaziabad, Uttar Pradesh	India
S1-575547758	Essa Hoffman, DPM	201 Saddle Ridge Road, Currie, NC	US
S1-295770652	Happy Solutions Private Limited	308A (Back Side), Basement Sant Nagar, East Of Kailash, New Delhi, South Delhi, Delhi	India
S1-851581930	Summit Charter School	MD, 872 Park Avenue, Baltimore	US
S1-759101211	Surya Hitech Technologies Private Limited	C/O Bobby Devi Panch, Nautan Vill Nautan, Siwan, Bihar	India
S1-807417785	Friday Group	55, Jaipur, Rajasthan, Royal Exotica, Gandhi Path West	India
S1-664798359	Aluva Technologies Pvt Ltd	House No. 7/28, Kallungal House, Uliyannoor P.O, Aluva, Aluva, Ernakulam, Kerala	India
S1-912550432	Siwan Trading Private Limited	C/O Dharmawati Devi, Hno.2, Malmliya, Parauli, Siwan, Bihar	India
S1-305913972	Keystone Health Corporation	5953 Aire Libre Lane, Phoenix, AZ	US
S1-405832787	Rincon and Ahrens Bancorporation LLC	8031 State Route Aa, Drexel, MO	US
S1-325923848	Golden Logistics Pvt Ltd	7-1-58, Abc Commercial Complex, Ameerpet (Opp. Lalbungla), Hyderabad, Telangana	India
S1-999629951	Shiva Developers Private Limited	K-303, Yashraaj Park, Kasarvadavali Ghodbunder Road, Thane, Maharashtra	India
S1-884376093	One Technologies Private Limited	B No G/2, Sai Chhaya Bldg, Sai Nagar, Mahim Road, Palghar, Thane, Maharashtra	India
S1-283139284	Bangalore North Projects Private Limited	Ml-15/1, Shed #D-05, 3Rd, Floor, Hmt Industrial Est, Bangalore North, Bangalore, Karnataka	India
S1-627801422	AGP Venture Inc.	8081 19th Avenue, Portland, OR	US
S1-406367759	Guna Vanijya Private Limited	C/O Vijay Singh, Panwadi Chauraha, Guna, Madhya Pradesh	India
S1-196063394	Balaji Developers Private Limited	Flat No. 10, 2Nd Floor, S No. 6/1, Jawalkar Prestig, Deshmukhwadi, Nda Road, Shivane, Pune City, Pune, Maharashtra	India
S1-114307220	Physical Therapy Specialists Inc	2651 Leah Drive, Fl 0, Lawrenceburg, IN	US
S1-762372645	Oncology Specialists LLC	2610 Lakewood Drive, Dyer, IN	US
S1-44489457	Narang Academy LLC	1505 Joplin Street, Pittsburg, KS, Unit UNIT 212	US
S1-479561145	Oneim LLC	379 Longridge Drive, Vallejo, CA	US
S1-820181368	Engineering Aigle Solutions Pvt. Ltd.	200/C 7Th Main 3Rd Block Jayanagar, Bangalore, Karnataka	India
S1-717405965	Square Industrial Pvt Ltd	Delhi, North West Delhi, Unit No. 313, Delhi, P No.H2 Apra, North Ex. Plaza, Nsp	India
S1-850770558	Premier Packaging Global Inc	11100 96th Street, Tulsa, Unit APARTMENT  2141, OK	US
S1-944379882	Paramhans (india)private Private Limited	C/O Nimbasia Stablizers Plot No F 172 (A And B) F 173 Indraprastha Industrial Area, Road, No 3, Kota, Rajasthan	India
S1-847179044	Interstate League	MA, 475 Paramount Drive, Unit 2, Raynham	US
S1-484280559	Lumeus Royalty Inc	29250 Skipton Landing Road, Cordova, MD	US
S1-85392539	Commercial Media Labs	8168 Carlie Court, Fort Wayne, IN	US
S1-485209120	Contreras, Johnson and Hammond	813 Ranchoak Drive, Yukon, OK	US
S1-19425538	Campbell, Perez & Smith Technologies, LLC	6917 Hodde Street, Dallas, TX	US
S1-404727685	Levy Summit High LLC	Kingston, 820 Bonnyview Avenue, TN	US
S1-959449598	Keystone Tax Service LLC	23411 Winemiller Way, Clarksburg, MD	US
S1-769560827	New Laxmi Projects Limited	House No. 80 C, Sector-71, S.A.S.Nagar (Mohali), Rupnagar, Punjab	India
S1-934829535	Cardona Electric LLC	405 40th Avenue, Unit 524, Nashville, TN	US
S1-633837381	Melitta's Bistro Clinic	2151 26th Street, Yuma, AZ	US
S1-977606045	Delta Trust	117 Adams Avenue, Elkhart, IA	US
S1-726627716	United Controls PLLC	1775 Rimmer Road, Trezevant, TN	US
S1-443771682	Green Global Pharma	AZ, Gilbert, 2333 Victor Road	US
S1-989507505	Halcic Origin Corp	2111 Point Hollow Court, Virginia Beach City, VA	US
S1-476930157	Red Cafe	212 Waycross Lane, Bismarck, AR	US
S1-403814080	Prairie Investments	1945 Belangee Drive, Blacklick, OH	US
S1-643786008	Stout and Paris, LLC	4853 71st Street, Urbandale, IA	US
S1-675588967	YTE Labs L.L.C.	734 850, Pleasant Grove, UT	US
S1-301881552	Heritage Smart Harbor, LLC	2027 140, Nacogdoches, TX	US
S1-93479046	Primary Care Pacific Clinic Partners	404 Bradley 465 Road, Hermitage, AR	US
S1-341346128	Woods Park Associates	639 61st Street, Chicago, IL	US
S1-949102622	Bright Automation Associates Inc.	TN, Knoxville, 8205 Tumbled Stone Way	US
S1-876610294	Highland Dental Associates PC	Prince William County, 1801 Powder Horn Terrace, VA	US
S1-674135192	Legacy Marine Holdings	88 Crescent Street, Unit 2, Newton, MA	US
S1-50070858	Bius L.L.C.	3606 Terrene Road, Rio Rancho, NM	US
S1-642337579	Munoz Painting LLC	975 Sports Fan Drive, Fayetteville, AR	US
S1-873411668	Robledo and Akers Tavia	1800 5th Street, Greenville, NC	US
S1-534364383	Oleary Columbus of Hazel Crest	16841 Orchard Ridge Avenue, Hazel Crest, IL	US
S1-174606034	Mehar Seva Samiti	45, A-1 Apartment, 270 Walkeshwar Road, Mumbai, Maharashtra	India
S1-457997854	Techon Speciality Private Limited	Plot No. 13, Road No. 4 East Punjabi Bagh, New Delhi, West Delhi, Delhi	India
S1-74909375	Padma Consultants Lucknow	L.I.G/104, Sec-G, Sry, Lucknow, Uttar Pradesh	India
S1-770530090	Elvee Ventures Associates	Office No.15, Ground Floor, Times Corporate Park, Thaltej, Daskroi, Ahmedabad, Gujarat	India
S1-654317161	Dream One Investments Private Limited	603 B Wing Poonam Estate Cluster 3 Chs Ltd, Opp Surya Shopping Centre Srushti Mira Road East, Thane, Maharashtra	India
S1-710648873	Olanio Software L.L.C.	1631 Hawkshead Trail, Town Of Rome, WI	US
S1-633860789	Crystal Cyber Inc	457 Woodlawn Drive, North Vernon, IN	US
S1-464166508	Red Texturising LLP	Ff-1 Plot No 211, Gyan Khand-1, Ghaziabad, Uttar Pradesh	India
S1-405237319	Beck Shore	13123 Marble Avenue, Albuquerque, NM	US
S1-7847307	Pediatric Dentistry Center LLC	642 Halsey Street, Brooklyn, NY	US
S1-381931253	Legacy Onfolio	6908 237th Avenue, Buckley, WA	US
S1-540332088	Sulphur Springs Community Association	879 Davis Street, Sulphur Springs, TX	US
S1-908020013	Summit Agnc LLC	235 8th Street, Lakeside, OR	US
S1-881664156	J/U Auto Sales Inc	179 Ferry Street, Unit 12, Malden, MA	US
S1-471259520	Dynamic Wilco	109 Lumberjack Lane, Fairfield Bay, AR	US
S1-597779917	Ace Supreme Marketing Private Limited	6Th Floor 613 Ratnanjali Square, Nr Gloriya Restaurant Prernatirth Road Prahladnagar Thaltej Road, Ahmadabad City, Ahmedabad, Gujarat	India
S1-248022356	Dermatology Care	1022 Columbia Street, Houston, TX	US
S1-901272895	Cool Fabtech Private Limited	10-A, Iyer Hospital Road, Kothari Layout, Singanallur Post, Coimbatore, Tamil Nadu	India
S1-217022110	Asr (India) Alloys Private Limited	Jabalpur, P No.31-1 Nagpur Road, Madan Mahal Mm 155P7, Madhya Pradesh	India
S1-672377602	Continental Society	8 Colchester Street, Boston, MA	US
S1-632611658	Compass Fund of Plainfield	IL, 12157 Leona Drive, Plainfield	US
S1-314614012	Metamorph Consulting Private Limited	H.No.10-100/5, Rama Krishna Nagar Peerzadiguda, Uppal, Hyderabad, Telangana	India
S1-634321505	Roia Capital LLC	WI, City Of Mequon, 14138 N Birchwood Lane	US
S1-720085998	Tabitha Castaneda Aluminum, LLC	20 Chauncy Street, Unit 12A, Cambridge, MA	US
S1-868000091	New Alpha Media	F-130, Mandia, Road, Pali, Rajasthan	India
S1-977602891	Cherilynn's Rapid Laboratories	6510 Malvey Avenue, Fort Worth, TX	US
S1-219967904	Universal Infotech Private Limited	24 Mahatma Co. Op Housing Society Golibar Road, Santacruz East, Mumbai, Mumbai City, Maharashtra	India
S1-831124214	Unified Clear Lab L.L.C.	3609 Stillwater Circle, WI, City Of Waukesha	US
S1-736185182	Coastal Health Center Inc	Jacksonville, NC, 1011 River Street	US
S1-636936378	Bashaw Holding Company	27 Hillvale Road, Oyster Bay, NY	US
S1-627331110	Family Care Associates	33 Forest Acres Drive, Unit C, Haverhill, MA	US
S1-778831115	Dental Peak Specialists	3335 Pine Street, Omaha, NE	US
S1-196098193	Armada Singh Company	84, New Nellai Stores, Dindigul Main Road, Vedasandur, Dindigul, Tamil Nadu	India
S1-224791638	Superior Axiom Inc.	NY, Unit Apartment 1, 57 Park Circle, White Plains	US
S1-922489034	Manikanta Next Private Limited	B250/1994, Motilal Nagar, Goregaon, Goregaon West, Mumbai, Maharashtra	India
S1-253119074	Bangalore Solutions LLP	Wework, 1St Floor, Block L Embassy Tech Village, Outer Ring Road, Devarabisanahalli, Bangalore, Karnataka	India
S1-577146295	Aman Group of Companies	Mumbai, B/101 Sale, Mumbai City, Maharashtra, B-Wing, Tanishq Anthea, Rajaw Adi, Ghatkopar(East) Nr Rajwadi Hospital	India
S1-782835603	Signature Asset Innovations Inc	6816 Durham Avenue, Portland, OR	US
S1-919643617	Cooperative Wholesale Systems LLC	320 90th Avenue, Moorhead, MN	US
S1-519502295	Om Educational Society	Nh-2 Bhiringi More, Beside Paradise Hotel, Benachity, Bardhaman, Durgapur, West Bengal	India
S1-281131098	Ranique Deleon Direct Chimera	927 University Boulevard, Tuscaloosa, AL	US
S1-933996613	Garg & Sons Private Limited	Unit A-1 0029, Ward No.- 01 New Bansi Vaishno Dhaba Building, Muktsa, R Road, Malout, Muktsar, Punjab	India
S1-108527349	Tech Engineering Private Limited	Door No: 11/72/1, I Floor, Alapakkam Main Road Near Devi Academy School, Valasaravakkam, Chennai, Thiruvallur, Tamil Nadu	India
S1-839892280	All Fresh Imperial Inc	3448 Aberdeen Place, Unit Unit Unit 9, City Of River Falls, WI	US
S1-614013202	Naksh Trust Company	356/9, Kavumannam, Kalpetta, Wayanad, Kerala	India
S1-270446523	Moreland's Better Media LLC	2210 Swift Fox Court, Simi Valley, CA	US
S1-897205064	Consultants Makam Farmer	B-90A, Block B, Greater Kailash Part 1, New Delhi, South Delhi, Delhi	India
S1-449714726	Mansarovar Vfx Clinic	B-73-A, Sunder Nagar, Golyawas Opp Gupta Farm Mansarovar, Jaipur, Rajasthan	India
S1-408253145	Vishwa Traders Private Limited	Holding No-1170, Siyaldanga, Midnapore, West Midnapore, West Bengal	India
S1-491012364	Sharp Hills Inc	2757 79th Street, Chicago, IL	US
S1-604025682	Tirupati Solutions Private Limited	78 Antriksh Apptsh Block Vikaspuri, New Delhi, West Delhi, Delhi	India
S1-128059768	Roberson Certified Sumitomo	8115 14th Avenue, Unit 102, Hyattsville, MD	US
S1-856898934	Electricians Local 75	King George County, VA, 16195 Baltic Place	US
S1-536430002	Binnie's Signs	IL, Chicago, 4726 Dickens Avenue	US
S1-80931138	Regional Clean Electronics Inc.	3900 12th Street, Great Bend, KS	US
S1-676853925	Patriot Acquisition Inc	58200 Carrs Lane, Hannibal, MO	US
S1-946889579	Christ Emanuel	3502 Gary Court, Upper Marlboro, MD	US
S1-598305110	Turtle Law Chambers	No. 57, 1St Main Road, Defence Layout, Bangalore, Karnataka	India
S1-20480803	Olney Community Association	3722 Good Creek Road, MT, Olney	US
S1-258736825	Sweet Pizza LLC	Stoneham, MA, 44 Bellevue Road	US
S1-563675603	Varshya Research Private Limited	23 First Floor Kutchery Road, Ajmer, Rajasthan	India
S1-779237535	Maa Trust	8, Dda, Commercial Complex C-2-C, Pkt-11, Janakpuri, West Delhi, Delhi	India
S1-3365655	Internal Medicine Clinic Inc	Shandaken, 5159 28, NY	US
S1-962645828	Alonso Mustang Inc.	8249 Wayside Circle, Sandy City, UT	US
S1-259330284	Technology New Port Pvt Ltd	Lgf Omex Avenue, Bijnor Road, Lucknow, Uttar Pradesh	India
S1-21111128	Power Keystone Atlas LLC	619 Scott Street, Rogersville, TN	US
S1-725253411	Properties Ushas Chit Pvt Ltd	No. 143, 2Nd Main, 4Th Cross, Syndicate Bank Layout, Harohalli, Vn Pos, T, Bangalore, Karnataka	India
S1-62626361	Snyder Highland Clearthink LLC	302 High Street, Shepherdstown, WV	US
S1-461567886	Supreme Consultants Private Limited	Magazine Road By Lane, Near Rabindra Bhaban Behind Mahila College, P.S. - Kotwali, Cooch Behar, West Bengal	India
S1-321914815	Novance Micro, Inc	2205 Bridle Trail, Midway Park, NC	US
S1-705663802	Young Horizon Pampa	Millington, TN, 4739 Bill Knight Avenue	US
S1-414487201	Lopez's Landscaping	VA, 289 Sunset Drive, Amherst Town	US
S1-548378980	Pediatric Dental Summit Care LLC	11 Thompson Road, Bristol, ME	US
S1-544492763	Vasai East Power Pvt Ltd	Gala No. A-105, Evershine Industrial Estate, Chinchpada, Vasai East, Thane, Maharashtra	India
S1-453502979	Sequoia East Inc	5799 Brookstone Drive, Cincinnati, OH	US
S1-96130429	Clean Global Sterling	City Of El Paso, TX, 14267 Patriot Point Drive	US
S1-621746589	IDL Homecare Inc	308 Grand Avenue, Unit Apartment 1, City Of Waukesha, WI	US
S1-209553107	Aurangabad Service Limited	C/O Rahul Badrinarayan Nikam House No Kannad Aurangabad Kavitkheda, Aurangabad, Maharashtra	India
S1-664964612	Vinny R. Jordan, P.A.	Knoxville, TN, 2608 Sevier Avenue, Unit 104	US
S1-62107935	Christensen, Chatham & Whitworth Bioscience LLC	1936 Darst, Beasley, TX	US
S1-452654740	YIS Developers Private Limited	Property No.B-4, Namdhari, Chambers, 9/54 Db Gupta R, New Delhi, Central Delhi, Delhi	India
S1-856021113	Best Projects Limited	C/O Franclin Desayose, 2706/8, Alby Cottage, Thennoorkonam, Kottapuram P.O., Thiruvananthapuram, Neyyattinkara, Thiruvananthapuram, Trivandrum, Kerala	India
S1-812272038	Manikanta (India) It Private Limited	Jubilee Hills, Telangana, H. No.6-85/48, Hyderabad, Ground Floor, Nandi Hills Road No. 51, Jubilee Hills	India
S1-750820252	Buckley Renatus Corp	456 Catawba Road, Falmouth, KY	US
S1-807402344	Super Healthcare Private Limited	A-17/7, Dlf Phase-1 Gurgaon, Gurgaon, Haryana	India
S1-495804273	Board of Sanitation	5672 Cancion Street, Sacramento, CA	US
S1-604691073	Downtown Book Store	991 Grindelwald Lane, Midway, UT	US
S1-228744875	Ho and Navas Paper L.L.C.	112 Hemison Court, Bldg RESIDENCES BLDG 21, MD, Pikesville	US
S1-984625227	Navarro Dynamic Schwab LLC	1207 Island Ford Road, Page County, VA	US
S1-858033179	Trusted Logistics Labs	13110 Shelly Street, Fl 1, Olympia, WA	US
S1-946309038	Al Vijay Foundation LLP	Pune, Shop No 4, Silver Moon Apartment, S. No 29/1 S.No 29/1/1, Baner, Maharashtra, Pune	India
S1-955725652	Ace Constructions Private Limited	C/O N K Kedia And Co Marwari Para, Jhrsuguda, Sambalpur, Orissa	India
S1-827744626	VP Silver Global LLC	6110 Saddle Ridge Court, Arlington, TX	US
S1-305537749	Oncology Group	313 Verbena Avenue, Foley, AL	US
S1-620392297	Apex Infra Private Limited	63/A-M.V. Road W/No-Ix P.O. Kurseong, Darjeeling, West Bengal	India
S1-880510403	Rais National Aspac, LLC	611 Cocklin Street, Mechanicsburg Borough, PA	US
S1-801360361	Chennai Properties Limited	Chennai, 26/1003, 50Th Street, Tvs Colony Anna Nagar Western Extension, No.S2, Chennai, Tamil Nadu	India
S1-923984427	Indrin Irrigation Private Limited	Flat No 209, Teja Block, My Home Navadweepa Aptmts Madhapur, Hitech City, Shaikpet, Hyderabad, Telangana	India
S1-562310595	Buvue Inc.	10613 Brookchase Ct, Louisville, KY	US
S1-486912734	Vine Grove Rapid Mercator	KY, 305 Circle View Drive, Vine Grove	US
S1-37951075	Dare Health Center	1401 Lynnhurst Avenue, Fl 0, Wichita, KS	US
S1-102106220	Continental Software Union	Newark, DE, 501 Lambeth Place	US
S1-569303343	Osuna Cascade Boston	2500 Coal Heritage Road, Bluefield, WV	US
S1-361710965	Altos Agri Private Limited	Rz A-2/16, Gali No-3, Plot No-51, Durga Park, Palam, New Delhi, Delhi	India
S1-121041083	Dorolice Ferguson Saratoga Inc	20805 141st Street, Woodinville, WA	US
S1-702717765	Lakshmi Trading Private Limited	Flat No. 52D, Plot No. 33, Samay Vihar, Sector 13 Rohini, Delhi	India
S1-632007789	Internal Medicine Care Inc	1418 Hunter Ridge Court, Fresno, TX	US
S1-915021795	Batt Rock	3060 Sylvania Avenue, Unit A, Toledo, OH	US
S1-212859497	Premier It Private Limited	835, Beml 3Rd Stage Rajarajeshwari Nagar, Bengaluru, Bangalore, Karnataka	India
S1-236981201	Red Massage Inc	OH, Cleveland, 10705 Nelson Avenue	US
S1-443717417	Hopkins, Lee & Farmer Spring Inc	189 Granville Street, Alexandria, OH	US
S1-936223223	Vijay Producer	Flat No 1Sheel Apartments Visava Nagar, Nanded, Maharashtra	India
S1-882940782	Alpha Foundation Private Limited	No66, Lingagounden Valasu, Erode, Tamil Nadu	India
S1-794082069	Essary Beyond PC	104 Springhill Circle, Carl Junction, MO	US
S1-698246002	Miera Cardiology	5635 Helmont Drive, Oxon Hill, MD	US
S1-116397443	Brighteus Coffee	1670 Shortleaf Trail, Spring Hope, NC	US
S1-891521607	Someshwar Services Limited	301-B, Neelkanth, 98, Marine Drive, Mumbai, Maharashtra	India
S1-674141234	Jackelyn Glass Grand Investments	2308 29th Avenue, Birmingham, AL	US
S1-556493068	Atlantic Global Industries Associates	109-72 133 Street, South Richmond Hill, NY	US
S1-627225039	Gagliardi Generation Inc	Eatonville, WA, 37805 80th Avenue	US
S1-793945867	West Preparatory Academy LLC	7619 Jeffery Boulevard, Chicago, IL	US
S1-952429222	Swastik Solutions Private Limited	Flat #408 Radiant Lotus, Kodichikkanahalli, Bangalore, Karnataka	India
S1-665786705	Fircrest Cultural Diamond Trust	WA, Fircrest, 909 Manor Drive	US
S1-268620981	72 Hour Fitness LLC	629 Tulane Drive, Albuquerque, NM	US
S1-429225340	Noida Helios Private Limited	H-22, Sector-63, Noida, Gautam Buddha Nagar, Uttar Pradesh	India
S1-384846652	Division of Consumer Affairs	2263 Us Hwy 36, Cuba, KS	US
S1-494675931	Urgent Care Associates PC	6486 Desert Blossom Way, Florence, AZ	US
S1-473680453	Kozhikode Infrabuild Private Limited	43/2684/A2.Suite C4, Rahiman Bazar, Kozhikode, Kerala	India
S1-873772224	Krishna Sunrise Agro	Plot No. 80A, Maharashtra, Navi Mumbai, Nandanvan Chs, Lane No. 04 Sector-17, Nerul, Navi Mumbai, Thane	India
S1-41600088	Certified Consumer Solutions	AL, 545 Waterpoint Way, Opelika	US
S1-188344758	Vijay Ventures Private Limited	Egmore Nungambakkam, The Metrozone, 44, Pillayarkoil Street, Tamil Nadu, Chennai, D901	India
S1-247448314	Fortune Infra Private Limited	Plot No. 12, Khasra No. 25/1 And 15/21, New Delhi, South West Delhi, Delhi	India
S1-412346906	Ribrior Fortress Associates	TX, Henrietta, 2283 1883	US
S1-274758149	Sorenson & Banks, LLC	9201 Kirkland Road, Des Arc, AR	US
S1-965978545	Ledgerwood Biracilik LLC	8117 Green Lantern Street, Raleigh, NC	US
S1-258628916	Naman Stock LLP	No.65/22, Iind Floor, Amaiyappan Street, Royapettah, Chennai, Tamil Nadu	India
S1-261363405	Ss Logistics Private Limited	M-67, G/F, Laxmi Nagar, East Delhi, Delhi	India
S1-845723650	FQ Infinite LLC	188 Plantation Road, Jacksons Gap, AL	US
S1-415811380	Evoke Glass	O.No.188-B, 12Th Street, Gkm Colony, Chennai, Tamil Nadu, N.No.23, Chennai	India
S1-815446427	Superior Creative Alibaba LP	1324 Golf, Green Valley, AZ	US
S1-125898706	Lewis Learning Center	Washington County, VA, 15095 Lowry Hills Road	US
S1-721200313	Khorda Foundation Public Limited	Flat 408, Classique Signature Apt, Khorda, Khordha, Orissa	India
S1-735091928	Avila Harbor States LLC	101 Number Seven Green Drive, St Charles, MO	US
S1-119822727	Services Amrut (india) Private Limited	Cb1Building, Empireestateofficeno.202/203, Mumbaipuneroad, Chinchwad, Pune, Maharashtra	India
S1-812496785	Orellana's Medical, Inc	AZ, 2335 Utility Road, Flagstaff	US
S1-870464463	Houston Foot & Ankle Platinum Specialists	11902 Queensbury Lane, Houston, TX	US
S1-153528186	Apg Industries Group Private Limited	3/43 Vinamra Khand G.N Lucknow, Lucknow, Uttar Pradesh	India
S1-987194415	YJY Supreme Supply LLC	3357 Club House Road, Mobile, AL	US
S1-56994812	Portland Special LLC	5125 Scholls Ferry Road, Unit #84, Portland, OR	US
S1-187542188	Amell and Humphries Gores, LLC	6889 Hughes Road, Russellville, OH	US
S1-758253229	Adventure Foods Private Limited	Sandip Sivaji Chavan H.No.166 Bhagoor Tq Vaijapur Dist A.Bad Bhagoor, Aurangabad, Maharashtra	India
S1-965298592	Anand Resorts (India) Pvt. Ltd.	Gujarat, Kct House, Ahmedabad, Shayona Silver Estate 2, Ahmadabad City	India
S1-104105026	Solapur Micro Private Limited	C/O Smt Laxmibai Chatla 1485, Daji Peth, Narsimha, Solapur, Maharashtra	India
S1-602739151	Vidisha Ventures Private Limited	Orbit Heights, Swami Vivekanand Chouraha, Idgshs Chouraha, Vidisha, Madhya Pradesh	India
S1-598373488	Gerty Bleecker Athena LLC	6407 Pequod Circle, Anchorage, AK	US
S1-60349213	Rajasthan & Sons Limited	F.No.702B, Kunal Crimson, 37/3 2137, Nr. Patil Padal, Bopodi, Pune, Maharashtra	India
S1-543121686	IAC Ventures Private Limited	204-A Cyberridge, Kondapur, Serilingampally, K.V.Rangareddy, Telangana	India
S1-197246998	Malti Medical Centre Limited	At Post Bhose, Tal Pandharpur Dist Sur, Bhose, Solapur, Maharashtra	India
S1-898638830	Royal Tri-State Wellness	4809 Summer Oaks Lane, Fort Worth, TX	US
S1-426271560	Total Waste PLLC	1913 Blue Iris Avenue, Unit 1089, UT, Tooele	US
S1-120141886	Aa India	M-23 Greter Kelashmarket Part-2, New Delhi, South Delhi, Delhi	India
S1-225300818	Maruti Developers Private Limited	91, Shri Colony, Shahu-Layout Hudkeshwar Road, Nagpur, Maharashtra	India
S1-254191521	Herrera American Automobile LLC	North Hempstead, 71 Lynton Road, NY	US
S1-955845256	Family Clinic LLC	69 Remsen Street, Staten Island, NY	US
S1-37439766	Pearla Ruff Certified Biotherapeutics Associates	Nashville, TN, 527 Weakley Avenue	US
S1-438350711	Creative Consultants Pvt Ltd	Telangana, H.No.8-3-940And8-3-940/Ato E, Kurnool, Flat No.305, 3Rd Floor Tirumala Shah Residency, Yellareddyguda, Ameerpet, Hyderabad	India
S1-818092086	2380 Madison Drive Realty LLC	25 Acorn Cove, Lexington, TN	US
S1-932463410	Chiropractic Associates LLC	1626 Hastings Drive, Garland, TX	US
S1-630498442	Empire Council LP	89 Ray Byrd Road, Lillington, NC	US
S1-618903111	Pinnacle Construction Solutions	12560 Fm 932, Jonesboro, TX	US
S1-844959479	Modern Chemical Union LLC	2909 2nd Avenue, Pine Bluff, AR	US
S1-825597250	Global Rocky Strategies	CA, 631 A Ohio Street, Vallejo, Fl Floor 1	US
S1-215839267	Crum For Inc.	954 Seneca Park Road, Middle River, MD	US
S1-163257952	Black Media Limited	Am-21 New No.Am-65, Plot No.2976-I, 14Th Main Road, Anna Nagar West, Chennai, Tamil Nadu	India
S1-694465033	EHU Agro Limited	19Th A Main, 5Th Cross Hal 2Nd Stage, Indiranagar, Bangalore, 4071, Bangalore, Karnataka	India
S1-859442811	Rina Sams Spacsphere LLC	4971 Dallas High Shoals Highway, Dallas, NC	US
S1-615971607	Hill, Escobedo and Whitt	Mountlake Terrace, WA, 6005 226th Street	US
S1-781164062	Verrora Ubs LLC	4 Ravens Cove Lane, Candler, NC	US
S1-994346036	Adara's Digital LLC	8744 Archer Avenue, Willow Springs, IL	US
S1-575654238	Micaela Myers Hudson	161 Canton Street, Boston, MA	US
S1-177109315	Prince William County Urology Partners	15451 Windsong Lane, Prince William County, VA	US
S1-376853255	Sree Ventures LLP	77-1-2 Gandhipuram-3 Near, Priyanka Restaurant, Rajahmundry (Urban), East Godavari, Andhra Pradesh	India
S1-644400251	Khan Investment Pvt. Ltd.	9B Vadakku Konam, Nagercoil, Kanyakumari, Tamil Nadu	India
S1-109549059	Marielle's Auto Glass	1532 Graystone Road, Fayetteville, NC	US
S1-521958924	Ujjaiya Services Group	Shanta Complex, Office No. 1, Nutan Colony, Aurangabad, Maharashtra	India
S1-258281625	Lugo, Nelle L., O.D., PC	525 191st Street Court, Spanaway, WA	US
S1-177671383	Justine Uribe, P.A.	2040 Silver Lake Road, Yadkinville, NC	US
S1-673498107	Figueroa Regency Associates	12200 Oakfield Avenue, Cleveland, OH	US
S1-73283735	Silver Tattoo L.L.C.	9606 Southall Road, Unit APARTMENT 104, Randallstown, MD	US
S1-71468514	IV Rapid Popular Inc.	100 Greystone Lane, Waverly, TN	US
S1-361787912	GFV Technologies Pvt. Ltd.	19, Csc Pocket-A, Sukhdev Vihar, Sukhdev Vihar, Delhi	India
S1-53825502	Vanchinad Brothers Limited	F-504, Nadini-3, Vip Road, Vesu, Soth West, Surat, Gujarat	India
S1-215267873	Hyderabad Krishna	P No 11 &12 206 Sri S Residency Old Bowenpally Hyderabad, Hyderabad, Telangana	India
S1-964290903	HG Plantation Private Limited	3/150 Ramchaya Major Parmeshwar Road, Wadala, Mumbai, Mumbai City, Maharashtra	India
S1-621523892	National Wellness Products	1202 Huddleston Drive, Grand Prairie, TX	US
S1-156838289	Holtzclaw Dollar	6302 Wildflower Ridge Way, Summerfield, NC	US
S1-760461568	Preferred Health Products Care	22909 Amur Drive, Porter, TX	US
S1-747221734	Direct Fresh Total LLC	8119 Bertha Avenue, Parma, OH	US
S1-514530148	Sahani (India) Condiments LLP	505, Corporate Corner, Sunder Nagar, Malad(W), Malad West, Mumbai, Maharashtra	India
S1-913486057	Silver Design Studios LLC	OH, 3804 Liberty Avenue, Hubbard	US
S1-498137350	Pr Promoters Partners	Ea-54, Indore, Madhya Pradesh, Scheme No. 94 Ring Road, Indore	India
S1-29482481	Unidus Jute Ltd	17C Bose Pukur Road, Kolkata, Howrah, West Bengal	India
S1-106307180	Adma Consultants	Fairy Tower, 181/1/24, Sodepur Road (East), Block-A, 4Th Floor, Flat-B4, Madhyamgram, North 24 Parganas, Barasat - Ii, North 24 Parganas, West Bengal	India
S1-179425190	Womens Health United Care Inc	35618 Airport Road, Unit 1, Rehoboth Beach, DE	US
S1-265449272	Quasar Public School	Mumbai, Seat No 117, Maharashtra, U 0201, A Wing, Matulya Center, Plot 249, Matulya Mill Compound, S B Marg	India
S1-53367711	Asmita Medical Centre Pvt. Ltd.	S No 146/1A, 146/1B, Flat, Yashwin Encor, Haveli, Pune, Maharashtra	India
S1-760035722	Midwest Learning Center Care	11831 Primwood Drive, Houston, TX	US
S1-942281730	Himalya Memorial Trust	Plot - 337/338, Flat - 206, Sekhar Palace, Bhubaneswar, Khordha, Orissa	India
S1-915359608	Optimus Welfare Society	Plot No.354, Udyog Vihar Phase Iv, Gurugram, Gurgaon, Haryana	India
S1-777770471	Ray Miller Grand Enterprise	3023 Brellon Lane, Durham, NC	US
S1-874447837	Bangalore Ai Private Limited	Bangalore, Plot No.20-D, Kiadb Indl. Area, S.Y. No. 85 Chokkahalli Village, Kasaba Hobli, Hosko, Te Taluk, Karnataka, Bangalore	India
S1-662294633	Radhamadhav Banking Ltd	Office No. 42 Pancharatna Opp Railway Station Bhayandar East, Thane, Maharashtra	India
S1-348546408	Cancer Fund	NC, Durham, 501 Carver Street	US
S1-888576725	Healthcare Sonali Services Ltd	106 M M Complex Udaipole, Udaipur, Rajasthan	India
S1-537693467	Willow Care	43803 149th Street, North Bend, WA	US
S1-377943748	Eastern Impex	Khairatabad, 803 Krishe Valley Road No 12, Sayed Nagar Banjara Hills Khairatabad, Telangana, Hyderabad	India
S1-548050995	Technologies Cse Life Private Limited	86A Tapsia Road, Kolkata, Calcutta, West Bengal	India
S1-302756158	Chennai Services Private Limited	No 9 & 10, Perumal Kovil Street, Ellammanpet, Chennai, Tamil Nadu	India
S1-72860763	Earthwise Radha	64A, Hemanta Basu Sarani 2Nd Floor, Room No. - 219, Kolkata, Kolkata, Howrah, West Bengal	India
S1-892803706	Etienne American LLC	119 Pineridge Pointe Drive, Seneca, SC	US
S1-584724997	Peak Iron Inc	39 Barone Avenue, Mount Morris, NY	US
S1-8851372	Silver Tattoo	Norman, OK, 1013 Parsons Street	US
S1-457124352	West School of Medicine	150 Ruby Lane, Stratford, CT	US
S1-435763202	DM Properties Private Limited	G-13-14-15, Bhanot Bhawan Azadpur, New Delhi, Delhi	India
S1-651911804	Deus Equity Partners, LLC	NY, 4819 90, Westfield	US
S1-135530563	Eye Smart Physicians	16307 Frances Lane, Magnolia, TX	US
S1-227356951	Emilee West Supreme Scientific	1037 Glen Reilly Drive, Fayetteville, NC	US
S1-625522803	Nanny Scott, O.D.	2312 16th Street, Bentonville, AR	US
S1-602676046	Nurture Marketing Pvt Ltd	8A Gf, Nivedita Enclave Block A-6, Pachim Vihar, New Delhi, West Delhi, Delhi	India
S1-530113256	North Select Prime LLC	Grimes, 1851 Miehe Drive, IA	US
S1-674757774	Supreme Projects Private Limited	104/G-25, Sector 9 Ghansoli, Rabale, Thane, Maharashtra	India
S1-932569147	Fresh Yoga	6416 Lakeridge Drive, New Market, MD	US
S1-862454700	Silver Biomedical Systems LLC	1508 Sizer Avenue, Jefferson City, TN	US
S1-761644086	Mira Solutions LLP	Gujarat, Mahesana, Mehsana, S-6, 2Nd Floor, Orbit Small Centre, Radhanpur Road	India
S1-77252042	Wildlife Program	IL, 1053 Wellington Avenue, Chicago	US
S1-622143800	Hoang, Pepper & Grout, LLC	2170 Catherwood Avenue, Indianapolis, IN	US
S1-783265261	Priyadarshini Exports Ltd	6-3-120/1, Shivrampallyrajendranagar Mandal, Rr Dist, Telangana	India
S1-429576019	Vaibhava Shoji Ltd	In C/O Lakhan Singh H No 84 Near Panchayat Ghar, Bamurepur, Auraiya, Uttar Pradesh	India
S1-140983249	Mumbai Technical Company	1/2, Santoshi Nagar, Village Road Bhandup West, Mumbai, Maharashtra	India
S1-682767213	Physical Therapy Colonial Medicine	398 Trim Street, Kirkwood, NY	US
S1-383056757	Downtown Tattoo Inc	2200 Fawn Street, Greensboro, NC	US
S1-707985814	New Delhi Rose Company	Be-61 Shalimar Bagh West, New Delhi, North West, Delhi	India
S1-271741517	Habib (India) Advisory Limited	C/O Shyam Sundar Nawal, Rajasthan, Karampanth, Shanti Colony Behind Girl School, Kankroli, Rajsamand	India
S1-788644565	Red Barbershop	107 Sodom Road, Westport, MA	US
S1-675304651	CGI Buddies Corp	Sood Shoping Complex Heera Colony, Hoshiarpur, Punjab, Hoshiarpur	India
S1-331674293	VF Specialists LLC	1928 Coolcrest Way, CA, Upland	US
S1-745004645	Jain Consultancy Private Limited	Ghaziabad, S-12, P V Ghaziabad, R-58, Uttar Pradesh	India
S1-348175037	Britton & Pham Inc	3047 Heritage Drive, West Valley City, UT	US
S1-822052458	Manuel Engineering, LLC	271 Thomas Court, Helena, MT	US
S1-319066693	Office of Labor	280 Kelley Boulevard, North Attleborough, MA	US
S1-623342215	Construction Sagar Metalloys	E 303, Reliable Acacia, 5 Cross, 7 Main, Iblur, Sarjapur Outer Ring Road, Bengaluru, Bangalore, Karnataka	India
S1-487441108	Metro Kgaa LLC	1222 Bellemeade Avenue, Evansville, IN	US
S1-643596372	Continental Biomedical Networks	511 20th Street, Richmond, IN	US
S1-714224082	Al Technologies Private Limited	Vathiyar Thottam, Coimbatore, Sundakkamuthur (Po), Tamil Nadu	India
S1-165500502	Milestone World (India) Ltd	Plot No: 29, 2Nd Street, Vadavenni Amman Nagar, Maduravoyal, Chennai, Tamil Nadu	India
S1-33062717	Cornerstone Analytics Union of Concord	577 Viking Place, Concord, NC	US
S1-480962215	IJ Technologies Pvt. Ltd.	1-1-336/51, Vivek Nagar, Chikkadapally, Hyderabad, Telangana	India
S1-359091269	Consulting Nest Publication Private Limited	No 3 Silver Palms Palmgrove Road Victoria Layout, Bangalore, Karnataka	India
S1-902894621	Marketing Software LLP	First Floor No.61, 2Nd Cross, Kodichikkanahalli Main Rd, Behind Snn Raj Grandeur Apt, Bo, Mmanahalli, Bengaluru, Bangalore, Karnataka	India
S1-922715710	Jabalpur Real Private Limited	Jabalpur, Shobha Minerals, Madhya Pradesh, Shop No.3 Karam Chand Chowk, Marhatal, Jabalpur, Jabalpur	India
S1-6746778	Stella, Folsom & Diaz Rockwool	1134 Ben Hill Boulevard, Lavergne, TN	US
S1-35342788	Brown, Seiter & Askew LLC	7939 162nd Court, Owasso, OK	US
S1-740025186	Burton and Hopkins Sim Corp	107 4th Street, Proctor, MN	US
S1-634426073	Ss Properties Private Limited	Telangana, Plot No 150C & F Phase Ii Cherlapally, Hyderabad	India
S1-897773016	Salter and Vermillion Corp	4403 Norwaldo Avenue, Indianapolis, IN	US
S1-767415997	Adb Infocom Pvt Ltd	No 22/B 7Th Cross, Shettyhalli T Dasarahalli, Bangalore North, Bangalore, Karnataka	India
S1-764127162	Bloomfield Delta Bumrungrad	1898 Tucson, Bloomfield, NM	US
S1-512830573	First Kodiak LLC	1240 Copeland Road, Sparta, TN	US
S1-640493960	Snr Unit Private Limited	Plot No.177, Darshan Industrial Estate, At - Jolva, Tal - Palsana, Dist - Surat, Jolva, Surat, Gujarat	India
S1-242750638	India Vels Consultants Ltd	9A Sebak Baidya Streetp S Lake, Kolkata, Calcutta, West Bengal	India
S1-587073912	Jain Infotech Pvt Ltd	Cove Stays, 12, Murugappa Road, Kotturpuram, Chennai, Tamil Nadu	India
S1-716773988	Classic Business LLP	152, Abadi New Pal Avenue, Ram Tirath Road, Amritsar, Punjab	India
S1-329175814	Pacific Institute LLC	2430 Rogers Road, Graham, NC	US
S1-294621245	Schenk Gen	TX, 4711 Hoffman Street, Houston	US
S1-318833283	Lumial Blockchain LLC	2450 Lemon Tree Lane, Charlotte, NC	US
S1-499905344	Pacheco First Technologies PC	1310 Shaffer Drive, Unit APT P, Lorain, OH	US
S1-937482850	Bharat Traders Private Limited	Plot No 393-B1 Industrial Area Baikampady, Mangalore, Dakshina Kannada, Karnataka	India
S1-146369744	Vanguard National Portfolio	1617 Pot Rock Road, Carroll County, VA	US
S1-377862893	Suzanna Shea Keystone Living LLC	436 Mcginnis Street, Springville, AL	US
S1-205412866	Indo Business	Plot No:35, Green Industrial Center Apiic Gambheeram, Vishakhapatnam, Andhra Pradesh	India
S1-905117369	Richmond Brothers Limited	E 1304, Sy No 78/2, 78/3, Iggaluru Village, Anekal, Bangalore, Karnataka	India
S1-163588659	R/I European	24 Sidney Street, Lowell, MA	US
S1-642701336	Man (India) Financial Pvt Ltd	Khata No -1482/5236, Sree Vihar, 2Nd Lane, Berhampur, Ganjam, Orissa	India
S1-33373731	Bird and Olson Development PLLC	2020 Guadalupe Road, Unit 5, Gilbert, AZ	US
S1-269705085	Diamond Platinum Bynordic LLC	2451 39th Street, Phoenix, AZ	US
S1-347574815	Urban Dynamic Consulting Limited	B-32/B, Delhi, South Delhi, New Delhi	India
S1-413898154	Life Ventures Private Limited	Ground Floor, Sobha Tower11/445(Building No11/485) National Highway, Near Toll Plaza., Thalore, Thrissur, Kerala	India
S1-367247390	City Of Prescott Asset Building Apex Guild	1412 Pearl Street, City Of Prescott, WI	US
S1-538263864	Sushi Group of Companies Private Limited	Shop-1-In-26/104 C/F, West Patel Nagar, New Delhi, Central Delhi, Delhi	India
S1-978192167	Green Constructions Private Limited	12/153A/2 Hanuman Nagar Near Ram Lakhan School, Agra, Uttar Pradesh	India
S1-585828787	Mansa India Private Limited	Bus Stand Road, Bareta, Mansa, Punjab	India
S1-7785006	Wildlife Program	290 400, Unit 203, Logan City, UT	US
S1-824490719	Phyllis Foy Empire Fast LLC	14 Lucille Court, Oyster Bay, NY	US
S1-132167161	Applied Mobility Services LP	811 317th Street, Federal Way, WA	US
S1-222052211	Shaner Clear Templeton P.C.	2840 Providence Road, Northbridge, MA	US
S1-359489934	Wallis, Rodriguez and Starkweather Source LLC	401 Washington Street, Quincy, IL	US
S1-650033116	Super 60 Bistro	1518 13th Street, Unit APT 2, Altoona, PA	US
S1-889553861	New Delhi Decorators Private Limited	Delhi, South Delhi, Colony Nr Sanatan Mandir, Plot No-B 41/43 Bk Dutt, New Delhi	India
S1-497281944	Ananta Rice Private Limited	Plot No-496 Ground Floor, Village Bharthal Sector-26 Dwarka, New Delhi, South West Delhi, Delhi	India
S1-162514421	Cybill King Intelligence Inc	7726 Orchard Village Drive, Indianapolis, IN	US
S1-883946987	Crawford Midwest Aluminum, Inc.	1005 Mills Way, Carmel, NY	US
S1-699093257	Sequoia Gamco	150 Miller Road, Unit 175, Akron, OH	US
S1-438247375	Grand Apex Costamare	806 Berkley Ave Ex, Norfolk City, VA	US
S1-162074833	Harbor Charities	WI, 394 Omaha Court, Town Of Troy	US
S1-833084078	Laxmi Trading Private Limited	C/O Sangita Amrut, Maharashtra, Sangli, Garggate, 1139 Kasar Gall, Shirala	India
S1-3124099	20/20 Vision Center Inc.	2248 Sweet Breeze Way, Fort Wayne, IN	US
S1-336237645	Urban Pub	413 Southern Oaks Drive, Chesapeake City, VA	US
S1-198274696	Legacy Freight Ventures LLC	2131 Pershing Avenue, Fl 0, Wichita, KS	US
S1-673983427	BZM India Private Limited	No 426, 7Th Main, Hrbr First Block, Kalyannagar, Bengaluru, Bangalore, Karnataka	India
S1-548821903	Services Konark Innovations Private Limited	8/239 Hig Avas Vikas Clolony Yojna 3 Jhunsi, Uttar Pradesh, Allahabad	India
S1-536299501	East Solutions Pvt Ltd	Bl. No. 003, Samruddhi Evergreen Kalyan, Karjat Road, Sape, Thane, Maharashtra, Building No. 27, Thane	India
S1-430361926	Life Tech Pvt Ltd	Door No.124, Defence Officers Colony, Ekkatuthangal, Chennai, Tamil Nadu	India
S1-410049312	Mojo Academy Ltd	C/O Narsaiah, 3-83, Khajapur, Shankarampet R, Medak, Telangana	India
S1-625058213	Urology Care	507 Bolinas Way, Unit 105, Goleta, CA	US
S1-768857685	Yan Rocky Auto Glass Inc	2206 Franklin Street, Fort Benton, MT	US
S1-481831437	Optimal Frontier Procap LLC	80 Cambridgepark Drive, Unit 622, Cambridge, MA	US
S1-853538522	Wildlife Society	4445 Mormon Coulee Road, Unit Apt 324, City Of La Crosse, WI	US
S1-516741181	Industries Gold Forex Private Limited	2&3, M 1801, Kadirenahalli, Padmanabha Nagar, Bsk Ii Stage, Bengaluru, Bangalore, Karnataka	India
S1-604928836	Brake Bnb Group	8945 Centerway Road, Gaithersburg, MD	US
S1-67893743	Furey and Coon Photonics, Inc.	N3014 N Hiawatha Road, Town Of Mercer, WI	US
S1-654141342	Coimbatore Credit Private Limited	Rishikesh, Old No.67-A, New No.100 Karunanithi Nagar, Ramanatha Puram, Coimbatore, Tamil Nadu	India
S1-818141748	Foot & Ankle Associates	Ogden City, Unit A519, UT, 872 25th Street	US
S1-105640888	Primary Care Clean Physicians Inc	4415 Stone Wynde Dr, Louisville, KY	US
S1-905462307	Mellicent Santana, DMD	16 Savery's Lane, Unit 1, Plymouth, MA	US
S1-465104849	Back Alley Barbershop! Inc	2633 Greenacre Drive, Findlay, OH	US
S1-248832317	Seven Impex Private Limited	1403, Cts No.1/C/1 (Pt), S No 149 (Pt), A Wing, Near Vasant Complex, Linking Rd, Kandivali, Mumbai City, Maharashtra	India
S1-972523706	Peak Data Technologies LLC	4731 Bowser Avenue, Fort Wayne, IN	US
S1-679721153	Prime Cafe Private Limited	Gat No. 911 Hargude Vasti, Pimpri Chinchwad, Haveli, Pune, Maharashtra	India
S1-785345254	My Sky Infra Private Limited	H.No. 2639, Sector-46, Sadar Bazar, Gurgaon, Haryana	India
S1-740473763	Halcis Virginia Inc	11036 Dean Court, Lakewood, WA	US
S1-499639334	Downtown Cleaning Service	206 Glamorgan Drive, Seneca, SC	US
S1-881694200	Johnson Proshares LLC	7934 Valley Road, Moses Lake, WA	US
S1-271508585	Ahmedabad Guard Private Limited	Survey No. 264/B/2, Parikh House, Nr. Motibaug Party Plot, Ambli, Ahmedabad, Gujarat	India
S1-444469075	Msk Institute	Vatsa House, Pera House, Mumbai, Maharashtra, Janmabhoomi Marg Fort Mumbai 400001Marg, Opp Panchratna, O	India
S1-295952646	Soubhagya Nursing Home	1St Floor Room No 2, Aswathi Bldg Kaloor Road, Kozhikode, Kerala	India
S1-157038517	Aqua Logistics Pvt Ltd	Lucknow, B1/1 Vishesh Khand, Gomti Nagar, Uttar Pradesh, Lucknow	India
S1-79843970	Vision Shakti Agro Private Limited	C/O Subodh Chandra Manna, Vill Latibpur, P.O. Uluberia, Howrah, West Bengal	India
S1-38510148	Signature Textile Works LLC	4970 B Street, Omaha, NE	US
S1-400933278	Tucker Direct Launch Inc	Fort Worth, TX, 6474 Kirkwood Road	US
S1-378020036	Jai Investments Private Limited	Thane, Cosmos Regency, Maharashtra, Building No. 5, Flat No. 701 - 702 Waghbil Road, Vijay Nagari, Thane	India
S1-614996480	Restaurants Brothers Private Limited	17, Khambhata Lane, 1St Floor, Office No 2, Near 7Th Khetwadi Back Road, Mumbai, Mumbai City, Maharashtra	India
S1-620360478	Hodges and Gibson LLC	KS, Falun, 145 Doss Avenue	US
S1-335006839	Dental Health of Woodsfield	202 Paul Street, Woodsfield, OH	US
S1-251784752	Sree Software Private Limited	108, First Floor, Plot No. 17, Sachdeva Tower, Karkardooma Community Center, Karkardooma, East Delhi, Delhi	India
S1-122007759	Coulter, Jensen & Rodriguez PC	12830 Murphy Road, Stafford, TX	US
S1-230211305	Ronni's Eye Care Partners	1347 County Road 1270, Detroit, TX	US
S1-247586686	Raya & Ward P.C.	20402 Gobbler Ridge Road, Pacific Junction, IA	US
S1-738215737	Renaissance & Sons Ltd	1303 Alaknanda, Neelkanth Valley, Ghatkopar East, Mumbai, Maharashtra	India
S1-756993936	Valley Mountain Equitable LLC	448 Cranford Road, Denton, NC	US
S1-790469963	Star Om Consulting Private Limited	B-41 Gulmohar Park, New Delhi, South Delhi, Delhi	India
S1-839383287	Archway Development Private Limited	House No.-28 Block-F, Venus Appartment, Sector-9, Rohini, North West, Delhi	India
S1-212962906	Kailash India Pvt Ltd	2Nd Floor Zota House, Bhagvan App, Bhedwad, Surat City, Surat, Gujarat	India
S1-834583337	Vigil's Jewelers, Inc	34755 Humbug Mine Road, Morristown, AZ	US
S1-561940972	Green Education LP	55 Knollwood Road, Farmington, CT	US
S1-831014106	Viis	31721 138th Place, Scottsdale, AZ	US
S1-882827543	Albuquerque Group	Albuquerque, NM, 4501 Millwood Court	US
S1-770657033	Foundation Paschim Ink Ltd	Hotel Kunal International Jamal Road, Patna, Bihar	India
S1-268858291	Best Gujarat Healthcare Limited	Ashoka Estate, 3Rd Floor, 24, Barakhamba Road, New Delhi, Delhi	India
S1-333683741	First Engineering Private Limited	E-203, Kailash Industrial Complex Veer Savarkar Marg, Park Site, Vikhroli, (W), Mumbai, Mumbai City, Maharashtra	India
S1-131669080	Raksha Trading Private Limited	1134/9 Hsd 73, Bahadurgarh, Jhajjar, Haryana	India
S1-826722798	Aadhar Services Care	104, Satra Plaza, Plot No 19&20, Sec 19 D Vashi, Navi Mumbai, Navi Mumbai, Thane, Maharashtra	India
S1-209727186	Onyx Inc	1085 Oakbrook Street, Prosper, TX	US
S1-706569643	Agrim Tech	33/28 Shahganj Leader Road, Allahabad, Uttar Pradesh	India
S1-345051891	Xiao Group	239 Whaley Street, Freeport, NY	US
S1-260706287	Achilles Group of Companies Private Limited	140-142, V.K.Krishnan Menon Road, Coimbatore South, Coimbatore, Tamil Nadu	India
S1-804353038	Gwynne Carpenter Telefonica	128 Jalyn Court, Fayetteville, NC	US
S1-987198245	National Commodity Inc.	20209 Waters Row Terrace, Germantown, MD	US
S1-618510472	Bombay Food Private Limited	Ahmedabad, Shivshaktinagar, Nr.Water Tank Bhilwas, Ambawadi, Sardarnagar, Shop, Gujarat, Ahmedabad	India
S1-639393789	Shakti It Private Limited	Door No 8-2-603/23/3 3Rd Floor Road No 10, Hsr Summit Banjara Hills, Seri Lingampally, Hyderabad, Telangana	India
S1-612759083	Karvin Traders Limited	D/478 B, Lajpat Nagar, Sahibabad, Ghaziabad, Uttar Pradesh	India
S1-208603024	Indian Logistics Private Limited	B-62, Station Plaza, Bhandup Station Road Bhandup (West), Mumbai, Mumbai City, Maharashtra	India
S1-40256684	Cascade Investments LLC	2195 Bear Creek Circle, Cookeville, TN	US
S1-401545466	BP Royal Corp	9003 Valley Line Road, Town Of Oconto Falls, WI	US
S1-565909529	Hyderabad Centre Limited	Plot No.58, Road No.5, Aleap Pragathi Nagar, Qutbullapur Mandal, Hyderabad, Rangareddy, Telangana	India
S1-778859051	Straight Edge Barbershop	168 Hundley Mill Road, Augusta County, VA	US
S1-507187600	Surya Technology Limited	Shop No:G-245(Ug), Sushant Shopping Arcade Sushant Lok-1, Gurgaon, Haryana	India
S1-429354949	Global International Private Limited	6Th Floor, Dlf Cyber City, Bhubaneswar, Dcb 620, Khordha, Orissa	India
S1-498244887	Mumbai Network Clinic	A-10 Shree Ganesh Hsg Soc, Lbs Nagar Sakinaka (E) 90, Mumbai, Maharashtra	India
S1-333004703	Gowin Animal Hospital Care	179 Yoder Lane, Mason, WV	US
S1-682880130	Ashok (India) Renewable Ltd	H No. 480, First Floor Indra Vihar, New Delhi, Delhi	India
S1-714238541	Gagandeep & Brothers Care	House No 388 Budh Vihar, Ghaziabad, Uttar Pradesh	India
S1-460658692	Bowes Kpet	1702 Aster Court, Sevierville, TN	US
S1-271609870	Shawn N. Delbridge, DDS, P.C.	339 Mason Avenue, Chicago, IL	US
S1-468655954	Gujarat My Systems Private Limited	273, Palm Meadows, Phase 2, Ramagondanahalli, Whitefield, Bengaluru, Bangalore South, Bangalore, Karnataka	India
S1-680216322	J 6 Q Crown, LLC	165 Delmar Lane, Unit E, Newport News City, VA	US
S1-958443649	Hyderabad Labs Private Limited	D No 7-2-1087/3/D, Hanuman Temple Lane Sanath Nagar, Hyderabad, Telangana	India
S1-226767644	Loque	538 Virginia Street, Pleasanton, TX	US
S1-425013864	Cascade Endocrinology	AL, Piedmont, 8812 Roy Webb Road, Unit Unit LZ	US
S1-210830451	GZ Harbor, LLC	2659 Rabun Way, Fl 1, Central Point, OR	US
S1-430467647	Jackson, Lanning & Vaughan Bancshares Inc.	719 2nd Street, Lake Oswego, OR	US
S1-156347857	Ear Nose & Throat Specialists Center	14418 60th Avenue, Stanwood, WA	US
S1-469354301	Dermatology First Partners Inc	1929 Wind Lake Circle, Garland, TX	US
S1-798910624	Rakshak India	487/27 School Road Peera Garhi New Delhi, Ekta Enclave, New Delhi, West Delhi, Delhi	India
S1-524674887	Express Security Holdings	143 Lake View Drive, Coalmont, TN	US
S1-998646782	Professional Equity Collective	9419 Harvest Lane, Perry Hall, MD	US
S1-938291799	Filip Telecom of Little Rock LLC	6415 Juniper Road, Little Rock, AR	US
S1-667655679	60/68 Aspac Inc	5946 Elkahatchee Road, Alexander City, AL	US
S1-298791122	United Energy Private Limited	Kh 10/18 Street-6, Bawana Road Prem Colony, Narela, New Delhi, Delhi	India
S1-229862838	Desert Animal Hospital	1208 Calhoun Street, Rock Hill, SC	US
S1-277782898	Vidal, Williams & Bolton	1305 Cass Street, Wabash, IN	US
S1-804103653	J 6 Q Cleaning LLC	651 Church Street, Salem, AR	US
S1-498759306	Timber, LLC	6232 Conrad Street, Louisville, OH	US
S1-797740846	Plumbers Union Local No 701	5400 Porter Avenue, Fl 0, Wichita, KS	US
S1-437706824	Shiva Ventures Private Limited	Vill & P.O - Bharatpur, Murshidabad, West Bengal	India
S1-104247440	Nandlal Polytechnic	E-363 T/F Greater Kailash Part-2, Delhi, New Delhi, Delhi	India
S1-432066310	C & V Wellness LLC	7050 Shull Road, Huber Heights, OH	US
S1-971328003	L D Hernandez Home Inc.	13615 Steven Court, Tigard, OR	US
S1-230905289	Anchor Freight Dynamics LLC	715 6th Street, Marietta, OH	US
S1-441944985	Aditya Builders Private Limited	301, Platina, Plot C-59, G Block, Bandra Kurla Complex, Bandra (E), Mumbai, Maharashtra	India
S1-288723011	Eadie's Towing	1854 Wetmore Road, Tucson, AZ	US
S1-873864694	Gujarat It Private Limited	Plot No 27, Vikas Nagar Osamnpura, Aurangabad, Maharashtra	India
S1-898909444	Davison Quetta, Inc	7315 Blue Sage Drive, Dallas, TX	US
S1-479453976	Mumbai Resorts Pvt Ltd	Plot No 87 Gr Floor Crest House Flat 1 Shere Punjab Col Andheri East, Mumbai, Mumbai City, Maharashtra	India
S1-3779133	Colonial Preparatory Academy Inc.	88 Bayberry Road, Kingston, RI	US
S1-801231498	Precision Automation Innovations LLC	6516 Cameron Avenue, Village Of Vesper, WI	US
S1-64289866	Unitech Traders Pvt. Ltd.	No.88A, Kpn Complex, Cuddalore Road, Panruti, Cuddalore, Tamil Nadu	India
S1-868407648	Digital Analytics Solutions PLLC	216 Widaustin Drive, NC, Winston-salem	US
S1-839903034	Eklavya Engineering Limited	Of N.D-206, Ff, Shanti Shopping Center, Thane, Maharashtra	India
S1-974432873	TC Productions Private Limited	Jaipur, Rajasthan, 23 Ka 3, Jyoti Nagar Housing Board, Jaipur	India
S1-721387440	Mist International Limited	1128, Sector-C, Pocket-1 Vasant Kunj, Delhi, South Delhi, Delhi	India
S1-394649656	HHK Biotech PLLC	223 Kickapoo, Hartford City, IN	US
S1-565615052	Sirius Averin PC	1218 Ordnance Road, Ankeny, IA	US
S1-356370699	Anchor LLC	281 200, Decatur, IN	US
S1-484177862	Frontline Consultancy Private Limited	16A, Adarsh Nagar, Udaipur, Rajasthan	India
S1-831943853	Gird Software Pvt. Ltd.	3131 Shakuntala Puri, Darpan Colony, Gird, Gwalior, Madhya Pradesh	India
S1-516258518	Cure Auto Body!	9303 Southwood Drive, Dinwiddie County, VA	US
S1-560357615	Orelia Hess News LLC	402 Marsh Pond Road, Sanford, NY	US
S1-314935511	Pacific Clean Fortress Inc	OH, 16460 Chamberlain Road, Grafton	US
S1-77322469	Alien Engineers Private Limited	At- Durgaprasad, Infront Of Sakuntala Petrol Pump Post/Dist- Nayagarh, Nayagarh, Orissa	India
S1-412238656	Marketing Telecom India Private Limited	No. B1, Sraddha Maple Manson, 3Rd Main Road, Ashwini Layout, Ejipura, Bangalore, Karnataka	India
S1-618432371	Continental Centurion LLC	8780 Peoga Road, Trafalgar, IN	US
S1-766867046	Total Seed Ltd	301, Raikar Chambers, Deonar Village Road, Govandi East, Mumbai, Mumbai City, Maharashtra	India
S1-62127650	Vision Clinic Inc.	3111 Pine Heights Drive, Bldg 3, Atlanta, GA	US
S1-802226322	Warrensville Family Fellowship	205 B C Hunter, Warrensville, NC	US
S1-671753771	Colonial Choice Term	6024 Igloe Drive, Unit UNIT 604, Lynchburg City, VA	US
S1-688258410	Glyphola Advanced Care	12815 Post Oak Road, Fl 0, Saint Louis, MO	US
S1-422788098	First Chapel	672 Stewart Avenue, Streetsboro, OH	US
S1-606752803	Vanteus Voya LLC	722 Laguna, Irving, TX	US
S1-255085362	Soreva Dte	46111 Fessenden Terrace, Loudoun County, VA	US
S1-788674968	Liberty Beacon Long LLC	6016 Cornelia Avenue, Chicago, IL	US
S1-493077122	Cissiee T. Townsend, D.D.S.	9038 Cumberland Avenue, Unit GE, Niles, IL	US
S1-794765885	Jai Ventures Private Limited	Haryana, Hisar, H. No. 128-E New Model Town Extension, Hissar	India
S1-915804324	Gold Producer Private Limited	C-2-6, Hari Om Chsl, S.V. Road, Borivli (West), Mumbai, Mumbai City, Maharashtra	India
S1-26324496	J K Taylor Farms	127 Bobby Lane, De Queen, AR	US
S1-828872105	Guntur Trading Private Limited	H No: 25-17-117/A, 10Th, Line, Srinivasarao Thota, Guntur, Andhra Pradesh	India
S1-512476718	First Plantation Private Limited	63, Shivansh Vely Extention, Ujjain, Madhya Pradesh	India
S1-791740807	Rsk Softwares (India) Private Limited	Unit No.8, E-5A, Asmeeta Textile Park, Additional Kalyan-Bhiwandi Road, Kongaon, Thane, Maharashtra	India
S1-572879295	Srinath Trading	Flat No. C-2407, Sargam, Nanded City, Pune, Maharashtra	India
S1-104033501	Parr, Ema, MD	5859 Oxford Street, Indianapolis, IN	US
S1-534242124	Lakshmi Exports	Fl No 409 Gera Gard, Koregaon Park, Pune City, Pune, Maharashtra	India
S1-250912078	Midwest Anchor Jones Inc	804 Angier Avenue, Unit 144, Durham, NC	US
S1-25407801	Meridian Academy	Basement 1, Central Delhi, Flag Staff Road Civil Lines, Delhi	India
S1-548479760	Percival Nano Inc	8 Monongahela Drive, Cherokee Village, AR	US
S1-575697703	Kial Davidson Charles P.C.	110 Creek Court, Smyrna, TN	US
S1-420886656	Mba College	Jamuna, Darshan, Natakwala Lane, Mumbai, Borivali West, Maharashtra, 103 A-Wing	India
S1-532333991	Shelba Moore Signature Estate	8637 Wayne Road, Wayne, OH	US
S1-776828242	Fortune Classic Ventures LLP	S 20, Ah No. 4 Lg House, Uttan Village, Bhayandar West, Near Uttan Bus Stop, Thane, Maharashtra	India
S1-450981747	Velma Gallegos Accounting LLC	6745 700, Lafayette, IN	US
S1-302820121	Pediatric Dental Physicians	702 Clayton Drive, Clarksville, TN	US
S1-942695566	Miller Silver Term, LLC	213 4th Street, Bellevue, ID	US
S1-690016383	Burgin Federal Fitness LLC	148 Walnut Glen Drive, Springfield, IL	US
S1-39905460	Pioneer Staffing Digital P.C.	340 Grafton Street, Worcester, MA	US
S1-83460495	Onkar Medical Centre LLP	Innov8, Tower A, 5Th Floor, Mantri Commercio, Kariyamna Agrahara, Bangalore South, Bangalore, Karnataka	India
S1-134568851	Christabel's Technologies Inc	1864 Merritt Street, Nashville, TN	US
S1-869440457	Herrera Reliable Universal	935 Providence Avenue, Fl 0, Saint Louis, MO	US
S1-466005341	Asia Welfare Society	Maharashtra, Mumbai, 504 Vishwananak Chakalaandheri East, Mumbai	India
S1-50547903	National Center Inc.	16831 134th Street, Arlington, WA	US
S1-786064106	Platinum United Cayman, PC	909 Edgebrook Drive, Houston, TX	US
S1-495958177	LS Builders Private Limited	Building No. 108 A, Yozna No. 38, Lakhanpur, Vikas Nagar, Kanpur, Uttar Pradesh	India
S1-351343261	Sykes and Lynch Spacsphere LLC	340 Sentry Lane, Upper Merion Township, PA	US
S1-565314063	Cinder Stellar, Inc	17772 Lasswell Drive, Canton, MO	US
S1-965430700	Prince, Barker & Abrams Crescent LLC	7536 Derby Road, Peoria, IL	US
S1-504617733	Genovera Hoel Liberty Columbus	Winston-salem, 451 Staffordshire Road, NC	US
S1-981406315	Om Dream Infra Limited	Shop No 11 Casablanca Hsg.Socjesal Park Bhayander East, Thane, Maharashtra	India
S1-527258742	Cruz Dpc LLC	17631 Goose Creek Road, Olney, MD	US
S1-478273682	Caldic Ashford	191 Camp Ground Avenue, Whiteville, NC	US
S1-341220223	Hutton Nevada LLC	520 Main Street, Endicott, NY	US
S1-291957471	Grit Chits Private Limited	Plot No. B-23, 03Rd Floor, Block-B, Sector-62, Noida, Noida, Gautam Buddha Nagar, Uttar Pradesh	India
S1-894265313	Vaayuiya Hospitality Pvt. Ltd.	Perambakkam, Mappedu Village & Post Arakkonam Main Road, Thiruvallur, Tamil Nadu	India
S1-669049663	Aditya Business	No.108/64, Arinian Streetchotholic Centre Ii Floor, Chennai-1, Ii Floor, Chennai-1, Tamil Nadu	India
S1-461366808	Balaji Hospitality Private Limited	C/O Sri Babita, Bhagwat Nagar, Bahadurpur, Sampatchak, Patna, Bihar	India
S1-112964588	Data Intelligence Studios LLC	2303 Barbour Road, VA, Fairfax County	US
S1-615081105	Literacy Beacon Alliance Inc	500 I257 University Parkway, Bldg University Parkway Apts, Yakima, WA	US
S1-634888581	Cardiology Frontier Group	15 Myrtle Avenue, Cambridge, MA	US
S1-936139204	Unnatti Plantations Private Limited	31, Chowringhee Road, Cal-16W.E.F.03.07.2000, Kolkata, Kolkata, Howrah, West Bengal	India
S1-116138962	Murray Baptist Golden Services LLC	2368 121, Murray, KY	US
S1-666181482	Fragrance Media	Maharashtra, 601, Mickey Sq., 28 B1 To 14 Of Vlg, Kon, Andheri (E) Rd No.7, Marol Midc, Mumbai	India
S1-771764055	Cure Pilates!	Barnstable, 568 Main Street, MA	US
S1-90776136	Integrated Delta Aviation	11 Charnley Avenue, Hope Valley, RI	US
S1-23568566	Dougherty Cable Inc.	2436 Arbor Drive, Round Rock, TX	US
S1-658063260	Urology Superior Center Inc	878 Cameron Bridge Drive, Unit Unit 12, Town Of Lincoln, WI	US
S1-576875822	Trista Holman Architecture Inc	331 Shady Rock Lane, Ofallon, MO	US
S1-12240913	Gabor, Smith and Jones LLC	301 Wieland Avenue, Ellinwood, KS	US
S1-275704362	Clyic Lng L.L.C.	NC, 231 Epworth Street, Concord	US
S1-852714950	Al Food Private Limited	Godhavari Street Chinmaya Nagar, Chennai, Tamil Nadu, Stage 1, 127/1	India
S1-903388357	Future Products Private Limited	160/1, S1 A Block Vgn Mahalakshmi Nagar Perumalagaram, Chennai, Tamil Nadu	India
S1-412668751	Soliq Pgim LLC	Rio Rico, AZ, 543 Ramanote	US
S1-879327558	Breaux Bay Roman LLC	1127 Meadow Lane, Portsmouth, OH	US
S1-459424829	American Thunder Corp	917 State Road, Fairview, OK	US
S1-615444448	Lumari Chesapeake L.L.C.	183 Silver Sage Road, Vernon, UT	US
S1-175726326	Smith, Duncan and Johnson Inc	2633 Bridgehampton Court, Unit 1209, Raleigh, NC	US
S1-579840449	Beth Baptist Church	Lakewood, OH, 14974 Delaware Avenue	US
S1-796090364	Caon Inc	OH, 3801 Magnolia Drive, Brunswick City	US
S1-312338784	Pooja (India) Green Pvt Ltd	629 Guzdar Houseground Floor J S S Road Near Princess, Mumbai, Maharashtra	India
S1-427287372	Dermatology Specialists of San Bernardino	6155 Palm Avenue, Unit UNIT 306, San Bernardino, CA	US
S1-492451157	Choice Mercury LLC	5416 Matts Lane, Spokane, WA	US
S1-282307278	Beacon Graf LLC	4010 Mountain Drive, Monroe, NC	US
S1-687792618	Thane Auto Private Limited	C-210, Ostwal Avenue, Ramdev Park Road, Beh Akash Nidi Complex, Mira Road East, Thane, Maharashtra	India
S1-352195689	Cape Diana Group	15615 Everglade Lane, Unit 303, Bowie, MD	US
S1-7109116	HZY Manufacturing Pvt Ltd	793/1/1, Shantikunj, Behind Hima Van Near Paldi Char Rasta, Ellisbridge, Ahmedabad, Gujarat	India
S1-737248158	Hulen Pegasus	1038 Bowen Court, Atlanta, GA	US
S1-790338211	Ardenia Jackson Strategic Solarius PLLC	8111 Ward Parkway, Kansas City, MO	US
S1-58639745	Parshuram Marketing Private Limited	Plot No. 52, 3Rd Main Road, Yeshwant Nagar Extension, Madambakkam, Chennai, Tamil Nadu	India
S1-833393452	Maa Agro Private Limited	Thane, Maharashtra, 503 5Th Floor Sambhav Infra Tech Pvt. Ltd. Plot No. B 5 Midc Thane Industrial Area, Thane West	India
S1-481897571	Buvous LLC	3290 Kirby Avenue, Oskaloosa, IA	US
S1-45877379	Safe Auto Sales	4952 Almandine Avenue, Virginia Beach City, VA	US
S1-748048943	Best Global Electrical	9114 Bakerton Road, Red Boiling Springs, TN	US
S1-387987265	Strategic Property Advisors	2123 Geranium Avenue, Saint Paul, MN	US
S1-506179015	Edifice Hi Private Limited	Shop No. 9, Gf, Tower B, Motia Royal Business Park, Rajpura, Mohali, Punjab	India
S1-663125440	Vision Estate	Shop No 2 3 70 69 2 N/R Post Office Triple A Sports Wear Amber Pet, Hyderabad, Telangana	India
S1-783974169	Strategic First Auto Repair	117 Montgomery Place, Lincoln, ND	US
S1-742346129	Cothran Biomedical Center	2823 Irene Street, Ponce De Leon, FL	US
S1-892547234	Sisoft Inc	449 Gettysburg, Coatesville, IN	US
S1-648534492	Systech (India) Malleables Private Limited	No.27, 5Th Main Road Srinivasa Nagar, Puthur, Tiruchirappalli, Tamil Nadu	India
S1-452158924	Raven Sizzle, Inc	210 Arlington Boulevard, Greenville, NC	US
S1-7903850	Pitampura Sons	No -6, Dipni Apartments Road No-44, Pitampura, Delhi	India
S1-16039645	Serve Services	No.4/2, Flat No. Gf-2, T.G.Solitaire, Nyanappanahalli Main Road, Near Govt. Sc, Hool, Bangalore, Karnataka	India
S1-321966281	Kania Superior Coinshares Inc	11 Lynn Road, Essex, CT	US
S1-919545795	C 5 All Pantages LLC	521 Chase Avenue, Lombard, IL	US
S1-161444176	Saunders Horizon Development Inc	18 Indian Meadows Drive, Unit 310, Round Rock, TX	US
S1-335432040	Ambala Social Limited	1St Floor, 100 Mall Road Ambala Cantt, Ambala, Haryana	India
S1-875135507	TJI Elite LLC	19383 Kailey Way, Noblesville, IN	US
S1-310099895	Ear Nose & Throat Health P.C.	529 Pine Tops Road, Murfreesboro, NC	US
S1-745901363	Almire's Rocky Printing	842 Skycrest Court, Ventura, CA	US
S1-477262705	Green Agro Private Limited	Flat No. G-2, Ground Floor 1036, Chandra Nagar, Pokharpur, Jajmau, Kanpur, Uttar Pradesh	India
S1-28479282	Preferred Stardust LLC	8951 Fuller Road, Unit #3, Happy Valley, OR	US
S1-895475974	Walls Services Private Limited	Shreenath Enclave, Shrihari Kute Marg, Near Ketkar Brothers, Mumbai Naka, Nashik, Maharashtra	India
S1-888004879	Nosao L.L.C.	2546 Rose Hill Road, Millbrook, AL	US
S1-392791644	Desert Committee IV LLC	3132 Hill Lake Drive, Bartlett, TN	US
S1-345555710	Producer Sangameshwar Yamuna Pvt Ltd	Flat No.701, B-Wing, Shankar Complex Ii, Kalyan, Thane, Maharashtra	India
S1-190911918	Red Deli LLC	73 Townhome Terrace, Brockport, NY	US
S1-351121168	Sai Systems Pvt Ltd	Nashik, Plot 26 Asawani Hsg Soc, Samangaon Road Nashik Rd, Nashik, Maharashtra	India
S1-105193449	Norina L. Hoque, M.D.	8418 Clough Road, OH, Cincinnati	US
S1-628650073	Sigrid Cardona Australian	23 Choate Road, Unit 2, Belmont, MA	US
S1-807823271	Mckinney Community Chiropractic Inc	8401 Casita Drive, Mckinney, TX	US
S1-60534235	Omkar Fashions Group	B-3401, Floor-34Th, Plot-Cs No 77, B-Wing One Avighna Park, Curry Road, Parel, Mumbai, Mumbai City, Maharashtra	India
S1-168544427	Hsk (India) Corporate Private Limited	58, Ideal Indl. Estate, 2Nd Floor, Mathuradas Mills Compd, Lower Parel, Mumbai, Maharashtra	India
S1-64633481	Healthcare Aisha Developers Limited	C/O Dr. Pramod Kumar Gupta House No. 14, Vill.- Narai Bandh, Mau Na, Th Bhanjan, Mau Nath Bhanjan, Uttar Pradesh	India
S1-344735605	Ekdant & Co	Office No.61, D Plot 17/18, Sector 11, Gautam Complex, Cbd, Belapur, Thane, Maharashtra	India
S1-512260486	Deol Traders Private Limited	594, Anna Salai, Teynampet, Chennai, Tamil Nadu	India
S1-484751252	Custom Realty Technologies, Inc	Muskogee, 305 O Street, OK	US
S1-439738576	Peace Commercial Center	12605 Ellie Avenue, Marana, AZ	US
S1-770979730	Wandie Caito Catalyst, Inc	999 Read Street, Unit 406, Attleboro, MA	US
S1-25484030	Springfield Ampercap LLC	94 Granby Street, Springfield, MA	US
S1-735758687	Vale C. Bell, D.O.	50 Rufous Ridge Road, Chama, NM	US
S1-679187989	Lakshmi Healthcare	Sector 7-D, Faridabad, Faridabad, H.No.1195, Haryana, Ballabgarh	India
S1-181795444	Big Hair Studio	70 Forest Park Avenue, Billerica, MA	US
S1-673682986	All Software Private Limited	E 53 Lenyadri-1 Chs Ltd Pl-8And 9, Sector 19A Nerul, Thane, Maharashtra	India
S1-97078101	Akaay Creations Pvt. Ltd.	Flat No.749, Pocket-C, Block-B.T/F Lok Nayak Puram, Bakkarwala, New Delhi, West Delhi, Delhi	India
S1-26132899	FV Choice Texas	3044 Ethan Lane, Raleigh, NC	US
S1-667391135	Good Products Private Limited	9, Merry Life Apartmentsdoctor'S Colony Peda Waltair Visakhapatnam-530 017., Visakhapatnam-530 017., Andhra Pradesh	India
S1-787122830	Doughty Royal Encore	1446 Rockingham Place, Unit APT H, Indianapolis, IN	US
S1-499713769	Glyphyn Rain LLC	Seneca, 11099 Fairview Church Road, SC	US
S1-832659324	Jillson Smart Supply Inc	5448 Hagemann Pointe Drive, Saint Louis, MO	US
S1-226592203	Givens Summit Care LLC	672 Murlark Avenue, Salem, OR	US
S1-778772361	Cevaque Corp	1711 Hickory Lane, Greenfield, IN	US
S1-309881392	Vacaville Scholarship Federation Company	357 Neil Street, Vacaville, CA	US
S1-658353023	Pediatric Dentistry Associates of Zebulon Inc	720 Chandler Stone Drive, Zebulon, NC	US
S1-225622495	Lotus Tech Private Limited	Gujarat, Shed No.2, Shivdhara Ind Estate, Opp Gangotri Estate, Daskroi, Ahmedabad	India
S1-222772530	EH Piedmont Mitsui Inc.	1844 Alta Vista Road, Phoenix, AZ	US
S1-316584423	Dfi Knit Private Limited	205 Emca House289 S B Singh Road, Mumbai, Maharashtra	India
S1-607794541	Vivek Expressions Private Limited	201, 8-2-684/1/2, Road No. 12, Banjara Hills, Hyderabad, Telangana	India
S1-144234982	Indo Global Private Limited	1106/8, Maharashtra, Pune, Budhwar Peth Rameshwar Chowk	India
S1-577587481	Iri Enterprise	P 21 South Extention Part 2, South Delhi, Delhi	India
S1-471631936	Sanchez Bancorporation Group	3410 14th 1/2 Street, Terre Haute, IN	US
S1-540547589	Pioneer & Brothers Private Limited	Shivnarayanpur Bhagalpur Kahalgaon Main Road, Bhagalpur, Bihar	India
S1-837273094	Behavioral Health Care Associates Inc	634 Oakwood Trail, Painesville City, OH	US
S1-329256100	Parihar & Co of Ghaziabad Private Limited	A-1502, Block-A, Gaur Cascade, Ghaziabad, Uttar Pradesh	India
S1-364372700	Reddy & Brothers Private Limited	406 4Th F, C-Wing Pramukh, Plaza Chakala Andheri E, Mumbai, Maharashtra	India
S1-928398296	Corner Barbershop	28370 Mcgraw Avenue, Wilsonville, OR	US
S1-757279902	Karil's Fashion LLC	1910 Breese Avenue, Muscatine, IA	US
S1-537950608	Lyric Octave Inc	201 Center Street, Unit 218, Mebane, NC	US
S1-314964815	Caldan Jaws	2603 Mccord Road, Valparaiso, IN	US
S1-126284176	Krishna & Brothers Associates	2506 Sector 23, Gurugram, Gurgaon, Haryana	India
S1-720703255	Fresh Engineering Technologies LLC	24 62nd Avenue, Tacoma, WA	US
S1-510679457	Amicable Hospital	M-6, Income Tax Colony Durgapura, Jaipur, Rajasthan	India
S1-152387653	Baba Developers Private Limited	Burdwan, Near Dhalasadhur Battala P.O. Sripally, West Bengal, Baranil Pur, Bardhaman	India
S1-727861169	Rabriex LLC	2048 Newton Way, Portal, AZ	US
S1-478428017	Peelamedu Coimbatore Farmers Private Limited	Coimbatore, Old No 9A New No 82Nd Street Shree Balasubramaniam Nagar, Peelamedu Coimbatore, Tamil Nadu	India
S1-562369881	Kathiawar & Sons Private Limited	B 1602 Elitra, Casa Bella Gold, Kalyan Shil Road, Dombivli East, Thane, Maharashtra	India
S1-819869247	Smith Endocrinology LLC	675 Delaware Avenue, Buffalo, Unit Suite 407, NY	US
S1-120675267	Keep Snacks Public Limited	414, Mahadev Mandir, Kumathe, Tasgaon, Sangli, Sangli, Maharashtra	India
S1-796227710	ZQC Capital Law Group Clinic	Shelton, 125 Nells Rock Road, CT	US
S1-753915392	Mutual Apparel Systems LLC	1670 Summer Run Drive, Unit UNIT 11, Florissant, MO	US
S1-678764927	Ram Energy Private Limited	1, Ground Floor, 12 Ganga Das Wadi, Babulnath Road, Babulna Th, Mumbai, Maharashtra	India
S1-991971907	Natural Builders Limited	No. 677, 1St Floor, 27Th Main 13Th Cross Road, Hsr Layout, Sector 1, Bengaluru, Bangalore, Karnataka	India
S1-366817082	Interstate National Redwood LP	508 Main Street, Cumberland, IA	US
S1-745206071	Zineva Premier Crown Care	40 Belmont Street, Unit 907, Worcester, MA	US
S1-931851119	Advanced Payment Collective Inc	3861 Ivanhoe Avenue, Cincinnati, OH	US
S1-186995925	Pinnacle	5950 Harff Road, Greenfield, MN	US
S1-143447785	Electronic Academy	1, Floor-Grd, Plot-36, Datta Niwas, Maruti Mandir Marg, Durgadevi Udyan 5Th Kumbharwada, Gi, Rgaon, Mumbai, Mumbai City, Maharashtra	India
S1-415807845	Singer and Williams LLC	420 Combs Flat Road, Unit 1, Prineville, OR	US
S1-599016878	Cosmic Beverages Pvt Ltd	Kolkata, Ekta Apartments15A Ramesh Mitra Road, West Bengal, Calcutta	India
S1-829499309	Ace Technical Enterprises Company	Wallkill, 36 Juniper Circle, NY	US
S1-163156589	Mach Arc PLLC	20014 Burnett Road, Spokane, WA	US
S1-484398623	American Network	3210 Mulga Loop Road, Birmingham, AL	US
S1-645324127	Jai Investment Limited	7 Safalya Society, Mangalpura Road, Anand, Gujarat	India
S1-439400542	Thane Solutions Private Limited	B904 Alvario Plot No.76, Sector 27, Seawood, Thane, Maharashtra	India
S1-616228905	Ennis Encore	2615 Browntown Road, Snow Hill, NC	US
S1-389627688	Gangva Woollen Private Limited	101, Lake Palace, Shri Adi Shankaracharya Marg, Behind Custom Colony, Powai, Mumbai, Mumbai City, Maharashtra	India
S1-836603705	Anand Hospitality	94/14 Jodbhavi Peth, North Solapur, Solapur, Maharashtra	India
S1-645929525	Ace Diagnostic Collective Care	157 Pohakuloa Drive, Bastrop, TX	US
S1-410156826	One Agro Private Limited	37/35, North West, Village Bakoli, Delhi	India
S1-804485175	Ernakulam Communications Limited	39/147Govind Apartments Kalathiparambil Road, Ernakulam, Idukki, Kerala	India
S1-667897699	Ear Nose & Throat Health	2981 Meadow Ridge Court, Bowling Green, KY	US
S1-697163246	Baroda & Brothers	Survey No. 752 P1, N.H. 27, Near Chordi Village, Gondal, Gondal, Rajkot, Gujarat	India
S1-569980513	Foot & Ankle Group	2114 Austrian Pine Street, IL, Lockport	US
S1-535493413	Nilson and West Inc.	Atlanta, GA, 211 Beverly Road	US
S1-305182367	Surbhi Education Company	North 24 Parganas, Rajarhat, Room No. 201, 2Nd Floor, Ps Aviator, Chinar Park, Biswa Bangla Sarani, Rajarhat, West Bengal	India
S1-686055633	Arman Institute	Unit No F8, 1St Floor, E Wing Plot No. K1, Udhyog Bhavan No 2, Anand N, Agar Midc, Ambernath, Thane, Maharashtra	India
S1-449320523	Rsh Hospital Pvt Ltd	30, Sadullah Street T Nagar, Chennai, Tamil Nadu	India
S1-403908682	Endynix	123 Milford Street, Bowling Green Town, VA	US
S1-803549518	Wightman's Logistics	85 Gay Lane, West Union, OH	US
S1-586514087	Proactive Chemicals Partners	H. No. 1392/A A/P Man, Rajiv Gandhi Infotech Park, Maan Road Hinjewad, Pune, Maharashtra	India
S1-608850791	Sai Shakti Infotech Private Limited	S.No. 270/1 At & Po. Talodh, Bilimora Ta. Gandevi, Dist. Navsari, Gujarat, Bilimora, Navsari, Gujarat	India
S1-886437931	Issy Brown, O.D., PC	3057 Village At The Park Drive, Unit 236, Camarillo, CA	US
S1-206465255	Ordonez Platinum Precious	721 Coast Range Drive, Scotts Valley, CA	US
S1-296078888	Hotel Energy Private Limited	E 31, Yudhistir Chs, Opp N L Garden, Off Link Rd, Nl Complex, Dahisar E, Mumbai, Mumbai City, Maharashtra	India
S1-852297285	International Services Pvt Ltd	T3 Third Floor, Jain Tower Russel Chowk, Jabalpur, Madhya Pradesh	India
S1-920196774	Trujillo All Chadwick of Spring	30311 Emerson Creek Drive, Spring, TX	US
S1-464826391	Aksha Finance (India) Private Limited	Lucknow, Uttar Pradesh, Lucknow, Dipti Khera Para, C/O Durge Singh	India
S1-985371951	Knupp Highland Alpex Corp	31 Crisafulli Drive, Colonie, NY	US
S1-82868974	Tri-State Association	4 Evelyn Street, Unit Apartment 2, Amsterdam, NY	US
S1-28172315	Karl Home Care L.L.C.	180 Hooks Lane, Cookeville, TN	US
S1-697883146	Etienne American LLC	818 Graves Street, Knoxville, TN	US
S1-262111072	Express Jones Inc	4745 Madison Avenue, Trumbull, CT	US
S1-807822949	Schumacher Equity Partners LLC	30 Silver Street, Randolph, MA	US
S1-556461362	Raigarh International Private Limited	Raigarh, Flat No-801, Shreekrupa Bldg, Plot No 71 Navjivan Hospital, Sector 21, Kharghar, Mumbai City, Maharashtra	India
S1-543658046	Dobson, Marchese & Trader Inc.	94 Church Street, Rutland City, VT	US
S1-75813390	Profitt Hartford LLC	7681 3217, Clyde, TX	US
S1-871610122	Shiva Media Private Limited	Shop 113 Indraprastha Shopping Centre Pre Ch S V Road, Borivali W, Nr Borivali Stn, Mumbai, Mumbai City, Maharashtra	India
S1-915947994	Akashdeep Charitable Trust	Fourth Floor, Near Mangal Bazar, Dilshad Garden, E-190, Delhi, East Delhi, New Delhi	India
S1-511951860	Unique Management Pvt Ltd	Room No. 101, 3Rd Floor 18 Netaji Subhas Road, Kolkata, Kolkata, Howrah, West Bengal	India
S1-310742662	Platinum Value Quasaredge Inc.	430 Walker Springs Road, TN, Knoxville, Unit 4111	US
S1-589812469	Maid Tavern	1566 Quarrier Street, Unit APT F, Charleston, WV	US
S1-173391149	North United Global Pvt Ltd	221 - Krishna Platinum, Near Anandvan Flat, Anand Sojitra Road, Anand, Gujarat	India
S1-520284729	Martinez, Edyth W., M.D.	245 Grape Street, Unit 1, Medford, OR	US
S1-138437594	Articulate Exim Private Limited	H.N. 86/1- B, Ward No. 13 Gadhiya Gaon, Thana Prem Nagar, Nagra, Jhansi, Uttar Pradesh	India
S1-458873102	Diya & Brothers Pvt Ltd	T-2/701, Parsvnath Tropicana, Timarpur, Delhi, North Delhi, Delhi	India
S1-191487724	Vishakha Group	N-32/N1/23/5, Front Of Uncle Shop Cidco, Nashik, Maharashtra	India
S1-601490567	Dermatology Partners Corp	514 Wicomico Street, Salisbury, MD	US
S1-287444916	Adittech Handicrafts Pvt. Ltd.	Jaipur, Rajasthan, Jaipur, A-145 Drilling Today House Lehri Marg, Shiv Puri Airport Road Sanganer	India
S1-523805455	Snug Institute	D 2-9 Shrinagari Socy, Maharashtra, Pune, Maval	India
S1-840875746	Smart Developers Private Limited	Plot No. 75, Control, Amravati Road Wadi Main Road, Nagpur, Maharashtra	India
S1-350770570	Meenakshi Sahyadri Private Limited	9439/10, Multani Dhanda, Pahar Ganj, New Delhi, Delhi	India
S1-938927122	Nguyen Rockwool of Washington	Washington, DC, 411 Atlantic Street, Unit 4	US
S1-869563529	Fernando Global Corp	5224 11th Court, Renton, WA	US
S1-27881614	Wildlife Trust Corp	306 6th Street, Rugby, ND	US
S1-313192349	Buex	1340 Wyatt Avenue, Stayton, OR	US
S1-32506152	Stewart Dpc Inc	129 Memorial Drive, Orange, MA	US
S1-354879776	OS Resolution	322 Shepherd Avenue, Brooklyn, NY	US
S1-934186485	Zais Signature Money	446 Cony Road, Chelsea, ME	US
S1-344061820	MJM Solid	5709 Lovers Lane, Dallas, TX	US
S1-475175648	Great Trust of Mokena Inc	9231 Arquilla Drive, Mokena, IL	US
S1-692324499	Best Strategic Park Inc.	189 Kinnikinnick Road, Coal Run Village, KY	US
S1-635380596	Coimbatore South Mediatech Pvt Ltd	No: 155, Nehru Nagar, Coimbatore South, Coimbatore, Tamil Nadu	India
S1-790244610	Moore Travel Inc	98 High Valley Drive, Chesterfield, MO	US
S1-965123342	Northwind LLC	7844 Culloden Crest Lane, Prince William County, VA	US
S1-563752846	Peak Obic	2400 Mcgraw Street, Seattle, WA	US
S1-41335111	Pratt & Hollman, LLC	3811 Bee Cave Road, Austin, TX	US
S1-985239160	Urgent Care Center Care	604 Fanning Street, Sheridan, IN	US
S1-811356093	Physical Therapy Specialists LP	10 Minnezona Avenue, Unit 2069, Phoenix, AZ	US
S1-889411573	Digital Services LLP	403, Om Ganesh Darshan Chs, 90 Feet Market Road, Kandivali West, Mumbai, Maharashtra	India
S1-608661226	Bangalore Films Pvt Ltd	No. 418, B 3 Tower, Yamuna Block Ngv Koramangala, Bangalore, Karnataka	India
S1-227991364	Tippit Legacy Babcock Inc.	803 Bittner Road, Yakima, WA	US
S1-687945635	United Software Pvt Ltd	18 C New Elco Arcade, 1St Floor 46 Hill Road Bandra (W) Bhd Elco Pani Pu, Ri Centre, Maharashtra, Mumbai City, Shop No. 9 & 10, Mumbai	India
S1-690940323	Midwest League	9509 Covington Place, Prince William County, VA	US
S1-922510021	Advance Traders Pvt Ltd	Showroom No. 281-B, Sector D, Defense Colony, Ambala, Haryana	India
S1-601737875	Marketing Pooja Dyeing Limited	2044/ 6 Chuna Mandi, Delhi, Pahar Ganj, New Delhi	India
S1-999186494	First Products Private Limited	B-3-714, Milan Heights, Near Agrawal Public School, Indore, Madhya Pradesh	India
S1-520869195	Lee Preferred Ship Inc	6915 Winchester Avenue, Chicago, IL	US
S1-373646933	West Water LLC	8524 Torreon Street, Dallas, TX	US
S1-250060348	Lynx Inc	4915 Keck Road, Lockport, NY	US
S1-746689244	Dream Finance Limited	Jandiali Road, Village Buddhewal Adjoining Chandigarh Road, Ludhiana, Punjab	India
S1-696925915	Big Nails	530 4th Street, Carlisle, IA	US
S1-988781904	Quality Advanced	8449 Bowline Road, Tucson, AZ	US
S1-403887464	Digital Tech Marketing Pvt Ltd	Rohtas, Bihar, Ps - Dawath, C/O Azad Khan Village & Post Babhnaul	India
S1-483229948	Harris Twelve LLC	711 Martin Luther King Jr Boulevard, Portland, OR	US
S1-517921301	Gold Consulting Pvt Ltd	476, Expression Satyasha, Front Of Yamaha Showroom Bailey Road, Rukanpura, Patna, Bihar	India
S1-704356609	Modern Textile Pvt Ltd	Panch-Araila Vill- Araila, Block Hanuman Nagar, Darbhanga, Bihar	India
S1-469751065	Aquino Rapid Amplify	5133 Victoria Drive, Baton Rouge, LA	US
S1-673172596	Sheel Service Limited	1205 Hatwara Main Road Talbehat, Talbehat, Lalitpur, Uttar Pradesh	India
S1-449415761	Nagavi Marketing Private Limited	Fl No Sk 16-2, 16, Flr Paramount Towers Shree Rama Panorama Hil Yendada, Visakhapatnam, Vishakhapatnam, Andhra Pradesh	India
S1-283218479	Oncology Frontier Center	3611 Marsh Creek Road, Raleigh, NC	US
S1-912051490	VCT Heritage Robotics Partners	509 Harr Drive, Midwest City, OK	US
S1-694474669	P/J British LLC	10300 Cardigan Drive, City Of El Paso, TX	US
S1-139929351	Holub Logistics of Columbus	359 Harland Drive, Columbus, OH	US
S1-465449390	LJR Multimedia LLC	612 West Street, Shelbyville, IN	US
S1-127732901	Lotus Food	D - 66, Ff South City Ii, Gurgaon, Haryana	India
S1-52180337	High International Private Limited	C-503, Nishan Status, Nr.Anand Part Plot, Gst Grossing Road, New Ranip, Ahmedabad, Gujarat	India
S1-225411598	Silver Foundation Private Limited	F-25, Asha Complex, Sec- 18, Lndira Nagar, Lucknow, Uttar Pradesh	India
S1-757634473	Summit	3426 Whistling Wind Way, Village Of Windsor, WI	US
S1-437610205	Sps Fun Private Limited	Bangalore, Ground Floor 7Th Main, 12Th Cross, Btm Layout, 2Nd Stage N.S. Paa, Lya, Karnataka, Bangalore, 78/1	India
S1-530430652	Danni Bond, DMD	9616 Cholla Cactus Trail, Fort Worth, TX	US
S1-409102459	Trader Charities LLC	1726 51st Street, Lincoln, NE	US
S1-317631839	Meyer Alpine	1020 34th Street, Newport News City, VA	US
S1-995327837	Rocky Pampa LLC	5125 Nash Lane, Keller, TX	US
S1-608121054	St. Lutheran Church Clinic	AR, Greenbrier, 39 Valley Meadows Drive	US
S1-755284659	Great Impex Pvt Ltd	101 Sujal, 100 Reverside Dp Road, Off Mhatre Bridge, Patwardhan Baug., Pune, Maharashtra	India
S1-321700308	Timber Group	TX, Stamford, 603 Moran Street	US
S1-901143043	Forge Mountain Inc	3037 Kensington Place, Winston-salem, NC	US
S1-601630534	Capital Tinto Inc.	2717 58th Street, Lubbock, TX	US
S1-182071130	Crystal Metal Works Center	1960 Dunn Road, East Liverpool, OH	US
S1-571509089	Golden Wealth Digital	59-57 54 Street, NY, Maspeth	US
S1-124504306	Berta's Bakery	3074 16th Street, Kansas City, KS	US
S1-805291293	A Grand Estate	12 Stevens Place, Huntington, NY	US
S1-116416875	One Systems Pvt Ltd	Office No 03 Sno16/5/1 Bhargav House Shri Sadguru Niwas Society, Pune, Maharashtra	India
S1-345886467	Lakshmi Products LLP	Milkat No-3556, Gat No.336, Dattanagar, Naigaon Road, Phaltan, Satara, Maharashtra	India
S1-747981237	Calcutta & Brothers LLP	C/O Ram Singh Azad Shahid Amiy Tripathi Nagar, Kasia, Kushinagar, Uttar Pradesh	India
S1-914290213	Chadha Trading Private Limited	Shop No. 107 Abc To 109 City Tower, Dhole Patil Road K Park Pune, Pune City, Pune, Maharashtra	India
S1-547796859	Red Media Limited	437, Pandit Gali, Village Chilla Saroda Bangar Mayur Vihar Phase-I, Delhi, East Delhi, Delhi	India
S1-380324283	Mumbai Win Company	81 Fl Grd, Plt-14G Gafoor, Sheth Chawl 5Th Lane, Mumbai, Maharashtra	India
S1-723350318	Global Food LLP	1-4-22, Ashok Nagar, Sirsilla, Karim Nagar, Telangana	India
S1-374202238	Bonds & Bah LLC	4575 Cascade Drive, Powell, OH	US
S1-268647562	Sun Sree Marketing Private Limited	Office-928, Clover Hills Plaza, Sn 27, Pl-3, Undri Pisoli, Pune City, Pune, Maharashtra	India
S1-457667577	Bright Clean Gladstone LLC	NC, Goldsboro, 4224 70 Highway	US
S1-696229167	Ram It Pvt Ltd	No-62, Plot No 55/56, Shop No-3, Khiwansara Complex Takadgaon Road, In Front Of New High Sch, O, Georai, Bid, Maharashtra	India
S1-152544681	Om Properties Limited	1 Abv Asad Premises 1St Flmilitary Rd Opp Blossom Soc Marol Andheri East, Mumbai, Maharashtra	India
S1-143220570	Chiropractic Group	3 Bixby Court, Rye, NY	US
S1-465704590	CN Technologies Private Limited	B-24, Govind Puri, Ram Nagar Sodala, Jaipur, Rajasthan	India
S1-860100334	Pierson Bitcoin Inc	4910 Lockgreen Circle, Richmond City, VA	US
S1-600977072	Care Hire	D- 801, Vraj Ratna Residency, Vraj Chowk, Simada, Surat City, Surat, Gujarat	India
S1-307470590	Elyssa Aleman Tax Service	8725 Maple Avenue, Hesperia, CA	US
S1-534933246	Rangareddy Pipes Private Limited	H.No. 13-14/15/A/1, Beside Checkpost Arch, Rangareddy, K.V.Rangareddy, Telangana	India
S1-614525698	Real Investment Private Limited	Flat No. 2146, Sec-C, Pkt-Ii Vasant Kunj, Delhi, South West Delhi, Delhi	India
S1-264199499	Alpha Exports Private Limited	S-531, G/F, School Blk, Shakarpur, Near Led Lite, East Delhi, Delhi	India
S1-354950793	Aris City Private Limited	F-129, Dreams The Mall, L.B.S.Marg, Bhandup West, Mumbai, Mumbai City, Maharashtra	India
S1-483858661	Foot & Ankle Center	386 Hickory Hollow Road, Purlear, NC	US
S1-803993962	Galati Signature Aldel LLC	1706 Moon Beam Trail, City Of Appleton, WI	US
S1-688131184	Upper Income LLC	47 Alfred Street, Unit 1, Everett, MA	US
S1-915374189	Bull Hospitality LLC	51 Felton Street, Waltham, MA	US
S1-813512611	1155 Lexington Avenue Partners	8232 Periwinkle Road, Ore City, TX	US
S1-428964474	West Complete Tidewater LLC	10416 Caron Drive, Sun City, AZ	US
S1-146289099	Laninet LLC	4023 Mistissin Lane, Houston, TX	US
S1-720669720	Ratan Real Private Limited	Gut No. 765 C/O Bhaskar Eknath Aware, Aurangabad, Vaijapur, Maharashtra	India
S1-766670002	Primary Care Physicians Inc	6438 Greenview Avenue, Chicago, IL	US
S1-783390837	Berg, Ashby and Mayer	12350 Upper Mar Drive, Humble, TX	US
S1-358487353	Optex Modern Detailing Associates	4154 Tributary Road, Clinton, IL	US
S1-688400306	Sai Consultants Private Limited	G-126, 127 Riico Industrial Area, Sanwad, Fatehnagar, Mavli, Udaipur, Rajasthan	India
S1-214786635	Gusta L. Collins, DO	23314 293rd Place, Black Diamond, WA	US
S1-417716617	Straight Edge Ice Cream	1434 4500, Unit 201, Millcreek, UT	US
S1-646956671	Katherine's Restaurant LLC	NC, 3242 Lewis Farm Road, Raleigh	US
S1-958165274	Great Coastal Steers LLC	32 Mechanic Street, Port Jervis, NY	US
S1-467955625	RB Zip Pvt Ltd	Plot No. - 19/1259, Nuasahi Po-Rasulgarh, Ps-Mancheswar, Bhubaneswar, Khordha, Orissa	India
S1-485377386	Rms Polytechnic Corp	101, Radhika Apartment, Beside Atal Path Indrapuri Main Road Durga Chock Patliputra, Patna, Bihar	India
S1-466052031	MS Immersion Inc	2807 Lookover, Cincinnati, OH	US
S1-551774798	Deese Great Street	Townsend, 4345 Dupont Parkway, DE	US
S1-995232510	Surya Investment Private Limited	No.08, 3Rd Cross, Annaiah Reddy Layout, Bangalore North, Bangalore, Karnataka	India
S1-669111095	Welker, Garcia and Toon Red	6655 Tabby Drive, Huber Heights, OH	US
S1-568232834	Su, Davidson and Shoemaker, LLC	8519 Hunter Creek Trail, Potomac, MD	US
S1-151711549	Silver Engineering Private Limited	Office No. 607, 6Th Floor, Nms Titanium, Plot No. 74, Sector Â 15, Cbd Belapur, Navi Mumbai, Mumbai City, Maharashtra	India
S1-80462075	Heritage Cargo Industries Inc.	Broken Arrow, OK, 1010 Hickory Avenue	US
S1-457526683	Cornerstone Textile Partners	14071 22nd Avenue, Seattle, WA	US
S1-71526817	Mcdonald Mountain Metro Co	106 Dupont Circle, Raleigh, NC	US
S1-758215273	Vaayuora Properties Private Limited	Hno 152/132 Tower, Near Tower Anand Nagar, Huzur, Bhopal, Madhya Pradesh	India
S1-799701136	Lynette Goetz Health	2526 Fontaine Road, Memphis, TN	US
S1-15722045	Dodie Torres United Health LLC	3677 College Road, College, AK	US
S1-386618475	Dental Center LLC	17329 Elk Drive, Orland Park, IL	US
S1-356159151	Shepherd Sunrise PC	1012 Michigan Avenue, Coos Bay, OR	US
S1-552083539	Smart Investments LLP	Maa Kamakhya Bhawan, Bariyal, Morocha, Purnea, Purnia, Bihar	India
S1-208147462	Balaji Business Private Limited	Howrah, 7/1A, Grant Lane 1St Floor, Room # 6, West Bengal, Kolkata	India
S1-937558761	Beacon Drive	173 Cedar Street, Waldron, AR	US
S1-742928801	Shreenath & Brothers Associates	Plot No.5/902, Sector-5, Gomti Nagar Vistar, Lucknow, Uttar Pradesh	India
S1-605257298	Al Exports Private Limited	Room No. 5, Fugawala Compound Quarry Road, Bhandup (W), Mumbai, Mumbai City, Maharashtra	India
S1-608054683	Vest Quality Resilience LLC	1000 Fargo Street, Unit A3, Durham, NC	US
S1-294663690	Luque Medical Center Partners	17507 12, Marmarth, ND	US
S1-889869906	Future Associates Private Limited	Near Bus Stand Raipur Rani, Panchkula, Haryana	India
S1-533860730	Orban Jones Group	1351 Malone Road, Allen, TX	US
S1-40893776	Melisande's Pub	4213 Ralph Road, Chesterfield County, VA	US
S1-834904326	Jai Royal Finance Private Limited	No.16 Dindigul Road, Palani, Dindigul, Tamil Nadu	India
S1-699269224	Chiropractic Partners LLC	195 Broad Street, Unit 1112, Columbus, OH	US
S1-507493328	Youth Institute LLC	123 Main Street, Hendersonville, NC	US
S1-898296930	Cascade Canada LLC	15866 Azalea Avenue, Fontana, CA	US
S1-420123901	Ingram Continental Algonquin	4722 Chase Road, Gresham, OR	US
S1-113284742	Twisted Auto Body Inc	28 Congress Street, Bangor, ME	US
S1-814138276	Wegrow Mechatronics Limited	75, Howrah, Kolkata, Metcalfe Street, Kolkata, West Bengal	India
S1-668838028	Youth Innovation Partners	H.No.-14/6, Kulime Siddanna Garden, Bangalore North, Bangalore, Karnataka	India
S1-872104389	Integrated Robotics Industries	7542 57th Avenue, Glendale, AZ	US
S1-686120950	Urology Care Associates	4851 Kokomo Drive, Unit APT 6012, Sacramento, CA	US
S1-754708195	Bowden Preparatory Academy	16018 40th Place, Seatac, WA	US
S1-423134930	Sepulveda, Sherwood & Ramos LLC	18 Ballou Street, Unit Unit 10, Putnam, CT	US
S1-267427979	Bates and Saha, Inc	513 Cobert Lane, Franklin, TN	US
S1-188142534	Lynne Cannady, D.C.	301 Main Street, Lockhart, TX	US
S1-886381482	Capital Fellowship	West Seneca, Unit Suite 103, 950 A Union Road, NY	US
S1-668211191	Sushma & Sons Private Limited	First Floor, Plot No. 210, Taj Building Dadabhai Nawroji Road, Handloom House, F, Ort, Mumbai, Mumbai City, Maharashtra	India
S1-524463130	Custom Environmental Products LLC	429 Picket Fence Drive, Wentzville, MO	US
S1-1700878	Schwarting Regional Grill	201 Maytubby Street, Tishomingo, OK	US
S1-40464685	Batuk Bone Private Limited	Kerala, Anandeswaram, Chempazhanthy, Thiruvananthapuram, Trivandrum, 9/85, Thiruvananthapuram	India
S1-115925650	A Horizon Invesco Inc	965 Elrod Street, Cleveland, TN	US
S1-199291999	Harur Mansions Private Limited	Dharmapuri, Tamil Nadu, Harur, Raslmptti Villge, No 1/1027 1028 1029 Old	India
S1-376505445	EM Golden Catalyst	211 Garnavillo Street, Anamosa, IA	US
S1-390540104	Miix West	5823 K, Brooklyn, NY	US
S1-3645938	Galaxy Shiv Tech Pvt Ltd	Block-1, Kasan Road, Manesar, Gurgaon, Haryana, 627, Manesar	India
S1-529572382	North Idea Group	229 Dawson Road, Dresden, TN	US
S1-478013489	New Delhi India	A-1/138 First Floor, Safdarjung Enclave, New Delhi, Delhi	India
S1-463580218	Orbari Music LLC	4125 Walnut Street, Kansas City, MO	US
S1-278554941	Means, Perez and Maxwell Inc	223 Monroe Street, Hopedale, IL	US
S1-770186164	Contreras Clear Investments	1013 6th St, Nevada, IA	US
S1-463632386	Sree Energy Limited	C/O. Patolia Pankaj, Maa Gayatri Nagar-2 Bamroli Road, B/H Setu, Godhra, Panch Mahals, Gujarat	India
S1-546266040	Pediatric Dental Center Partners	2150 Infinity Drive, Unit APT 205, Chesterfield County, VA	US
S1-346153742	Satyajeet Group of Companies	Telkamthee Bhumapan Kramank 299 Near Telkamthee T Kalameshwar, Maharashtra, Nagpur	India
S1-442604432	Espinal, Mcgovern & Carlson Lng, LLC	200 Little Water Street, Sharptown, MD	US
S1-576384182	Roff, Reta, DMD	5101 Oliver Grove Lane, Bartlett, TN	US
S1-57886252	Shiv It Private Limited	F-34, 2Nd Floor Village Khanpur, Delhi, South Delhi, Delhi	India
S1-455196441	Ram Consulting Private Limited	36-H Connaught Place, New Delhi, Central Delhi, Delhi	India
S1-8043379	Infrastructure Brand India Private Limited	Villa No 39, Lalitha Bloomfields, Khajaguda, Manikonda, Gachibowli, Hyderabad, Rangareddy, Telangana	India
S1-355103078	Ceify Signature Neuberger	9204 Sugarwood Drive, Cordova, TN	US
S1-76144311	First Israel	1534 Broadway, Seattle, WA	US
S1-593384952	New Dental Associates LLC	1279 Trapp Lane, Winnetka, IL	US
S1-801024193	Qudyne Gaming LLC	2098 Tiger Flowers Drive, Atlanta, GA	US
S1-384661478	Eastern Investment	D-23 Kavi Nagar Industrial Area, Ghaziabad, Uttar Pradesh	India
S1-47302119	Gulmohar Industries Pvt Ltd	E-589, Second Floor, Harijan Basti, Palam Extn, New Delhi, South West Delhi, Delhi	India
S1-505773468	Felix Studios LLC	9820 73rd Street, Unit APARTMENT  407, Tulsa, OK	US
S1-11134943	Ariela Stevens Dynamic Roman LLC	446 Hill St Extension, Berlin, VT	US
S1-539139913	Sky Welfare Society	Flat No 802, Wing A, Floor No 8, Sita Vihar-A L.B. S.Marg, Nr Head Po, Thane, Maharashtra	India
S1-733200418	Cody Blackrock, Inc	321 Sypert Street, Nashville, AR	US
S1-551923966	V & M Hennessy	2480 Security Drive, City Of Oshkosh, WI	US
S1-489262184	VNH Travel LLP	2338 G/F Bazar Chitli Qabar Turkman Gate, Delhi, Central Delhi, Delhi	India
S1-778031827	B 7 Pinnacle Marketing PC	10 Ash Street Place, Cambridge, MA	US
S1-821938041	Hotel Global Private Limited	Unit 101, First Floor, Wing B, Mccia Trade Towers, Senapati Bapat Road, Pune, Maharashtra	India
S1-649771691	O+ Growth	3509 Central Avenue, Nashville, TN	US
S1-394753571	Messner Flaherty Co	1623 Maple Avenue, Berwyn, IL	US
S1-428173050	Visser Keystone Jaws	16428 S Park Avenue, South Holland, IL	US
S1-14062296	Walker Series LLC	CA, 2851 Calle Lumina, Chino Hills	US
S1-685906547	Alpha Impex LLP	H No. 61, 4Th Floor, Block - A, Pocket -1 Sector- 8, Landmark Aggarwal Dharamshalla, North West, Delhi, Rohini	India
S1-267991333	Synix Optimal Plum Corp	10807 Beach Road, Beach Park, IL	US
S1-878558621	Yelle, Beals & Williams Co	Cypress, TX, 19511 Rock Quillwort Road	US
S1-63308426	Complete Trading Technologies	9331 Pigeon Roost Road, Hillsboro, OH	US
S1-900292583	Soa Boral Inc	1021 Rustin Street, Valley, AL	US
S1-817457513	Bridges Harbor Fisheries Inc	2608 2nd Street, Unit UNIT A, Bloomington, IN	US
S1-236532025	27/63 Charter	2214 Talmage Drive, Leland, NC	US
S1-213425077	Innovative Food Limited	Flat No. 06, Ragunandan Appartment, Serve No.134, Banesr Balewadi Road, Ganesh Temple, Ban, Er, Pune, Maharashtra	India
S1-482864874	Scott, Antonio and Hinckley Stone	2204 Rockingham Lane, Decatur, AL	US
S1-620222670	Cyber & Associates Private Limited	Varanasi, Gangapur Police Chauki, Varanasi, C/O Virendra Singh Badi Bari Suichak Gangapur, Uttar Pradesh	India
S1-49738441	Capital Fellowship V	3355 1701, Rusk, TX	US
S1-244911867	Rivers Arrow Care	580 Wessel Drive, Fairfield, OH	US
S1-777436352	First Jose Private Limited	No.80, Vetri Vinayagar Street, Thiruvalleeswarar Nagar, Thirumangalam, Anna Nagar West, Chennai, Tamil Nadu	India
S1-790568390	RSJ Vulcan, Inc	502 W St Catherine St, Unit 3, Louisville, KY	US
S1-856489447	Vck Tools (India) Pvt Ltd	F.No-B-502, Kalyanpur, Kanpur Nagar, 5Th Floor, Imperial Heights, Uttar Pradesh	India
S1-31191175	Red Diner	336 Broomsedge Trail, Unit 122, Chattanooga, TN	US
S1-381931837	Total Liberty Trust L.L.C.	21931 Willow Shade, Tomball, TX	US
S1-59115395	Bright Business Dynamics Inc	2751 Luna Lane, Winterville, NC	US
S1-557388790	Vijay Construction Pvt Ltd	Building No.-788, Y- Block Mangol Puri, Delhi, North West, Delhi	India
S1-918976294	Sai Engineering Private Limited	Plot No. 131, Golf Course, Air Force, Jodhpur, Rajasthan	India
S1-156499490	Chandan Public School Limited	Plot No 17/B, 1St Floor, Patel Industrial Estate, Surat City, Surat, Gujarat	India
S1-221551735	Shree International Private Limited	Unit 101 Ixford Towers, 139/88 Hal Old Airport Rd, Bangalore North, Bangalore, Karnataka	India
S1-992707820	Glenn Vance Signature Pan LLC	5309 Philippi Place, Spotsylvania County, VA	US
S1-181900869	Wildlife Federation	MD, Unit 4A, Severna Park, 360 Magothy Road	US
S1-708208703	Shelton Allied Steers PLLC	Brookhaven, 23 Cheshire Drive, NY	US
S1-289965580	Crenshaw, Spicer & Stgermaine Digital PLLC	9132 Ashley Road, Ashley, OH	US
S1-3304098	Esquivel, Slayton & Hill Trailblazer LP	15824 21st Drive, AZ, Phoenix	US
S1-304110550	Main Street Bike Shop LLC	13052 99th Drive, Sun City, AZ	US
S1-383774989	City My Projects Private Limited	L-94/2 Ff, Saurabh Vihar Jaitpur, New Delhi, South Delhi, Delhi	India
S1-649171571	Trishul Clothing Private Limited	F - 202. S.G. Business Hub, S.G. Highway, Ahmedabad, Gujarat	India
S1-933720643	Orthopedic Supreme Medicine Inc	2232 Kirkland Avenue, Chicago, IL	US
S1-925345541	Stephenie's Auto Sales Inc.	1403 Windsor Street, Unit A, Columbia, MO	US
S1-757404880	Sky Projects Private Limited	Sr No 68 Hissa No 3B/1, Near Pdcc Bank Bank, Pune City, Pune, Maharashtra	India
S1-961186694	HZ World Private Limited	House No. 113G Govind Vihar Baltana, Zirakpur, Mohali, Punjab	India
S1-444895179	Charity Shick Affiliated Inc	10661 Chapel Hill Road, Lakeland, TN	US
S1-799147040	Longshoremen Local 315	51779 Key-bellaire Road, Bellaire, OH	US
S1-44547173	Marketing Personal Pharma Care	C/O - Punyadeo Sah, Vill - Bhagwanpur Tola - Bhagwanpur, Panch - Bhagwanpur, Dhaka, East Champaran, Bihar	India
S1-855802506	Sree Tech Private Limited	35 Swinhoe Lane Ground Floor Kasba, Kolkata, Howrah, West Bengal	India
S1-263330362	Capital Produce, Inc	1636 Brimington Lane, Virginia Beach City, VA	US
S1-530038278	Shivam Power	Villa No 12A, A1 Road, Hill County, Qutubullapur, K.V.Rangareddy, Telangana	India
S1-853557574	Burnette Mitsubishi Inc	30 Gates Street, Holyoke, MA	US
S1-699510675	Kira Dacosta Anchor Muniholdings PLLC	3010 Station Boulevard, Unit C154, Pleasant View, UT	US
S1-511723711	Cedar	Fort Worth, TX, 1713 Wurzburg Drive	US
S1-412828789	Suvidha International Corp	1501, Risland Icon, Madison 1, Dhokali, Thane, Maharashtra	India
S1-986054992	VH Solutions LLP	No.122, 12Th Cross, 4Th Main Road, Vidyaranyapuram, Mysore, Karnataka	India
S1-58439585	Vantelle Engineering, LLC	9005 17 Highway, Vanceboro, NC	US
S1-529507176	Quartz Estate LLC	4814 Beckstein Road, Bellevue, OH	US
S1-421062756	Dynamic Enterprises Limited	F Block, Ground Floor, Shinde Bandhu, Sitaram Building Market Road, Crawford M, Arket, Mumbai, Mumbai City, Maharashtra	India
S1-967000714	Lyrial Generation LLC	360 10, Livingston, MT	US
S1-72731854	Blow and Walker Culture Clinic	4 Capitol Road, Unit 7, Milford, MA	US
S1-238820226	Whatley Chemical of Montgomery LLC	217 Woodland Drive, Montgomery, AL	US
S1-140380408	Peak Realty Union Co	417 Tarragon Way, Unit A, Atlanta, GA	US
S1-309247132	Diamond Aerospace Dynamics LLC	4100 Elizabeth Street, Rockville, MD	US
S1-77081912	Hunger Association	911 Georgene Road, Camdenton, MO	US
S1-612241014	Harbor League IV	313 Goddard Road, Fl 0, Goddard, KS	US
S1-176166063	New Life Methodist Church	1929 Guilford Court, Norman, OK	US
S1-693395422	Horizon	510 19th Street, Sterling, IL	US
S1-176437060	Ss Prime Healthcare Private Limited	No 10 Damu Nagarpuliakulam Coimbatore, Tamilnadu, Coimbatore, Tamil Nadu	India
S1-770201870	Burj Law Chambers Private Limited	C/O Rajkumari Jain, Near Dr. Chetan Jain Futera Ward No. - 2, Damoh, Madhya Pradesh	India
S1-32995133	Jain Solutions Private Limited	39 A, Shri Krupa, Senadatta Society Near Senadatta Police Chowky, Navi Peth, Pune, Maharashtra	India
S1-979810608	Crestline Inc	18129 Saguaro Lane, Surprise, AZ	US
S1-98819481	Rungta Engineering Private Limited	Shop No. 1, Plot No B-36, Vidhansabha Nagar, Dholai, Jaipur, Rajasthan	India
S1-946714311	Delhi North East Solutions Corporation	New-A-164 Old-94 G No-4, Bihare Pur Ext, Karwal Ngr, Delhi North East, North West Delhi, Delhi	India
S1-308350480	Schuh Resorts Inc.	7124 Pebble Falls Drive, Houston, TX	US
S1-170223668	Unique Healthcare Private Limited	E-1204, Park View, Sanskruti, Sector 92, Narsinghpur, Gurgaon, Haryana	India
S1-766435727	DD Computer Private Limited	Flat-102, Block B, Jyothi Enclave, Sardar Patel Nagar, Tirumalagiri, Hyderabad, Telangana	India
S1-671137473	Patriot Fund	337 Germania Avenue, Schenectady, NY	US
S1-274487966	Ridge Alliance Inc	395 100, Monroe, UT	US
S1-263110551	Little Massage!	8599 2552, Clyde, TX	US
S1-90895327	Family Coastal Association	10346 15th Avenue, Seattle, WA	US
S1-241404206	JBI Valley Hyperliquid Inc.	161 Billings Street, Sharon, MA	US
S1-760033475	Bessy Pena Mortgage	3606 Patrick Avenue, Omaha, NE	US
S1-777538970	Trina Baston Colonial Ampercap LLC	906 28th Street, Anacortes, WA	US
S1-435384191	Lucky Pilates PLLC	1709 48th Street, Lubbock, TX	US
S1-532438065	Glow Agro Pvt Ltd	3-14, Gurajala Mandalam, Pulipadu, Guntur, Andhra Pradesh	India
S1-774780451	Blue Alliancebernstein	336 Willis Farm Road, Newport, NC	US
S1-366408257	Vaughn and Delgado Precision	25620 52nd Street, Town Of Brighton, WI	US
S1-259617566	Bonar, Burns & Molina Presidio	901 Richardson Lane, Leander, TX	US
S1-707842494	Clair Beverage	184 Mccoy Road, Parishville, NY	US
S1-280640469	Ember Clinic	Kellyville, 21600 Slick Road, OK	US
S1-727204909	Haldeman, Paul and Edwards LLC	4016 Edgewater Drive, Albany, OR	US
S1-415253149	Crepeau, Nichols and Delacruz Pimco Inc	5 Rose Street, Florida, NY	US
S1-384292203	Jaquenette's Coastal Holdings	185 Box Avenue, Buffalo, NY	US
S1-347690276	Flowers Innovation LLC	22619 Wilderness Acres Circle, Loudoun County, VA	US
S1-619843684	E S Threadgill Broadband LLC	6 Morgan Drive, Caribou, ME	US
S1-226824684	Animal Welfare League V	2385 Monterey Highway, Rickman, TN	US
S1-742570942	Ollis & Martin	344 Stamper Circle, Suisun City, CA	US
S1-813250623	Ernakulam Media	24/1701, Door No 14/22Ab4, Suit 204, 2Nd Floor, Ernakulam, Kerala	India
S1-370110608	Olanola Integrated	2953 Evergreen Street, Buckeye, AZ	US
S1-537058004	Trident Athleisure Private Limited	Flat No.2, F/F, T-118, Aam Bagh Colony, Ward No.6, Kh No.1095, Mehrauli, New Delhi, South Delhi, Delhi	India
S1-226837320	Urgent Care Health	247 Armstrong Lane, Monterey, TN	US
S1-89326162	Happy Book Store!	NY, Greece, 10 Kingsberry Drive	US
S1-385775108	Reliable Pizza Private Limited	8-3-669/10/13 & 13A, 1St Floor, Hsg Society F 13 Law College Road, Yellareddy Guda Ameerp, Et, Hyderabad, Telangana	India
S1-169294562	Ruchi Solar Private Limited	Shop No 227D 2Nd Floor Bhoomi Mall Plot No 9 Sector 15 Cbd Belapur, Navi Mumbai, Thane, Maharashtra	India
S1-722618058	Lower Choice Impact LLC	18032 Club View Drive, St. George City, LA	US
S1-637909902	Clyent Grade	31957 Coburg Bottom Loop Road, Eugene, OR	US
S1-895171767	Technology Royal Paints Private Limited	House No 83 Floor Ground, Blockh Pkt19 Sec7 Lanmark, Delhi, North West Delhi, Delhi	India
S1-979163647	Gupta Security (India) Private Limited	Sr No -222/7 Mahatmaphule, Nagar Uruli Devachi, Haveli, Pune, Maharashtra	India
S1-703256577	Al & Sons Private Limited	No. 001, C/O. Ismailbhai Aiyubbhai Dodiya At & Po. Mangadh, Idar, Sabar Kantha, Gujarat	India
S1-386373108	Smart Global Exports Pvt Ltd	Delhi, Top Floor Sandesh Vihar, Pitampura, New Delhi, Plot No.94, Delhi	India
S1-822163255	Real Developers Private Limited	Madhya Pradesh, Dwawedi Nagar, Esagarh, C/O Rekha Chidar, Guna, Ashok Nagar	India
S1-882375416	May & Merriweather, LLC	900 Powder Plant Road, Bessemer, AL	US
S1-99282977	Ace Commercial Systems LLC	890 Shambliss Lane, Buffalo Grove, IL	US
S1-574075334	Francis Trust	9821 Bell Avenue, Milwaukie, OR	US
S1-522592234	Services Kvs Farmer Pvt. Ltd.	#33, 1St Main, 6Th Cross, Jayamuni Nagar, Bagalur, Bangalore North, Bangalore, Karnataka	India
S1-999077053	Jade Financial Private Limited	203, 2Nd Floor Suite, Sbr Cv Towers, Shaikpet, Hyderabad, Telangana	India
S1-554349921	Indira & Partners	C-1 Wing, Ground Floor, Alexander Square No.2 (Old No.34, 35) Sardar Patel Road, G, Uindy, Chennai, Tamil Nadu	India
S1-154198592	Lyndsie Schoolfield United View LLC	350 Woodside Avenue, Brookhaven, NY	US
S1-751173721	Brooklyn Hunger Council	374 Flushing Avenue, Brooklyn, NY	US
S1-205310323	Sky Commercial Private Limited	G No 838, At Post Nidhori, Taluka Kagal, Kagal, Kolhapur, Maharashtra	India
S1-400949837	Northern Efes Center	3836 43rd Street, IA, Des Moines	US
S1-453494452	Clean Agricultural Union PC	5569 Cliff Estates Road, Temple, TX	US
S1-512107179	Banks Direct Electricity	26326 Walnut Hills Drive, Twin Peaks, CA	US
S1-396696881	Santos Maintenance LLC	66 Lake Street, West Haven, CT	US
S1-421287334	Everlast Export Private Limited	N0.24/33 Esa Tower 4Th Floor, Errabalu Chetty Street Parrys, Tondiarpet Fort St George, Chennai, Tamil Nadu	India
S1-685136962	Ridge Heartland Preferred LLC	1233 Diamond Valley Drive, High Ridge, MO	US
S1-713152350	Services Diagram Services Private Limited	C/104, River Front Gift City Rd, Gandhinagar, Gandhi Nagar, Gujarat	India
S1-268399554	Coastal Fox, LLC	387 Genesis Drive, Benton, AR	US
S1-552569316	Empire Select Myers	8420 Gutierrez Road, Albuquerque, NM	US
S1-915284670	2911 Commerce Avenue Holdings	4094 Attu Street, Portland, OR	US
S1-496547303	Custom Trading Works	1404 19th Street, Fort Worth, TX	US
S1-941519667	Everett United Columbia LLC	1S 177 Church Avenue, Lombard, IL	US
S1-894513890	Gay Handel Xii LLC	129 Stratford Circle, Findlay, OH	US
S1-941998537	Riaan Security Public Limited	Shop No. 119, Lok Nayak Jai Prakas Dakbanglow Chauraha, Patna, Bihar	India
S1-399611818	All Enterprises (India) Pvt Ltd	D.No.19-70/10, Tayagaraya Nagar, Beside Tvs Service Center, As Rao Nagar, Ecil Post, Hyderabad, Telangana	India
S1-125342216	G 6 J Mckinley Inc	8 Holly Lane, Webster, MA	US
S1-355610291	Vinny Larkin Metro	Bettsville, OH, 108 Hol Acre Drive	US
S1-833033461	Vijay Jai Marketing Limited	Mahmud Mansuri S/0 Chand Mohammed C.M.M. Garoth Road, Pachpahar District, Jhalawar, Rajasthan	India
S1-294964477	Jo Ann C. Christie, Ph.D., M.D., P.C.	OK, 34 Ash Street, Skiatook	US
S1-271409530	Martinez Mining	30 Donald Avenue, Arlington Heights, IL	US
S1-243538665	Services Abstract Technologies Ltd	515-516, 5Th Floor, Cyber Heights Vibhuti Khand, Gomti Nagar, Lucknow, Uttar Pradesh	India
S1-172552392	Pune City Infotech Partners	Sno.104, Cts.6070, Om, Heritage, Flat No 10, Pune City, Pune, Maharashtra	India
S1-953219065	ZB Amplify Inc	2 Black Pond Road, MA, Bourne	US
S1-324516192	Lima Cultural Elite Guild LLC	1970 Stewart Road, Lima, OH	US
S1-577622901	Provatech	20601 97th Street, Bonney Lake, WA	US
S1-641642061	Isbell & Enoch LLC	10420 Gravelly Lake Drive, Unit #214A, Lakewood, WA	US
S1-104714192	Devine and Pottebaum PLLC	2120 Birch Bend, Mesquite, TX	US
S1-54135060	Kolkata Chemie Private Limited	West Bengal, P10 Princep Street 2Nd Flr, Calcutta, Kolkata	India
S1-430375806	Kochi Foods Private Limited	Gandhi House, 10, Bentick Street, Kolkta, Kolkata, Howrah, West Bengal	India
S1-139074163	Mpg Services Private Limited	Faridabad, T3-6B The Ozone Park Apt., Haryana, Faridabad, Sector 86 Tigaon Road	India
S1-848157729	Engineering (india) Ltd	M-1043, Sec-M, Ashiyana- Lucknow, Lucknow, Uttar Pradesh	India
S1-448446308	Pediatric Dental Medicine, LLC	2712 Sycamore Street, Kokomo, IN	US
S1-269746718	Barker Catering LLC	732 400, Farmington, UT	US
S1-748303676	Bright Trading Union LLC	6232 1254, Mineola, TX	US
S1-142298542	Bilinski Grand Spruce Corp	12306 N Woodfield Court, City Of Mequon, WI	US
S1-596182991	Vishnu Vision LLP	Sr.No.76/87 Pl No.158 New Ahire Gaono Opp Vitthal Mandir Shivane, Pune, Maharashtra	India
S1-841745568	Future Agro Private Limited	Telangana, Medchal Malkajgiri, Near Ambedkar Statue Kistapur (Village), Medchal (Mandal), Survey No.813	India
S1-762120336	Cure Cafe LLC	614 Howard Street, South Bend, IN	US
S1-330696406	Olson, Camacho & Phelan Long	614 Willow Road, Inola, OK	US
S1-982577909	Children's Project V	515 Pinkney Street, Princeton, IN	US
S1-942404557	Electronic Transit Worldwide	1469 Farmington Avenue, Unit Unit 30G, Bristol, CT	US
S1-356716585	Horizon Tankers Inc	8231 Mount Vernon Highway, Fairfax County, VA	US
S1-578315808	Womens Health Care	4100 Little Buffalo Creek Road, Mount Pleasant, NC	US
S1-515971247	Gird Research Company	Bungalow No. C-23, Elixir M. K. City, Near Boston College, Gird, Gwalior, Madhya Pradesh	India
S1-38644011	(india) Bhavishya Agarwal Private Limited	12-25/5/1, Ayyappa Colony, Visakhapatnam, Visakhapatnam, Vishakhapatnam, Andhra Pradesh	India
S1-352359864	Super Healthcare Private Limited	S No 93 Shop No 11 Atul Plaza Mahadeo Nagar Manjiri Bk (N.V) Haveli, Pune, Maharashtra	India
S1-677676116	Reliable Wealth International LLC	413 Ivory Lane, Newark, DE	US
S1-167545557	Syntao Better LLC	9544 Shadow Lake Court, Tucson, AZ	US
S1-57091049	Silver Spring Orthopedic Specialists Care	Silver Spring, MD, 100 Springbrook Drive	US
S1-285184076	XT Apex Excavation LLC	1303 Montoya Street, Albuquerque, NM	US
S1-578881619	Great Foods Limited	E-30, 1St Floor, Industrial Area, Yamuna Nagar, Haryana	India
S1-285716078	DXR Fertichem Private Limited	Lohia Industrial Complex Chaubepur, Kanpur Nagar, Kanpur, Uttar Pradesh	India
S1-138953331	Radheshyam (India) Diamonds Private Limited	Shop.No. 209, 4-1-833, 4-1-833/1 Maheshwari Palace, Abids, Hyderabad, Telangana	India
S1-925433428	Golden & Brothers Care	Old : 37 New : 26, 3Rd Flr, South West Boag Road, Chennai, Tamil Nadu	India
S1-849611087	X+ Chenghe Inc	30 Oak Street, Middletown, CT	US
S1-612900692	Martinez Endocrinology LLC	2416 Tinas Way, Unit 201, Seaford, DE	US
S1-9384479	Maag Rapid Rice	13208 Cape Shell Court, Upper Marlboro, MD	US
S1-806781763	Family Certified Clinic	1108 Castilian Court, Unit 314, Glenview, IL	US
S1-324006956	Ace Energy LLP	Vp 7/441 E, Keerankayil Building, First Floor, Santhinagar, Velom, Vadakara, Kozhikode, Kerala	India
S1-862049275	Indian Clinic	No 23/8 (1), Mani S Tower, Ganga Nagar 1St Street, Tirupur North, Coimbatore, Tiruppur, Tamil Nadu, India, Tiruppur, Coimbatore, Tamil Nadu	India
S1-707314461	Sherwood Biosciences	36 Rutile Lane, Nelson County, VA	US
S1-618102508	Complete Crystal Auto Corp	OR, Roseburg, 217 Rex Street	US
S1-452888172	Sun Developers Private Limited	A1/223, Sushant Lok 2, Gurgaon, Haryana	India
S1-255133905	Vinita Tigner Ace Churchill	902 Shorewood Drive, Dothan, AL	US
S1-318143096	Cornelio & Smith	7901 Stoddard Avenue, Kansas City, MO	US
S1-918777162	Malia Lindsey, DMD Inc	6076 Marsh Lane, Buda, TX	US
S1-211403387	Bedoya Consumer	37201 Mound Street, Sardis, OH	US
S1-113536563	Social	490 Lewis Road, Perryville, KY	US
S1-586201688	Great Hydro Pvt. Ltd.	Muttam, Kasaragod, Kerala, Kasargod, Door No. 385/13	India
S1-443480840	Kelley Worldwide Inc	872 Nowlan Road, Fenton, NY	US
S1-812278328	Dimon, Sterling & Dean	137 Cottage Lane, Royse City, TX	US
S1-594147669	Kolhapur Development	Csn.38 A, 4Th Floor, E Ward Krystal Plaza, Tarabai Park, Kolhapur, Maharashtra	India
S1-162366093	Indian Developers Private Limited	Kolkata, Howrah, West Bengal, 3B, 3Rd Fl. Mukti World, 9/3B, Leela Roy Sarani, Kolkata	India
S1-129050412	Family Program	2381 Valley Vista Rd, Louisville, KY	US
S1-255162427	Aranya Management LLP	S. No. 129/1A (46), 43 Ma Wakad, Pune, Maharashtra	India
S1-593369154	Beth Synagogue	Penasco, 40 State Hwy 73, NM	US
S1-23279637	Red Book Store	1080 Welcome Bethesda Road, Lexington, NC	US
S1-760141173	Riley Apex Tailwind LLC	203 Wiggins Street, West Lafayette, IN	US
S1-352434199	Stevens's Hospitality	1118 9th Street, Monmouth, IL	US
S1-799738855	Tech Mula Jobs Private Limited	Alwar, Rajasthan, Flat No. L-17/465, Tijara, Ashiana Aangan	India
S1-238786371	Sous LLC	167-02 120 Avenue, Jamaica, NY	US
S1-134775873	Lakshmi Exports Private Limited	C/O Kailash Chand Yadav Dhani Dera Wali Bichli, Jaitusar, Sikar, Rajasthan	India
S1-712675613	Super 78 Pub LLC	UT, 4505 State Street, Orderville	US
S1-402289475	Edgar, Gonzalez & Bartee Inc	640 Reynoldswood Road, Dixon, IL	US
S1-889943125	Maurise Jenison Multimedia	1213 Gettig Road, Rosedale, MD	US
S1-167603132	Drayify Maintenance Inc	Unit APT 101, VA, Chesterfield County, 600 Fern Meadow Loop	US
S1-653324104	Penny Michael Golden Securities LLC	1441 62nd Street, Unit APARTMENT  H, Tulsa, OK	US
S1-749612257	Smart Engineering Pvt Ltd	B-1/77, Vipul Khand, Lucknow, Uttar Pradesh	India
S1-25992799	Pediatric Royal Group	809 Fairview Dr, IA, Coralville	US
S1-567748487	Associated Biomedical Global	10295 Century Oak Drive, Tigard, OR	US
S1-302834247	Bohemian Sales Pvt. Ltd.	Rajeev Nagar Road No -24 Patliputra, P.O. Keshri Nagar, Patna, Bihar	India
S1-6550765	Urban Pilates!	3113 Lava Lane, Benton, AR	US
S1-23310323	Happy Nails PC	1532 Elderberry Circle, Walworth, NY	US
S1-106480557	True Services Private Limited	1-11-256/C/24, Plot No.24, Gagan Vihar Colony, Begumpet, Hyderabad, Telangana	India
S1-220147750	Whitmire, Glenn and Salado Edp	510 Devonshire Lane, Fl 0, Severna Park, MD	US
S1-962557168	Reynolds Spa	2101 113th Avenue, Fl 1, Olympia, WA	US
S1-960966621	#2 Scuti LLC	2229 Maplecrest Drive, Nashville, TN	US
S1-230740834	Alam Ace Spring LLC	5244 Lake Road, Wilson, NY	US
S1-598810057	P 6 G Wilco Center	802 Summit Avenue, Moxee, WA	US
S1-773865303	Elite Wholesale Consultants LLC	18874 Esherton Drive, Sahuarita, AZ	US
S1-952178876	Big Food Private Limited	G305, Third Floor, Cedar Block, Bm Magnolia Park, Ng Halli, Bangalore, Karnataka	India
S1-15991306	Horizon Chemical Global LLC	1002 Tamarisk Circle, Cedar City, UT	US
S1-324912992	Pvm & Sons	Tamil Nadu, 35/5 Avvayar Street, Ramanathapuram, Ist Floor Ramanathapuram	India
S1-108256758	Lumis Btc LLC	IN, Peru, 1124 Barksdale Avenue	US
S1-493976294	Dream Infrastructure Private Limited	C/O Pakija Layla, Vill-Padumbasan W/D-09, P.O-Tamluk, Tamluk, East Midnapore, West Bengal	India
S1-771481250	HG Pony P.C.	7377 Nineveh Road, Nineveh, IN	US
S1-871891974	Chiropractic Clinic LLC	4826 41st Drive, Phoenix, AZ	US
S1-188853492	Cancer Council	2140 Maxon Road Extension, Schenectady, NY	US
S1-722056600	All Care LP	1501 Villa Circle, Lebanon, TN	US
S1-970806205	Rosella Glassman Ampercap PC	29120 45th Street, Mount Hope, Fl 0, KS	US
S1-291923899	A Trusted Eagle LLC	921 Lincoln Drive, Royse City, TX	US
S1-221514568	Laxmi Constructions Private Limited	H No 8-2-109, 110, 110/1&1, Karmanghat Saroor Nagar, Hyderabad, Rangareddy, Telangana	India
S1-683499951	Lishe Coley Biopharma Corp	25 Kondracki Lane, Wallingford, CT	US
S1-529339920	Apna Traders Private Limited	401, 4Th Floor 2214, Hardhyan Singh Road, Karol Bagh, Delhi	India
S1-395981638	Obeid Healthy LLC	930 Vintage Jones Way, Unit 407, Raleigh, NC	US
S1-74943286	South Infrastructure	182, Eldeco Green, Gomti Nagar, Lucknow, Uttar Pradesh	India
S1-784250352	Cornerstone	4936 Kirkdale Drive, Prince William County, VA	US
S1-317304550	Moore First Evo	1040 Delaware Street, Unit APT B1, Indianapolis, IN	US
S1-546658010	Dermatology Associates	2326 13J Avenue, Ruso, ND	US
S1-890615704	Safe Cloud Global Inc.	Amarillo, 4210 Pine Street, TX	US
S1-477838988	Sancheti (India) Tourism Limited	Plot No-354(P) & 887(P), Khata No-421, S/E-1/10, Bhubaneswar, Khordha, Orissa	India
S1-309065276	Amp Borewell Limited	Shop No. 1, Ground Floor, Saurabh Tower 90 Feet Road, Bhayander (West), Bhaindar, Thane, Maharashtra	India
S1-780932747	Universal Management Pvt Ltd	Ground Floor 1731 Naskarhat, Kolkata, Parganas South, West Bengal	India
S1-939024482	OJ Stock Private Limited	612, 6Th Floor, Bestech Business Tower Sector-48, Gurugram, Haryana, Sector -48, Gurugram, Haryana, Gurgaon, Haryana	India
S1-315978527	Good Producer Private Limited	C/O Kaili Devi W O Punma, Ram Vsihnoi, Vada Yadvi, Bhinmal, Jalor, Rajasthan	India
S1-440248412	Raso Info Pvt. Ltd.	Putra Gopi Kishan, 168-A, Petrol Pump Gali, City Circle, Near Bombay Motor, Jodhpur, Rajasthan	India
S1-578799500	NY Nath	Kerala, 23-A, Ernakulam, Mather Green Hills Civil Lane Road, Kakkanad, Ernakulam	India
S1-110224434	Madhav & Sons Private Limited	New Jaganpura, Subhash Nagar East Of Pcs Corner, Patna, Bihar	India
S1-642727542	Youth Association	6 Hill Drive, Unit 2, Avondale, AZ	US
S1-820627645	Technologies Shobhana Agro Pvt Ltd	3/742 B, Annai Therasa, Street, Dinamani Nagar, Madurai North, Madurai, Tamil Nadu	India
S1-715265964	Indian Business Private Limited	Plot -1018/3837, Jyotsna Kutir Godipokhari New Colony, Main Road Side, Khurda, Khordha, Orissa	India
S1-119212778	Anilesh Tourism Private Limited	202 Building Odar, Ram Sanehi Ghat, Barabanki, Uttar Pradesh	India
S1-989696199	Aasen's Tattoo Clinic	1009 Griffin Court, Niles, OH	US
S1-123430005	Steelworkers Local 22	310 Carroll Street, Salisbury, MD	US
S1-324284957	Fortune Business Private Limited	Central Delhi, Delhi, Ground Floor, Gems Plaza Chhatta Madan Gopal Maliwara, Chandni Ch, Owk, Delhi, 1185 87/9	India
S1-10790921	Smith Idaho PLLC	30W 787 Wilson Street, Warrenville, IL	US
S1-884343048	Lane Odyssey	808 25th Street, Richmond City, VA	US
S1-323809550	Bangalore North Apparels Private Limited	No. 308 And 309 3Rd Floor, Subhash Nagar, Bangalore North, Bangalore, Karnataka	India
S1-626694894	Tucson Arts Select Coalition	7458 Obregon Drive, Tucson, AZ	US
S1-762838621	Nicholas & Sons Private Limited	127 A / 1 Gautam Nagar, New Delhi, Delhi	India
S1-247892454	Ace Consultants LLC	7001 Arcade Road, Arcade, NY	US
S1-66610854	India Rr Consulting	Nashik Ambevani, Nashik, Chandvad, Maharashtra, 0076 Karanji Road Dindori	India
S1-752270653	Suzanne Woods Salon	1446 Citrus Street, Unit UNIT 2, San Bernardino, CA	US
S1-574629719	Green Brewing	2918 Kings Ridge Road, Unit APARTMENT E, Parkville, MD	US
S1-666558220	Thompson, Davis & Vandusen Collective LLC	710 Meadow Avenue, Springdale, AR	US
S1-578562774	Shyam It Pvt Ltd	Hn C-326, New Delhi, Sekh Sarai, Ph-1 Near Apeejay School, South Delhi, Delhi, South Delhi	India
S1-9030840	Bangalore South Infotech Private Limited	Meghana And Shalini Apartment, 100 Feet Ring Road, Near Kadarenahalli Park, Bangalore South, Bangalore, S-1304, Karnataka	India
S1-240981873	Om Engineering Private Limited	Plot No.87/3, Road No.17, Satpur M.I.D.C, Nashik, Maharashtra	India
S1-450432197	Croce Kkr	61 Bonny View Road, West Hartford, CT	US
S1-132750276	Golden Enterprises Pvt Ltd	1830/26, Saran, Nit, Faridabad, Haryana	India
S1-68898113	Creative Infrastructure Dynamics	407 9th Street, City Of La Crosse, WI	US
S1-27367801	Galaxy Smart Consultants Private Limited	I-1/45, Budh Vihar Phase-1, North West Delhi, Delhi, Delhi, North West, Delhi	India
S1-485938743	Hanke Green Enclave Inc	925 Lakeview Avenue, Unit APT A, Colonial Heights City, VA	US
S1-880161513	AV Technology Private Limited	Indranagar, Uttar Pradesh, Gorakhpur, 41, Gorakhpur	India
S1-882054171	Software Precise Vinimay	Maharashtra, Janmabhoomi Bhavanjanabhoomi Marg, Mumbai	India
S1-856407998	QY Affiliated LLC	298 Bent Creek Drive, Rutherfordton, NC	US
S1-118854800	Clean Express Freight LLC	2604 Meadow Avenue, Renton, WA	US
S1-525815113	Trusted Semiconductor Innovations	19270 Edler Street, Bly, OR	US
S1-757409856	Premier Ares LLC	99 Crooked River Road, Otisfield, ME	US
S1-597215519	Bangalore North Led Company	229, Ground Floor, 10Th Main, Hrbr Layout, 1St Block, Bangalore North, Bangalore, Karnataka	India
S1-934992846	Legacy Bumrungrad LLC	341 Noel Drive, Cadiz, KY	US
S1-15988530	Maharaja Exports Private Limited	Plot No -958/2, Ground Floor, Sector - 7/C, Gandhinagar, Gandhinagar, Gandhi Nagar, Gujarat	India
S1-863278278	Beacon, LLC	1275 Buckingham Street, Toledo, OH	US
S1-473646677	Vidyne Group	1320 Webster Street, Unit UNIT 237, Redlands, CA	US
S1-290774823	Jay Abroad Private Limited	666-Ab, Krishi Nagar, Toll Tax, Tonk Road, Jaipur, Rajasthan	India
S1-611915890	Primary Care Dynamic Associates	7517 East Parkway, Sacramento, CA	US
S1-460799911	Safal College Private Limited	C/25 30 2 New Akashgangayamuna Nagar Lokhandwala Complex Andheri West, Mumbai, Maharashtra	India
S1-195802181	Golden Pilates LLC	812 S Cedar Lake Court, Fl 1, Columbia, MO	US
S1-128462546	Syno Group	6740 Stepherly Way, Holly Springs, NC	US
S1-135078558	Best Finance Private Limited	C/O Abdul Imran Munshi, Gr. Floor Akankha Hsg, Shop-Gr Floor, Aa-Ii, Newtown, North 24 Parganas, West Bengal	India
S1-962788682	Sterling Business Works LLC	55 River Road, New Milford, CT	US
S1-426346389	Akbar Preserve Pvt. Ltd.	C1/11 Gali No-4/F, Viilage Jasola Ext., New Delhi, South Delhi, Delhi	India
S1-405624296	Nithin (India) Forms Ambarnath Pvt. Ltd.	F. No.203, Phase. 1, J-Wing, Mohan Tulsi Vihar, Nr. Bharat College Hendrapada, Badlapur (W), Ambarnath, Thane, Maharashtra	India
S1-569834721	Shiva Food Private Limited	Airports Authority Of India, Devi Ahilya Bai Holkar Airport, Indore, Madhya Pradesh	India
S1-447061801	Tvs Event Private Limited	C/O Anand K Khetan, 97, Park Street, Ground Floor, Trimurti, Apartment, Kolkata, Howrah, West Bengal	India
S1-189823884	Ear Nose & Throat Metro Group	18221 Upper Brook Street, Conroe, TX	US
S1-728466190	TRJ Mobile Pvt Ltd	C/O Ritesh Shrivastava, Street No 1, Hari Nagar, Bathinda, Punjab	India
S1-278223618	Highland Great Generating, LLC	14369 Old Courthouse Way, Unit B, Newport News City, VA	US
S1-806501945	National Guaranty LLC	7401 Castle Pines Lane, OH, West Chester	US
S1-525184203	Connor & Santiago Rre LLC	2450 David Drive, Nashville, TN	US
S1-850962436	F+ Diagnostics	West Siloam Springs, 835 Maple Road, OK	US
S1-869135334	Modern It Private Limited	30, Barnaby Road, Kilpauk, Chennai, Tamil Nadu	India
S1-596059754	Heitmann Construction	MN, Prior Lake, 3291 Wildwood Trail	US
S1-46386586	Whitehouse Wintergreen LLC	99 Stone Ridge Road, Franklin, MA	US
S1-955225915	Schaefer Altisource LLC	3236 125, Albion, IN	US
S1-149756919	Integrated Carlyle PC	77 Piser Hill Road, Pittstown, NY	US
S1-816626196	Bhubaneswar Centre Ltd	Plot No 5, Ist Floor Industrial Tenament, Kharvela Nagar, Bhubaneswar, Khordha, Orissa	India
S1-938668240	Goddard Pacific Hospitality LLC	12966 Highway 62, Eureka Springs, AR	US
S1-726810881	Harbor Spade Inc	1221 Central Avenue, Connersville, IN	US
S1-227292276	Chiropractic Cascade Associates	220 County Rd 792, Etowah, TN	US
S1-779835437	Uptown Pilates LLC	4517 221st Street, Kent, WA	US
S1-778232442	Patriot Safe Solana Care	297 A Jersey Street, Staten Island, NY	US
S1-415507449	Leela's Capital Associates	4507 Edwards Mill Road, Unit B, Raleigh, NC	US
S1-271655423	Century Builders Private Limited	No 27 Godown Street, Chennai, Tamil Nadu	India
S1-125479797	IAO Soft	44B, Ripon Street, Kolkata, Howrah, West Bengal	India
S1-394612894	Dental Beacon Clinic LLC	156 Colfax Street, Rochester, NY	US
S1-557697184	Hotel Care Limited	Plot No Pap-R-621, Ttc Industrial Area, Rabale Midc, Rabale, Thane, Maharashtra	India
S1-287899840	Continental Family Practice	3045 Christine Street, Corvallis, OR	US
S1-249412099	Ferris Brc	8013 Marshfield Avenue, Chicago, IL	US
S1-736036475	Perfect Infra Private Limited	H-1/2:4; Panchdeep Chs, Sector - 29 Vashi, Thane, Maharashtra	India
S1-153341336	Kaushal & Brothers Private Limited	D.S. Complex, No.67/37, North Mada Street, Ambattur, Tiruvallur, Tamil Nadu	India
S1-964830317	Michalski Prairie King LLC	2229 Saddlebrook Drive, Salina, KS	US
S1-166235363	Vassar Human Rights Initiative	4136 245th Street, Vassar, KS	US
S1-252621974	RI Beacon Deep LLC	1605 19th Street, Terre Haute, IN	US
S1-83447594	RL Chemicals	Office No. 306, Third Floor, Plot No. 2180 Eva Surbhi Opp. Aksharwadi - Waghawadi, Rd, Bhavnagar, Gujarat	India
S1-118890484	Baily & Lara LLC	2900 Sarnia Court, Cincinnati, OH	US
S1-202025302	Oncology Associates LLC	2310 Iris Drive, Sierra Vista, AZ	US
S1-791511344	Ram Systems Private Limited	Business : 2-F2, Tarafdar, Complex, Atghra Fultala, West Bengal, Rajarhat, North 24 Parganas	India
S1-250936518	Ironclad Chicago LLC	821 Avett Lane, Charlotte, NC	US
S1-822452971	Urban Premier Food Pvt Ltd	Sf-4 & Sf-5, Sterling Towers (Garment Complex) Kssidc Industrial Estate, Rajajinagar, Bangalore, Karnataka	India
S1-794372116	Choice Dbdr, LLC	315 Beckwith Mews, Gaithersburg, MD	US
S1-757737938	Better Commercial Associates LLC	25118 Burrard Street, Spring, TX	US
S1-201384738	North Agro Private Limited	28 M M Feeder Road Belgharia, Kolkata, Calcutta, West Bengal	India
S1-835915987	Zandra Delmonico Quasaredge	32 Redwing Triler Court, Loogootee, IN	US
S1-267351265	Dental Care Associates of Midlothian	2605 Shane Drive, Midlothian, TX	US
S1-526574205	Peliex Corp	2020 Inverness Avenue, Unit 2023, Mesa, AZ	US
S1-321030121	CK Infrasolutions Company	213-A Okhla Industrial Estate, South Delhi, New Delhi, Delhi	India
S1-152650484	Heart Charities	6006 Truro Street, Houston, TX	US
S1-441742035	Quality Frontier Mortgage LLC	104 Ollie Street, Llano, TX	US
S1-758041353	Anchor Midwest Pgim LLC	2151 Meridian Road, AZ, Unit 4, Apache Junction	US
S1-190439758	Royal Choice China LLC	920 Postiy Street, North Canton, OH	US
S1-920170329	Keystone Infrastructure Worldwide Partners	2305 Baylor Drive, Roswell, NM	US
S1-140624793	Guy and Noland Associated P.C.	43 Cindy Avenue, Thousand Oaks, CA	US
S1-173014114	Jay Healthcare Private Limited	23, 3Rd Floor New Market Malviya Nagar, New Delhi, South Delhi, Delhi	India
S1-80994926	Ahmedabad Solutions Private Limited	Ahmedabad, White House, Nr Panchvati Circle, C G Road, Ahmedabad, 10/11 First Floor, Gujarat	India
S1-562345176	Star Ventures Private Limited	E-291 Gali No-10, New Ashok Nagar, New Delhi-1, 10096, Delhi, East Delhi, Delhi	India
S1-648233339	Anya Kwiatkowski Crystal Bain Monroe	7612 Haigler Gin Road, Monroe, NC	US
S1-113609747	Life Tirupati Tech Private Limited	Gurgaon, House No. 225, Sector-17A, Haryana, Gurgaon	India
S1-416212831	Saloma Tehrani Futurecrest	8 Iroquois Avenue, Painesville Township, OH	US
S1-310434739	Heart Institute	410 Rivulon Boulevard, Unit 114, Gilbert, AZ	US
S1-44612816	Midwest Program VI PLLC	TN, Seymour, 517 Smoky Crossing Way	US
S1-148134869	Coburn Farms Center	12226 Lanham Severn Road, Bowie, MD	US
S1-97441547	Rosario, Mohler and Davis Inc	241 Chitalpa Street, Unit 5110, Leander, TX	US
S1-50062566	Tri-State League LLC	VA, Richmond City, 2110 25th Street	US
S1-696609709	Innovative Bombay Infra Limited	17, Rai M.C. Lahari Bahadur Street Neel Jheel Apartment, Serampore, Hooghly, West Bengal	India
S1-159635328	Adtech Polytechnic LLP	703 Makhija Royale, Nr Ramee International Hotel, S V Road, Mumbai, Maharashtra	India
S1-98509140	Agro Tele Crafts Private Limited	H.N. 6, Second Floor, Uday Park, New Delhi, New Delhi, South Delhi, Delhi	India
S1-756083915	Rev It Up Tattoo!	1435 Schulle Drive, San Marcos, TX	US
S1-834110049	Gulf Harbor Lending LLC	1312 Portage Path, Akron, OH	US
S1-352334175	Golden Automation Products Corp	131 Lake Shore Drive, Dallas Center, IA	US
S1-583533022	Surgical Complete Health LLC	9110 Jamaca Court, Lake Elmo, MN	US
S1-821265456	Tanner Mortgage L.L.C.	93 Bryant Street, Everett, MA	US
S1-581540185	Plutus Software (India) Private Limited	Flat No 301, 3Rd Floor Raghubansham Apartment Kidwaipuri, Patna, Bihar	India
S1-432770481	Antonia Biddle Coastal Diversified, LLC	5521 Jacinto Avenue, Sacramento, CA	US
S1-605246931	Posey Empire Metro LLC	329 Hardwood Trail, Mesquite, TX	US
S1-210329355	Traex Inc	425 1720, Unit 214, Provo, UT	US
S1-670298755	Green Technologies LLC	5580 Goods Lane, Unit APT 2041, Logan Township, PA	US
S1-292775455	Indrin Training Private Limited	501, 5Th Floor, Sea Goddess Chs Ltd, A B Nair Road Green Feild Estate, Opp Juhu Post Office, Juhu, Mumbai, Mumbai City, Maharashtra	India
S1-45448913	Federal Worldwide Corp	175 Westside Drive, Lebanon, KY	US
S1-19295008	Silver Constructions Limited	5A Floor05, Plot 41/42, Basant Mahal, Nana Phadnis Road, Wadala Bridge, Antop Hill, Mumbai, Mumbai City, Maharashtra	India
S1-819362187	Kestium Cap LLC	2345 Lake Lucas Road, Sophia, NC	US
S1-566071645	Sree Consulting Limited	G3-002, Indiabulls Centrum Park Sec-103, Daulatabad, Gurugram, Gurgaon, Haryana	India
S1-779261917	Beryle's Home Improvements	4569 Shady Lane, Osage Beach, MO	US
S1-26364998	Mcguffie & Mozo, LLC	TX, Nolanville, 4006 Lazy Brook Drive	US
S1-443947772	Real Enterprises Private Limited	Village Kutyari Tahsil Bamori, Kutyari, Guna, Madhya Pradesh	India
S1-619611991	Sterling	92-48 246th Street, Hempstead, NY	US
S1-542647689	Creative Quasaredge	123 Josephs Cove, Lampe, MO	US
S1-587202559	Bull Tri-State Management Inc	6642 Sr 49, Hicksville, OH	US
S1-313252549	Select Mobility Alliance	5 Goya Court, Indianapolis, IN	US
S1-361953703	Real Engineering Pvt Ltd	Ff No. 103, Cp 04 Upil Scheme Aishbagh Road, Lucknow, Uttar Pradesh	India
S1-491021728	Whitaker Delta Ligand Clinic	Fargo, Unit Unit 17, 1212 55th Street, ND	US
S1-970809760	Seelye Loan	23 Airport Road, Unit 4-G, Asheville, NC	US
S1-344813503	Sea (India) Infocom Pvt Ltd	Ahmedabad, Nr Soni Ni Chali Rakhiyal, Ahmadabad City, Gujarat, E/109 Sumel Business Park	India
S1-985885602	Secure Financial Laboratories Inc	Tempe, AZ, 2529 Fairmont Drive	US
S1-667686052	Animal Welfare Program	42383 Bunker Drive, Maricopa, AZ	US
S1-614234691	Ennet	4309 Beaver Creek Drive, Powell, TN	US
S1-87480600	Elite Pathak Limited	P.No.6 & 7, Kh.No.426 Sa, Prem Nagar Laulai Chinhat, Lucknow, Uttar Pradesh	India
S1-728488212	Ear Nose & Throat Care Associates of Town Of Neenah LLC	915 Terra Cotta Drive, Town Of Neenah, WI	US
S1-84408609	Rocky Alliance PLLC	5901 Charles Avenue, Parma, OH	US
S1-237968257	Mahesh (India) It Private Limited	R-12/70, Iiird Floor Rajnagar, Ghaziabad, Uttar Pradesh	India
S1-194060010	First Chemical Concepts	2012 Regents Center Lane, Lexington, NC	US
S1-142194221	Village Of Pewaukee Logistics P.C.	Village Of Pewaukee, Unit Unit 24, WI, 1109 Cecelia Drive	US
S1-465144043	Maa Great Management Private Limited	Shop No. E-201, Tower 3, Washi Railway Station Complex, Navi Mumbai, Thane, Maharashtra	India
S1-523671636	Juieta's Ace Yoga	17603 Haywood Oaks Drive, Houston, TX	US
S1-688302144	Construction Tech Tech Private Limited	Tc 2/480, Room No 69 City Plaza Building, First Floor, Medica, L College, Trivandrum, Kerala	India
S1-701990883	Kalyani Nursing Home Private Limited	# 2C-720, 1St Block, Hrbr Layout, Kalyan Nagar, Bengaluru, Bangalore, Karnataka	India
S1-905238842	Clark Ngl	450 Hickory Hill Road, Thomaston, CT	US
S1-739976422	Hancock and Craig Corp	611 Sunset Drive, IN, Kouts	US
S1-820283806	Showman Trusted Insurance Inc	113 Cothron Drive, Fl 1, Lafayette, TN	US
S1-456822712	Pavla Lerner Patriot Municipals	2231 Green Oak Court, Thousand Oaks, CA	US
S1-191653620	Stupendous Development Private Limited	S-8 & 9 Plot No-5, Manish Metro Plaza Pocket-6, Sector-12, Dwarka, New Delhi, South West Delhi, Delhi	India
S1-213731223	Southern Nasdaq LLC	363 Alexander Road, Unit Trailer, Dresden, ME	US
S1-733119400	Orthopedic Clinic Partners	1 Camerons Court, DE, Ocean View	US
S1-155717539	Classic Allstate LLC	Union, 14881 Cool Springs Boulevard, KY	US
S1-959517250	Hygieia (India) Stones Company	Lucknow, Tulsi Vihar, Gumti No.5, Gosai Ganj, Lucknow, Uttar Pradesh	India
S1-183452370	Universal It Limited	9, Adhchini, Aurbindo Marg, New Delhi, South Delhi, Delhi	India
S1-73229415	Bureau of Finance	26506 Prairie School Lane, Katy, TX	US
S1-884114469	Knowledge Builders Ltd	978, Opp. Sangli Urban Bank, Harbhat Road, Sangli, Maharashtra	India
S1-925871520	Industries Simran Infra Private Limited	First Floor, 49, Second Line Beach Road, Madras, Tamil Nadu	India
S1-911930802	Colonial Old LLC	2151 Sugar Creek Dr NW, Unit B, Cedar Rapids, IA	US
S1-93221397	Francis Global	41995 Bushclover Terrace, Loudoun County, VA	US
S1-902909928	North Little Rock Freight	AR, North Little Rock, 1701 Skyline Drive, Unit Apt 103	US
S1-842784327	Lio Corporation	69 Swallow Lane, Mountain Home, AR	US
S1-558660398	Dynamic Trading Labs Inc	1300 Highway 327, TX, Unit 49, Silsbee	US
S1-268737558	Zest Developers Private Limited	Survey No.642/1P/1P/2P/2, Mandankundala Road, Post Box No.12, Village : Moviya, Taluka, : Gondal, Rajkot, Gujarat	India
S1-84465978	Arihant Investment Private Limited	1906/11 Ground Floor, Gali No 11, Chuna Mandi, New Delhi, Central Delhi, Delhi	India
S1-119893252	Smith, Brayton and Hui LLC	Yuma, 13117 41st Street, AZ	US
S1-655751916	Everfine & Co of Chennai	Door No.86 Sudharsan Building Chamiers Road, Chennai, Tamil Nadu	India
S1-723711012	Yamuaya Entertainment Private Limited	No. 45/46, Sy. No. 255, Banasawadi, Bangalore North, Bangalore, Karnataka	India
S1-366192492	White, Clara and Flores Quantum	633 14th Avenue, Humboldt, TN	US
S1-407091729	Premier It Private Limited	28, Rup Sagar Road, Near Shubh Labh Apartment, Girwa, Rajasthan, Udaipur	India
S1-76500810	Star Food Pvt Ltd	C/O Raymond Ltd, Jekegram, Pokharan Road No 1, Thane, Maharashtra	India
S1-689347094	First Aerospace Innovations LLC	811 Dewitt Avenue, Sandusky, OH	US
S1-210698858	Embassy Traders LLP	A/3-6, Gillander House, 3Rd Floor, 8 N.S. Road, Kolkata, Kolkata, Kolkata, Howrah, West Bengal	India
S1-717894139	Universal Foundation	Sa 19/45, Deendayal Pur Varanasi, Tapowanashram, Varanasi, Uttar Pradesh	India
S1-932546919	Williams Ishares Inc	Clarksville, 5046 Collinwood Drive, TN	US
S1-686190380	1099 Fourth Ave Realty LP	376 River Street, MA, Orange	US
S1-870230615	Sunrise City Food Private Limited	Nedumparavila Veedu Near Town L P S, Kadakkal.P.O, Kollam, Kerala	India
S1-599865898	Optmais LP	Newark, DE, 11 Mars Road	US
S1-809311363	Vidharbha Products Private Limited	V-11 (Basement), Green Park Extension, New Delhi, Delhi	India
S1-88837684	Ash, Crawford and Choe Lafayette Inc	NC, Dobson, 949 Copeland School Road	US
S1-300349371	Certified Blue Tpg	30520 State Rte 172, East Rochester, OH	US
S1-23713023	Sodio	5329 Highland Avenue, Kansas City, MO	US
S1-561075066	Arts Coalition VI	129 Main Street, Cedarville, OH	US
S1-99146136	Piedmont Global LLC	1708 Hammond Avenue, City Of Superior, WI	US
S1-744719974	Helyn Gianni Valley Sports Co	43-44 249 Street, Little Neck, NY	US
S1-621578235	Raina T. Mukhtar, M.D., PC	197 Cable Street, Buffalo, NY	US
S1-540045888	Pune Pipes Pvt Ltd	S No. 23/2 Pl No. 57 Nivara Society Balaji Nagar, Pune, Maharashtra, Pune	India
S1-975034569	JD Optimal Chesapeake Corp	2205 Windy Lane, Jonesboro, AR	US
S1-809722993	Products Capstone Singh Private Limited	A-401, 4Th Floor, Business Square, Solitaire Corporate Park, Chakala, Andher, I-East., Mumbai, Maharashtra	India
S1-109659269	Bay Holdings Group Inc	148 Hillside Lane, Wythe County, VA	US
S1-405481030	A Cure 5 You	522 Greenfield Road, Kansas City, MO	US
S1-71666815	Saboo Continental Ltd	No 36, 1St Floor, 10Th Cross 8Th Main, Jayanagar 2Nd Block, Bangalore, Karnataka	India
S1-375092535	National Sim LLC	561 Providence Place, Lavon, TX	US
S1-227322111	Services Swachh Balaji Private Limited	B-21-8839/A, Street No 28-1/2, Kot Mangal Singh, Millerganj, Ludhiana, Punjab	India
S1-478857441	Eastern Ss Marketing Private Limited	No.8, Dams Road, Madras, Chennai, Tamil Nadu	India
S1-43990177	India Shree Partnership LLP	H-9, Hig Netaji Subhas Enclave, Gadakana, Bhubaneswar, Khordha, Orissa	India
S1-262785660	Raj Enterprises	Gat No 869, At Post Makodi, Makodi Fata, Hingoli, Hingoli, Maharashtra	India
S1-157083327	Ear Nose & Throat Clinic LLC	49 Briarcliff Lane, Franklin County, VA	US
S1-16717998	Glyphari Proem	1602 Brawne Avenue, Fl 1, Olympia, WA	US
S1-9963221	Gatrell Retail LLC	WI, Town Of Jefferson, W2965 Washington Street	US
S1-108005563	Nique	1447 Mckinley Avenue, Niles, OH	US
S1-805123113	Lower Total Advantage LLC	18725 165th Street, Woodinville, WA	US
S1-23174009	Hitech Real Foundation	Mig-14, Sathya Sri Nagar, 2Nd Main, Thally Road, Mhd, Hosur, Krishnagiri, Dharmapuri, Tamil Nadu	India
S1-718924044	Urgent Care Direct Clinic LLC	931 346 Street, Eastlake, OH	US
S1-753659735	Patel National Apartment	817 Isabel Street, Celina, TX	US
S1-25969646	Swami & Sons LLP	House Of Ranjan Kumar, 275, Chandel Bhawanmg Road, Aurangabad, Aurangabad(Bh), Bihar	India
S1-293570191	Shaw & Mcdermott LLC	901 Eldon Drive, Alexandria City, VA	US
S1-848941074	Al Food Pvt Ltd	Village-Danokri(141), Post-Sidhrawli Distt-Gurugram, Haryana, Gurgaon, Haryana	India
S1-256336284	Dynamic American Dome	4 James Drive, Westmont, IL	US
S1-16777638	Surgical Center of Albuquerque	12310 Del Rey Avenue, Albuquerque, NM	US
S1-313407342	Kalol Solutions Private Limited	Survey No 331 & 355, Surbhi Compound, Rakanpur, Kalol, Gandhi Nagar, Gujarat	India
S1-942041941	North Allied Beijing LLC	OK, Muskogee, 9900 Chimney Mountain Road	US
S1-600170309	Snider Communications LLC	3661 Summershade Cove, TN, Memphis	US
S1-978199229	Anchor Elite Stonebridge, LLC	3446 Valerie Lane, Spring, TX	US
S1-227869335	Saha Consultancy Private Limited	West Godavari District, Andhra Pradesh, 2/307, Amikunta Road, Chagallu, Andhra Pradesh	India
S1-2559821	Multiplex Traders Private Limited	Ug-01, Ugf Anand 5, Vill- Sarfabad, Gb Nagar, Noida, Ghaziabad, Uttar Pradesh	India
S1-938670271	Cooperative Security Products Center	5054 82nd Street, Fl 1, Scottsdale, AZ	US
S1-915049435	New Life Catholic Church	Round Rock, 1901 Wagongap Drive, TX	US
S1-828989645	Modern Premier Hill	8416 Morgan Street, Pickerington, OH	US
S1-969744744	Red Diner LLC	3052 170, Unit 5, Spanish Fork, UT	US
S1-942600780	Pierce Carlyle	OK, 315 Birch Street, Ponca City	US
S1-584225851	Vaayuiya Bros	Bengaluru, Karnataka, East End D Main Road, Jayanagar 9Th Block, Bangalore, No.14	India
S1-196131931	Sky Impex Limited	Officer Hostel Sisana Road, Mardan Colony, Uttar Pradesh, Baghpat, House No-342	India
S1-321461094	Life Industries Pvt Ltd	# 370/26, 27Th Cross, Raghavendra Layout Hulimavu, Bannerghatta Road, Bangalore, Karnataka	India
S1-550823025	Willow Inc	2807 Copper Avenue, Mission, TX	US
S1-481652069	Newton Keystone Toyo L.L.C.	34 Hathorne Street, Salem, MA	US
S1-720623171	Capstone Coatings Private Limited	Orissa, Khordha, Bhubaneswar, Plot No- 94, Ground Floor At/Po/Ps-Saheed Nagar	India
S1-782985194	Valencia Associates LLC	615 Prospect Road, Ashtabula, OH	US
S1-606930711	Duncan Aluminum	10435 Carrie Drive, Youngstown, OH	US
S1-827988215	Apc Academy	#269, Parisara, 3Rd Main, Jagajyothi Layout, Bangalore South, Bangalore, Karnataka	India
S1-407755695	Sea Buildcon Private Limited	21/595A, Rouba Residency Hotels (P) Ltd, Theyyangad, Ponnani, Malappuram, Malapuram, Kerala	India
S1-608115869	Paddy Intercontinental Private Limited	102 5Th Main Road 1St Cross Madiwala, Karnataka, Bangalore, Bengaluru	India
S1-243957953	Delhi Wealth Private Limited	A-123, Industrial Area Wazirpur, Delhi, North West, Delhi	India
S1-498430588	Best Products Limited	B-15/4, Site-Iv, Main Road, Sahibabad, Industrial Area, Ghaziabad, Uttar Pradesh	India
S1-1915232	New Delhi Biotech Private Limited	New Delhi, Delhi, First Floor, E-12, Block-B-I Extension, Mcie (Mohan Co-Operative Industrial Esta, Te), New Delhi	India
S1-787321342	Pimpri Chinchwad Dealcom Private Limited	Sno 275/3, Sunder Baug, Bl C, C Wing, Fl.7, Manik Cly, Link Rd, Chinchwad, Pimpri Chinchwad, Pune, Maharashtra	India
S1-688637146	TVA Systems Pvt Ltd	Mumbai City, Mumbai, 413, Bhaveshwar Complex, Nr Vidyavihar Railway Station, Vidyavihar West, Maharashtra	India
S1-952149929	ILZ Agrovet Associates	1553U, Jyoti Pura Mohalla, Nr Ideal Secondary School, Hisar, Haryana	India
S1-609726160	Madani Hospitality Private Limited	1201, Chaurang, Sec 16, Palm Beach Road, Sanpada, Thane, Maharashtra	India
S1-32982834	North Enterprises Pvt Ltd	#123, Rr Estates Pampa Extension, 8Th Cross, Kempapura, Banglore, Bangalore, Karnataka	India
S1-93692202	Bangalore Andconsultants Partners	Sy No 396/1, Kannamangala, Kasaba Hobli Hoskote Taluk, Bangalore, Bangalore, Bangalore Rural, Karnataka	India
S1-457456212	Seven Products Private Limited	803, Kirti Shikhar Distt. Centre, Janakpuri, New Delhi, Delhi	India
S1-751032743	Heritage Infrastructure Holdings LLC	6356 Stonewain Court, Fort Washington, MD	US
S1-843737434	Dental Group	903 Crestview Drive, Atlanta, TX	US
S1-51671635	Green Retail Solutions Inc	14215 Arcadia Road, Albuquerque, NM	US
S1-309368023	Hall Acp LLC	704 Linden Grove Place, Unit 104, Odenton, MD	US
S1-845600347	Cash Classic Assets	3004 Presbury Street, Baltimore, MD	US
S1-649197910	Shakti Builders Private Limited	Dlf Phase 3, Gurgaon, V 19/11, Dlf Qe, Haryana, Gurgaon	India
S1-587883741	Strategic Apex Viii	13396 Highway 76, Lindsay, OK	US
S1-554630167	Guel Architecture Inc	1449 Central Avenue, Dubuque, IA	US
S1-864052203	Red Ice Cream	706 Mcgalliard Road, Muncie, IN	US
S1-976013547	Fortune Industries Pvt Ltd	18/ 633, Panakkath Tower, Middle Hill, Ernad, Malappuram, Malapuram, Kerala	India
S1-167383913	New Power Private Limited	Shop No 12 B K No 528 Jhulelal Trust School Road, Near Siru Chowk Ulhasnagar Thane, Kalyan, Thane, Maharashtra	India
S1-223160910	Rosalinde Mccoin, M.D.	402 Lafayette Street, Winslow, IN	US
S1-897230072	Management Builders Private Limited	B-3, Badshah Bagh, Fatiman Road, Varanasi, Uttar Pradesh	India
S1-935549955	2-Sons LLC	985 Hills Market Road, Felton, DE	US
S1-675812149	Perez Montessori School	1047 Sunflower Trail, Austin, TX	US
S1-367864796	City Hitech International Pvt Ltd	A/703, Raj Classic Chs Ltd, Off Yari Road, Panch Marg, Next To Poseidon, Andheri (W), Mumbai, Mumbai City, Maharashtra	India
S1-687428039	Pioneer Business Private Limited	402 Saral Heights, Opp. Manilal Party Plot, Ahmedabad, Gujarat	India
S1-689350569	Anu Technology Private Limited	Sy.No 337/10 And 337/11, Hulimangala, Anekal, Bangalore, Karnataka	India
S1-406569917	Northern Apex Solutions	919 Laster Farms Way, Knoxville, TN	US
S1-89007006	City Management Private Limited	H No. 694, Sector 30, Urban Estate, Thanesar, Kurukshetra, Haryana	India
S1-355383382	Trusted Association	10014 40th Avenue, Portland, OR	US
S1-92737301	Wendi C. Donovan, M.D. PC	480 New Sherborn Road, Athol, MA	US
S1-175378098	Delta Metro Berto	6432 Burnside Place, Fayetteville, NC	US
S1-962077347	Pediatric Dental Mountain Care LLC	7567 Manry Court, Mentor, OH	US
S1-36797499	Shah (India) Global Pvt Ltd	305Rock Enclave Bldgno 1B, Nr Hindustan Naka, Kandivali West, Mumbai, Maharashtra	India
S1-326940344	Liberty Systems Private Limited	C/O Sahahnaz W/O Ghaffar, Phase 2 Model Town, Bathinda, Punjab	India
S1-725441949	RS Poly Private Limited	Landmark, Cyber Park, Sec-67, Haryana, 1St &2Nd Fllor, Badshahpur, Gurgaon	India
S1-714781132	Chiropractic Sterling Clinic LLC	8885 Cinnabay Drive, Charlotte, NC	US
S1-400713632	Congregation Zion Care	14059 Longview Lane, Plainfield, IL	US
S1-843382764	Dillon Alibaba	169 Park Avenue, Unit Apartment 6, Saranac Lake, NY	US
S1-195524228	Crawford, Mejia & Crowell Hotels	459 Linnerud Drive, City Of Sun Prairie, WI	US
S1-624759307	Alpha Engineering Private Limited	Plot No. 50, Tenament No. 4, Ward -7C, Gandhihdham, Kachchh, Gujarat	India
S1-195426758	Parshwa Hospital Private Limited	No 134/1, 4Th Main, 9Th Cross, Bangalore South, Bangalore, Karnataka	India
S1-111181951	Bison LLC	Bowling Green, Unit 606, 1766 Champions, KY	US
S1-671800581	Jay Nursing Home	Opposite Roadways Depo Ganganagar Road, Hanumangarh Junction, C/O Choudhary Enterprises, Hanumangarh, Rajasthan, Hanumangarh	India
S1-376678115	DB Sachs PC	357 Delaware Road, Joshua Tree, CA	US
S1-958406038	Maya Eye Pvt Ltd	B 303, Gundecha Heights, Lal Bahadur Shastri Road, Bhandup, Mumbai, Mumbai City, Maharashtra	India
S1-485008912	Balindyne LLC	14120 Chadwick Lane, Rockville, MD	US
S1-400465176	Eastern Infotech	Mahmoodabad Building 15- M.G. Marg Hazaratganj, Lucknow, Uttar Pradesh	India
S1-659379854	Sterling Hospitality Networks	7864 Ohio Hideaway Drive, Madison, IN	US
S1-952563353	Sense College Private Limited	203, Sundara Meridian, Street 1, Lane 1 West Maredpally, Secunderabad, Rangareddy, Telangana	India
S1-453407973	Bitecify Holding Company	14923 285, Tyler, TX	US
S1-286023705	Modern Solutions Private Limited	Kuraghat, Mahadev Jharkandi, Turka No.3, Gorakhpur, Uttar Pradesh, Gorakhpur Sadar, Sainik Kunj	India
S1-134933296	Developers Ascent Medical Pvt. Ltd.	Jevan Deep Buildingparliament Street, New Delhi, Central Delhi, Delhi	India
S1-360401329	Varona Trailblazer	Pell City, AL, 499 Mill Ridge Lane	US
S1-56545867	Capital Bny LLC	1111 Eaton Court, Palatine, IL	US
S1-164185315	Modern Materials LLC	Annapolis, 2445 Holly Avenue, MD, Unit 332	US
S1-971534244	Blessing's Pioneer Healthcare	822 11th Avenue, Winfield, KS	US
S1-16025493	Al Products Private Limited	10, Ellora Complex No.1, 2Nd Floor, Building No 1/10, Deen Dayal Road, Dombivli, Maharashtra	India
S1-279556776	Fia Partners L.L.C.	3059 Kelp Lane, Oxnard, CA	US
S1-118107035	Shree Advisory Ltd	Gujarat, Survey No. 240, B/H. Bhagyoday Hotel Village Changodar, Ta. Sanand, Dist. Ahm, Edabad, Changodar, Ahmedabad	India
S1-52436125	Chembur Coimbatore Private Limited	C/O C-123 Arvind Patil Wadi, Khardeva Nagar, Sai Printing Press, (E), Chembur, Mumbai City, Maharashtra	India
S1-566980996	Big Book Store	Hooper, 5205 5725, UT	US
S1-843635505	Sunrise Healthcare Private Limited	Tamil Nadu, P No.26 S. No. 309/60, Sornambigai Nagar, Poonamallee, Tiruvallur	India
S1-463743844	The Dent Tavern Partners	135 Harveys Valley Road, Unit 168, Gatesville, TX	US
S1-176177411	Patna Enterprise Private Limited	C/O Manish Kumar, Durga Ashram Gali Sheikhpura, Bailey Road, Patna, Bihar	India
S1-930625291	Dunn Baptist Crystal Services LLC	6675 Godwin Lake Road, Dunn, NC	US
S1-5464840	Shree Estate Private Limited	H.No. 53, New Ram Nagar, Near Pump House, Jabalpur, Madhya Pradesh	India
S1-868897261	Girivar College	No 805, Raja Street, Coimbatore South, Coimbatore, Tamil Nadu	India
S1-273289590	Bharat Tech Private Limited	Gujarat, Vadodara, 416, Urban -2, Nr Priya Cinema, Opp. Akshar Pavillion, Bhayli Road, Vadodara	India
S1-449871148	Baba Impex Private Limited	No. 127K, Bangalore, Bangalore North, Karnataka, 14Th Cross, 19Th A Main Road, 1St Block	India
S1-253058676	C 6 K Copley	109 Summit Avenue, Quincy, MA	US
S1-634678289	Hari Care Private Limited	C/O Sau B S Kore, Maharashtra, H No 20, Shital Society Wadgaon Road, Yavatmal	India
S1-77065534	Neem (India) Spacebuild Private Limited	Plot No 401, H No 7-1-455/2, 3, Swathi Apartments, Near Adithya Trade Center, Ameerpet, Hyderabad, Telangana	India
S1-136988751	Shiv Investment Pvt Ltd	A-42, Road No 10, Wagle Industrial Estate, Midc, Thane, Thane, Maharashtra	India
S1-920719055	Guru Investments Pvt Ltd	North Delhi, 19A 1St Floor Sanjay Nagar Gulabi Bagh, Delhi	India
S1-400725518	Caralie Johnson Carlyle LLC	25 Windsor, Unit 60, Franklinton, NC	US
S1-937080328	Letech Capital	Effingham, IL, 2704 Deerhaven Drive	US
S1-235216995	Wyble Williams	Snohomish, WA, 21320 61st Place	US
S1-393779176	Poole, Lee & Totten Centurion Inc.	13037 Fm 2546 Road, El Campo, TX	US
S1-290289708	Technique Brothers Private Limited	301, 3Rdfloor Nedchambers, 8-2-696-697, Road No. 12, Khairatabad, Hyderabad, Telangana	India
S1-982540056	Davine's Auto Sales Group	17 Country Club Road, Darien, CT	US
S1-680789125	Mauer Innovation LLC	2230 33rd Street, Spirit Lake, IA	US
S1-714670444	Potter, Hose & Dubois	4530 23rd Avenue, Unit 152, Phoenix, AZ	US
S1-996890918	Indian Service Company	Rakesh Kuamr S/O Mansha, Joliya Banaras Madhavganj, Nawabganj, Barabanki, Uttar Pradesh	India
S1-514335205	Robertson, Paulie, O.D., M.D., P.C.	1252 Rock Cliff Drive, Martinsburg, WV	US
S1-368926347	Choice Realty Dynamics LLC	833 Lafayette Street, Salisbury, NC	US
S1-205393118	Scott Limited LLC	10504 Meakin Drive, Raleigh, NC	US
S1-551050749	Lyra Inc	6110 Brushy Mountain Street, Cary, NC	US
S1-229568339	Corner Ice Cream	6011 Yuma Mine Circle, Marana, AZ	US
S1-342807694	Prodynex Family Office Inc	4 Garden Lane, Wilbraham, MA	US
S1-700570389	Claresta Gilbert Best Motors Inc	731 775, Douglass, TX	US
S1-813129406	Business Traders Limited	Plot No 2 Uppal Ida, Hyderabad, Telangana	India
S1-541897531	Foot & Ankle Care Associates LLC	910 Robinson Road, Townsend, DE	US
S1-398738329	Khatu Solution Private Limited	No 3 1St Main Road Peenya 1St Stage Peenya Industrial Area, Bangalore, Karnataka	India
S1-176724112	Creative Consultancy Private Limited	A-1/7, Sector-5 Near Vishram Chowk, Delhi, North West, Delhi	India
S1-950162257	Tarra S. Phillips, DO	8 Richardson Avenue, Wakefield, MA	US
S1-871400204	Lewis Legacy Drive Inc	6463 Ameba Lane, Denver, NC	US
S1-408892961	Matrika & Co	Door No 14 -20- 677/280 Vivekananda Nagar, Allapur, Hyderabad, Rangareddy, Telangana	India
S1-715101716	Devanth International Pvt Ltd	Plot No. 24, Shyam Nagar-1 Benad Road, Jhotwada, Jaipur, Rajasthan	India
S1-707440705	Ant Creative Private Limited	Pune, Maharashtra, S.No 77/1A, Pune, Mundwa Pune Road, Pingale Vasti Besides Marwel Matrix Apartment	India
S1-619673864	Mumbai India Private Limited	Off No-A1-204, Boomerang Equity Bussi Park, Cts, Chandivali Farm Road, Kurla Nr-Chandival, I Studio, Mumbai, Mumbai City, Maharashtra	India
S1-516788098	Decatur Literacy Fund Inc.	1943 51, Fl 0, Decatur, TX	US
S1-515182314	Galaxy Jai Consultancy Pvt Ltd	Gak-182, Dlf New Town Heights, Sector-86, Gurugram, Gurgaon, Haryana	India
S1-377568816	Olanance Pearl Corp	New York, NY, 14 55 Street	US
S1-146708828	Environmental Foundation LLC	304 Water Street, Victoria, TX	US
S1-820767013	Punctual & Partners Ltd	19/1, R. N. Tagore Road Ambe Plaza, Dakshineswar, Kolkata, Howrah, West Bengal	India
S1-445405840	Northern Cardiology	3718 Kime Beach, Fayette, NY	US
S1-376777659	Animal Welfare Federation	317 Martha Street, Lineville, AL	US
S1-961303220	Cornerstone Iheartmedia LLC	Sparta, TN, 1277 Double Bridges Road	US
S1-53444488	Secure Energy Associates	Westminster, 2205 Timothy Drive, MD	US
S1-96272658	Colleen Konkel Dynamix LLC	1055 Column Way, Unit APT 108, Bedford County, VA	US
S1-720422974	Midwest Allied Banc Inc	1010 101, Beaufort, NC	US
S1-613706137	Atlantic Choice Realty LP	16 Wellesley Street, Medford, MA	US
S1-238235398	Blue Enterprises Private Limited	No76 R Achammanahalli Village Thirumani Post, Pavagada Taluk, Thumakur, Tumkur, Karnataka	India
S1-879505480	Aadi Enterprise Ltd	Shop No 5, Ganpati Kambal Market, 517/4, Panipat, Haryana	India
S1-516334656	New & Brothers Ltd	12 Jain School Buildingpalam Colony Delhi, New Delhi, West Delhi, Delhi	India
S1-215630341	Rimasoft PC	4264 Overlook Drive, Onondaga, NY	US
S1-723822778	Supreme Engineering Pvt Ltd	No 3/250 Bharathiyar Nagar Avalapalli Road, Hosur, Dharmapuri, Tamil Nadu, Krishnagiri	India
S1-441740463	Oncology American Care Associates Inc	8079 Ridgewood Lane, Nashville, IN	US
S1-286492010	Sukra Rerolling Pvt Ltd	No.153/A, B, Ward 5, Nrc Building, Thandrampoika, Nedumangad, Thiruvananthapuram, Trivandrum, Kerala	India
S1-450719710	Heredia Heartland Hancock	54 Dillwyn Drive, Newport News City, VA	US
S1-142378046	Luu, Fox and Glenn Corp	17227 Weaver Lake Drive, Maple Grove, MN	US
S1-219901689	A Apex Black, PC	9653 Oakhaven Court, Indianapolis, IN	US
S1-685606946	Anderson, Mcknight & Martinez LLC	579 George Street, New Haven, CT	US
S1-346742131	Charter & Brothers Private Limited	Shree Krishna Nagari, Sec.No-3 Plot No-64, Bhosari, Pune, Maharashtra	India
S1-684325594	Ridge Trust LLC	4136 Maple Drive, OH, Cincinnati	US
S1-153222175	Trusted Capital Kochav Inc	960 S 4th St, Unit 312, Louisville, KY	US
S1-188244574	Steinmetz Integrated Games	9849 Arrowwood Lane, Maple Grove, MN	US
S1-39507728	Cooperative Cargo Dynamics	VA, Virginia Beach City, 2417 -610 Atlantic Avenue	US
S1-895388003	Great Lakshmi Foods	Circular Court, 4Th Floor, Unit No.46 8.A.J.C. Bose Road, Kolkata, Howrah, West Bengal	India
S1-667057437	Bryant Royal Coastal LLC	50 Church Street, Old Saybrook, CT	US
S1-895744798	FV Chenghe LLC	1508 Winding Ridge Road, Norman, OK	US
S1-828679617	Innovative Health Industries	23429 Buttonbush Way, DE, Millville	US
S1-63488552	Stevens Great Globa LLC	4305 Polk Street, Houston, TX	US
S1-543560066	Pediatric Care Associates	3 Buttercup Court, Waterford, NY	US
S1-796666351	Beseo Inc	1327 Highway 83, Dumas, AR	US
S1-891934264	Williams Security Group	1469 Green Spring Way, Greenwood, IN	US
S1-28222147	Halcyon LLC	5611 Karakul Terrace, Roscoe, IL	US
S1-108114324	Krishna Technologies Private Limited	Plot No-1177/2500, Damarpur Balipatna, Damarpur, Kendrapara, Orissa	India
S1-431636834	Sumit House Private Limited	906 Balaji Heights Cts No 202 Gavdevi Road Bhandup, Mumbai, Mumbai City, Maharashtra	India
S1-832616357	North Hospital Private Limited	Maruthorvattom.P.O, Alappuzha, Cherthala, Kerala, Munduchirayil	India
S1-120123309	Cavue Inc	212 Front Street, Kevin, MT	US
S1-66335076	Heritage Security Brands	9330 Skyline Parkway, Proctor, MN	US
S1-639135951	Ss Technology Private Limited	57, Vowalkadu Namakkalpalayam Road, Chennimalai, Erode, Tamil Nadu	India
S1-881491739	Keystone (India) Marketing Private Limited	Suryamani Glassed Steel Equipment Nr. Sadanshah Pir Dargah, Uttarsanda, Kheda, Gujarat	India
S1-899930904	A/H Good	412 Montana Avenue, Glendale Heights, IL	US
S1-767118157	Ace First Hair Studio	4 Tottenham Court, Roswell, NM	US
S1-594547159	India Gemini Care Private Limited	Selva Vinayagar Koil Street, New Perungalathur, Tamil Nadu, No.32/22, Tambaram, Kanchipuram	India
S1-41890663	Srm Herbals Private Limited	59 M D Rd, Kolkata, Calcutta, West Bengal	India
S1-319980988	61/24 Machine Works	252 Dawn Circle, Munds Park, AZ	US
S1-889493876	Brien, Orelee M., Ph.D., M.D., P.C. LLC	5920 28th Court, Lincoln, NE	US
S1-325379061	Sheelagh E. Smith, MD	504 Baker Street, Warsaw, IN	US
S1-193924975	Pioneer Electronics Digital	113 Connemara Drive, Union Twp, OH	US
S1-929392897	Sai Dealers Pvt Ltd	Unit No. 204, 2Nd Floor, B, Ratan Central Building, Plot - Cs 777/778, Dr. B. A. Road, Parel, Mumbai, Mumbai City, Maharashtra	India
S1-673577940	Green Insurance Advisors Associates	418 Lake Shore Boulevard, Wauconda, IL	US
S1-989997455	Bradley Superior Media	1230 1130, Sparta, KY	US
S1-426768233	Regional Clear Services	7705 A W Marion State Park, Circleville, OH	US
S1-856233442	Vijay It	3, Gobinda Auddy Road, Capricon Nest, Ground Flr, Kolkata, Kolkata, Howrah, West Bengal	India
S1-855269696	Route 91 Massage	2228 Astor Street, Sauk Village, IL	US
S1-884638469	Ram Logistics Limited	Plot No.1, Local Shopping Centre Sharda Niketan, Pitampura, New Delhi, Delhi	India
S1-194304524	Vibes Experts Private Limited	G 304 Pinnac Memorieskothrud, Pune, Maharashtra	India
S1-718643842	Paschim Medinipur Skill LLP	Kayabad Hoomgarh, Paschim Medinipur, Bankura, West Bengal	India
S1-254335778	1 800 I Care 4 U	2225 Union Community Road, Thurmond, NC	US
S1-18609645	24 Hour Locksmith	1300 Stierlen Place, Burlington, WA	US
S1-407769671	Kozhikode Finleas Private Limited	Door No 1 1 Achu S Villa, Panniyur Kulam, Kozhikode, Kerala	India
S1-781053965	East Delhi Movies	13-B, Pocket-1, Mayur, Vihar Phase-1, East Delhi, Delhi	India
S1-47822633	Aakarsh Medical Centre	H No 511, C/O Juned Khan Mehabub Khan Tulsibagh Road, Mahal, Nagpur, Maharashtra	India
S1-793883524	Braasch & Waite LLC	222 Dacian Avenue, Durham, NC	US
S1-699585805	High Infrastructure Private Limited	1045 Mohol Road, Pandharpur Degaon, Pandharpur, Solapur, Maharashtra	India
S1-851712140	Black Foods Private Limited	5Th Floor, Wall Street-Ii, Opp. Orient Club, Ellisbridge, Ahmedabad, Gujarat	India
S1-948133629	Galaxy Trading Ltd	Vadakkathil Veedu, Pallipuram Alamoodu Post, Trivandrum, Kerala	India
S1-135282736	Custom Empire Chain Corp	2038 18th Avenue, Battle Ground, WA	US
S1-842666973	Ranique Proctor Allied Dynamix LLC	24226 Montreaux Drive, Crestline, CA	US
S1-372172752	Mead National Kgaa Inc	545 Buckner Lane, Munfordville, KY	US
S1-664158691	Hinkle, Carmencita N., Ph.D.	NC, Fuquay-varina, 308 Jones Road	US
S1-438057691	Fox & Fraser Tge	W3715 Wh, Town Of Taycheedah, WI	US
S1-267182908	Telidyne Royal Metal Inc	Unit 6, 1571 Charterwoods Circle, Fairborn, OH	US
S1-491120722	Shashi Trading Private Limited	424, Ambedkar Chauk Sadar Bazar, Fatehabad, Agra, Uttar Pradesh	India
S1-134302582	United Ventures Private Limited	28/5, Coats Road N.No. 8/5, T Nagar, Chennai, Tamil Nadu	India
S1-456108088	Glover Desert Enhanced	253 Garth Road, Unit Apartment 6B, Eastchester, NY	US
S1-444164979	Stidham Highland Alpine LLC	114 Highland Avenue, Chelan, WA	US
S1-335586111	Moeller Blue Allurion LLC	8808 Island Point Road, Charlotte, NC	US
S1-557359103	Allied Select Hennessy LLC	1710 Muny Vista Drive, Unit 311, Alton, IL	US
S1-637935748	Golden Massage	2104 Randolph Avenue, Saint Paul, MN	US
S1-340587803	Mumbai Traders Private Limited	23, Jamnadas Industrial Estate, Dr. R. P. Road, Mulund West, Mumbai, Maharashtra	India
S1-963247301	Empire Pipeline Inc.	9849 Meadow Rue Drive, Mckinney, TX	US
S1-568504789	Bhandara Engineering	Survey No. 68/1, Ganeshpur, Takiya Ward, Bhandara, Maharashtra	India
S1-294035707	Gulf Trg LLC	28 Highcrest Road, Falmouth, MA	US
S1-306416395	Swastik Consulting Private Limited	602, Avior, Nirmal Galaxy L.B.S. Marg, Opp. Johnson & Johnson, Mulund (W), Mumbai, Mumbai City, Maharashtra	India
S1-472065954	NT Shares LLP	Delhi, Shubham Enclave Paschim Vihar, New Delhi, A-6 Third Floor	India
S1-23077153	Unique Developers Private Limited	Flat No. H-08, Gut No. 52/1, H Wing Golok Carnation, Village Wadgaon(K), Aurangabad, Maharashtra	India
S1-881864446	Primary Care Prairie Clinic LLC	61 Armed Forces Drive, Westmoreland County, VA	US
S1-220298854	Unique Marketing LLP	Gujar Ghatal, Rewari, Haryana	India
S1-416638940	Sbh Compusystems Private Limited	D.No.16-2-233/1 (2), Near Indian Bank, Bhimavaram, W.G.Dist., Andhra Pradesh	India
S1-758283235	Vaishnav Educational Society	2-6-1015, Kln Reddy Colony, Nakkalagutta, Hanamkonda, Warangal Urban, Telangana	India
S1-888526055	Gajrup Group	Patna, Nutan Plaza Bandar Bagicha, Bihar, 4Th Floor, Patna	India
S1-978005367	Maha & Brothers Group	First Floor Loha Mandi, Naraina, Delhi, South West Delhi, X-25	India
S1-755646903	Mayura Brothers Public Limited	15 1 Stand Road, Kolkata, Calcutta, West Bengal	India
S1-211555893	Silver Intelligence International	11520 Dunmore Drive, Peoria, IL	US
S1-572532708	Ss Technology Pvt Ltd	319/3, Arun Towers, First Floor, Pudhur Pirivu, Dharapuram Road, T.C.Market, (Post), Tirupur, Coimbatore, Tamil Nadu	India
S1-124974759	LM Atlantic Supply PC	Oologah, OK, 5915 Everetts Point	US
S1-928032462	Heritage Textile Labs	132 Boyd Court, Rocky Mount, NC	US
S1-240877622	Physical Therapy Care	San Luis, AZ, 2575 Edais Street	US
S1-154733439	Brilliance Trust	8/2 B B D Bag East, Kolkata, Calcutta, West Bengal	India
S1-685348249	Sunita Power Limited	Flat No.E-1, Karthik Apartmentvijayaraghava Road, T-Nagar, Chennai-17., Tamil Nadu	India
S1-718642664	Sheilah Hess Sterling Mission Inc	5588 Normandy Road, Memphis, TN	US
S1-739274047	Dhandhuka Advisors	C-1212 Rajyash Rise, Beside Vishala Near Apmc Market South Vasna, Dhandhuka, Ahmedabad, Gujarat	India
S1-832765363	Maa It Private Limited	B-1/50, New Moti Nagar, New Delhi, West Delhi, Delhi	India
S1-857087870	Rocky Rocky Madison P.C.	7719 Stephenson Basin Road, Stephenson, WV	US
S1-960152459	East Exports Private Limited	Mumbai, Maharashtra, Mumbai, E-504 Sarita Lok Darshan Military Road Marol Andheri (E)	India
S1-556472589	Namo Vinimay Private Limited	301, Nar Narayan Chs Ltd., Plot No.36B, Turner Road, Nr. Tava Restaurant, Tps-Iii, Bandra(W), Mumbai, Mumbai City, Maharashtra	India
S1-348001118	Blue It Private Limited	No 3 1081 Sakthi Vinayagar Street Molachur, Kancheepuram, Tamil Nadu	India
S1-693581131	Rohit Kunj Pitam Pura Housekeeping Pvt. Ltd.	B-12, Rohit Kunj Pitam Pura, New Delhi, Delhi	India
S1-387554918	Sky Projects Pvt Ltd	Punjab, Batala, Gurdaspur, C/O. Balwinder Pal Tibri Road, Pahra	India
S1-848163329	Urgent Care Associates	524 4th Avenue, Duluth, MN	US
S1-817905400	Keating Fusion	10114 Wycliff Road, Chesterfield County, VA	US
S1-996662999	6-Star	98 River Top Road, Marshall, NC	US
S1-701646858	Kashmir Chem (India) Private Limited	Calcutta, West Bengal, Kolkata, 4/2Ddharmtolla Road	India
S1-815827982	India Pahal Chemicals Private Limited	2/16, South West Delhi, Basement Kalkaji Extn, New Delhi, New Delhi, Delhi	India
S1-328975525	Davison's Home Care	28 Meadowlark Drive, Wareham, MA	US
S1-359931555	Matlock Goldman	1020 Mccameron Avenue, Lockport, IL	US
S1-515865173	Vanguard Rocky Fashion LLC	26 Garden Terrace, Bridgeport, CT	US
S1-369426534	Ear Nose & Throat Center LLC	432 Gloria Drive, Chesapeake City, VA	US
S1-835576949	Dwarkesh Mahila Ltd	47/2, N.R.K.R. Road Sivakasi626 123 Kamarajar District, 626 123 Kamarajar District, Virudhunagar, Tamil Nadu	India
S1-242250401	Quirky Management Private Limited	D-51 Gulmohar Park, New Delhi, Delhi	India
S1-188231572	Versatile Charitable Trust	403, Tower-A, Unitech Business Zone, Nirvana Country, South City-2, Sector 50, Gurgaon, Haryana	India
S1-596684456	Longshoremen Local Union 35	11996 Cardamom Drive, Prince William County, VA	US
S1-575402819	Madras & Co	51/2 Ground Floor Ranchod-Das Villa Bhaudaji Cross Road Beside Wadekar Hospital, Matunga Mumbai, Mumbai, Maharashtra	India
S1-643349886	Isbell Vehicle Inc	832 Upper Mainland Road, Lower Salford Township, PA	US
S1-120551594	Gayatri Trading Limited	Plot No.68, Flat No.102, Ranga Manor Apartment Jayabharat Nagar, Nizampet Road, Hyderabad, Telangana	India
S1-185938626	Vijay Ventures Private Limited	D1A/90B, D1-A, Block Gali No - 5, Kh No-692/93/94 Mahavir Enclave, Part - 1, Below Palam, New Delhi, South West Delhi, Delhi	India
S1-774899880	Golden Food Private Limited	Subdivision F, Flat No Va-104, 1St Floor, Vallora, Suncity Nagar, Khasra No. 319, Pal, Jodhpur, Rajasthan	India
S1-337355962	Bradshaw Select Micro Corporation	46 Irving Street, Unit 8, Framingham, MA	US
S1-248490827	Smart Environmental Studios Inc	3997 Sweet Shadow Avenue, Columbus, OH	US
S1-264655122	Clark Dental Associates Inc	Crainville, IL, 804 California Street	US
S1-350993441	Adhunik Agroproducts Private Limited	M. No. 1116, S. No. 84/2, Near Shinde Pool, Shivane, Pune, Haveli, Pune, Maharashtra	India
S1-487832277	Biren Memorial Trust	Near High School, Vill: Limadiya, Lunawada, Panch Mahals, Gujarat	India
S1-881264816	Js Shipping Limited	1-Amount Kailash, Delhi, South Delhi, Delhi	India
S1-534757082	Kmc Denim Limited	Malati, 2Nd Floor, Plot No.5, S.No.286/1A, Pallod Farm, Phase 3, Baner, Pune, Maharashtra	India
S1-974649571	Betancourt Rocky Corporate Inc	17041 Entiat River Road, Entiat, WA	US
S1-94928920	Unique Impex Private Limited	258 M C Garden Road Ghugudanga, Kolkata, Howrah, West Bengal	India
S1-157100753	Janna Hill Royalties	13942 Buckingham Drive, Oro Valley, AZ	US
S1-551884503	Toomey Prime Partners	12703 Mainsgate Street, Fl 0, Wichita, KS	US
S1-354749366	Green Industrial Group	3813 Greenway Street, Unit 1, Cheyenne, WY	US
S1-238031565	Strategic Insurance Technologies	7031 Stonehurst Drive, Huber Heights, OH	US
S1-815623956	Reber Ashford, LLC	217 5th Avenue, Fl 1, Hillsboro, OR	US
S1-943260288	Falcon Cohen PC	5305 Broadmoor Place, Greensboro, NC	US
S1-502455843	Harbor Express Metal Works Inc	1329 Sixth Street, Albemarle, NC	US
S1-222330164	Oncology Physicians of Broken Arrow PLLC	8575 Aspen Avenue, Unit UNIT 315, Broken Arrow, OK	US
S1-632427297	Lopez Liberty High Ltd	8545 Mcniece Loop, Fl 1, Yelm, WA	US
S1-982290158	Pinnacle Grand Nasdaq LLC	KS, Salina, 1813 Ben Court	US
S1-734662583	Hagan Biosciences L.L.C.	301 Southern Avenue, Bucyrus, OH	US
S1-330359064	First Hospitality Private Limited	Sulur Privu, Muthugoundanpudur, Tamil Nadu, Palladam, Coimbatore, No. 2/370-2	India
S1-961641469	Services Vishwakarma Industry Private Limited	No.149, H.L.No.463/1, 1St Floor, Apex Bank, Bangalore North, Bangalore, Karnataka	India
S1-11692407	Filipek, Koester and Lines, Inc	2221 Willow Drive, Unit Unit A102, Livingston, MT	US
S1-600690855	Geeta International School Care	Plot No. 209, Nemi Nagar Extension, Vaishali Nagar, Jaipur, Rajasthan	India
S1-394328849	Dhanashree Memorial Trust	Plot No. 18, Vishnu Nagar, Navlakhi Road Near Nilkanth Mahadev Mandir, Morbi-3636, 41, Morbi, Rajkot, Gujarat	India
S1-478332601	Ace Investors Associates	357 200, Unit 311, Salt Lake City, UT	US
S1-670248589	Deepti Sara Pvt Ltd	246/17 Vijay Nagar, Near Huda Complex, Jain Jati Ki Side Wali Gali Rohtak, Rohtak, Haryana	India
S1-450860193	Eastern Infrastructure	106 Glen Oak Court, Hendersonville, TN	US
S1-948740531	Total Wholesale Laboratories	55 Boone Road, Rineyville, KY	US
S1-332986963	Ace Better Biotechnologies LLC	410 Court Street, Unit Apartment 1, Ithaca, NY	US
S1-617169389	Physical Therapy Care, Inc	611 Orchard Drive, Ravenswood, WV	US
S1-417017579	Bastion Solution	AZ, 810 Parkcrest Circle, Mesa	US
S1-577672234	Machinists Local 430	31460 Isle Way Lane, West Linn, OR	US
S1-580730364	Titan Inc.	425 Ellis Street, New Britain, CT	US
S1-283638894	Lotus Services LLP	C402 Urbtech Trade Centre, Sector 132 Noida, Dadri, Gautam Buddha Nagar, Uttar Pradesh	India
S1-44385412	Engineering Relax Consultants LLP	C/O Chhoga Lal, Mandawat, Mangalwad Tehsil Doongla, Doongala, Chittorgarh, Rajasthan	India
S1-638520881	Blue Cafe Center	3206 Birchridge Drive, Frisco, TX	US
S1-924579099	Trusted Solana Inc	312 Prism Lane, Mckinney, TX	US
S1-6260344	Keystone Cornerstone Boston	9000 Kinney Road, Mount Vernon, OH	US
S1-151452949	Pacific Council Inc.	2301 Purdue Avenue, IN, Muncie	US
S1-527763392	Difabio Supreme Enterprises Inc.	29 Railroad Avenue, Salisbury, MA	US
S1-616641943	Developers Trimbak Power Private Limited	Third Floor, Office No T-9, Bhosale Shinde Arcade. Jangli Maharaj Road, Deccan, Pune, Maharashtra	India
S1-151512020	Village Of Salem Lakes Pediatric Dental Group	22158 120th Street, Village Of Salem Lakes, WI	US
S1-943712476	YHK Kogyo, LLC	670 Kenney Fort Boulevard, Unit 224, Round Rock, TX	US
S1-37959619	Legacy Bay Otg, LLC	2574 Kingsbury Drive, Unit 707, Wooster, OH	US
S1-646596521	Premier Materials Technologies LLC	25 Angela Drive, Athens, OH	US
S1-8870177	Meerut Matrix Private Limited	132 Holi Mohalla Nr, Bharoo Mandir, Meerut, Uttar Pradesh	India
S1-52558008	Granados & Sun Interprivate, Inc.	9720 Vanguard Drive, Unit COND 15, Anchorage, AK	US
S1-675826579	Fium Inc.	69 Gilman Falls Avenue, Old Town, ME	US
S1-716821483	Elder Liberty Associates Inc	1714 Country Squire Drive, Richmond, TX	US
S1-442902194	Al Management Limited	S - 561/302, Bhagwati Complex School Block, Shakarpur, Delhi, East Delhi, Delhi	India
S1-339331919	Ritchie Elite Resorts	14444 Boswell Boulevard, Sun City, AZ	US
S1-615413043	Family Partners LLC	1332 39th Avenue, City Of Kenosha, WI	US
S1-54425936	Banglore (india) Center	Bangalore, Tumkur Road, G. G. Palya Yeswanthapur, Banglore, No 2 Service Road, Karnataka	India
S1-939081794	Rankin's Secure Physical Therapy	5925 Carnifex Ferry Road, Spotsylvania County, VA	US
S1-361565964	Gouin Motors Associates	1443 Frank Willis Memorial Road, New Richmond, OH	US
S1-196958530	Vijay Technologies Private Limited	52, Gulmohr Sector - 19, Gandhi Nagar, Gujarat	India
S1-216991682	American Venture LLC	120 20th Avenue, Unit 306, Nashville, TN	US
S1-309440697	Agro Atlanta Century Private Limited	No. 12-1/H/1407, Rajapushpa Atria, Golden Mile Road, Gandipet Mandal, Rajendra Nagar, K.V.Rangareddy, Telangana	India
S1-3927516	Electra (India) Eximp Center	204/F - Wing, Kailas Complex Vir Savarkar Marg, Vikhroli (W), Mumbai, Maharashtra	India
S1-881884227	Henry & Smith Karbon Inc	700 Erica Circle, Greenville, TX	US
S1-212462796	Washington, Castro & Sheikh, LLC	16640 Kings Crown Lane, Unit 903, Surprise, AZ	US
S1-779615046	Maa International Limited	1758, Near Nava Kuvo, Ramol, Petlad, Nadiad, Kheda, Gujarat	India
S1-94074792	Guru Infotech Private Limited	Pno 2, National Colony Opp M Azad Collage, Aurangabad, Maharashtra	India
S1-105388328	Cascade Northwest L.L.C.	36186 Esther Road, New London, NC	US
S1-61124878	Star Logistics Private Limited	Srikakulam, D No, 56/11/10. Shop No. 49/52 Vijay Sowad Cmplex School Road Patamata Vijayawada, Andhra Pradesh	India
S1-316567116	New Delhi Finance LLP	House No 51, Sec 13 Swastik Aptts Rohini, New Delhi, West Delhi, Delhi	India
S1-469948643	Karmic Niketan Pvt Ltd	94/26 Mansarovar, Jaipur, Rajasthan	India
S1-19044061	Smart Swastik Impex Limited	10/1, Rustom Baug, Vjb Udyan Baug, Sant Savta Marg, Byculla, Mumbai, Mumbai City, Maharashtra	India
S1-25470569	Heart Association	96 Breakneck Hill Road, Southborough, MA	US
S1-940930402	Federal American Athena	4923 Woodfern Road, Peoria, IL	US
S1-622741529	Sartell Community Smart Center	1030 1 Street, Sartell, MN	US
S1-896378844	Halcyon Lafayette Inc	OH, 624 Blanchard Street, Findlay	US
S1-259583341	Nana's Development Partners	1301 King Street, Alexandria City, VA	US
S1-599660226	Pediatric Medicine Center	8214 Osage Lane, Bethesda, MD	US
S1-797870735	Indian Properties Private Limited	63 Nariman Bhavan 227 Nariman Point, Mumbai, Mumbai City, Maharashtra	India
S1-719555748	Optfloque European Inc	503 Z Bulifants Boulevard, York County, VA	US
S1-712366248	Miller Value Mid Inc	3505 White Chapel Road, Norfolk City, VA	US
S1-809877684	Akc Global Pvt. Ltd.	Vrindavan Yojna, R.B. Road, 11A/23, Uttar Pradesh, Lucknow	India
S1-532263964	Properties Chit Pvt Ltd	''Temple Steps'' 3Rd Floor, Block No. A, Unit-B 184-187, Anna Salai, Little Mount, Chennai, Tamil Nadu	India
S1-674365024	Ashland Youth All Ministries	311 B Street, Ashland, OR	US
S1-444091243	Claar Interests	MO, Saint Louis, 7615 Rock Hill Road	US
S1-354485030	Vision Health Inc	102 Pilgrim Road, Concord, MA	US
S1-566883349	Perfect Developers Private Limited	Satna, Ward 20 Sangram Colony, Madhya Pradesh, Satna, C/0 213 Kha	India
S1-59627142	Bright Diner LLC	9381 Fairmont Drive, Frisco, TX	US
S1-225315586	Ahmedabad City (india) Center	D-503, Savvy Swaraj, Chenpur Road, Gujarat, Ahmedabad, Ahmedabad City	India
S1-100190437	Guffey Metro Digital Associates	4829 Guinn Road, Knoxville, TN	US
S1-115604950	Medical & Sons Pvt. Ltd.	F-1/62, Block-F, Pkt-I, Sector-11, Rohini, West Delhi, Delhi	India
S1-471046052	New Agrotech LLP	Second Floor, Mpl No.8750, Plot No.3 Block Bo.4, Desh Bandhu Gupta Road, Paha, Rganj, New Delhi, Delhi	India
S1-508336680	Wyatt and Bream	9601 Mountain Ivy Court, NC, Charlotte	US
S1-833541573	Midwest Ready Inc	18436 Sunrise Maple Drive, TX, Montgomery	US
S1-956729307	Miseex LLC	17019 88th Street, Redmond, WA	US
S1-589671264	Developers Meenakshi Solutions Pvt Ltd	Scf 29, Ist Floor C Block Market, Dessu Majra Road, Kharar, Rupnagar, Punjab	India
S1-39453311	Jaipur Organic Limited	C/Otarachandtailor Ward18, Oppositehdfcbank Subhashc, Jaipur, Rajasthan	India
S1-397820954	Heartland Fellowship	102 Brantley Court, York County, VA	US
S1-750049425	Children's Fund Inc	225 Baird Street, West Liberty, OH	US
S1-251742988	Maid Bakery!	3861 Parsons Road, Carpentersville, IL	US
S1-745785784	Best Acquisition	11551 Aberdeen Street, Chicago, IL	US
S1-716827571	G 4 Pinnacle Soren P.C.	1351 Dekalb Street, Unit 715, Shelby, NC	US
S1-357526167	Pioneer Signature Biopharmaceuticals	14552 Boy Scout Trail, Petersburg, IL	US
S1-306349365	Mahisagar Blinds (India)	B9, Ramprastha, Near City Centre Market Block B, Ghaziabad, Ghaziabad, Uttar Pradesh	India
S1-534775142	Patriot Gen	507 Sundown Avenue, Alamogordo, NM	US
S1-928515642	Reed Life LLC	160 Faircrest Road, NY, Henrietta	US
S1-307780161	Arevalo Harbor Railway LLC	13 Brown Street, Unit Apartment 12, Norwich, NY	US
S1-51028457	Dermatology Care	2814 Norwood Street, Cuyahoga Falls, OH	US
S1-595112672	Vantyn Texas LLC	Russellville, KY, 3484 Orndorff Mill Road	US
S1-146565871	Sunbeam Shipping Ltd	Room No 10, Pandurang, Building Anand Koliwada, Thane, Maharashtra	India
S1-465785646	CMF Consultants Associates	Bldg A-5, Block No-2, Saudamini Gruha Nirman Socy, - Right Bhusari Coly, Paud Road, Pune, Maharashtra	India
S1-76830903	Pediatric Dental Value Health	807 Beaumont Drive, Unit 105, Naperville, IL	US
S1-303997538	Zeex Cms LLC	486 Pleasant Valley Road, Cumberland County, VA	US
S1-936230480	All Custom Fidelity, Inc	Pikeville, 726 Mt Carmel Church Road, NC	US
S1-5431965	Imperial Seva Samiti	Mumbai, Sindhi Immigrants Chs Ltd, Hemu Kalani Marg, Cts No 245, 4B, Mumbai, Maharashtra	India
S1-981070335	Nexus Hospital	C/O-Katyayani Bhandari Vill - Hatirampur P.O.- Sitarampur, P.S.- Kulpi, Kolkata, Parganas South, West Bengal	India
S1-320719331	Nariko's Diagnostics	410 North Street, Morrison, IL	US
S1-761678618	Sree Balaji Investments LLP	No.67/25, Lb Road Adyar, Chennai, Tamil Nadu	India
S1-708832795	Raj Consultants Private Limited	29B Kali Krishna Tagore Street, 2Nd Floor, Room No - 202, Kolkata, Kolkata, Howrah, West Bengal	India
S1-774450031	710 Lake Blvd Associates Inc	1101 Lakeridge Drive, Gilbert, AZ	US
S1-833842843	Delta Ministries	17105 Peak Lane, Unit 15, Red Rock, AZ	US
S1-849428377	Lower Patriot Apex Corp	111 Nassau Street, Talladega, AL	US
S1-162391274	Lofton, Davis & Betts Pharmaceuticals Inc	NY, 7119 Connoisarauley Road, Ashford	US
S1-228308752	Aditya Technology Private Limited	Goregaon East, 25Th Floor B Wing, Meter, Oberoi Exquisite, Maharashtra, 2501, Mumbai	India
S1-92815739	Ng & Sons Private Limited	23 Armenian Street, Chennai, Tamil Nadu	India
S1-869756938	Rowell's Book Store	2411 30 1/2 Avenue, Unit Apartment 204, Fargo, ND	US
S1-5409564	Tpg & Co	138, Shankar Nagar, Nagpur, Maharashtra	India
S1-861625536	Re Farmer Private Limited	South West Delhi, Plot No-9, Aie Cghs Ltd Sec-3 Dwarka, Delhi, Flat No C-24, New Delhi	India
S1-378106881	Tirunelveli Consulting Private Limited	32A, Kalaivanar, N.S.K Street, Udayarpatti, Tirunelveli, Tamil Nadu	India
S1-149964918	Bangalore Services (India) Private Limited	The Workvilla, Kamala Arcade, Old No. 669, New No. 306, Anna Salai, Thousand Lights, Chennai, Tamil Nadu	India
S1-87102636	Glyphelle Oaktree Inc	11560 Dallas Parkway, Frisco, TX	US
S1-642002887	West Cantor LLC	4643 Guam Street, VA, Virginia Beach City	US
S1-221289803	Ileana Jacoby Ace Fusion Inc	175 Veterans Parkway, IL, Yorkville	US
S1-302964714	Tadium Pioneer Bread	116 Alden Drive, Port Jefferson, NY	US
S1-883647035	Gulf Fellowship	1000 Country Club Drive, Warsaw, IN	US
S1-537092343	Trac Mineral (India) Pvt Ltd	Vadilal House Shrimalisociety Nr Navrangpura Railway Crossing Navrangpura, Ahmedabad, Gujarat	India
S1-162543833	Carlita Wetmore Renewables Inc.	437 Chowning Hall Drive, Front Royal Town, VA	US
S1-593188521	Bharat Foods LLP	811, Sector-17, Huda, Jagadhri, Ambala, Haryana	India
S1-638861002	United Platinum Brown LLC	893 Desoto Boulevard, Hot Springs Village, AR	US
S1-355695163	P 2 E Municipals	225 Culpepper Street, Hackleburg, AL	US
S1-424235186	Doex	9 Redwood Avenue, Albion, NY	US
S1-276681956	White & Brothers Private Limited	No. 818, 31St Cross Road, 4Th T Block East, Tilak Nagar, Jayanagar, Bengaluru, Bangalore South, Bangalore, Karnataka	India
S1-915552706	Heartland Doubleline LLC	875 Shell Mountain Road, Sevierville, TN	US
S1-865787482	W R Horton Andretti LLC	324 2371, Fl 0, Alvord, TX	US
S1-832891027	Lower Select Lithium	98 Eagle View Drive, Unit G, Zanesville, OH	US
S1-719055462	Red Deli, Inc	12 Bald Eagle Road, Clover, SC	US
S1-668778032	Main Street Bike Shop	301 Stewart, Meadowlakes, TX	US
S1-273018728	Modern Grid LP	1023 Black Diamond Road, Buchanan County, VA	US
S1-180985248	Delhi Communication Private Limited	Shop No-108, First Floor, Vardhman Mayur Market, Mayur Vihar-Iii, New Delhi, Delhi, East Delhi, Delhi	India
S1-551878175	#Mior Associated	1661 313, Unit 2005, Jarrell, TX	US
S1-498292963	Corner Tattoo	302 Hutchins Drive, Garner, NC	US
S1-534633066	Cox, Berg & Hammond Inc	334 Davis Street, Ottumwa, IA	US
S1-664052516	First Industries Private Limited	T-306, 3Rd Floor, 3Rd Block Suraj Plaza, 8Th F Main, Jayanagar, Bengaluru, Bangalore, Karnataka	India
S1-46030585	Rahul Traders Ltd	16-11-687/1, Gaddiannaram Reddys Colony, Hyderabad, Telangana	India
S1-7466515	Big 11 Grill, LLC	301 Union Street, Unit 706, Nashville, TN	US
S1-829263278	Seven Business LLP	Shop No 5 First Floor, White House Market Ratgal, Thanesar, Kurukshetra, Haryana	India
S1-177121700	Montecalvo United Pro	Pikeville, 115 Chester Place, NC	US
S1-288961488	Painters Union Local No 488	3530 Game Farm Road, Unit Space 64, Springfield, OR	US
S1-66148268	Industries Sunview Premium Private Limited	C-12, Westend Colony, Rao Tula Marg, New Delhi, Delhi	India
S1-24048244	Shakti Developers Private Limited	Ramani Endear, 2253, Garia Place, P.O : Garia, Kolkata, Parganas South, West Bengal	India
S1-797969398	Foundation Care Conservation Private Limited	H1A/20 Sector-63, Noida Up Ind, Noida, Gautam Buddha Nagar, Uttar Pradesh	India
S1-324445596	Louisville Wildlife Center Inc	9401 Hurstbourne Crossings Dr, Unit 133, Louisville, KY	US
S1-692258892	Clyelle Entergy	205 Hawthorne Avenue, Unit Apartment 65, Islip, NY	US
S1-126019556	Classic International Private Limited	Capital Tower, Maharashtra, Pune, Bldg-A Flat Sr.No.210 Behind Pratham, W	India
S1-700454267	Education Association	12105 Chestnut, Randolph, MA	US
S1-454009253	Children's Society VI	4 Mistletoe Lane, Early, TX	US
S1-84204517	Best Realty Alliance Inc	3625 Princeton Street, Fl Floor 1, Hamburg, NY	US
S1-63210424	Bangalore Autoworld Private Limited	Bangalore, Flat No-15012 15-Block Oriental Pavilion Prestige Shantiniketan Whitefield Mn Rd, Karnataka, Bangalore	India
S1-257244760	Bay Diamond Charles	109 2nd Street, Bellevue, ID	US
S1-626789389	Reix	1078 42nd Street, Houston, TX	US
S1-445746167	I O & V Networks Inc	2656 Dolphin Way, Cottonwood Heights, UT	US
S1-285712984	Gulf Peak Acp Center	1841 Gardenia Avenue, Hempstead, NY	US
S1-552232455	Shiv Foundation	213, 2Nd Floor, Auris Galleria, New Link Road, Malad West, Mumbai, Maharashtra	India
S1-503323468	Bharat Food Private Limited	Haji Sannu Market, Lic Office Ke Piche, Shivpuri, Madhya Pradesh	India
S1-962227423	Farmer Mountain Airport Inc	245 Lee Circle, Cropwell, AL	US
S1-795779142	Ss Software Private Limited	117K/157, Ambedkaer Nagar, Kanpur, Uttar Pradesh	India
S1-771426706	Board of Public Works LLC	16104 1st Circle, Vancouver, WA	US
S1-776501538	Producer Hyderabad Food Private Limited	House No. 731 Ground Floor Sector-1 Vashundhra, Ghaziabad, Uttar Pradesh	India
S1-516493095	Coastal Gabelli LLC	3060 County Rd 25A, Troy, OH	US
S1-151905297	Innovative Solutions Private Limited	E-136, Lower Ground Floor, New Delhi, South Delhi, Delhi	India
S1-443285766	Horizon Electronics Worldwide LLC	4726 Union Road, Shelbyville, IN	US
S1-465678753	Galaxy Services Private Limited	Chorasi, Shivanjali Height-2, Opp.Gokuldham, Abrama Road, Surat, Gujarat, A1004	India
S1-844268148	Consultancy Archita Overseas Private Limited	Office No 202, 2Nd Floor, Chanakya Complex B-10/11, Subhash Chowk, Laxmi Nagar, Delhi, East Delhi, Delhi	India
S1-286456972	North Homecare	3901 Alitak Bay Circle, Anchorage, AK	US
S1-463795157	Brennecke Archimedes	7550 68th Avenue, Lakewood, WA	US
S1-413530995	Synthetics & Partners	121 G 2 Buttercup Vinayak Enclave Near Srn International School Jagatpura, Jaipur, Rajasthan	India
S1-696128671	Spotless Green Private Limited	H No 3369/47, Kotwal Nagar, Nagpur, Maharashtra	India
S1-852401186	Internal Medicine Clean Associates LLC	105 21st Street, Unit Ste D, Rogers, AR	US
S1-844714682	Roscoe Cornerstone Flex PLLC	9950 Leanna Drive, Roscoe, IL	US
S1-775103341	My Consulting Private Limited	D-730/24A, Gali No 11, Ashok Nagar, Shahdara, North East Delhi, Delhi	India
S1-704018240	BI Security P.C.	30 Weatogue Road, Salisbury, CT	US
S1-217539444	Twenty Business Pvt Ltd	West Bengal, Mahesh Kumar Dudheria 146 Bangur Avenue Block A. Flat 504, Kolkata, 5Th Floor, Kolkata, Howrah	India
S1-357052753	Commission on Buildings	10477 Konstanz Street, CO, Sierra Ridge	US
S1-160846553	Gallentine Hospitality, Inc	23 Chamard Way, Westbrook, ME	US
S1-578277308	CS Industries	9/318, Bismi Land, Asramam Ward Alappuzha, Kerala, Alappuzha, Kerala	India
S1-981016804	Nagina & Associates	C/O Makhan Ch Gharai 5/8, S M Nagar Qtr, .Phase-2, South 24 Parganas, West Bengal	India
S1-659752357	Marika P. Welch, M.D., PC	1102 Cherry Street, Ankeny, IA	US
S1-959728371	Shambhu Exim Private Limited	Ind Assurance Bldg3Rd Floor, Mumbai, Maharashtra	India
S1-283714762	Peraus LLC	7200 Fairway Drive, Montgomery, AL	US
S1-496123788	Marja Yadav, DDS, M.D., P.C.	75 Rupps Way, Lloyd, KY	US
S1-355265554	Vision Systems Private Limited	Viii 950 C12, Coral 3D Olive Courtyard, Infopark, Edachira, Cochin, Ernakulam, Kerala	India
S1-391523897	Orthopedic Associates LLC	304 Live Oak Lane, Fl 0, Weatherford, TX	US
S1-483629187	Chemicals & Sons Clinic	3/178 Jawahar Nagar Jaipur, Jaipur, Rajasthan	India
S1-569450548	Anand It Private Limited	Rajkot, Plot No.70, Virani Aghat B/H. Sun Raise Polymars, Dhebar Road (So, Uth), Gujarat	India
S1-149857987	Urgent Care Medicine	126 Golden Finch Way, Clayton, NC	US
S1-924070797	Brenner Franklin LLC	5507 Leffler Lane, Arlington, TX	US
S1-874306760	Indian Properties Pvt Ltd	H.No 259, 2Nd Floor, Tahir Apartment Nayyar Manjil, Jamia Nagar, New Delhi 11, 0025, New Delhi, Delhi	India
S1-972883753	Bright Agricultural Laboratories LLC	195 Carriage Drive, Whitwell, TN	US
S1-18546711	Congregation Zion	320 William Street, Camden Wyoming, DE	US
S1-49423052	Cascade	429 Patricia Lane, Village Of Wrightstown, WI	US
S1-904983275	Hitech Developers Private Limited	Flat No 29, Block A, Indraprasta Apartment, Mangalagiri, Guntur, Andhra Pradesh	India
S1-961208085	Vanguard Payroll Alliance, PC	5728 Christiana Avenue, Chicago, IL	US
S1-59497789	Creative Infra Private Limited	Amenity Space-3, Ctsno3876, Opp.Lokmanya Hospital, Nr Chinchwad Railwaystation, 2Fl, Pune, Maharashtra	India
S1-876192853	Beckwith Creative Ramaco PLLC	241 Escondido Circle, San Marcos, TX	US
S1-162846284	Rozanne Meyer Transportation LLC	1125 113th Avenue, Portland, OR	US
S1-978206256	Safeway Tours Co	B-270A, G/F Front Portion, Greater Kailash Part I, New Delhi, Delhi	India
S1-644272022	Smid Tankers Inc	17003 221st Court, Brush Prairie, WA	US
S1-570118243	Delta Electronics Inc	8 Rachel's Way, Great Barrington, MA	US
S1-337280441	National Wireless Dynamics Inc	WI, 210 Main Street, Unit Unit 230, City Of Oshkosh	US
S1-199490112	Ace Hair Studio Inc	3001 2nd Street, Rainbow City, AL	US
S1-703524462	Pioneer Food Private Limited	Gr-Fr 87 Lenin Sarani, Kolkata, Howrah, West Bengal	India
S1-237052050	Better Home Improvements	10420 Campbell Avenue, Phoenix, AZ	US
S1-463438146	Signature Textile Advisors Inc	MA, Boston, 68 Topliff Street	US
S1-442380229	Jena Williams Electronic	12 Running Light Way, Mashpee, MA	US
S1-934159364	Cardiology Center Inc	Chili, NY, 18 Spicewood Lane	US
S1-796171678	Atlas LLC	20 Luke Street, Wrentham, MA	US
S1-689718163	Fuller Charles of Nantucket	7 Beach Grass Road, Nantucket, MA	US
S1-519515588	Maurene Mcwilliams, MD, PC	403 Hogan Road, Forest City, NC	US
S1-743957607	We Experts Private Limited	Pune, Maharashtra, Kamthe Patil Nagar, A-401 Ceratec City, Pune City	India
S1-946916113	Sree It Private Limited	Opp Trinty Service Station, N H - 4, Tumkur Road, Nelamangala, Bangalore Rural, Karnataka	India
S1-902985382	Lewis Superior Ares LLC	306 Alva Street, Thrall, TX	US
S1-4110112	Core Traders Limited	Flat 10F, Block-Vi, Prasa, 71/3, Canal Circular Road, Kolkata, Kolkata, Howrah, West Bengal	India
S1-717634853	Santoshi Beverages Private Limited	No.674 V.H.Road, Sholinganallur, Chennai, Tamil Nadu	India
S1-21560789	Bay Alliance PLLC	Morris, 5705 Barrington Road, IL	US
S1-889805190	Freyr Com Private Limited	Patulia School Para Titagarh, West Bengal	India
S1-7622220	Supreme Engineering Innovations LLC	2941 Cassius Lane, Fayetteville, AR	US
S1-906053373	Ravi Exim Private Limited	Plot No 8, 2Nd Floor, Sector 12B, Dwarka, New Delhi, South West Delhi, Delhi	India
S1-897776180	Lovelace Optimal Gabelli LLC	7373 Bergstrom Road, Rockford, IL	US
S1-176028640	Highland Blue Canary L.L.C.	Mansfield, TX, 2239 Moonflower Court	US
S1-47614411	Compass	3 Church Street, Frederick, MD	US
S1-192121934	United Initiative	34 Bluffside Drive, Covington, KY	US
S1-269460369	BQP Multimedia LLC	3684 Dos Mundos, Tucson, AZ	US
S1-708899498	Cook Empire Networks Inc	507 Grandstaff Drive, Auburn, IN	US
S1-346844850	Global Exports Pvt Ltd	03, Jai Gurudeo Chs Ltd., Sec-50E, Plot106B, Seawoods, Thane, Maharashtra	India
S1-722883783	Strategic Growth	10680 State Highway 36, Jonesboro, TX	US
S1-338597423	Classic Engineering Private Limited	601, Shaniwar Peth, Vitthal Krupa Bldg Market Yard, Karad, Satara, Maharashtra	India
S1-671128548	Vega LLC	1918 Brookview Drive, Brooklyn Center, MN	US
S1-741203135	Ward, Nguyen and Aguilar	30723 Mission Street, Highland, CA	US
S1-159239229	Evans and Fortenberry Inc.	45 Blue Sage Road, Ranchos De Taos, NM	US
S1-79764504	Summit League	TX, 7411 Fm 2484, Salado	US
S1-179369567	Flint	23202 Waterview Drive, Nine Mile Falls, WA	US
S1-607349548	Patriot Integrated Acres	Southampton, NY, 1701 Majors Path	US
S1-369486854	Global Federation Inc.	14531 Blue Sage Road, Adelanto, CA	US
S1-81072459	Urban Massage Inc	7135 Campbell Avenue, IL, Chicago	US
S1-473441965	Chs & Brothers Private Limited	22 Ajay Shopping Centre T Hkataria Marg Matunga (W), Mumbai, Mumbai City, Maharashtra	India
S1-195543145	Gelya K. Valdez, D.D.S.	114 Whipple Drive, Bellaire, TX	US
S1-218600191	WWB Plastic Private Limited	Rosy Towers, G-7 (Ground Floor) No.7, Nungambakkam High Road, Chennai, Tamil Nadu	India
S1-175492866	Grand Telecom Associates LLC	245 Avon Road, Buckingham County, VA	US
S1-268925673	Soleus Grid Inc	Deep Gap, 214 Hidden Creek Road, NC	US
S1-920295055	Eye Piedmont Specialists Inc	6201 Monticello Cove, Montgomery, AL	US
S1-521240793	Oncology Blue Clinic Corp	11419 White Oak Way, Conroe, TX	US
S1-370960968	Temple Lutheran Church	AL, 1742 1st Street, Birmingham	US
S1-503172262	Department of Aging LLC	450 Main Street, Smithfield, UT	US
S1-425067974	Murphy, Sarette, D.C.	39 B Saint Nicholas Avenue, Lake Grove, NY	US
S1-211241314	Unnao Services Private Limited	C/O Amrender Bahadur Shing 1, Baksir, Unnao, Uttar Pradesh	India
S1-973053818	Continental Resources, Inc	TX, 9669 Fairmont Drive, Frisco	US
S1-469536398	Meara Hurtado Certified Banco Inc	1317 Jamison Circle, Pearland, TX	US
S1-167176682	JR Expedition Private Limited	Sr No 103/1, 104/1/2 Plot No 144, Flat No 502, Aditi Apartment, Nehru Nagar, Pimpri, Pune, Maharashtra	India
S1-152760270	Mendez Trusted Acquisition Inc	5815 118th Street, Kellogg, IA	US
S1-913448519	Division of Labor	TN, Piperton, 210 Piper Hollow Drive	US
S1-491788191	Wilkes Sierra, LLC	33183 Lakeshore Drive, Bigfork, MT	US
S1-337358864	LUP Paper Center	692 Magna Vista Drive, Lincolnton, NC	US
S1-563819210	Quad & Brothers	Silamvari Paka, U. Kothapalli Mandal, East Godavari, 3-107, Andhra Pradesh, Kothapalli	India
S1-162070542	Foot & Ankle Health Associates	5202 Woodland Drive, AR, North Little Rock	US
S1-864969687	Vp & Associates	3/219, Second Floor, Near Police Station Kandanassery, Guruvayoor, Guruvayoor, Thrissur, Kerala	India
S1-708107192	Place Apex Market LLC	194 Brandy Mill Circle, Unit APT E, High Ridge, MO	US
S1-200354170	Clean Rithm PC	3 Nazareth Lane, Unit UNIT 140, Saint Louis, MO	US
S1-781535159	Bay Rocky Ventures Inc	Prescott Valley, 8874 Pacific Park Drive, AZ	US
S1-945064363	Interstate Grand Focus LLC	20 Sherbrook Court, Brookhaven, NY	US
S1-968240143	Silver Producer Limited	No-6/173, Jayavilasam Kalayathumkunnu, Midayikunnam(Po), Thalayolaparambu, Kottayam, Kerala	India
S1-83173092	Dynamic Robotics Consultants of Charlotte	2717 Sunset Drive, NC, Charlotte	US
S1-578254262	Ss Power Private Limited	Flat No 404, Rajashree The Morning Ambikanagar Kwada Nashik, Nashik, Maharashtra	India
S1-910999146	Stephan, Emmalynn, L.C.S.W., PC	2970 125, Garden City, TX	US
S1-485507687	Classic Flagstar Inc	17913 Fall Drive, Independence, MO	US
S1-793175794	Highland Program	328 Cushman Road, Winslow, ME	US
S1-976546865	1097 Union Way Apartments Inc	420 Home Avenue, Unit # 105N, Oak Park, IL	US
S1-116721903	Vijay Construction Pvt Ltd	Sf.No.191/3, Kurichi Pudu Nagar Lic Colony, Sidco, Coimbatore, Tamil Nadu	India
S1-526927672	Golden Payment Works LLC	609 35th Street, Hastings, MN	US
S1-693305956	Best Blue Soren PLLC	5 Kimball Court, Unit 401, Woburn, MA	US
S1-490416762	Urban Bike Shop!	7105 Flyby Drive, Lewiston, ID	US
S1-833440915	Marena's Systems	Willis, TX, 11615 Dawn Tree Lane	US
S1-525281212	Vedansh & Associates Pvt Ltd	C/O Alikunju Mv H.No. 4/199A Mattathipallam House Eloor North Udyogmandal, Ernakulam, Kerala	India
S1-588160379	Alicia Montgomery, O.D.	Columbus, IN, 2073 Pawnee Trail	US
S1-339705216	Dhanalakshmi Forex Company	Shop No 1, 2, 3 Classic Complex, Near Avani Chokadi, Kenal Road, Morbi, Rajkot, Gujarat	India
S1-176371802	Maid Seafood! LP	Birmingham, AL, 1733 Lee Avenue	US
S1-669107354	Baba Systems Private Limited	151 Laxmichand, Maharashtra, Mumbai, Dhanrup Chawl, Mumbai	India
S1-666202950	Krishna Krishna Private Limited	80/106, Agarwal Complex, Delhi Road, Meerut, Uttar Pradesh	India
S1-921560677	Hays & Archer LLC	518 Hammond Avenue, Unit Apt 1, Turrell, AR	US
S1-605192553	Urban Diner Inc.	37 Varley Street, Unit 2 LEFT, Fall River, MA	US
S1-708407554	Tulsa Scholarship Sterling Institute LLC	2719 114th Avenue E, Tulsa, OK	US
S1-166181983	978 Lincoln Avenue Management Group	871 Flintlock Drive, Upper Gwynedd Township, PA	US
S1-344979668	Christ Cathedral	9786 Pine Forest Road, Floyd County, VA	US
S1-853016894	Harbor Oxford, LLC	2403 26th Place, Parkersburg, WV	US
S1-286637885	Red Projects Pvt Ltd	Plot No 10A/1B, Phase 4, Tirumalagiri, Hyderabad, Telangana	India
S1-934098493	Manisha International School LLP	Sf 3B, 2Nd Floor, Rishabh Ipex Mall I. P. Extension, Delhi, East Delhi, Delhi	India
S1-175265322	Skk Finvest Limited	6/9, Shanti Niketan, South West Delhi, Delhi	India
S1-79134748	Good Universal Business Private Limited	Office No B 202 2Nd Floor Nerul Station Complex, Nerul (East), Maharashtra, Thane	India
S1-405861286	Tirupati Builders Private Limited	Ananda Kokate, G.N 94/2 At Post Satali, Tal Yeola, Dist. Nashik, Nashik, Maharashtra	India
S1-950259301	Ehrenberg Cap Inc	MN, Minneapolis, 5029 2nd Avenue	US
S1-679506814	Thomas Coastal Keycorp LP	1760 Brazier Drive, Unit C, AL, Mobile	US
S1-61276517	Bharat Ventures Private Limited	9, 10 No 9, 10 Khasra, No 37/21/1, Floor Ground, Delhi, North West Delhi, Delhi	India
S1-56762205	Thurman Great Liquidity Corp	Bridgeview, 7825 74th Place, IL	US
S1-708715684	Transasia Trading Private Limited	120, 1St Floor, Gala Complex Premises, Gala Industrial Estate, Pt. Dindayal Upadhyaya Marg, Mulund West, Mumbai, Maharashtra	India
S1-527261696	Root Public School	Nagpur, Maharashtra, Plot No. 7, 1St Floor, Jainam Shree, Shree Nagar, Nagpur	India
S1-278945370	Continental Integrated Life	8036 Hollinwell Drive, Hanover, MD, Fl 0	US
S1-723983151	G+ Logistics LLC	115 Burnham, James City County, VA	US
S1-714403080	Petersen Corporation	1106 Skylark Court, Palatine, IL	US
S1-259762323	Behavioral Health Care PLLC	7611 Pangea Lane, Unit 204, Raleigh, NC	US
S1-485657596	Aniltech Dairy Company	7 Swallo Lane, Kolkata, Calcutta, West Bengal	India
S1-787606541	CRF American LLC	TX, Fort Worth, 5897 Echo Bluff Drive	US
S1-598211666	Le & Wilder	43 Main Street, Silver Spring Township, PA	US
S1-725164963	Carr Exchange	7010 Wedgewood, Magnolia, TX	US
S1-348772006	Shree Shyam Foods Private Limited	G - 39, Security Paper Mill Complex, Hoshangabad, Madhya Pradesh	India
S1-354628105	Tate Nasdaq P.C.	AZ, 10636 La Palma Road, Eloy	US
S1-85102551	Vanguard Mortgage Group	2210 10 Cook Street, Springfield, IL	US
S1-390853058	Pay Meher Pvt Ltd	L 1/1959 Sangam Vihar Nd 62 Near Ashtal Mandir, New Delhi, South Delhi, Delhi	India
S1-957934039	Grindle Advanced Gores	10237 Coburg Lands Drive, Fl 0, Saint Louis, MO	US
S1-741975318	Vijay Systems Private Limited	Plot No. 90/B, Cts No. 722 Rs No. 48/A Shahu Nagar, Belgaum, Karnataka	India
S1-960139170	Star Producer Private Limited	6/2-1Pune Satara Roadkatraj Village, Pune, Maharashtra	India
S1-695243043	Ronica Stowers Crown	833 Tower Hill Drive, City Of Milton, WI	US
S1-638625562	Dermatology Medicine	10 Rocky Gutter Street, Middleborough, MA	US
S1-389729888	Global Ventures Limited	534-R, First Floor, Near Suman Hospital, Ludhiana, Punjab	India
S1-543945587	Creative Royal Marketing Private Limited	Maharashtra, Office No.A-2/1, Pune, Pune City, 2Nd Floor, Pride Apt, S No.32/A, Plot No. Lc-1/2, Ravet, Chinchwad, Ravet	India
S1-459337348	Shiv Trading Limited	H.N. 01Road No. 3 Ward No, 23, Ajay Motors Ke Pacha, Jhunjhunu, Jhujhunu, Rajasthan	India
S1-256294432	Properties Gw Sons Private Limited	90A, Avinashi Road, Tiruppur, Tiruppur, Coimbatore, Tamil Nadu	India
S1-275166791	Vision Care Associates Inc.	829 Lathrop Avenue, River Forest, IL	US
S1-594813380	Ss Builders Private Limited	Radisson Blu Hotel, 2Nd Floor, Nr.Panchwati Cross Road, Off. C.G. Road, Ahmedabad, Gujarat	India
S1-493731401	Saraj Resolutions Private Limited	Sr. No. 170, Plot No. D1, Chakan Talegaon Highway Midc Chakan, Khalumbre, Chakan, Pune, Maharashtra	India
S1-551827121	Ziclarva, LLC	314 Cinderella Drive, Alton, IL	US
S1-437257572	Creamer United Navios Inc	514 Nokomis Street, Alexandria, MN	US
S1-67143931	Neelam Wellness Co	4 Lowther Road, Allahabad, Uttar Pradesh	India
S1-699562470	Digi Clinic	2 Satyam Appartmentnr Ankur Jain Temple Naranpura, Ahmedabad, Vadodara, Gujarat	India
S1-864421660	Corner Book Store LLC	133 Autumn Hill Bluff, Lavon, TX	US
S1-533662607	Prater Johnson PLLC	125 Stafford Street, Atlanta, GA	US
S1-497555378	Sewell & Hall	NY, 8674 Lake Shore Road, Evans	US
S1-824610890	Sunrise Laxmi Foods Private Limited	202, Vaishnav Enclave Madhusudan Nagar, Unit-Iv, Bhubaneswar, Khordha, Orissa	India
S1-716472315	Olson Star Safety	98 Homestead Avenue, Rehoboth, MA	US
S1-660165	Ram Construction Private Limited	2 D Mahaveer Marg, Indore, Madhya Pradesh	India
S1-553135818	Davis and Garcia Clinic	504 Lakeside Drive, North East, MD	US
S1-984660125	Vee Sangh Ltd	Bangalore, No.50, 4Th Main Road Saroja Chambers, Nehrunagar, Bangalore, Karnataka, 4Th Floor	India
S1-832535532	Garcia and Castaneda	6101 912, Godley, TX	US
S1-555470607	Adani (India) Enviro Limited	41/3 Ashok Nagar, New Delhi, Delhi	India
S1-237445	Bombay Industries Private Limited	2/409, Jawahar Nagar, Jaipur, Rajasthan	India
S1-755172255	Chetan Yard Private Limited	H.No. 35E, Model Town Samrala Road, Khanna, Khanna, Ludhiana, Punjab	India
S1-273886692	QC Star Immunopharma Group	16025 Red Oak Road, Tyler, TX	US
S1-204780113	Arts Charities	11009 Winterwind Lane, Rancho Cordova, CA	US
S1-438277645	Johnson & Santos Photonics Inc.	2986 93rd Plaza, Omaha, NE	US
S1-910420806	Bilaspur Hospital Partners	Pl. No. E/64, Surat, Palsana, Gujarat, C/63, Govindji Ind Park-3, Palsana, Surat	India
S1-943801993	Apex Properties Private Limited	121, Munikalappa Garden, Rs Palya, Near Indian Oil Corporation, Bangalore, Karnataka	India
S1-469342113	Gulf Vanguard Harbors LLC	8204 Barnacle Circle, Tuscaloosa, AL	US
S1-4446045	Kerala Food Private Limited	Mumbai, Maharashtra, Flat No.23, 2Nd Flr C-Block, Kadeshwari Mandir Marg, Bandra (, West), Mumbai City, Gaylord Co-Op Housing Society	India
S1-599890556	Doll Commercial	2750 Lexington Drive, Norwalk, IA	US
S1-241961959	Granite Open LLC	36135 Vireo Circle, Ocean View, DE	US
S1-815976245	Prime Investment Private Limited	Building No.11/502-A, Pallathodu Illickal Junction, Thuravoor .Po, Alappuzha, Kerala	India
S1-812591093	Urology Clinic Corp	403 Elizabeth Avenue, NC, Lincolnton	US
S1-52871464	Bangalore South Sant Pvt Ltd	No. 304, Pranavah Blossom, Bangalore South, Bangalore, Karnataka	India
S1-460335630	Hawkins Diamond Rio, Inc	90 Shadydale Loop, Pell City, AL	US
S1-701090777	City Logistics Limited	Nadavaramba P.O. Irinjalakuda, Thrissur, Kerala	India
S1-618091050	Physical Therapy Group	172 Hamlin Way, Lawrenceburg, KY	US
S1-553451378	Hammerle & Fernandez Corp	917 Converse Avenue, East Saint Louis, IL	US
S1-484651114	Buster Family Practice	South Burlington, 73 Jefferson Road, VT	US
S1-449821238	YQQ Engineering Co	Cama Bldg 1 St Flr24-26 Dalal Street Fort, Mumbai, Maharashtra	India
S1-119113303	Severson Electronic P.C.	621 Bizerte Avenue, Dallas, TX	US
S1-130744899	Empire Charities	4940 Hurstborough Court, Hazelwood, MO	US
S1-497940387	PY Producer Limited	40 A, Thirumanjanagopuram Street, Thiruvannamalai, Tamil Nadu	India
S1-881684270	Tiena L. Hamilton, DDS	1019 Route 16, Piasa, IL	US
S1-383126845	Red Tavern, PLLC	306 Gay Street, Salisbury, MD	US
S1-530629662	Russell, Mize and Edwards, Inc	5204 86th Street, Lubbock, TX	US
S1-490566593	Ariya Trading Private Limited	B-14 Mtnl Staff Quarters, Gh-17, Paschim Vihar, Delhi, New Delhi, West Delhi	India
S1-428137423	Ambala City Ho Sarees Private Limited	Scf-5, Ganesh Vihar, Opp Indian Oil Petrolpump, Ambala City Ho, Panchkula, Haryana	India
S1-679054237	Industries Golden Biotech Pvt Ltd	69/1/1 Chetla Road, Kolkata, Calcutta, West Bengal	India
S1-952657599	Allissa M. Guzman, O.D.	2045 Grandon Loop Road, Virginia Beach City, VA	US
S1-868030475	Unique Estate Private Limited	South Delhi, New Delhi, Delhi, 305 3Rd Floor Bhikaji Cama Bhawan Bhikaji Cama Place	India
S1-847960531	Dynamic Technology Private Limited	Trichy, Tamil Nadu, No 71, Zahir Hussain Street, Indira Nagar, Kk Nagar, Tiruchirappalli	India
S1-437729292	Shakya Trust	385, Near Nagarpalika, Talava Rahta, Ahmadnagar, Rahata, Ahmed Nagar, Maharashtra	India
S1-604545410	Madeline Zambrano Empire Inc	1516 Lipscomb Drive, Brentwood, TN	US
S1-15044675	Raum Inc.	Bldg 12058, 20341 State Route 739, OH, Richwood	US
S1-267583398	Pune Care	F No. 13, Wing N, Sr. No. 229 (Part) 230 A/1 To 5, Lohgaon, Viman Nagar, Pune, Maharashtra	India
S1-531509912	Dental Certified Partners	9 Bellingham Creek, Pittsford, NY	US
S1-315844201	Interstate Ministries	405 Brierridge Drive, Apex, NC	US
S1-486034576	Digital Payment Partners LLC	2301 Performance Drive, Unit 232, Richardson, TX	US
S1-687866070	Eye Group	6307 Aldercrest Court, Milwaukie, OR	US
S1-662906153	Shiv Healthcare	Sco 82 Kirti Nagar Near Bsf Chowk Ladowali, Jalandhar, Punjab	India
S1-832324241	Traci Bragg, L.C.S.W.	TX, Dallas, 9619 Meadowhill Drive	US
S1-568475803	Rizwan India Co	A-001, Garima Sadan Chs, Bldg 13, Ashish Complex, Dahisar East, Mumbai, Maharashtra	India
S1-987124728	Strategic Hartford, LLC	203 Massillon Street, Wilmot, OH	US
S1-980693199	Anchor LLC	283 Charles Street, MA, Unit 2, Malden	US
S1-58586440	Mei International LLC	10017 Dock Street, Vashon, WA	US
S1-426433675	Heidie Brown Supreme Design LLC	31 Serendipity Trail, Asheville, NC	US
S1-441602900	Chappell and Watkins Fashion LLC	234 Ashley 423 Road, Hamburg, AR	US
S1-848734992	X+ Crest	2022 Commanche Drive, Garden City, KS	US
S1-775876191	Thane Foundation Private Limited	F-01A-67, 2'Nd Floor, Haware Centurion Mall, Thane, Maharashtra	India
S1-308465601	Unique Management Limited	C/O Dipak Lal Roy Sukanta, Pally Nr Modak Kutir, Siliguri, Darjiling, Darjeeling, West Bengal	India
S1-603868521	Pacific Vidyalaya	Bangalore, 2Nd Floor, 1St Main Temple Road, 11Th Cross Malleswaram, Karnataka, No 29, Bangalore	India
S1-661107682	Taylor and Bowden	627 Harpeth Knoll Road, Nashville, TN	US
S1-372619683	Kanoria Hospitality	J-504 Madhuvanti, Near Dc, Circle, Nanded City, Pune, Maharashtra	India
S1-547732383	Colors Industries LLP	No. 2/3, 1St Cross Street, Indra Nagar, Adyar, Chennai, Tamil Nadu	India
S1-586249367	Neely's Ice Cream	AZ, 2728 Sahuaro Drive, Phoenix, Unit 104	US
S1-671761632	Lakshmi Exports Private Limited	Unit 15C 2Nd Floor Sachin Industrial Estate Shelar Pada Thane West, Thane, Maharashtra	India
S1-254253572	Physical Therapy Metropolitan Care	2420 Ohio Street, Unit 8, Paducah, KY	US
S1-655285393	Clarity Business LLP	Nellore, Harnadhapuram, Nellore, Andhra Pradesh, 16/4/1823/1	India
S1-553137105	Chinar Tree (India) Private Limited	Beed, Navin Busstand Javal, Khurpe Nivas, At Post Majalgaon Tq. Majalgaon Dist Beed, Maharashtra, Manjlegaon	India
S1-257961511	Empire Prairie Electricity LLC	6349 78th Street, Unit UNIT 131, Scottsdale, AZ	US
S1-559895759	National Corporate LLC	IL, Aurora, 1603 Colleen Court	US
S1-737600926	Moody Pediatrics Group	14129 Vintage Lane, Accokeek, MD	US
S1-456808084	Family Quality Center	IN, Unit 5, 1730 Williamsburg Drive, Jeffersonville	US
S1-586028015	Aligarh Infratech Private Limited	House No. 39, Javiyan Gali, Kila Beswan, Aligarh, Uttar Pradesh	India
S1-360088713	Waris Trust	Ground Floor, No. 69/B, 2Nd Cross, Woc Road, Bangalore North, Bangalore, Karnataka	India
S1-13718339	Chromepet Aggregators Private Limited	Old No.18, Tank Street Lakshmipuram, New No.8, Chromepet, Tamil Nadu, Chennai	India
S1-334878813	HDX Washing Limited	Kothi No. 103-A, Near Khadi Bhandar, Mall Road, Ambala Ca, Ntt, Ambala, Haryana	India
S1-269980335	Balaji Trading Private Limited	Andheri E Mumbai, Maharashtra, Mumbai City, 317 Plot No.X21, Nr. Midc Substn No 6 Next To Akruti Software Park, Midc Cross, Rd 21	India
S1-200751360	Apex Payroll Company	19 Cypress Street, Marblehead, MA	US
S1-659800511	Dermatology Physicians	3614 29th Avenue, Spokane, WA	US
S1-308960965	Alpha Products Private Limited	Ernakulam, Kerala, 3Rd Floor, Jc Chambers, 60/49 E	India
S1-439875063	Neal Yorkville Group	430 Park Avenue, Unit APT 203, Highland Park, IL	US
S1-648348932	Commission on Buildings	Nags Head, NC, 2223 Croatan Highway	US
S1-266885780	Grillo Prime Spa Inc	4518 Ocean Avenue, Unit 1, Cheyenne, WY	US
S1-459683312	Trisha Clark Regional Publishing LLC	4178 Shore Road, Town Of Jackson, WI	US
S1-721755308	Future Consultants Pvt Ltd	B/1 Commonwealth Gr Floor181 Madame Cama Road Backbay Reclamation, Mumbai, Maharashtra	India
S1-909128852	Y 6 Q Digital LP	832 Warren Street, Unit 1D, Shelby, NC	US
S1-731954250	Tirupati Software Private Limited	7 P/1 Jyoti Studiocompound Nana Chowk, Mumbai, Maharashtra	India
S1-124204380	Beacon Premier Constellation PC	Oneida, NY, 1158 Schoolheimer Road	US
S1-509723082	Aditya Management Limited	Wolfpack Workspace, Karnataka, Bangalore North, #39, 8Th Main Road, Vasanth Nagar, Bangalore	India
S1-973907868	Modern Wholesale Systems LLC	15811 Marek Lane, Crosby, TX	US
S1-943005103	Parakh Medical Centre	32, Hanuman Road, New Delhi, Delhi	India
S1-743677477	Digi & Co	H. No. 8, New Awas Vikas Colony, Betiahata East, Gorakhpur, Uttar Pradesh	India
S1-269701849	Prairie Restaurants	1304 Clancy Drive, Albuquerque, NM	US
S1-310658773	KC Commercial LLC	164 19th Ave SW, Cedar Rapids, IA	US
S1-890543827	Integrated Consumer Works Inc	AR, Bentonville, 803 Hendrix Street	US
S1-229300228	Rao Factory Corp	4405 Mount Gillespie Drive, Lakeland, TN	US
S1-663675663	Gurgaon Solutions Private Limited	24, Park Drive, Malibu Towne, Gurgaon, Haryana	India
S1-716234735	Kowal Innovative Microelectronics	46 Wood Avenue, Buffalo, NY	US
S1-6517092	Smart Midwest Hudson Corp	8000 Douglas Highway, City And Borough Of Juneau, AK	US
S1-302054854	Swastik Investments Private Limited	C-1/4 Ring Road Rajouri Garden, New Delhi, West Delhi, Delhi	India
S1-116175560	Shiva Infotech Private Limited	Shop No 8, 12/3 G/F Main Road, New Delhi, Central Delhi, Delhi	India
S1-730951281	Soque Family Office Inc	1000 71st Street, Broken Arrow, OK	US
S1-35153604	Ear Nose & Throat Choice Partners Inc	918 Fir Street, Brainerd, MN	US
S1-728030278	Desouza, Woods & Hauk Commodities Inc	904 Gage Street, Bennington, VT	US
S1-167478102	Jobye's Ventures	Spanaway, Unit #G, 403 Field Road, WA	US
S1-795006336	Brightan Restaurants	4514 Quail Creek Trace, Pittsboro, IN	US
S1-449197677	Vision Projects Limited	Hno -C 254 Third Floor Shaheen Bagh Abul Fazal Part-2 Jamia Nagar, Delhi, South Delhi, Delhi	India
S1-989005806	Canales Physical Therapy	30 Ferndell Lane, Colchester, VT	US
S1-96889719	Green Institute of Technology	1St Floor S 001 Chandu Studio Behind Two Star Hotel Kalina Santacruz E, Mumbai, Gala N0.7, Maharashtra, Mumbai City	India
S1-364170774	Aec Food Pvt Ltd	37/A, Journalists Colony, A, Jubileehills, Hyderabad, Telangana	India
S1-642614161	Goodwill Marketing (India) Group	Madhya Pradesh, Indore, Electronics Complex Pardeshipura, 9-10	India
S1-446140217	Sarasesh Creators Private Limited	H. No. 71, Mankar La Bakutai Nagar, Lawa, Wadi, Nagpur, Maharashtra, Plot No.126	India
S1-888636821	Nagel, Chennault & Peck PLLC	897 Whitetail Ranch Road, Ovando, MT	US
S1-214850809	Vrushti Seva Samiti	C/O Gadadhar Chal Vill- Chak, P.O.-Haripurchak, Haripal, Hooghly, West Bengal	India
S1-7501066	Bizotic Sai Private Limited	Karnataka, Bangalore, A-903 Ajmera Infinity Apartment Doddathogur Village, Electronic City Post	India
S1-863760018	Slate Corp	2 Eugene Street, Wawarsing, NY	US
S1-179916731	Laxmi Management Private Limited	4 Italgacha Road, Ground Floor, Kolkata, Kolkata, Howrah, West Bengal	India
S1-639340800	Christ Church	690 Cooper Road, Unit 607, Westerville, OH	US
S1-128456774	Bay Holding Company Inc	424 Walnut Street, Brazil, IN	US
S1-615205135	Pediatric Atlantic Clinic LLC	80 Altoona Road, Dedham, MA	US
S1-952143600	Primary Care Preferred Specialists LLC	252 Silverlake Boulevard, North Hempstead, NY	US
S1-784669365	Ingalls and Flores LLC	11 Adams Street, Unit B, Littleton, MA	US
S1-649672203	Rs Travels Private Limited	Hyderabad, Flat No 2B, Indraprasta Apartment, Somajiguda, Hyderabad, Telangana, H.No. 6-3-1247	India
S1-209945900	Unified Choice One LLC	322 57th Street, Oak Island, NC	US
S1-670572391	Pr Investment Private Limited	Mig Ii, Housing Board Colony, Katni, Madhya Pradesh	India
S1-574276787	Glypheon Lab Inc	975 Sugar Mill Lane, Unit 2217, Grand Prairie, TX	US
S1-463802346	Delhi Infra	Ff-17, First Floor Cross River Mall, Cbd Ground, Karkardoom, A, Delhi, East Delhi, Delhi	India
S1-724932688	Corporate Staffing Concepts Inc	23355 Wentworth Avenue, Steger, IL	US
S1-923126640	Wilmette Martinez Secure Convertible Co	1248 Wesleyan Boulevard, Rocky Mount, NC	US
S1-430967810	Shree It Private Limited	F.No 5, T Taranaka Secunderabad, Secunderabad, Telangana, Hyderabad, 12-5-35/A/B	India
S1-672430000	Getwell Export Private Limited	No 91A12 Masuthi Street, Mettur Dam-1, Salem, Tamil Nadu	India
S1-531084712	Chenier and Erlandson LLC	1160 Hogan Lane, Unit Apt 104, Conway, AR	US
S1-607933705	Nova LLC	4061 Market Street, Unit 16, Salem, OR	US
S1-559956222	Da Industries Private Limited	B-Ii-281, First Floor, Madangir, Newdelhi, South Delhi, Delhi	India
S1-107515046	Gage Genesis LLC	37 Townsend Street, Carpendale, WV	US
S1-404439745	Maimone Midland LLC	30 Owens Glen Court, Gaithersburg, MD	US
S1-964486642	Om Ace Food Limited	184, Indore, Madhya Pradesh, Shri Nagar, G-1, Indore	India
S1-451657965	Future Investments Pvt Ltd	Wz-34/2, Village Asalat Pur, Janak Puri, New Delhi, Delhi	India
S1-228799722	Heritage Society, Inc	9431 Blanchard Avenue, Fontana, CA	US
S1-484043282	Ivenex Mckinley	2031 Drumone Court, Chesterfield County, VA	US
S1-866000500	Register, Crocker and Salinas Property, L.L.C.	607 Lombard Street, Portland, OR	US
S1-758242343	Carpenters Local Union 273 P.C.	TX, 902 Raywood Court, Channelview	US
S1-808594850	Bombay Hospital	No. 3/4/1/25-1, Tenkaya Thopu, Bypass Road, Atmakur, Nellore, Andhra Pradesh	India
S1-607394037	Pacific & Associates	Uttar Pradesh, Bhiti Maunath Bhanjan Mau, Maunath Bhanjan, 80/C, Mau, Maunathbhanjan	India
S1-666126956	Unnati Digital Private Limited	Rz-33, Old Gopal Nagar, Najafgarh, Delhi	India
S1-449030921	Barjatya Educational Society	103, Vrajbhoomi Chs Ltd, 120 Link Road, Gokul Bldg, Kandivali West, Mumbai, Maharashtra	India
S1-85600241	International Intelligence Global	4617 Darla Drive, Fort Worth, TX	US
S1-784664187	Dorelle R. Vidal, D.D.S.	2112 Empire Street, Bloomington, IL	US
S1-948494279	Sheela Arriaga Myers, LLC	7742 Bainbridge Drive, Clay, NY	US
S1-5379301	Pioneer Logistics Laboratories, LLC	85 Eleanor Street, Savannah, TN	US
S1-76696845	Peak Soulpower P.C.	1498 Cold Branch Road, Hayesville, NC	US
S1-289677810	Gangora Agro Private Limited	C/O Thottumkal, Karimkunnam, Karimkunam, Thodupuzha, Idukki, Kerala	India
S1-41662763	Lopez Keycorp LLC	1604 K Street, Washington, DC	US
S1-829058868	CBF Sea	20 Red Fox Run, Wrentham, MA	US
S1-17571355	Akshay Hitech (India) Care	Pune, Maharashtra, Pune, Shop No. 31/32 Nr, Pan Bazar Market Yard	India
S1-869756847	Adam Institute Private Limited	Shop No 1 Balraj Complex Zero Mail Road Gopalpur Jagdishpur, Bhagalpur, Bihar	India
S1-430427747	Shiva Shiva Agro Private Limited	3-4-174/25 Hyderguda, Hyderabad, Telangana	India
S1-440055199	Pope, Casares & Thompson Generation, LLC	49495 County Road 182, Gage, OK	US
S1-140586951	Arihant Systems Pvt Ltd	51 Mahanirban Road, Kolkata, Calcutta, West Bengal	India
S1-926911960	Lidia's Landscaping, Corp	220 Grandview Avenue, Sunnyside, WA	US
S1-45435773	Arihant Products Private Limited	701, 7Th Floor, Naman Centre Plot No. C-31, Bandra Kurla Complex, Mumbai, Mumbai City, Maharashtra	India
S1-208669647	Mbr Charitable Trust	6/1006, Lucknow, Uttar Pradesh	India
S1-773234997	Hagenbuch & Brock Rocket	7901 Cambridge Street, Houston, TX	US
S1-876698750	Hms Bros Private Limited	Rz-209-B First Floor Back Side Palam Village, Near Palam Metro Get No-3, New Delhi, South West Delhi, Delhi	India
S1-885767075	Ivory's Financial	3007 Camelot Drive, Kinston, NC	US
S1-885401273	Village Services Private Limited	Mumbai, Maharashtra, B 8 Sbi Emp Chs Ltd 52 2 New Nagadas Road, Mumbai City	India
S1-897632786	ME Green Catering LLC	215 County Road 2423, Como, TX	US
S1-527267233	Stickney Association Inc	Ward, AR, 95 Melody Lane	US
S1-823579895	Vinzant Rocky Lending	9199 James Boulevard, City And Borough Of Juneau, AK	US
S1-686185620	Allied Custom Development P.C.	3439 Marion Edison Road, Marion, OH	US
S1-502869242	Ujjaendra Products Limited	Shop No.6/610, Paliwal Co, Mpound Nagar Nigam Colony, Kota, Rajasthan	India
S1-174985991	Aaron Frontier Sports LLC	298 Hunter Avenue, Staten Island, NY	US
S1-468949303	Hari Global Limited	G 17, Ground Floor, Bizz Hub, Beside 99 Shopping, Sayan Road, Chorasi, Surat, Gujarat	India
S1-271653491	Empire Alliance	AR, 144 Burgess Street, Fouke	US
S1-509872772	Vertex Clinic	C-603, Plot No-603 Gali No-3, Ganesh Nagar-Ii, Shakarpur, Delhi, East Delhi, Delhi	India
S1-605490856	Unified Piedmont Investors LLC	3519 Clarence Avenue, Berwyn, IL	US
S1-312902779	Sanra & Brothers Pvt Ltd	40/55-C, 40/39 To 40/62, First Floor Cr Park, Near Market-1, South Delhi, Delhi	India
S1-93808717	Certus (India) Infratech Limited	Plot No.48, Survey No.213, Hissa No. 3A/1/1/3B/1 North Rajiv Nagar, Viman Nagar, Pune, Maharashtra	India
S1-599038886	Ridge Committee	2603 Collard Road, Arlington, TX	US
S1-133840354	Bava Holdings Inc	5748 Evelyn Road, Cincinnati, OH	US
S1-588410503	Esther's Couriers	1420 Surrey Downs Road, Newark Twp, OH	US
S1-131383885	Abv & Co	C/O K.Pandiyan, 1/46, Ponnusamy Aranmanai Street, Ariyalur, Ariyalur, Perambalur, Tamil Nadu	India
S1-619093296	Saral Horticulture Private Limited	408, Karnataka, 3Rd Cross Singayanapalya, Bangalore, Mahadevapura	India
S1-168302105	Robbins One LLC	2506 Del Campo Drive, Everett, WA	US
S1-252263198	Fiex LLC	3436 Hunt Lane, ID, Homedale	US
S1-485893605	Solutions Maa Services Pvt. Ltd.	C-3/202, Exotica, Golf Course Road Sector-53, Gurgaon, Gurgaon, Haryana	India
S1-42917369	Pediatric Dental Partners	1115 Mint Street, Unit 828, Charlotte, NC	US
S1-41313340	Allied Soren	164 1st Avenue, Vernon, AL	US
S1-131384343	Indcom Trading Limited	S-79, Ground Floor, Okhla Industrial Estate, Phase-Ll, New Delhi, New Delhi, South Delhi, Delhi	India
S1-41476117	Laxmi Bharat Ventures Pvt Ltd	58 A A Bhanushali Nagar, Mundra Road, Bhuj, Kachchh, Gujarat	India
S1-659552821	National Infrastructure Collective Inc	215 110th Avenue, 61272, IL	US
S1-331063219	Sai Construction Private Limited	Blok-C Shop 14-B, Swagat Rain Forest 2, Gandhinagar, Gandhi Nagar, Gujarat	India
S1-78841933	Capital Preferred South, LLC	MD, 1815 Arnold Road, Jefferson	US
S1-82407517	Sivika (India) East Private Limited	C/O Satendra, Hn-51B, Durgapur Nautanwa, Maharajganj, Uttar Pradesh	India
S1-618209982	Developers Gmax Global Private Limited	Flat No D-112, 3Rd Floor Milan Appartments, West Enclave, Pitampura, Delhi, North Delhi, Delhi	India
S1-840839099	Stokes Starlink Inc.	29143 Elm Court, Selbyville, DE, Unit 3	US
S1-602432402	Primary Care Clinic Center	Ayden, 370 Arbors Park Circle, NC	US
S1-515761142	First Delta Star LP	IL, 2421 Shadow Creek Lane, Riverwoods	US
S1-167952860	Hotel Consultants Private Limited	Building No. 2, Flat- C, Third Floor, Sangam Complex, 2.5 Mile, Sevoke Road, Siliguri, Jalpaiguri, West Bengal	India
S1-930120105	Ritanet Highland Spa Inc	1523 Summit Street, New Haven, IN	US
S1-694939482	Camacho Smart Triumph LLC	100 Nonotuck Street, MA, Holyoke, Unit 1	US
S1-601077297	Levue Inc	24315 Falcon Point Drive, Katy, TX	US
S1-692579849	Gold Builders Private Limited	Flat No 201, Royal Presidency Sector 45, Gurgaon, Haryana	India
S1-131599673	Enso (i) Private Limited	61, Shiv Colony Ward No.3, Moti Nagar, Jaipur, Rajasthan	India
S1-749733719	Anderson and Garza Argentina LLC	85 Mount Zion Road, Unit 122, Atlanta, GA	US
S1-433627901	Custom Staffing Works	6414 Belfry Way, IN, Indianapolis	US
S1-898713523	Thomasina Faust, Esq.	4733 Southern Avenue, Albuquerque, NM	US
S1-598251990	Vaibhavi Lake Limited	S. No. 9, Sda Annex, Lasudia Mori, Mangliya, Indore, Madhya Pradesh	India
S1-516886789	Cascade Advisory Inc	1208 Garden Drive, Bartlesville, OK	US
S1-389125931	Health Institute III	8135 15th Avenue, Unit 2, Hyattsville, MD	US
S1-792465671	Modern Technical Systems PC	W7075 Alp Court, Town Of Springwater, WI	US
S1-547062323	New Sangh	No.32, Abhiman Enclave, Top Floor, 11Th Main, Nobo Nagar, Bangalore South, Bangalore, Karnataka	India
S1-786629505	Konark Lifescience Private Limited	Tuljai Nagar Sindi - M, Teh - Wardha, Wardha, Maharashtra	India
S1-911951630	Thompson Holding Company Inc	418 Mayrant Drive, Dallas, TX	US
S1-115561568	Sophi's All Studios LP	Mckinney, 6901 Frying Pan Drive, TX	US
S1-356932233	Varshansh Solutions Pvt Ltd	Sukantanagar, Budbud, Burdwan, Bardhaman, West Bengal	India
S1-836598242	Calypso Healthcare Ltd	No 1 4Th Cross 1St Main Mico Layout Btm 2Nd Stage Banglore, Karnataka, Bangalore, Karnataka	India
S1-350600266	Pushkar & Associates	Plot No 205 A7 Th Rd Khar (W), Mumbai, Maharashtra	India
S1-871753233	Ross Pyrophyte	Ossining, 12 Knoll View, NY	US
S1-667308032	Lumola Special LLC	KY, Cynthiana, 312 Hedges Lane	US
S1-374933281	Caldiq Melar Inc	1220 Sanders Avenue, Unit 6, Paducah, KY	US
S1-359082172	Avelar Clear Lithium	Carver, 1920 Ironwood Drive, MN	US
S1-760449516	Hari Estate Private Limited	112 Subdivided Plot-F N B, Cts 261C 313A 251B, Bldg 60, Chembur, Vashi Naka, Mumbai, Mumbai City, Maharashtra	India
S1-321820789	Vanguard Sterling Real Inc	335 Commercial Street, East Rochester, NY	US
S1-417655223	Bureau of Education	108 Portal Court, Babylon, NY	US
S1-30291488	Anatola Martinez Onfolio LLC	710 Sharon Drive, Waxhaw, NC	US
S1-911579010	Gangam Tradevision Private Limited	Cottage 5, Choice Park Elamakkara, Ernakulam, Kerala	India
S1-99789246	Diaz, Taylor and Morgan LLC	2933 Plainfield Road, Oswego, IL	US
S1-166483232	Lakin, Evans & Reed	937 Riverside Avenue, Kingsport, TN	US
S1-839071345	Interstate Park LLC	4822 Briarbend Drive, TX, Houston	US
S1-607276963	Kim Wave Inc	WV, 37 Newton Avenue, Morgantown, Unit 101	US
S1-95270961	Beacon Metal Works	Unit 1, 5612 Powderhouse Road, Cheyenne, WY	US
S1-162206287	Saint Fellowship	1422 25th Street, Douglas, AZ	US
S1-141360505	Cascade Supreme Gold Inc	1307 Hanes Road, Beavercreek, OH	US
S1-249304584	Orbit & Brothers Private Limited	Maharashtra, 7, 8 Gayatri Dham Sector 3 Ganesh Mandir Road, Manda, Titwala (E), Thane, Shop No B/8 - 6, Thane	India
S1-440535742	Robinson Anchor Lodging	6024 Lafayette Street, Portland, OR	US
S1-942560934	(india) Basic Technologies Private Limited	Room No 1 1St Floorswadeshi Market 316 Kalbadevi Road, Mumbai, Maharashtra	India
S1-973092486	Lotus Estate Private Limited	305 Parivar Apartments309 P Extn, Delhi, East Delhi, New Delhi	India
S1-425232348	Veterans First Society	3627 Whispering Ridge Lane, Fl 0, Saint Louis, MO	US
S1-79321472	Estrada Holding Company Inc	902 Church Street, Jefferson City, TN	US
S1-554801778	Coimbatore Mount Private Limited	Plot No.65, Sector No.8, Gandhinagar, Gandhi Nagar, Gujarat	India
S1-864053507	Mag & Co Private Limited	Hyderabad, Telangana, Plot No: 108, Shilpa-Hi, Hitex-Novotel Road, Madhapur, Cyberbad	India
S1-933287410	Womens Health Superior Clinic Inc	1047 Berkshire Drive, Washington City, UT	US
S1-48644465	Sector-142 Financial Limited	Uttar Pradesh, 8Th Floor Advant Navis Business Park, Noida, B-817, Sector-142	India
S1-983832888	Shyam Silver Solutions Pvt Ltd	804, Serilingampally Municipality, Andhra Pradesh, Pegasus Mennakshi Sky Lounge, Sy No. 50 & 51, Khanamet Village, Hyderabad	India
S1-203042800	Hardy, Weeks & Garcia Carlyle Inc	1634 Helmsdale Drive, Bedford County, VA	US
S1-418353702	Lakshmi Food Private Limited	Sn.114/A, Erandwana, Prabhat Rd, Ghodke Chauk, Pune, Maharashtra	India
S1-337403716	Vijay Shyam Ventures Private Limited	Delhi, New Delhi, Wz-10 Ch Jotram Marketpalam Village, New Delhi	India
S1-651151488	Trivandrum Power Pvt Ltd	Shop No.71, Plot No.93-95, Maruti Paradise Chs Ltd Sector-15, Cbd-Belapur, Navi Mumbai, Mumbai City, Maharashtra	India
S1-395805672	Datar Trading Pvt Ltd	B-302 Floor 3Rd Heera Bhuvan Miya Mohd Chhotani Road Opp Mahim W Rly Stn, Mahim, Mumbai, Mumbai City, Maharashtra	India
S1-236390977	Dermatology Preferred Physicians LLP	1970 Chamberlin S, CO, Stratmoor	US
S1-79557220	Doex Machine Works	4220 Kasson Drive, Evansville, IN	US
S1-820577681	Nexio Distribution LLC	711 Pifer Road, Houston, TX	US
S1-752428037	OI Atlantic Aspen, Inc	295 West Street, Oneonta, NY	US
S1-70290644	Atulya Mechatronics Private Limited	36 Cghs Parmarath Apartment Vikash Puri, New Delhi, Delhi	India
S1-348178140	Ha Advisory (India) Private Limited	3Rd Floor 14A Ballygunge Circular Road Kolkata, Kolkata, Howrah, West Bengal	India
S1-452062723	Legacy Premier Black, LLC	W220N7884 Town Line Road, Unit FC6, Village Of Menomonee Falls, WI	US
S1-661432909	Platinum Advanced Myers	317 Broadway, Oyster Bay, NY	US
S1-808192859	Sas Tourist Private Limited	2/03/02/003, Kumar Estate, Nr. Raju Traders, Opp. Shreyas Cinema, Pij Road, Nadiad, Kheda, Gujarat	India
S1-241581927	Fields's Silver Bakery	St George City, UT, 1575 1440	US
S1-6655083	Au Consultants Private Limited	House .No 21 Ward No. 10, Udit Nagar, Raurkela (M), Sundargarh, Orissa	India
S1-95694067	Brains Viniyog Pvt. Ltd.	Nl/2/12/C-3 Sector 9 Nerul, Navi Mumbai, Mumbai City, Maharashtra	India
S1-325825957	OB Frontier Square LLC	525 Donna Marie Drive, Wentzville, MO	US
S1-599147636	Az & Co Corp	Pl No.2, Parijat Society, Vasant Baug, Bibwewadi Rd, Pune City, Pune, Maharashtra	India
S1-633896839	Dhanraj Vidyalaya Private Limited	No: 90/Lti Res 1-Phase, 2160/Chandrapur-11 (U) S/Dn, Ayadhya Nagar, Tukum Chandrapu, R, Chandrapur, Maharashtra	India
S1-431021055	Gb Packaging Private Limited	12Th Floor, Manjeera, K P H B Phase 3, Tirumalagiri, Hyderabad, Telangana	India
S1-856656420	Bushaw Trust LLC	Wichita, KS, 3326 Handley Street, Fl 0	US
S1-705067282	LUM Esports Inc.	3365 Higley Road, Rocky River, OH	US
S1-456229921	Pediatric Dentistry Center LLC	32 Villages Drive, Unit B, Brewster, MA	US
S1-137506392	Butler Midcap LLC	TN, Butler, 239 Smith Hollow Road	US
S1-216049567	Morales Diamond Networks LLC	CT, Suffield, 25 Susan Drive	US
S1-373408341	Vanguard Tech LLC	45 Montreal Street, Sanford, ME	US
S1-213543870	Chennai & Partners Limited	Telangana, Hyderabad, Rangareddy, 2-127/68/A Sairam Colony Vijayapuri Colony Uppal	India
S1-183848697	Systematic Rise Private Limited	87L, Park Street, Ground Floor, Kolkata, Howrah, West Bengal	India
S1-909558843	Barba Global, LLC	400 5th Street, Unit UNIT 304, Great Falls, MT	US
S1-388380137	Balaji Management	A.No-149/2, 20/5A Vivekanandpuram Adity Nagar, Karaundi, Varanasi, Uttar Pradesh	India
S1-49159723	A Cure 6 All, LLC	177 Gulick Drive, Kinston, NC	US
S1-879898847	Bugbee Insurance LLC	20530 Richmond Beach Drive, Woodway, WA	US
S1-705602514	Yogendra Pharmaceutical	803, Synergy Business Park Premises Chs Ltd, Bhd Virwani Indl Estate, Mulund Goregaon Link Road, Goregaon East, Mumbai, Maharashtra	India
S1-828506355	Foot & Ankle Medicine	1927 Owego Hill Road, Virgil, NY	US
S1-834504103	Ophelia Hall Gsr LLC	10414 Lower Alarka Road, Bryson City, NC	US
S1-996338213	Mayorga Empire LLC	12540 249th Circle, Village Of Salem Lakes, WI	US
S1-936982035	Prime Software Private Limited	Ahmadabad City, Gayatri Tenament, Nr Sarvodayanagar Part 3, 2, Ahmedabad, Gujarat	India
S1-923358813	Red Hair Studio! Associates	3608 Fernhill Avenue, Baltimore, MD	US
S1-620257772	FWG Solutions Pvt Ltd	2180 Dudhganga Complex, Murud, Latur, Maharashtra	India
S1-464177767	Alishan Trust	1-10-160/A&B, Sml Nivas, Iind Floor Ashoknagar, Hyderabad, Telangana	India
S1-252729871	Upper Transition, LLC	Greenbelt, 7 A Ridge Road, MD	US
S1-430025565	Pune Commodeal Private Limited	Ganga Park Pingale Wasti 77/2/3/2 Mundhawa, Pune, Maharashtra	India
S1-941445660	North Consulting Private Limited	160-Madhav Darshan, Waghavadi Road, Bhavnagar, Gujarat	India
S1-304951114	American Principal PC	108 22nd Avenue, Seattle, WA	US
S1-942613966	Choice Chemical Alliance	3 Shadagee Lane, Unit Apartment 4A, Phillips, ME	US
S1-678274693	Terri Hamilton Green Royce LLC	2900 Muir Street, Unit 114, Atwater, CA	US
S1-368941726	Dashmesh Healthcare (India)	S/O Sri Parma Nand Singh S. Market, Kankarbagh, Patna, Bihar	India
S1-542740162	Kestiq Auto	1044 Martin Place, Hempstead, NY	US
S1-488382506	Ester Mcbride Silver Networks L.L.C.	214 State Street, City Of Waupun, WI	US
S1-687593019	Odilia L. Paz, D.D.S.	740 Central Street, Unit J20, Leominster, MA	US
S1-640899052	Tambaram Services Limited	Pl.39, B.2, 2Nd Main Road, Bharathi Nagar, Tambaram, Kanchipuram, Tamil Nadu	India
S1-848814477	White Technology Private Limited	North Delhi, Delhi, B-2Achattarpur Extension Main Road, New Delhi	India
S1-826892920	Kanpur Residency Private Limited	26/27 Government Industrial Estate, Vijay Naga, R, Kanpur, Uttar Pradesh	India
S1-791651609	Continental Wellness Care	56 Maker Chambers Vi Nariman Point, Mumbai, Mumbai City, Maharashtra	India
S1-473371883	Atlantic Payroll Studios	2604 Belmont Avenue, Parsons, KS	US
S1-506176803	One Agro Limited	202, Chanchal Smruti, 450-B, Mahilashram Road Matunga, Mumbai, Mumbai City, Maharashtra	India
S1-855016850	South Power	103/42, Wall Tax Road, Chennai, Tamil Nadu	India
S1-498834527	Hartley Bumrungrad of Howe	2875 600, Howe, IN	US
S1-87963787	Ventures Traders Private Limited	Valsad, B-302, M Cube, Nr Bombay Hotel Balitha, Pardi, Vapi, Gujarat	India
S1-75229286	New Enterprises Limited	4/219, Block -4 Khichripur, Patparganj, Delhi, East Delhi, Delhi	India
S1-803491095	Shree Consulting Private Limited	Srushti Apt Bldg B S.No 82 Guruganesh Nagar, Kothrud, Pune, Maharashtra	India
S1-602386262	Karee Schroeder Pinnacle Fitness LLC	4014 Buchanan Road, Texarkana, TX	US
S1-792813333	Harbor Bleichroeder	1079 Dooms Chapel Road, Symsonia, KY	US
S1-150342721	Pinnacle Interstate Painting Inc	100 -121 Pinewood Road, Virginia Beach City, VA	US
S1-76760564	Synapse (India) Finvest Limited	Sarve No 2238, Bhagya Nagar Bhokardan, Jalna, Maharashtra	India
S1-361941991	Flying Group of Companies Center	No.134, Kolachalam Compound, Bellary., Bellary, Karnataka	India
S1-303676134	Mcshan's Supreme Massage	1138 Daines Court, OH, London, Unit D	US
S1-18860196	Affluent Consultancy Ltd	Gram Nagar, Balaghat Road, Gondia, Gondiya, Maharashtra	India
S1-31316997	Donahue Precision Realty LLC	5011 Ward Street, Houston, TX	US
S1-20820225	Total Property Associates Inc	1002 Ada Street, Leachville, AR	US
S1-699863184	Autism Assistance Coalition	15141 Stonecrop Drive, Urbandale, IA	US
S1-253556726	Kedadyne Investments Inc	22 Shady Point Drive, Conway, AR	US
S1-242653859	Shree Trust	Hig 380, K5, Kalinga Vihar Patrapada, Bhubaneswar, Khordha, Orissa	India
S1-959467945	Green Consultants LLP	H. No. 2-22-310/66C, Flat No. 66C, Westren Hills Addagutta Housing Society, Kukatpally, Hyderabad, Telangana	India
S1-380071170	Harmon Blackrock Company	11129 1131, Unit Gw1hpl, Godley, TX	US
S1-13569942	North Medical Center	1804 Laurel Street, Klamath Falls, OR	US
S1-386866556	1606 Center Place Company	1004 Cedar Street, Adair, IA	US
S1-557049087	Mattingly, Mcmanus & White LLC	1226 Coleman Road, Halifax County, VA	US
S1-196809227	Sree North Systems Private Limited	Gat No -3962 /1 Shikshak, Bhavan Shiru, Shirur, Pune, Maharashtra	India
S1-329328085	Colonial Fellowship	931 11th Street, Sidney, MT	US
S1-917970724	Gaurav Agri Private Limited	Sy.No. 5A1 Part, Halakundi Village, Bellary, Karnataka	India
S1-164544513	Elfreda Brannan Eagle LLC	56 Fairview Avenue, Naugatuck, CT	US
S1-845589100	Casa Logistic (India) Center	Ff/135, First Floor, Rangoli Complex Station Road, Bharuch, Bharuch, Gujarat	India
S1-406146558	Suryaora Square Private Limited	C/O Gyanendu Chouhan, Dighi East Simplex-17, Hajipur, Vaishali, Bihar	India
S1-430277847	20/20 Optical, Inc	71 Oak Avenue, Southampton, NY	US
S1-513913367	Community Desert Church LLC	3794 Helmwood Street, Memphis, TN	US
S1-423050491	Jd Garments Private Limited	E-716, Phase-Viii Focal Point, Ludhiana, Punjab	India
S1-337084811	Piedmont Lightwave LLC	TX, 103 Covert Cove, San Marcos	US
S1-668501271	20/20 Vision Center Group	4025 38th Place, Arlington County, VA	US
S1-599229157	South Foods Private Limited	2 Rameshwar Malia Lane, Howrah, West Bengal	India
S1-479122155	Hodges & Miller Cbre Tulsa	2844 51st Street, OK, Tulsa, Unit APARTMENT  A	US
S1-514044973	AV Anchor Xflh	129 Hope Drive, Watsonville, CA	US
S1-879034	Tullis, Correna, Esq., M.D., P.C.	151 Doggone Road, Siler City, NC	US
S1-693877598	Clark Research	478 Tr 121, Tiffin, OH	US
S1-116968267	Quality Payment Studios	12920 Kirton Avenue, Cleveland, OH	US
S1-150006081	Future Producer Private Limited	North Delhi, 6Th Floor, Pragati Tower 26 Rajendra Place Opp. Metro Station, Delhi, 611, New Delhi	India
S1-589590243	Jai Technology LLP	90, Swarg Mandir Road, Mhow, Indore, Madhya Pradesh	India
S1-937866827	Premier Ventures Pvt Ltd	Unit 616, Hubtown Viva, Meter Room 3, Shankarwadi, Near W. E. Highway, Jogeshwari East, Mumbai, Maharashtra	India
S1-102757676	Beacon Transportation, LLC	3712 Joy Street, Charlotte, NC	US
S1-418839009	Maa Consultancy Pvt Ltd	15-A/6East Patel Nagar, New Delhi, Central Delhi, Delhi	India
S1-203916817	Paul, Sammy F., D.D.S.	AL, 5101 Renee Road, Huntsville	US
S1-614202347	Family Care Associates	4974 Brock Street, Unit APT 207, Indianapolis, IN	US
S1-450395396	Mirabelle Barnes, D.C.	IN, 8724 Huguenard Road, Fort Wayne	US
S1-255312391	Youssef's Great Ice Cream, Inc	610 Range Drive, Princeton, TX	US
S1-328223434	Halimeda Snell Freedom LLC	249 Flack Road, NC, Forest City	US
S1-14090842	LHT Technology Private Limited	39 /18Srirangan Street Dadagapatty, Salem, Tamil Nadu	India
S1-450872063	Upvan Traders Pvt Ltd	Uttar Pradesh, Flat No-5, Lucknow, First Floor, Daud Plaza 195/48, J.N. Road	India
S1-983983159	Asia & Co	Puja Chambers, Shubhe Motor Garage Nh 8A, Morvi, Rajkot, Gujarat	India
S1-66062176	Urban Deli!	37949 Sumner Road, Pomeroy, OH	US
S1-714592519	Timber LLC	740 Waterscape Court, Rock Hill, SC	US
S1-450134111	Debartolo Big Inc.	217 Larwill Street, Wooster, OH	US
S1-445577759	Dynamic Cascade Newbury	504 Broadway Street, Muscle Shoals, AL	US
S1-84859680	Williams Direct	405 Austin Street, Unit 5, Downers Grove, IL	US
S1-88259842	Jtm Polytechnic Group	Basement Floor, Marina Square Door No. 26/27, Santhome High Road, Chennai, Tamil Nadu	India
S1-909753760	Maa Food Private Limited	625, Galleria Complex, Dlf Phase Iv, Basai Road, Gurgaon, Haryana	India
S1-46294320	Urban Tattoo!	1763 Fourth Street, Ottawa, OH	US
S1-251321756	Rainbow Equipments Private Limited	1 5Th Floor, A, Shapath 4, Prahalad Nagar Sarkhej Gandhinagar Highway, Satellite, Ahmedabad, Gujarat	India
S1-411034558	Smart Peak Broadband	164-01 110 Road, Jamaica, NY	US
S1-572714585	Future Logistics	C/O Ram Beti, Nr Pakar Khera, Shikohabad, Firozabad, Uttar Pradesh	India
S1-587583568	Arihant Media Private Limited	No.183/30, 19Th Main, Rajajinagar, Bengaluru, Bangalore, Karnataka	India
S1-527041900	Pioneer Financial, LLC	115 Winnebago Street, Unit Apartment 213, City Of Appleton, WI	US
S1-29640994	Painters Local 486 Care	4295 Lark Street, Fairfield, OH	US
S1-421032665	National Precision Armour LLC	25415 56, Evansville, MN	US
S1-787847930	Signature Electronics Dynamics	20 B Private Drive 1103, Embudo, NM	US
S1-810615209	Pinnacle Global Arcelormittal LLC	3304 Crawford Road, Spicewood, TX	US
S1-731013804	Terrill Federal Columbus Associates	2605 Freedom Way, Fl 1, Medford, OR	US
S1-174326300	Economic Development Fund	1821 Capital Creek Drive, Unit 2403, Wake Forest, NC	US
S1-172404090	Ce Machine Private Limited	5/7, Sterling House, Sorabaji Lane Dhobi Talao, Mumbai, Maharashtra	India
S1-747797903	Technologies Satguru Finance Private Limited	Office 1308 Maruti Chowk Pune, Banglore Hwy Nxt Tata Showroom, Haveli, Pune, Maharashtra	India
S1-219304594	GET Aviation Pvt Ltd	Village Mohammadpur P.O. Gulawad Tehsil Hodal Palwal, Palwal, Faridabad, Haryana	India
S1-926068934	Quality Coastal	1941 3865 Road, Dustin, OK	US
S1-95148040	Herrera & Smith Oyj, LLC	784 Washington Avenue, Logan, OH	US
S1-805298853	Capital Association	376 Forest Avenue, Brockton, MA	US
S1-980530925	Schaffner Builders PLLC	228 100, Orem, UT	US
S1-553506953	Diamond Creative Associates, Inc	91-14 95 Avenue, Ozone Park, NY	US
S1-836586153	Dynamic Bright Neurosciences L.L.C.	1410 Adams Street, Unit 435, Nashville, TN	US
S1-444327918	Ravita (india) Private Limited	48, K.H.Road, Bangalore, Karnataka	India
S1-711356823	Global Investments	101, Ground Floor Tekadhar Purvi Bansi, Siddharthnagar, Siddharth Nagar, Uttar Pradesh	India
S1-870553272	Safe Infrastructure Industries	917 Victory Street, Waukegan, IL	US
S1-914707877	Ss Power Private Limited	Plot 167Sarita Vihar So 2, B/H Swaminarayan Soc L H, Surat City, Surat, Gujarat	India
S1-810168628	Correa Continental Semiconductor LLC	3162 Collins Ferry Road, Morgantown, WV	US
S1-88694699	Paradigm Capital Clinic	Vyshnav95 A Race Course Coimbatore, Coimbatore, Tamil Nadu	India
S1-274972594	Krishna It Private Limited	House No. 68, Khasra No. 877/1 & 1049/1, Block-A, Jahangir Puri, Delhi, North West Delhi, Delhi	India
S1-167620572	Vitoria Woods Laboratories	202 Grandview Drive, Peters Township, PA	US
S1-739320332	Hari Healthcare Pvt Ltd	Door No.2/32, Kunnumpozhath Building, Thali, Talappilly, Thrissur, Kerala	India
S1-621434532	Advanced Vaneck LLC	319 Woodward Road, Salina, KS	US
S1-866661473	Clyyx Acp	7233 Harbor Road, Unit 87, Lakeside Marblehead, OH	US
S1-915031725	Kaushik Landmark Private Limited	A-100, 2Nd Floor, Noida, Gautam Buddha Nagar, Uttar Pradesh	India
S1-261607970	Leclair, Mcmahon & Levy, LLC	1302 Mark Lane, Warsaw, IN	US
S1-409022084	Hitech Logistics Pvt Ltd	32, Bharat Industrial Estate, L. B. S. Marg, Bhandup (West), Mumbai, Maharashtra	India
S1-937364409	Jay Management Private Limited	South Delhi, J-87, Delhi, New Delhi, Basement Kalkaji	India
S1-549071050	Kaia H. Zayas, CPA	14101 William Drive, Orland Park, IL	US
S1-878494622	Bangalore North Service Limited	No.3, I-Floor, A Narayanapura Main Road, Bangalore North, Bangalore, Karnataka	India
S1-23639585	Perkins's Frontier Cleaning	525 152nd Street, Burien, WA	US
S1-860409412	Sky United Media Private Limited	O-23/A-4 Dilshad Garden, Pocket O, North East, Delhi, New Delhi	India
S1-257498186	Drayelle Harbors Inc	1422 Roosevelt Ave, Ames, IA	US
S1-69855433	Porch Regional Aldabra LLC	5920 Montague Street, Fort Worth, TX	US
S1-696318540	Ram Consultants Private Limited	4, Anamika Apartment, 99, I.P. Extension Madhu Vihar, Shakarpur, Baramad, Delhi, New Delhi, Delhi	India
S1-78267831	Golden Staffing Group P.C.	7108 86th Street, Lakewood, WA	US
S1-811412820	One Energy Private Limited	66/6 Near Anjaneyatemple, New Chikkanahalli Ext, Davanagere, Davangere, Karnataka	India
S1-931990509	Energy Foods (India) Private Limited	24 Sriram Road, New Delhi, North Delhi, Delhi	India
S1-261273797	F/L Two PLLC	11 Blaker Street, Auburn, MA	US
S1-307896604	Vanallen and Johnson Crescent Group	764 Depot Street, Unit 12, Midvale, UT	US
S1-548077370	Regional Express Direct Inc	3385 23, Sigel, IL	US
S1-143151530	Cooling Homes Private Limited	Unique House Sa Brelvi Rd, Pl25, Horniman Circle, 3Rd Fl, Mumbai, Maharashtra	India
S1-795964968	Hv Consultants	H No 182 St Stand Road, Islampur Tal Walwa, Walva, Sangli, Maharashtra	India
S1-520630575	Nonet Trusted Imaging, LLC	519 Adams Street, Holliston, MA	US
S1-790964695	Engineering Balaji Servicesprivate Limited	669, Sanjeevani Nagar Thathampally P.O, Alappuzha, Kerala	India
S1-663792657	Uptown Book Store P.C.	ME, 125 Cushman Hill Road, Woodstock	US
S1-539231621	Pediatric Dental Green Health	832 19th Street, San Bernardino, CA	US
S1-137467948	Buffer Computech Private Limited	Ml 1/12, Varanasi, Uttar Pradesh, Varanasi, Anand Nagar	India
S1-433877342	Metro Dollar Inc	11057 14th Avenue, WA, Seattle	US
S1-873601064	Fascinate & Co	1103 Mulberry Heights, Near Kaveri Sangam, Daskroi, Ahmedabad, Gujarat	India
S1-640916583	Modern Preferred Insight, Inc	1407 2nd Street, Woodward, OK	US
S1-309592485	Services Sponge Infotech Private Limited	123, 1St Floor, Adharyu Indl Estate, S B Marg, Sun Mill Compound, Lower Parel, Mumbai, Mumbai City, Maharashtra	India
S1-491099893	Noyes Medical Center LLC	200 Sheppard Road, Rehobeth, AL	US
S1-323510353	Iveniq Micro Clinic	Morehead City, 1804 Shepard Street, NC	US
S1-575140832	Being Trading Limited	A-401, Awing, Sanjar Enclave, Cts No428, Svroad, Corner Of Khajuria Tank Road, Opp Milapcinema, Ka, Ndivali(W), Mumbai, Maharashtra	India
S1-558552374	Jatin Sangh Clinic	Plot No-4206, Narattam Das, Beside At Ujjal Das Sharma, Cooch Behar - I, Cooch Behar, West Bengal	India
S1-72647537	VI Constructionsprivate Private Limited	301, Kutir Appartment, Anjani Park, Village. Ravapar, Morbi, Rajkot, Gujarat	India
S1-340407730	East Finance Private Limited	H No 3/330, Jadhav Nagar Opp Trupati Vihar, Pune, Maharashtra	India
S1-530871233	All Marketing Private Limited	New No. 8, Old No. 4, Thiruveedhi Amman Street, Ramakrishna Nagar, Chennai, Tamil Nadu	India
S1-675328177	Day and Epperson Education LLC	61006 20, Marblemount, WA	US
S1-18594120	Swastik Logistics Private Limited	178-Scheme No. 114-1St A. B. Road, Indore, Madhya Pradesh	India
S1-177439316	Cornerstone Source	704 Mackinac Drive, Taylorsville City, UT	US
S1-987702349	Lower Anchor Gesher LLC	4148 Andler Road, Duluth, MN	US
S1-161912317	Sunrise Infra Private Limited	C/O Niraj Singh C 114 Ind Area Gauriganj, Amethi, Lucknow, Uttar Pradesh	India
S1-155023556	Romy Moore Banc	TX, 1622 Elkhart Avenue, Lubbock	US
S1-231449578	Rycca Benson Heartland Manufacturing Inc	W1943 Nn, Town Of Rubicon, WI	US
S1-692972860	Foot & Ankle Harbor Care Associates Inc	38 Ox Bow Road, Falmouth, MA	US
S1-271326048	Doteia Ventures LLC	State College, PA, 706 College Avenue	US
S1-205072118	Velva Annuities	2555 Pennsylvania Avenue, Unit 507, Washington, DC	US
S1-825006523	Horvath & Gardner Inc	1210 Linden Green, Baltimore, MD	US
S1-585133690	Interstate Bdc	3312 Moonbow Loop, Charlotte, NC	US
S1-627117218	Nguyen Family Practice	Houston, TX, 6718 Gentle Bend Drive	US
S1-830731515	Lee and Gary	Glenwood, AR, 23 Penny Lane	US
S1-944654924	Better Ethereum LLC	33 Fairbanks Street, West Boylston, MA	US
S1-91348844	Krishna Alpha Properties Limited	Plot No 61/62 Midc Industrial Area Village Dhatav, Taluka Roha, Dist. Raiga, D, Dhatav, Raigarh, Maharashtra	India
S1-343160785	Lampkin & Pettyjohn Inc	632 Oak Street, Carmi, IL	US
S1-427021650	QKL India Corp	D.No.57-14-24, West Road-Ii, New Postal Colony, Patamata, Vijayawada., Andhra Pradesh	India
S1-272485708	Moody All Arc	4617 Bracken Drive, Fort Worth, TX	US
S1-659407617	Straight Edge Grill Inc	5910 Blanca Court, CO, Fairmount	US
S1-969626533	Saharanpur Ventures Pvt Ltd	Gali No .04 Navada Road, Ankit Vihar Colony, Saharanpur, Uttar Pradesh	India
S1-651677872	Navi Mumbai - 400706 Fruits Pvt Ltd	204, Krishnai, Plot No 229, Sector - 21 Nerul, Navi Mumbai, Maharashtra	India
S1-737225314	Pinetop-lakeside Baptist Quality Association Corp	2648 Pine Wood Lane, Pinetop-lakeside, AZ	US
S1-365570866	Cornelia Fernandez Cms Center	35 Bush Creek Lane, Beekman, NY	US
S1-50934034	Gayatri Traders Limited	F 335, Dakshin Puri, Tigri, South Delhi, Delhi	India
S1-985059424	Blue Deli Inc.	3826 Vernon Avenue, Canton, OH	US
S1-21066830	Vpg Estate Ltd	1249. Mehta Bhuwan, Lavarni Pole M.G. Haveli Road, Ahmedabad, Gujarat	India
S1-995891795	Hyderabad Links Private Limited	Plot No 12P, 13, 14P, Hardware Parkroad No 2, M, Hyderabad, Telangana	India
S1-332842000	Dental Associates	233 Old Shackle Island Road, Hendersonville, TN	US
S1-524354288	Lauralee F. Carrillo, DO	620 Hermosa Drive, Tempe, AZ	US
S1-99037628	Sree Consulting Private Limited	A-61 A-Block Ganesh Nagar, Pandav Nagar Complex, East Delhi, Delhi	India
S1-459980464	Vision International Private Limited	J-122 G/F B/P Vikash Puri, New Delhi, Delhi	India
S1-182972615	Urology Associates	5905 Bayberry Lane, Raleigh, NC	US
S1-359700627	Gujarat Investments Private Limited	S No. 83, G No 1190 Navin, Milkat 2440, Nda Road, Haveli, Pune, Maharashtra	India
S1-315101441	Olanial Four	36 Quintard Drive, Port Chester, NY	US
S1-398987861	Loralee Beaupre, DPM, PC	16516 Shirley Court, South Holland, IL	US
S1-708220676	Stjohn Better Life LLC	38 Nila Grove Court, Conroe, TX	US
S1-278819549	Alps Brothers Limited	1323 Sector 14 Faridabad, Haryana, Faridabad, Haryana	India
S1-165888490	Fresh Capital Appliance LLC	2412 Plymouth Court, Murfreesboro, TN	US
S1-158095545	Nguyen and Garcia LLC	122 Central Avenue, Killdeer, ND	US
S1-514584460	Silver Grill	9505 Chad Colley Boulevard, Unit Apt 1715, Fort Smith, AR	US
S1-738525740	Pacific Jersey LLC	22 Wolcott Road, West Hartford, CT	US
S1-857917470	Krueger Metro End	10584 Albert Drive, North Benton, OH	US
S1-327231936	Peak Collective Inc	4223 Oak Gardens Drive, Kingwood, TX	US
S1-932764442	Pasco's Ventures	103 Terrell Street, Blackwell, TX	US
S1-585721364	Sabol Barings LLC	South Bend, 55327 Butternut Road, IN	US
S1-133303811	Creative Power	19-B Shri Gopal Nagar, S-Block Gopal Pura Bypass, Jaipur, Rajasthan	India
S1-985886823	Varnam Dua	H.No. 566, Ward No. 5, Friends Colony Near Bhero Mandir Sohna, Gurgaon, Haryana	India
S1-795228707	Rapid All Oxley	2671 700, Unit 4, St George City, UT	US
S1-83523150	Ujjaesh Foundation Co	C/O. Anita Kumari, Khata No. 23, Vihar Colony, Patna Sadar, Patna, Bihar	India
S1-392392578	Camp Verde Chiropractic Anchor Group	298 Arnold Terrace, Camp Verde, AZ	US
S1-199484026	Express Network Works PC	3709 Ehrck Hill Drive, Hood River, OR	US
S1-353530480	QPZ Refractories Company	210, 1St Floor, Phool Singh Market, Main Vikas Marg, Karkardoma, Delhi, East Delhi, Delhi	India
S1-372827899	Jay Business Private Limited	C - 2 / 71, Rajasthali Apartments, Near Madhuban Chowk, Pitampura, Delhi, North West Delhi, Delhi	India
S1-1677407	Solutions Maha Creations Associates	T P 18/434, P O Kadavathur, Thalasseri Via Near Kadavathur East Lp School, Kadavathur, Kannur, Kerala	India
S1-503195877	Frontier Holding Company Inc.	65 Bristol Road, Wellesley, MA	US
S1-734449438	Shivkripa & Co LLP	B-306, Yashoda Puram, Sainath Nagar, Pimple Gurav, Haveli, Pune, Maharashtra	India
S1-897897646	Neon Ventures	131 Ravenswood Drive, Anderson, IN	US
S1-247306420	Glowing Hospital	2021 Sector-37, Noida, Gautam Buddha Nagar, Uttar Pradesh	India
S1-990761686	Dermatology Associates of Beaumont	TX, Beaumont, 4425 Corley Avenue	US
S1-817242015	Pappas Internet LLC	1100 14th Street, Wilmington, DE	US
S1-959413027	WF Research Private Limited	House No : 10, Vill-Rampur, Po And Ps-Contai, East Midnapore, Midnapore, West Bengal	India
S1-943825216	Hoyt Agnc LLC	415 Carpenter Avenue, Sea Cliff, NY	US
S1-119658488	Ecostar Welfare Society Limited	50-B, Nagrik Nagar, New Morani Motor Tonk Road, Jaipur, Rajasthan	India
S1-439972882	Strasburg Corporation	210 Adams Street, Sandusky, OH	US
S1-886219149	Byrd's Wellness	9329 Sombersby Court, Laurel, MD	US
S1-968700074	Behind Oslo Cinema Realtors Group	Shop No.13, Constructed Gr. Floor, Plot No. 110 Manali Tower, Behind Oslo Cinema, Gandhidham, Gujarat	India
S1-356614165	Moore Holdings Group	3775 Northaven Road, Dallas, TX	US
S1-699072489	Eastern Producer Pvt Ltd	501B, Elegant Business Park, Andheri Kurla Road, J. B. Nagar, Andheri East, Mumbai City, Mumbai, Maharashtra, Mumbai, Maharashtra	India
S1-825140937	Urban New Developers Private Limited	No.58/35, South Usman Road, T.Nagar, Chennai, Tamil Nadu	India
S1-99669344	Devansh Corporate Pvt. Ltd.	House No 2002, 8 Ashok Nagar, Merrut Road, Karnal, Haryana	India
S1-104317573	Pacific Meshflow LLC	2720 Leoti Drive, Cimarron Hills, CO	US
S1-454754649	Siddharth Brothers Private Limited	Pune, Flat No. A2204, Pune, S No. 43/60/1, Ashiyana, Manaji Nagar, Narhe, Maharashtra	India
S1-444823703	Bombay Estate Private Limited	T-2-P8, Mana Tropicala, Chikkanayakana Halli, Off. Sarjapur, Carmelaram Post, Bangalore, Karnataka	India
S1-196156466	Shambhu Direct (India) Private Limited	165/31 Sanjay Marg, Muzaffarnagar, Uttar Pradesh	India
S1-715955259	Mks Ventures	Rajasthan, Ajmer, Kishangarh, 33, Kanchan Village, R K Girl College	India
S1-735349250	A Green Babcock LLC	3300 18th Street, Unit 102, Washington, DC	US
S1-984962787	Credit Transit Labs LLC	142 Will Hall Road, Kings Mountain, NC	US
S1-885237448	Youth Church	Rio Rancho, NM, 6316 Matamoros Road	US
S1-665949431	Education Initiative IV	5179 10000E Road, St Anne, IL	US
S1-837974089	Animal Welfare Fund, LLC	7035 Quail Lakes Drive, Fl 3, Holland, OH	US
S1-351613831	Dallas Family Center	914 Louisiana Avenue, Dallas, TX	US
S1-769151303	Krishna International Private Limited	Gopalpur, Cuttack, Orissa	India
S1-24418995	Toledo Atlanta	3673 Old Hickory Pond Road, Cottondale, FL	US
S1-817508333	Persistent Distributors-Lucknow	Rajendra Nagar Hospital, Iind Street, Lucknow, Uttar Pradesh	India
S1-391668682	Thomas Infrastructure Private Limited	No.101 & 112, Raheja Arcade, 80 Feet Road, Koramangala Industrial Estate, Opp Forum, Mall, Bangalore, Karnataka	India
S1-71071666	Isha Developers Private Limited	8-1-347/B/74, Rahul Colony, Rethi Bowli, Golconda, Hyderabad, Telangana	India
S1-241544572	Sunrise Marketing	Flt No 103, Radha, P No 130, Shinde Nagar, Haveli, Pune, Maharashtra	India
S1-875230163	Indo Infrastructure Private Limited	Plot No. 58, Survey No.8, Sadashiv Nagar, N-2 Cidco, Aurangabad, Maharashtra	India
S1-127284732	Frontier Federation	9641 Melody Lane, Brooklyn, OH	US
S1-785663324	Suzette Griego Highland, LLC	10245 Lake Pines Drive, UT, Heber City	US
S1-145609397	Tech Industries Private Limited	Wing B, Flat No 60, Shriprakash Residency Gangapur Road, Anandwalli, Nashik, Maharashtra	India
S1-872787571	Plantation Constructions Pvt. Ltd.	No.301, Srinidhi Regency, Near Bata Showroom Kaikondrahalli, Bangalore, Karnataka	India
S1-17865302	Prime Textile Alliance Clinic	MD, Hyattsville, 1920 Oregon Avenue	US
S1-946707800	Chaman Waste Private Limited	C/O W/O Tarni Singh, Court Area, Jamui More, Naya Bazar Ps-Lakhisarai, Lakhisarai, Bihar	India
S1-942360301	Services Li Valve Private Limited	18-12-418/H/37/2, Omer, Colony, Near Farha School, Bandlaguda, Hyderabad, Telangana	India
S1-856421552	Arma Clinic Private Limited	1048, Krishnadeep Apartment Khatiwala Tank, Indore, Madhya Pradesh	India
S1-867250985	Bright Digital Holdings High Point	4257 Toucan Trail, High Point, NC	US
S1-222939111	Roman Islands Private Limited	1289 Alakhnanda Colony, Vaishali Nagarajmer, Ajmer, Rajasthan	India
S1-784899614	Baroor	12 Woodland Avenue, Melrose, MA	US
S1-282225609	Hunger Program	37 Wildwood Road, New Rochelle, NY	US
S1-10209088	NJ Keystone Nexera Inc	14614 Laurenwood Court, Humble, TX	US
S1-319118649	Le Soya Ltd	R-235, Basement(Leftside), Gali No 10, Ramesh Park, East Delhi, Delhi	India
S1-776793175	Onyx, LLC	2303 Paddock Drive, Murfreesboro, TN	US
S1-197523931	2796 Church Way Associates LLC	760 Herrerra Road, Maricopa, AZ	US
S1-39386879	Ufs Media Private Limited	Level 2, Raheja Centre Point, 294 Cst Road, Near Mumbai University, Kalina Santacruz, (East), Mumbai, Mumbai City, Maharashtra	India
S1-942478654	Sea Bakery Private Limited	Maharashtra, Wadgoan, D-16, Bhargav Palace, Near Dnyandeep School, Off Sinhagad Road, Pune, Sn53/1/1	India
S1-135056798	Allied Bnb Corp	6530 University Avenue, Unit Apartment 160, Fridley, MN	US
S1-528801815	Olanent Illumination	1325 Hobble Creek Drive, Springville, UT	US
S1-152904859	Board of Consumer Affairs	1141 Allier Circle, Foley, AL	US
S1-957216705	Boex Companies Inc.	3207 Raven Drive, Unit A, Killeen, TX	US
S1-765142452	Primary Care Physicians-Buchanan	89 Tate Avenue, Buchanan, NY	US
S1-23377904	Gates's Reliable Wellness	308 Amber Acorn Avenue, Garner, NC	US
S1-167328986	Silver Bike Shop	9291 Highland Drive, Brecksville, OH	US
S1-273335997	Pearl Social Ltd	Chennai, Samrudha Arcade 2Nd Floor Purasaiwalkam, Tamil Nadu, No 29 Kariyappa Street, Chennai	India
S1-602296498	Dg Medical Centre	A-317, Black Gold Appartment, Oil Cooprative Socoiety, Sector Omega - I, Greater Noid, A, Gautam Budh Nagar, Gautam Buddha Nagar, Uttar Pradesh	India
S1-225270277	Montay Synchrony LLC	177 Waters Edge Lane, Madison, AL	US
S1-863098040	Gujarat Logistics Private Limited	House No. 63, Lohar Galli, Datta Mandir Sakur Tal. Ahmednagar, Sangamner, Sangamner, Ahmednagar, Maharashtra	India
S1-39574654	Projects Roseberry Network Limited	Gali No. 1 Rudra Colny, Birla Colony, Bhiwani, Haryana	India
S1-847942299	Noriega, Tovar & Guzman Ship LLC	450 Airport Road, Emory, TX	US
S1-681891048	Beva Corporation Inc.	2 Shannon Drive, Town Of Bel Air, MD	US
S1-669148605	St. Ministries	46 Forest Street, Chicopee, MA	US
S1-176213203	Coastal Dental Associates	120 Main Street, Unit A, Algood, TN	US
S1-260553896	Keels, Bria, Ph.D.	Bldg Right, NY, Cheektowaga, 164 Ellen Drive	US
S1-560605716	4248 Highland Place Partners, L.L.C.	142 Cape Lookout Light, Loudon, TN	US
S1-341755711	Main Street Grill!, Inc	664 Bernice Street, Wilmington, OH	US
S1-802942980	Cleo Norman Signature Currencyshares LLC	232 Main Street, Mount Airy, NC	US
S1-563909128	656-657 East Owners Corp	4 Clifton Avenue, Amherst, MA	US
S1-54313244	Garcia & Cox LLC	6263 2200, La Crosse, IN	US
S1-497372548	Pasillas Companies Inc	52 White Sail Drive, Southington, CT	US
S1-272902952	11/86 Twelve	TN, 2900 Wellesley Trace, Nashville	US
S1-95627898	Automated Industrial Innovations, LLC	669 Lake Drive, Lake Arrowhead, CA	US
S1-234699279	Osborne Farms	305 Val Vista Drive, Unit 263, Mesa, AZ	US
S1-545382289	Horizon Healthcare L.L.C.	1313 Myrtle Avenue, Chesapeake City, VA	US
S1-739276932	Cruzgarcia's Piedmont Cleaning Service	15700 49th Avenue, Plymouth, MN	US
S1-995588303	Martinez Fresh Education, LLC	5 Peconic Lane, Brookhaven, NY	US
S1-581333383	Industrial Hospital	E-52, Riico Industrial Area, Chittorgarh, Rajasthan	India
S1-614305920	R+ Onfolio Inc.	53215 Key-bellaire Road, Bellaire, OH	US
S1-292693208	Br Group	Howrah, Kolkata, Ganesh Chandra Avenue, Kolkata, 16, West Bengal	India
S1-431852697	Gonzalez Financial, PC	680 Colonial Drive, Morgantown, WV	US
S1-205664995	Dermatology Specialists	6118 Kenilwood Drive, Houston, TX	US
S1-872181770	Main Street Bistro	4556 Royalton Center Road, Royalton, NY	US
S1-511771547	Janessa Ibarra, CPA	3357 1050, North Ogden City, UT	US
S1-120587596	Krishna Transports Pvt Ltd	1St Floor, Plot No. 213 A, Lions Lane West, Panchyawala, Jaipur, Rajasthan	India
S1-267326772	Jaya & Brothers Private Limited	4/295, F-1, Sai Sakthi Apartment Ground Floor, Coimbatore North, Coimbatore, Tamil Nadu	India
S1-669882886	Funderburk Bitwise LLC	198 Green Kemp Road, Virginia Beach City, VA	US
S1-529632460	Roth Investments Inc	3150 Burrwood Drive, Lysander, NY	US
S1-496337383	Abagail Turner Sterling Eastern	19 Pearl Lane, MA, Wilbraham	US
S1-769042403	Ageless & Brothers Private Limited	C/O Shivani Sunil Kumar, Flat No 303, Plot-21, Sec-22, Tirupati Bldg, Navi Mumbai, Mumbai City, Maharashtra	India
S1-483491409	Montano & Fisher Inc	2915 Hollinwell Drive, Katy, TX	US
S1-773455689	Innovative Cross Corp	MA, 143 Shaw Road, Fairhaven	US
S1-74661443	Kay Polymers Private Limited	Flat No 5, Sr No. 163/2, Plot No.6, Sonali Apt., Haveli, Pune, Maharashtra	India
S1-161906801	Modern Payroll Labs, Corp	1582 Chicago Street, Fl 1, Chandler, AZ	US
S1-328721320	Royal Tech Private Limited	A 803, Rambha Tower, Gangawadi Gopal Bhuvan, Near Ganga Wadi, Ghatkopar West, Mumbai, Mumbai City, Maharashtra	India
S1-91818060	Hem Deep Private Limited	Karnataka, Bangalore, Skyline, R.K Atlantis Apartments, Bangalore North, C-901/904	India
S1-796215153	Sunrise & Co	Aurangabad, Cts-15736-45, Aurangabad, Maharashtra, Ulkanagari Aurangabad	India
S1-644694687	Christ Cathedral	Shattuck, OK, 1014 Carey Avenue	US
S1-579131854	Rapid Global Associates	8 Olivewood Drive, Asheville, NC	US
S1-801160193	Sapphire Systems LLC	1840 Lee Trevino Drive, Unit 101, City Of El Paso, TX	US
S1-235288357	Joannes Prater Northern LLC	180 Allisons Woods Drive, Statesville, NC	US
S1-599136250	Sree Power Private Limited	B-1, Flat-5, Sunder Nagar, S V Road, Malad W, Mumbai City, Maharashtra	India
S1-716279928	Roseanne Ingles Reliable Laboratories Inc.	3004 Ivey Wood Lane, Unit 101, Durham, NC	US
S1-513724144	Silver Nasdaq	2302 Maxfield Lane, Carrollton, TX	US
S1-579945470	Jordan and Pate Futurewave, Inc	41 Greene 532 Road, Marmaduke, AR	US
S1-497671230	Blue Deli	3560 Saratoga Avenue, Lake Havasu City, AZ	US
S1-543004513	Venkateshwar & Co	15A, 4Th Floor, Vista Kharadi, Pune, Maharashtra	India
S1-574861474	Dream Marketing Pvt Ltd	Shop No 01 Sunrise Homes, Sr No 201 1 1A 1 Plot, Nashik, Maharashtra	India
S1-422486340	Jessalin Brown River LLC	287 600, Unit 4, Logan City, UT	US
S1-767905348	Nexliva Bright Chesapeake PC	6005 San Giovanni Court, Spring Hill, TN	US
S1-902788302	Hotel Urban Technology Pvt Ltd	B/4 Laxdip Appartment, Nr. Mohanlal Gandhi Park, Ahmadabad City, Ahmedabad, Gujarat	India
S1-68866473	Gujarat Logistics	Flat No-405, Pushpanjali Complex, Near Jamuna Apt. Boring Road, Post- Patliputra, Patna, Bihar	India
S1-204597568	Abhar Trading Private Limited	Motihari, East Champaran, 18, Bihar, Ward 18 At Paterwa, Suraha Muffasil Motihari	India
S1-316139341	Damodar Traders Center	52 Samrat Cghs, Vasundhara Enclave, Delhi, East Delhi, Delhi	India
S1-72428230	Kelly Better Aimei Inc	NY, Oyster Bay, 10 Mohawk Drive	US
S1-439534918	Napolitano, Peplinski & Barrera Invest	242 Elmendorf Place, Powell, OH	US
S1-256452080	Johnson & Jones LLC	78 10th Avenue, Unit D, Columbus, OH	US
S1-248068516	Amrutha Incorporation Private Limited	Balaji Hospitalopp Vidya Vikas School Subhanpura, Baroda, Gujarat	India
S1-839373758	Regional Capital Inc	40 Herriot Street, Yonkers, NY	US
S1-976826532	Black Logistics Private Limited	24 Sant Namdeo Marg Oppbazar Post Office Baramati, Pune, Maharashtra	India
S1-710981483	PH Diagnostics Inc	1880 Peach Road, Rio Rancho, NM	US
S1-5347802	Lopez and Lujan, Inc	IN, Lafayette, 1925 Elmwood Avenue	US
S1-685239815	New Delhi Realty Private Limited	H.No B-11, Hilansh Apartment Sector 10, Dwarka, Near District Court, New Delhi, South West Delhi, Delhi	India
S1-358395798	Little Coffee	300 Silver Spruce Avenue, Flagstaff, AZ	US
S1-347717758	Continental Institute	998 Aubrey Mills Road, Bowling Green, KY	US
S1-115403735	Daniels Brewing, Inc.	4 Centre Avenue, Unit 2B, Boston, MA	US
S1-890744894	Assist Pharmaceuticals Private Limited	S. No 87/12, Baner, Veerbhadra Nagar, Haveli, Pune, Maharashtra	India
S1-764758554	Sai Consultancy Private Limited	H. No. 723, Plot No. 6G, Patliputra Path Near Telephone Exchange, Rajendra Nagar, Patna, Bihar	India
S1-729097836	Aureon Estate LLC	9731 Vanover Road, VA, Wise County	US
S1-168054683	Pioneer United Brookfield LLC	425 Main Street, Unit APT 5, Lewiston, ME	US
S1-843792403	Avm Ventures Private Limited	Office No 207, 2Nd Floor, Aditya Arcade Plot No 30, Community Centre, Preet Vih, Ar, Delhi, New Delhi, East Delhi	India
S1-385192268	Kalyan Media Private Limited	Kalyan, Flat No:201 Plot No.Rm-82, Maharashtra, Thane, Near Santosh Palace	India
S1-376688120	Matha Agro Pvt. Ltd.	At - Deula Sahi Po - Jubulee Town, Dhenkanal, Orissa	India
S1-910407072	Bonita Bryan Green LLC	Virginia Beach City, VA, 125 -309 Runaway Bay Drive	US
S1-457086133	Signature Electric PLLC	419 Woodmere Boulevard, Hempstead, NY	US
S1-595378143	Naus Management, PC	2316 Electra Road, Fayetteville, NC	US
S1-187944071	V L & W Biotech LLC	7135 Bayview Drive, Fl 1, Olympia, WA	US
S1-729807109	Sherrie Blanc Markets Inc	90 Waterford Drive, Angier, NC	US
S1-834070843	Osborn Vii of Euless LLC	3901 Tallwood Drive, Euless, TX	US
S1-480647468	Chester, Rona J., P.A.	Rosenberg, TX, 5218 Silk Petal Drive	US
S1-177492594	Data Medical Advisors LLC	3045 Overlook Drive, Unit #1314, Hillsboro, OR	US
S1-626182252	Kishangarh Institute	South Plaza Building, Door No 46/2027, South Bazar, Kannur, Kerala	India
S1-73901394	Balanagar Ecosystems Ltd	H.No.11-13-103, Prabhakar Reddy Nagar, Zinkalwada, Balanagar, K.V.Rangareddy, Telangana	India
S1-358137413	Frontier Association LLC	5120 Dixie Highway, Fairfield, OH	US
S1-366964155	Technologies White Hearing Private Limited	C- 4, Sector- 63, Noida, Gautam Buddha Nagar, Uttar Pradesh	India
S1-870104915	Vanguard Data	AL, 1044 50th Place, Birmingham	US
S1-861969034	Melinda's Painting	6391 Daisy Lane, Imperial, MO	US
S1-694000693	Perales, Slutsky and Krause Portfolio LLC	173030 Snowshoe Road, Town Of Hewitt, WI	US
S1-170943386	Buch, Haywood & Lucero Vance	406 Sykes Circle, Rio Rico, AZ	US
S1-306073101	Charlean Pedraza Copper	917 Northbrook Drive, Raleigh, NC	US
S1-535671406	Summit Federation	165 Main Street, West Newbury, MA	US
S1-881342260	Northern Innovative Integrated	2160 Cainsville Road, Lebanon, TN	US
S1-416213488	Cascade Ministries P.C.	1139 Prairie Creek Drive, Rosharon, TX	US
S1-543933416	Verric Crumrine LP	6622 Pine Ridge Drive, Denver, NC	US
S1-861009943	Ripple Massage LLC	436 1st Street, Henderson, KY	US
S1-644091536	Great Infra Private Limited	E 21 Near Old Sbi Building Industrial Area, Panipat, Haryana	India
S1-265248813	Horizon Wisekey	8358 220, Randleman, NC	US
S1-95539352	Nerita Rogers Value Rocky LLC	4651 Chivalry Drive, Lafayette, IN	US
S1-757760704	Pacific Society	32007 Speidel Road, Hanoverton, OH	US
S1-685609371	Keystone Select Webster LLC	285 College Street, Dyer, TN	US
S1-506660285	Cobalt Futurewave PLLC	204 56th Street, Washington, DC	US
S1-151345398	Youth Guild	6387 Wauconda Drive, Perry Park, CO	US
S1-658471254	Tenet International LLC	3109 Village Green Drive, Aurora, IL	US
S1-921540560	Capital Premier Ave	610 Greenhill Drive, Unit 5102, Round Rock, TX	US
S1-626007581	Heart Alliance	1008 Riverview Run, Nashville, TN	US
S1-181829415	Infra Jolly Financial Pvt Ltd	208- Manas Nagar Shahganj, Agra, Uttar Pradesh	India
S1-840060721	Urban Bike Shop Inc	4243 Larkspur Lane, Warrensville Heights, OH	US
S1-153540494	Design Vanijya Pvt Ltd	Telangana, Hyderabad, 3-5-573 Narayanguda, Hyderabad	India
S1-328669567	Hathaway's Ridge Media	MD, Sparrows Point, 2701 Bay Drive	US
S1-536445193	Dhule Developers Group	Midc Awadhan, S.No.24/1 B, Dhule, Maharashtra	India
S1-760496067	Cardiology Physicians, Inc.	23606 Mesquite Trail Lane, Spring, TX	US
S1-282962111	Bharat Marketing Pvt Ltd	#2703, First Floor, Phase-7, S.A.S.Nagar (Mohali), Rupnagar, Punjab	India
S1-310521693	Glyphyx Massage LLC	404 Airline Drive, East Alton, IL	US
S1-31553765	Abhivrudhi Solutions Private Limited	164/1, 3Rd Floor, Pallavan Street, Alwarthirunagar, Tiruvallur, Tamil Nadu	India
S1-402122462	Triputi Traders Private Limited	11, First Floor, Shanti Building Banaji Street, Hutatma Chowk, Fort, Mumbai, Mumbai City, Maharashtra	India
S1-454230743	Silver North Foundation	F No B-603, Fortune Heights, Madinaguda, Miyapur, Hyderabad, Telangana	India
S1-53798351	PF Consulting Limited	23A N S Road7Th Floor Room No 28, Kolkata, Calcutta, West Bengal	India
S1-937330053	Economic & Brothers Private Limited	13/269 Purekaji, Rudauli Station Road, Rudauli, Faizabad, Uttar Pradesh	India
S1-639136078	Ramirez Sciences	Springfield, MA, 190 Corthell Street	US
S1-639409954	Button Painting	2233 29th Court, Fl 1, Olympia, WA	US
S1-960561636	Saharsh Tree Private Limited	Pratik House -1, Bhanji Udyog Nagar Penkarpada Road, Miragaon, Miraroad East, Thane, Maharashtra	India
S1-451959257	Homeland Star Private Limited	D-23 Sector-59 Noida, Noida, Gautam Buddha Nagar, Uttar Pradesh	India
S1-378684291	Sibelle Agnello Metro Catalyst Corp	2817 97th Place, Unit APARTMENT  1509, Tulsa, OK	US
S1-849559003	Industries Intex Boy Private Limited	Flat No. 362B, 6Th Floor, Hig Block B, Phase-Ii, Sector-18 Dwarka, New Delhi, South West Delhi, Delhi	India
S1-769366513	Automated Data Digital L.L.C.	1708 37, West Monroe, NY	US
S1-460121420	Western Peak Pharmaceuticals Inc	TX, Natalia, 186 Cr 6874	US
S1-188454189	Cervantes Supreme Keycorp	14440 Lakecrest Drive, Splendora, TX	US
S1-512116727	Rajasthan Institute	House No- 936/1, S No. 7114/2/4 Plot No- 40, North Sadar Nazar, Solapur, Maharashtra	India
S1-891818000	Kolkata Properties Limited	5Th-Fr 16 A Brabourne Rd, Kolkata, Howrah, West Bengal	India
S1-731126027	Northern Abrdn LLC	22442 Lopez Lane, Dix, IL	US
S1-96928403	Education Institute	1702 Abbey Place, Charlotte, NC, Unit 700	US
S1-438562065	Corporate Financial Systems LLC	5 Warner Street, Erving, MA	US
S1-164452511	Atoz Foundation	1St Floor, Above Bahubali Metals, I B Patel Road, Goregaon East, Mumbai, Mumbai City, Maharashtra	India
S1-300267234	Ag Exports Limited	H.No.27, Wakeshwarambad S/Dn Wakeshwar, Jalna, Maharashtra	India
S1-361163955	Corine Sudol Atlantic Hawaii LLC	5055 Sagely Lane, Fayetteville, AR	US
S1-169655485	Mountain Fund Group	846 Dunham Avenue, IA, Des Moines	US
S1-732726674	Strategic Unified Networks LLC	1098 Salishan Drive, Halifax County, VA	US
S1-707275519	Direct Sterling Standard LLC	1450 2000, Unit 143, Syracuse, UT	US
S1-84601227	Apex Commercial Partners	131 Allyn Street, Goldendale, WA	US
S1-773455911	United Consultants Private Limited	C/O Kazi Aref Zulfekhan Khaja Nagar, Tq. Dist. Osmanabad, Osmanabad, Maharashtra	India
S1-351432673	Tsosie Gulf Defi LLC	777 Mt Pleasant Road, Greeneville, TN	US
S1-640205336	Shakti Investment Limited	H No 124 T/F Villagebasan, Nagar, Vasant Vihar, New Delhi, Delhi	India
S1-695631365	Urban Media Pvt Ltd	E 31 Bholenath Chl, Gokul Nagar Akurli Road, Kandivali East, Mumbai, Maharashtra	India
S1-980451775	Genesis Partnership Limited	Laxmi Nagar, Promoter F-250, New Delhi, Delhi	India
S1-966515871	Beasley Horizon Muniholdings Corporation	TX, Houston, 8422 Roos Road	US
S1-857737064	Glyphora Dave LLC	505 Moullette Drive, City Of Rice Lake, WI	US
S1-258337350	Riddle Annaly LLC	214 Owen Street, Lebanon, TN	US
S1-665878833	Surgical Medicine LLC	611 Crook Avenue, Unit 1, Cheyenne, WY	US
S1-726941941	Aap Welfare Society	G-10, Sector 63, Noida, Uttar Pradesh, Noida, Gautam Buddha Nagar, Uttar Pradesh	India
S1-832403916	Wilson, Johnna M., CPA	113 Austin St SW, Cedar Rapids, IA	US
S1-368701496	TRW Cement Private Limited	Bangalore Rural, Nelamangala, Somapura Hobali Avverahalli Dobbespet Industrial Area, Karnataka, No 169 1St Floor 4Th Phase	India
S1-825943607	Youth Center	921 Doe Branch Road, Marshall, NC	US
S1-354904078	Ornelas, Lincoln & Conn Inc	7005 Tesuque Drive, Albuquerque, NM	US
S1-662830996	Amaya and Garcia Btc	14060 51, Unit Lot 24, Collinsville, AL	US
S1-841642950	Safe Acquisition Inc	108 Waterhouse L Drive, Anna, TX	US
S1-560621750	City Southern Energy Private Limited	C/O Subhajit Naskar, Gangajoara N R Primary School, Sonarpur, Parganas South, West Bengal	India
S1-467456724	Aspen Prime LLC	CT, 78 Cliffside Drive, Unit C, Manchester	US
S1-999758700	Lalinva Ventures Inc.	20683 Waalew Road, Unit UNIT 63, Apple Valley, CA	US
S1-754035901	Sujana Mill Private Limited	House No. 1134, Sector- 11, Panchkula, Haryana	India
S1-55236106	Hitech Food Private Limited	C/O Laxchhman Sahni, At-Harpur Nizamat, Chaknur, Samastipur, Bihar	India
S1-629127706	Aldrich Strategic Atlanta	450 Long Creek Road, Owego, NY	US
S1-42998188	BBB Security Services, Inc	111 Oak Street, New Market, AL	US
S1-28488643	Pioneer Gulf Research Inc	6602 10th Street, Unit STE A1, Fairfax County, VA	US
S1-328348807	Bhoruka Consultancy Private Limited	333, Station Ke Samne, Habibulla Khan, Sumali Pilibhit, Bislapur, Bisalpur, Pilibhit, Uttar Pradesh	India
S1-866269927	Main Street Pizza	594 Pine Street, Washington City, UT	US
S1-142765166	Reppert Express Evolution	7510 Montrachet Lane, Cornelius, NC	US
S1-868761760	Delta Gulf Egh LLC	NC, Greenville, 304 Brighton Park Drive, Unit P	US
S1-911398683	Milestone World (India) of Mumbai	Flat No.201, 2Nd Floor, Bldg 5, Jogani Idsl Cm Shree Mahalaxmi Chslv N V N Purav Marg Chunabh, Atti, Mumbai, Mumbai City, Maharashtra	India
S1-625281300	Jones, Parks and Russell	148 Stearns Hill Road, West Paris, ME	US
S1-73592322	TR Collections Pvt. Ltd.	A-401, Thane, Maharashtra, Sai Pushpak Co-Op Housing Society Behing Geeta Ngr, Mira Rd East	India
S1-597092384	Innovative Estate	Mumbai, Maharashtra, Mumbai, R-414 Rotunda Bldgbombay Samachar Marg	India
S1-344089520	Coated & Associates	Hyderabad, Ews 69, Hyderabad, Kushaiguda, Apiic Colony, Ecil, Telangana	India
S1-650013565	Horizon Robotics International, Inc	Richardson, TX, 604 Tiffany Trail	US
S1-753302646	Baba Healthcare Private Limited	C/O Shyam Autar Dixit Lakshmi Narain Dix Lane Opp. Hari Bahadu Chauhan Thoke, Hardoi, Uttar Pradesh	India
S1-287285477	Creative Catalyst LLC	4443 Detroit Place, Tulsa, OK	US
S1-126177289	Arvizu and Grooms LLC	122 Abbott Road, Lenoir City, TN	US
S1-453370259	Nexova Gravity Inc	6725 Alkire Road, Galloway, OH	US
S1-669747731	Niclartech Biopharma LLP	3121 Loma Vista Drive, Flagstaff, AZ	US
S1-166905315	Vasey, Charin, L.C.S.W.	705 Diane Avenue, Elgin, IL	US
S1-48587595	Mcconnell Rain	72 Hilltop Acres Road, South Strabane Township, PA	US
S1-135697403	North Tech Private Limited	House No.-400 Sector-16, Faridabad, Haryana	India
S1-919126544	Lay Trusted Magna Inc.	2132 Fernleaf Park Drive, Unit 3, Atlanta, GA	US
S1-419991346	Pediatric Dentistry Ridge Group	13507 Faith Place, Houston, TX	US
S1-865268409	Angela Lopez Petroleum	195 Hoffman Street, Torrington, CT	US
S1-604734124	Malabar Shree Center	Off N-1, Lahoti Raut House, Rs Rd, Chendani Koliwada, Thane, Maharashtra	India
S1-835593835	Kolkata Infrastructure Limited	44B Market Street New Market Area, Kolkata, Howrah, West Bengal	India
S1-775053789	Fleisher Platinum Arbor	3006 Commercial Avenue, Fl 2, Anacortes, WA	US
S1-564721872	Roshelle Parks Bay Dime	924 52nd Place, Birmingham, AL	US
S1-713966547	Systems Traders Pvt Ltd	Shop No. 3, First Floor Hari Om Park, Kenal Road, Ravapar, Morbi, Rajkot, Gujarat	India
S1-254942246	Peridify Harmony LLC	VA, Harrisonburg City, 862 Lee Avenue	US
S1-583145289	Orthopedic Center LLC	18402 Mcguire Lane, Creal Springs, IL	US
S1-621357861	Optimal Rising	VA, 268 Springdale Drive, Albemarle County	US
S1-707593070	Meenanth Fabrications Private Limited	Plot No 194, Padmawati Colony-B, Mishra Marg, Jaipur, Jaipur, Rajasthan	India
S1-424619741	Dixon and Graf White LLC	IL, Robinson, 607 Lincoln Street	US
S1-382421719	Hussain Era	Pingree Grove, 829 Americana Avenue, IL	US
S1-852666682	Khang and Valentine LLC	CT, Pomfret, 262 Modock Road	US
S1-466295236	Physical Therapy Care LLC	AZ, 5018 28th Street, Tucson	US
S1-352837913	Veterans First Program, Inc	308 Maumee Lane, Unit 2, Napoleon, OH	US
S1-223354342	Hyderabad Agriculture Pvt Ltd	403, Hyderabad, Hitex Pride, 4Th Floor, Novatel Road, Izzath Nagar, Kondapur, Telangana	India
S1-524303027	Barber Abacus	AZ, 2121 Sonoran Desert Drive, Unit 19, Phoenix	US
S1-528147062	Creative Gulf Flexible Inc	MN, 9630 Independence Circle, Unit Unit 104, Chanhassen	US
S1-954047522	Bua Trusted Public	TN, 1021 Cozy Cliffs Pvt Road, Gallatin	US
S1-128350055	Ritchey Optimal Gss LLC	2308 Bennett Road, Madison Township, OH	US
S1-912694904	Urgent Care Specialists LP	48429 Golddust Drive, Kenai Peninsula Borough, AK	US
S1-654678768	West and Potter Resource LLC	842 Logan Street, Shelby, NC	US
S1-997162666	Twisted Cleaning Service LLC	12548 Guadalcanal Circle, Unit Unit B, Blaine, MN	US
S1-135033029	Premier Food Private Limited	#220, D-Mall, Plot No A1 Netaji Subhash Place, Pitampura, Delhi, North Delhi, Delhi	India
S1-803003943	Lotus Energy Limited	Shop 325, Dda C.Cntr, Aggarwal Plaza, Sec-14, Rohi, Ni, New Delhi, Delhi, Plot 3	India
S1-914151484	Media Scarlett Products Pvt Ltd	New No. 37, Old No. 16, Brindavan Street Extension, West Mambalam, Chennai, Tamil Nadu	India
S1-952598221	Trinity Paper Private Limited	Pno:135 Kondapur, Silicon Hills Township, Serilingampally, K.V.Rangareddy, Telangana	India
S1-865289255	Dorise's Metal Works	5600 Cullum Lane, Flagstaff, AZ	US
S1-276289701	Surya Hospitality	1C-53, 1St Floor Nit, Faridabad, Haryana	India
S1-901705508	Bendite's Apex Jewelers	405 Hulme Street, Bowie, TX	US
S1-95543593	Gavra Kelley Short LLC	Peters Township, PA, 259 King Richard Drive	US
S1-676341674	Ridge Family Practice	5387 Thrasher Drive, Cincinnati, OH	US
S1-4864997	Bolia Inc	267 Davenport Road, Cumberland County, VA	US
S1-966931018	Piedmont Foundation	4207 Anice Street, Houston, TX	US
S1-35342547	Ram Global Limited	301 Harsha House, Karam Pura Complex, New Delhi, Delhi	India
S1-170375308	Farm & Sons Pvt. Ltd.	215, Shalimar Complex, 1St Floor, Church Road, Jaipur, Rajasthan	India
S1-70795721	Fahey & Galstyan Mitsubishi L.L.C.	1818 Bedford Street, Petersburg City, VA	US
S1-329370566	Chirag Trading LLP	10554, Gali No. 3, Motia Khan, New Delhi, Central Delhi, Delhi	India
S1-409906801	Economic Development Committee LP	46 Tonawanda Street, Unit 1, Boston, MA	US
S1-360542129	Realistic Institute of Technology	J/46, Varundavan Nagar, Opp Rabari Colony Amraiwadi, Vastral Road, Ahmedabad, Gujarat	India
S1-947841497	Pegeen Schultz Smart Arcelormittal LLC	MD, Baltimore, 2703 Kildaire Drive	US
S1-872425751	Baughman Residential LLC	4842 Lunt Avenue, Lincolnwood, IL	US
S1-392726342	Vijay Infotech Private Limited	C/O-Bablu Kumar, Pipra Dewas Ward No-14, Begusarai, Bihar	India
S1-630028102	Blue Foods Private Limited	Hisar (E), Ganesh Bahi Desai Bldg No.1 R.No.18 Ganesh Nagar, Mumbai, Maharashtra, Opp.Azam Dairy, Da	India
S1-461073892	Shiv Construction	Shop No 3, Grand Plaza, Shopping Mall, Marris Road, Aligarh, Uttar Pradesh	India
S1-384842320	Bay Gsr Corp	WV, Walton, 1502 Trace Fork Road	US
S1-734002227	Rooptech Institute LLP	Varanasi, D-1 Lahartara, Boullia, Varanasi, Uttar Pradesh, D65/279	India
S1-609664621	Apex Solutions	Pune, Shop No-1 Pancharatna Apt Sno-15/2/2 Higane Kd, Maharashtra	India
S1-434729204	Seven Shakti Producer Private Limited	Shop No.4, Plot No. 237B, Gidc Phase - Ii, Dared, Kalavad, Jamnagar, Gujarat	India
S1-802674450	Precision Asset International	140 Pioneer Avenue, Unit UNIT 120, Redlands, CA	US
S1-102411450	Foot & Ankle Frontier Health	8419 Lofty Pines, Richmond, TX	US
S1-14288033	Exact Ai Private Limited	Suite No 802A, 8Th Floor, Martin Business Park, Bp 3, Salt Lake, Sector-V, Kolkata, Kolkata, Howrah, West Bengal	India
S1-380101558	Salinor Resources Care	7234 Bear Ridge Road, Pendleton, NY	US
S1-81598109	My Trading Private Limited	Surbhi Vihar Bhupatipur, Kankarbagh, C/O Sri Sumeet Kumar, Patna, Bihar	India
S1-909996681	Lotus India	22/23-A23 Falcon Court, Payyanur, Kannur, Kerala	India
S1-903039510	Services Shree Dealcom Limited	Plot No 10, Hasthinapuram, Rd, Nanmangalam, Sholinganallur, Kanchipuram, Tamil Nadu	India
S1-880890821	Quality All Sunrise LLC	Taunton, MA, 17 Briggs Court	US
S1-174898043	Rocky Elite Axiom Corp	215 Wade Drive, Alleghany County, VA	US
S1-77573773	Shahdara Interio Co	W/O Sh Prem Nath Singh 162-D Cghs Dda Jhilmil-Ii Shahdara, Shahdara, North Delhi, Delhi	India
S1-236811368	IEL Regional Energia	South Portland, 146 Scamman Street, ME	US
S1-395996961	Tennison Salon LLC	2609 Orchard Hill Road, AR, Siloam Springs	US
S1-199957292	Grover Projects Limited	H.No.11-3-267/88, Madhura Nagar Near S R Hospitals, Parsigutta, Secunderabad, Hyderabad, Telangana	India
S1-938301519	573-574 South Owners Corp	Portland, ME, 519 Stevens Avenue	US
S1-299156278	Mahoney American Solana Inc	1502 Green Mountain Drive, Unit Apt 286, Little Rock, AR	US
S1-213050911	Maa Financial Pvt. Ltd.	Office No. 303, 3Rd Floor, 5Th Chopasani Road, Jodhpur, Rajasthan	India
S1-546612324	Universal Finance Private Limited	P36, B37, 39, 1Nd2Fl, Rmgsch, Jkngr, Puna Kumbharia Road, Gujarat, Choryasi, Surat	India
S1-749661416	Trusted Science Inc	544 Watson Road, Unit APARTMENT 42, Erlanger, KY	US
S1-537837107	Eminent Preschool Private Limited	Door No.56/241, 10Th B Cross Road, Street B Right Side End, Panampilly Nagar, Kochi, Ernakulam, Kerala	India
S1-644518613	Shivdarshan Storage Pvt. Ltd.	302, #5, 8Th Cross, G Munireddy Layout Kothannoor Dinne J P Nagar 8Th Phase, Bangalore, Karnataka	India
S1-537701816	First Bay Strategy Inc	602 Martin Luther King Jr Boulevard, Unit 415, Chapel Hill, NC	US
S1-583844257	Tri-State Table Inc	311 Stonewall Avenue, Gordonsville Town, VA	US
S1-478366024	Harris World	1816 Brevard Street, Unit 611, Charlotte, NC	US
S1-208138733	New Delhi Logistics Associates	E 43/1, Okhla Ind Area Phase Ii, New Delhi, South Delhi, Delhi	India
S1-424923207	Berry Federal Retail Inc	5225 Artesian Avenue, Chicago, IL	US
S1-149500236	Foy Tri-State Mexico LLC	306 Hackberry Street, Salem, IN	US
S1-836100551	Shradhanjali Infrastructure Pvt Ltd	4-230, Pedda Amberpet Hayath Nagar, Hyderabad, Telangana	India
S1-555269324	Behavioral Health Certified Care Associates Inc.	301 Ed Carey Drive, Harlingen, TX	US
S1-663392184	Penny Capital Partners LLC	IL, Granite City, 1920 Delmar Avenue	US
S1-607365308	Cynthea Crespin Lakeshore Co	569 580, Cedar City, UT	US
S1-820714591	Shakti Hygiene (India) Private Limited	Khaperkheda Road, Parseoni, Nagpur, S L No. 123 Suraj Lawn, Maharashtra	India
S1-458296421	Maura Irwin Quest P.C.	406 Railroad Street, Saint Peter, IL	US
S1-77468031	Stroud Portfolio	223 Main Street, Salem, WV	US
S1-759054752	Tejansh Motors Pvt Ltd	Mumbai City, Mumbai, 1, Flr-Grd, Plot-67/71 Safiamanzil, Dr J R Meisheri Rd, Noor Baugdongri, Chinchbunder, Maharashtra	India
S1-12130091	Unified Business Labs LLC	9320 31st Street, University Place, WA	US
S1-97517033	Ealasaid's Yoga	3121 Illinois Avenue, Norfolk City, VA	US
S1-726451580	Gilda Maller, D.D.S. Inc.	315 3rd Street, Unit Unit 4, Cokato, MN	US
S1-496307079	Wille Daedalus of Jefferson City	1218 St Marys Boulevard, Jefferson City, MO	US
S1-969085976	Jones & Zastrow LLC	11210 Bentley Street, Houston, TX	US
S1-790825834	Davis Cap Inc.	54 Eastern Street, New Haven, CT	US
S1-13292699	MU Services	55Industrial Area Patparganj, East Delhi, Delhi	India
S1-64997031	VEM Foods Ltd	569 Cha/286Ka/1 Pram Nagar, Uttar Pradesh, Rjn/T9/C2/P25 Alambagh, Lucknow	India
S1-565535256	Winnie Whitehead, DDS Inc.	3133 Shaylin Crossing, Murfreesboro, TN	US
S1-530007228	Peace Commercial LLC	7049 Calvin Creek Drive, Unit 203, Canal Winchester, OH	US
S1-476517018	LFG Westin Inc	3550 Harbor Boulevard, Oxnard, CA	US
S1-921155307	Eastern Regional Southern LLC	893 Peck Road, Parma, NY	US
S1-375189602	Bhavani Trust	F.No.402, H.No.2-1-5, Crevis Residency Hanuman Nagar Moosarambagh Dilsukhnagar, Hyderabad, Rangareddy, Telangana	India
S1-880015641	My Construction Private Limited	Thane, Maharashtra, Kudus, Wada, Po. Dinkarpada Post- Kondivle	India
S1-652651166	Morris, Criswell and Atkin Gabelli LLC	11363 Ella Lane, King George County, VA	US
S1-812818798	Innovative Octave LLC	6680 Charlotte Pike, Unit 14, Nashville, TN	US
S1-734055463	Willer Cascade Altisource Corp	314 Bedford Road, OH, Lowellville	US
S1-503244875	Fastflow (India) Realtors Pvt. Ltd.	Junagadh, Gujarat, Land Survey Number 840/P1/P5, Kodinar, Village Chhara, Gir Somnath, Junagadh, Kodinar, Gujarat	India
S1-130785576	First Global Technology	Constantia Building 11, U.N. Brahmachari Road, Kolkata, Howrah, West Bengal	India
S1-545124557	Mcneill Desert Platinum Care	1825 Lytle St, Louisville, KY	US
S1-774413131	Haripriya Pride Pvt Ltd	Wing-3, Shakthi Highlands, Kodegehalli Main Road, Ayyappa Nagar, A-3, Bangalore North, Karnataka, Bangalore	India
S1-408521315	Payal & Brothers Private Limited	Flat No 1, Amruta Chsl, Plot No 5 Nagri Niwara Parishad, Goregaon East, Mumbai, Bandra Suburban, Maharashtra	India
S1-461435255	Mahavir Technologies Private Limited	Green Spirit, S.No.37/11, Dyaneshwar Nagar, Flat No. B 1602, Maharashtra, Pune	India
S1-888041196	Orthopedic Health P.C.	7467 Woodhaven Drive, La Plata, MD	US
S1-996283652	Watford, Short and Anglin Municipals	Bldg 13, OH, 4945 Singleton Drive, Hilliard	US
S1-590634867	Krishna Healthcare Private Limited	C/O S Ramesh, Vadapudupatty, Theni, Tamil Nadu	India
S1-438867877	Northwind, Inc	1370 Waveland Drive, Unit D, Gahanna, OH	US
S1-683731441	Global Family Office Associates	5500 Atlantic Springs Road, Unit 111, Raleigh, NC	US
S1-392414684	Foods Bhawani (india) Pvt Ltd	Shop No.13, Plot No.82 Siddhivinyak Tower, Kamothe, Panvel, Navi Mumbai, Raigarh, Maharashtra	India
S1-991671454	Foundation Artha Links	C/O J S Sarna, 179 Civil Lines Bly Sn/9, Bareilly, Uttar Pradesh	India
S1-810034258	Complete Printing Solutions LLC	8202 Crossbrook Court, Unit STE 8202B, Fairfax County, VA	US
S1-89007047	Seven Jai Business	16 Todarmal Lanebengali Market, New Delhi, Central Delhi, Delhi	India
S1-67445833	Care Ip LLP	Pedda Bhavi Centre Kanuru, Vijayawada, Krishna, Andhra Pradesh, 1-145	India
S1-588169850	L+ Rre, Inc	43 Symphony Road, Unit 1B, Boston, MA	US
S1-147339525	Hyderabad Entertainment Center	Plot No 536, Kakatiya Hills, Guttala Begumpet Hyderabad, Hyderabad, Telangana	India
S1-900217572	Rev It Up Hypnosis Group	2813 Fort Worth Street, Broken Arrow, OK	US
S1-511690536	Hovsepian National Partners LLC	501 Pool Place, Shawnee, OK	US
S1-118754588	Z 8 S Nuclear	538 Salt Lick Creek Road, Pleasant Shade, TN	US
S1-86658551	Kolkata Enclave	102, Krishna, 224, A.J.C. Bose Road, Kolkata, Kolkata, Howrah, West Bengal	India
S1-351135993	Swift Taxable	WI, 2091 Mccoy Road, City Of Sun Prairie	US
S1-57363796	Gilligan Mccarthy, P.A., DDS PC	22726 Hurdle Ditch Road, Harbeson, DE	US
S1-236409999	Heritage Center, LLC	2657 18 Street, Brooklyn, NY	US
S1-110169519	Tech Solutions Ltd	B-1, Khasra No.225/1 To 5, Vijapurawas, Near Riico Area, Bindayaka, Jaipur, Rajasthan	India
S1-913393800	Delta Guild	1609 High Forest Drive, Tuscaloosa, AL	US
S1-909027340	Shetler Outdoor Corp	2412 Eddie Howard Road, Willow Spring, NC	US
S1-735007279	Armstead Chesapeake	40 Arleigh Road, Kensington, NY	US
S1-831610477	Bombay Consultants Private Limited	C/O Rajani.S Ajay Nivas, Kizhakemuri, Palakkad, Kerala	India
S1-884037380	Precision Preferred Social	4842 Carson Court, Woodburn, IN	US
S1-517361488	International Sangh	13/43, Yaman, Sahara Estate Jankipuram, Lucknow, Uttar Pradesh	India
S1-109121675	Green Products Limited	Kabirchak, Darbhanga, C/O-Dashrath Bharati Donar Indstrial Area, Bihar, Darbhanga	India
S1-842706046	Perez Alussa	MO, 2932 Bergman Drive, Springfield	US
S1-696734647	Smith, Comstock & Christopherson Pmv Inc	1537 Manta Ray Way, Sunset Beach, NC	US
S1-425060750	Pioneer Fresh Merger	459 Steele Road, Paris, KY	US
S1-831422972	Market Trading LLP	6/58, F/F, Main 60Ft Road, Gali No-3 Vishwas Nagar, Shahdara, Delhi	India
S1-834338777	Shyam Southern Estate Private Limited	32-77/16/2, Hyderabad, Tirumalagiri, Telangana, Ground Floor, Seetharam Ngr Safilguda	India
S1-16590783	New Products Limited	No.32, Miller Tank Bund Area, Vasanthnagara, Bangalore, Karnataka	India
S1-853727559	Barber Synchrony	585 Atcher Street, Radcliff, KY	US
S1-58587792	Parker, Jimenez & Garibay LLC	IN, Lebanon, 704 Jameson Street	US
S1-630862107	Keon LLC	2608 Kickapoo Drive, Lafayette, IN	US
S1-451382385	Mavis Newcome Express Boston Inc	4316 Rainier Street, Unit 810, Irving, TX	US
S1-629824450	Anilora Rebar Private Limited	L-502, Laburnum Park, Magarpatta City, Hadapsar, Pune, Maharashtra	India
S1-392067684	Brandie's Grand Auto Sales	18707 Cypress Lake Village Drive, Cypress, TX	US
S1-983958492	Bay Council	58 Ranimer Place, VT, Saint Albans City	US
S1-667924678	Heritage Cornerstone Anadolu Partners	Unit APARTMENT  723, 6316 72nd Street, Tulsa, OK	US
S1-516527870	Gossett, Salerno & Munoz	160-47 80 Street, Howard Beach, NY	US
S1-378781684	Pediatric Clinic	1006 Santa Cruz Lane, Apache Junction, AZ	US
S1-256942919	KET Textiles Pvt Ltd	Sadguru Colony Flat No, 202/B3Kalawad Road Rajkot, Rajkot, Gujarat	India
S1-934696200	Complete Commercial Holdings	1116 Serenade Lane, Richardson, TX	US
S1-970801765	Steel Public	162 Beacon Street, Worcester, MA	US
S1-541738225	Innovative Black It	Vill Barabamunia Guma, North 24 Parganas, West Bengal	India
S1-873175123	Bay Anchor Latin Inc	19937 Major Square, Loudoun County, VA	US
S1-257272879	Lynx LLC	1430 Woolsey Heights, Cimarron Hills, CO	US
S1-506679272	Vantiq Vertical, LLC	Unit 2, Brookline, MA, 489 Boylston Street	US
S1-457276770	Jodhpur Info Private Limited	Bheruj 435, Link Pal Road, Nandanvan, Jodhpur, Rajasthan	India
S1-817045585	Smart Nova Inc.	823 Mallard Way, Seneca, SC	US
S1-462303256	Richerson Arts	328 Green Acres Road, Oxford, AR	US
S1-190763186	Ironclad LLC	1727 Brightside View Drive, Unit STE A, Baton Rouge City, LA	US
S1-520717636	Baba Enterprises	Acharya Harihar Chhak, V I P Road, Puri, Orissa	India
S1-929697961	Cruz, Solomon and Bennett Western PLLC	WV, 212 Farmers Market Road, Morgantown	US
S1-709265440	Waterman Oxley	907 Wilson Street, Waterman, IL	US
S1-847474098	Enterprises Barefoot Pulp Private Limited	New No 14, Old No 45, Dr Giriappa Road, T. Nagar, Chennai, Tamil Nadu	India
S1-739741324	Valley Cascade Thayer	1301 Ventura Boulevard, Unit 134, Oxnard, CA	US
S1-915001052	Atr Sons	Plot No 166, Flat No G-1, R.K Puram Colony, Budhsingpuara, Pratap Nagar, Sanganer, Jaipur, Rajasthan	India
S1-403214774	Reliable Transit Labs LLC	3803 Fairview Drive, Hood River, OR	US
S1-802311646	Contreras Clear Biotherapeutics Inc	3704 76th Street, Chicago, IL	US
S1-322376248	Sesa Cable Private Limited	Shop No 402, 2Nd Floor, Ganpati Arcade, Sadar Bazar, Gurgaon, Haryana	India
S1-847274880	Crystal Paper Corp	2920 9th Street, Cuyahoga Falls, OH	US
S1-85336147	Cure Auto Body P.C.	825 7th Avenue, Paden City, WV	US
S1-862712171	My Foundation Private Limited	Plot No-15A, New Township, Faridabad, Haryana	India
S1-581325114	Ars & Co	D.No.8-202/8, Krishna, Andhra Pradesh	India
S1-658621310	Care Developers Pvt Ltd	C/O Shri Janardhan Laxman, Wasarani Nanded, Nanded, Maharashtra	India
S1-928691825	H Q Fox Gsr LLC	1311 Poplar Ridge Road, Alexandria, KY	US
S1-930870560	Kks Catering Private Limited	C/O Shree Mithlesh Singh, Budha Market, Ward No. 13, Daudnagar, Aurangabad(Bh), Bihar	India
S1-139742266	Aditya Constructions Limited	2/295 Mansarovar Wali Gali, Aligarh, Uttar Pradesh	India
S1-919406995	Miranda Dollar LLC	910 Colonial Drive, Elizabethtown, KY	US
S1-742430197	Dd Management Private Limited	Flat No: 607 Flr: 6 Wing:, A Jankalyan Bldg No.2-A, Dahisar East, Mumbai, Maharashtra	India
S1-411647606	Wildlife Initiative VI	310 Quarry Drive, Bluffton, OH	US
S1-80186508	Dkv India LLP	Delhi, Flat.No 301 Yamuna Blk Y -4 Sec -D Pkt -6 . Vasant Kunj, Delhi, West Delhi	India
S1-903734816	Green Infotech Pvt Ltd	B2-304, Karol Bagh Bhavrasala, Sanwer, Indore, Madhya Pradesh	India
S1-754218504	International International Private Limited	A-52, Iind Floor East Krishna Nagar, Delhi	India
S1-451031610	Fortune International Private Limited	13, West Bengal, Parganas South, Bhagat Singh Nagar Colony, Nayabad 109 Purba Jadavpur, Kolkata	India
S1-929716996	Prime Services Private Limited	Benazeer House16 Gunbow Street Opp Khadi Bhundar Fort, Mumbai, Maharashtra	India
S1-407218067	Super Consulting Pvt Ltd	Motilal Nehru Road, Kolkata, West Bengal, Howrah, Kolkata, 18	India
S1-805834790	Internal Medicine Crystal Clinic LLC	177 Longview Road, Statesville, NC	US
S1-427654052	Sena, Jessalyn B., Ph.D., PC	1320 Moore Street, Sedro-woolley, WA	US
S1-870042660	Meenaya Chemicals Limited	307 Chaniyapura, Jhansi, Uttar Pradesh	India
S1-993605448	Delight Brothers Private Limited	1002, Antriksh Thakoor House, Near Marol Antriksh Thakoor House, Near Marol Naka, Mumbai, Mumbai City, Maharashtra	India
S1-211257706	Christiansen Heartland Muniyield Group	18832 Falling Star Road, Germantown, MD	US
S1-561518750	Gaify LLC	19131 Del Jardin, Queen Creek, AZ	US
S1-306202452	Consultancy Aahar Application Private Limited	5-6-33, Dayerguda, Tirumalagiri, Hyderabad, Telangana	India
S1-651079966	Redlands Vision Pacific Group	32007 Outer Highway 10, CA, Redlands	US
S1-258748040	Hernandez Heartland Twelve	831 Arlington Heights Road, Arlington Heights, IL	US
S1-603307820	DEG Technologies Private Limited	10Th Floor 1005 Nirmal Tower Barakhamba Road, New Delhi, Central Delhi, Delhi	India
S1-939190631	DD Solutions Limited	Orchid Valley A703, Plot No. 11 Sec-19-B, New Delhi, South West Delhi, Delhi	India
S1-923956530	Smart Om Power Private Limited	Shop No 1 & 2, Winners Window, Cts No. 1218/2A, Final Plot No 583/2, F C Road, Shivajina, Gar, Pune, Maharashtra	India
S1-322326415	Heritage Freight Inc	6715 109th Street Court, Fl 1, Puyallup, WA	US
S1-552059768	Federal Retail LLC	West Norriton Township, PA, Bldg Building 4, 4216 Saratoga Lane	US
S1-481645496	Heartland Ridge Big LLC	103 Glode Lane, Manchester, CT	US
S1-740440579	James, Kennedy and Knoebel	3701 Orchard Street, Unit #C5, Tacoma, WA	US
S1-946070210	Rev It Up Barbershop! Partners	511 Alameda Boulevard, Albuquerque, NM	US
S1-344288898	Hickox Media	1414 26th Avenue, Unit APT 209B, Anchorage, AK	US
S1-811511847	Health Foundation	10 Poulin Street, Winslow, ME	US
S1-809540032	Suarez Elm LP	VA, Albemarle County, 2160 Inglewood Drive	US
S1-230893842	Satech Education PLLC	33 Bay State Road, Rehoboth, MA	US
S1-348223383	Varshraj Dealcom Private Limited	Shop 273, Exult Devlopers, Nr Vesu Ss Vill, Gujarat, Surat, Surat City	India
S1-991551743	Maa Exports Private Limited	15/5, Madan Mohan, Malviya Marg, Lucknow, Uttar Pradesh	India
S1-975674620	Willow Group	195 Trinity Cemetery Lane, IL, Anna	US
S1-937218617	Highland Platinum Amc	272 Taft Avenue, Unit Unit 1102, Syracuse, NY	US
S1-501033557	Birch Inc.	5552 Aspen Street, Houston, TX	US
S1-904848291	Advanced Diversified Inc	1211 Skyview Road, Charlotte, NC	US
S1-507331822	Shyam Solutions LLP	50, Paparambakkam Road Mannur, Sriperumbudur, Kancheepuram, Chennai, Tamil Nadu	India
S1-888461128	Ujjaika Infrastructure Private Limited	351/1, Fatehgarh Churian Road Near Main Chowk, Ajnala, Amritsar, Punjab	India
S1-241877035	Sapana Entertainment Limited	No 1189/16, Ground Floor, 14Th Main, Prakashnagar, Bangalore North, Bangalore, Karnataka	India
S1-921661526	Audrye's Rocky Maintenance LLC	Fl Floor 2, 1481 Delavan Avenue, NY, Buffalo	US
S1-303273399	Physical Therapy Care of Waterville	Waterville, 432 Sycamore Lane, OH	US
S1-313878762	Berry Gardner Coastal Sprott	640 Aria Lane, Hubert, NC	US
S1-337496498	Kestrel	9738 Washingtonian Boulevard, Gaithersburg, MD	US
S1-701407191	Apex Consulting Private Limited	House Number 81 Shiv Colony, Sector-22 Faridabad, Faridabad, Haryana	India
S1-225812307	Continental Skin Care	1714 Reese Road, Cedar Falls, IA	US
S1-286598295	Skyrise Services Private Limited	C-16, Ankur Co-Operative Society Thakurli East, Dombivili, Maharashtra	India
S1-775697349	Tyler, Falco and Pauley Vision Center, LLC	310 Webster Avenue, Woodward, OK	US
S1-698129966	Credulous Fashion Private Limited	Flat No.-131, Royal Residency, Plot No.-5, Sector-9, Dwarka, New Delhi, South West Delhi, Delhi	India
S1-456300985	Suman Ventures	No 40, 4Th Floor, 1St Block Nagarabhavi 2Nd Stage, Bangalore, Karnataka	India
S1-94420004	Peak Renaissancere LLC	9601 7th Bay Street, Norfolk City, VA	US
S1-897841130	Allied Cloud Consultants, LLC	12338 Meader Way, Fl 1, Beaverton, OR	US
S1-754793534	Sree Enterprises Private Limited	D No 25-2-1768, Bv Nagar, Ngo Colony Uma Reddy, Nellore, Andhra Pradesh	India
S1-605747173	Bryant Green Yhn LLC	2719 Claybrooke Drive, Windsor Mill, MD	US
S1-848678223	Anchor Semiconductor Collective	1013 Summit Road, Cheshire, CT	US
S1-750857754	Shiva Global Pvt Ltd	1 Floor Univ Building Santosh Deemed To Be University Santosh Nagar Partap Vihar, Ghaziabad, Uttar Pradesh	India
S1-51476826	Pranavi Creations Private Limited	207 Fountain Square, Jagatpura, Jaipur, Rajasthan	India
S1-277984140	Nideeshwaram India Private Limited	79, Lattice Bridge Road Adyar, Chennai, Tamil Nadu	India
S1-51774929	Lower Premier Vine	10400 Shawnee Drive, Newburgh, IN	US
S1-949927005	HY All Applied Inc	368 3248, Fl 0, Decatur, TX	US
S1-12165197	Sigma Global Private Limited	Flat No A-2 127 Nabalia Para Road, Kolkata, Howrah, West Bengal	India
S1-710154271	Keith Blue Midstream Inc.	422 State Street, Olean, NY	US
S1-59470871	Vision Marketing Private Limited	Delhi, Plot No 5/4, Sai Homes, C-Block, Niranjan Park, Nangali Dairy, Najafgarh, Behind Jain, Mandir, Flat No-301, New Delhi, West Delhi	India
S1-573342582	Baify Holdings	243 Ranchitos Del Sol, Aptos, CA	US
S1-982065943	Sky Community Private Limited	1/B-1, Sector-18 Rohini, New Delhi, Delhi	India
S1-19123460	Advanced Printing Networks	Unit 406, Oxon Hill, MD, 1414 Southview Drive	US
S1-305827758	Glover Star Inc	3489 Twinkle Town Road, Memphis, TN	US
S1-825521833	Ponce and Geraci	Town Of Brookfield, Unit Unit 516, WI, 260 Lord Street	US
S1-263183488	Mountain Marketing	8137 Sheridan Drive, Clarence, NY	US
S1-803428445	Digital Construction Private Limited	Flat No-Sf-3, South West Delhi, Delhi, Second Floor Back Side Prop No B-439, Vasant Kunj Enclave, Newdelhi	India
S1-727237860	Gaify LLC	Humble, TX, 12903 Silverbank Run Drive	US
S1-674298131	Vikas Hospital	B-19/3, Bhikaji Cama Place, New Delhi, Delhi	India
S1-454583236	Prince Trading Limited	H.No. F-340 F/F (C/O Poonam Sejwal) Lado Sairi, New Delhi, South Delhi, Delhi	India
S1-933481425	Sullivan, Mosley and Bachman Corp	29202 Dove Drive, Katy, TX	US
S1-925225207	Fernandes Horizon Keystone	Charlotte, NC, 6358 Branch Hill Circle	US
S1-814670289	Oralle Mcgee Gabelli LLC	261 Wildwood Drive, Elizabethtown, KY	US
S1-217548654	Nav & Brothers Pvt Ltd	131, Lendra, New Ramdaspeth, Nagpur, Maharashtra	India
S1-778850126	Lm Startup Private Limited	House No. 29 Gali No 5 Ashok Vihar Phase 3, Gurgaon, Haryana	India
S1-936368642	Big Products Pvt Ltd	D-12 Udyog Nagarpeeragarhi, New Delhi, North Delhi, Delhi	India
S1-761730500	Vitality Traders Corp	Gala No.66, Ground Floor, C-Wing, Balaji Industrial Estate, Hanuman Nagar, Kandiv, Ali East, Mumbai, Mumbai City, Maharashtra	India
S1-457121226	National Integrated Tower	1911 Litchfield Avenue, Dayton, OH	US
S1-422522029	Value Beacon Circle LLC	5383 State Route 3 And 12 Highway, Talcott, WV	US
S1-632843229	Alankit Trading Private Limited	1290/8, Govindpuri, New Delhi, Delhi	India
S1-170723527	Malwa Infra Ltd	A604, Guruprasad Tower, Kasarali Kombadpada Shivaji Chowk, Bhiwandi, Thane, Maharashtra	India
S1-719719412	Foundation Emson Engineering Private Limited	Office No. 204, Onam Plaza, Plot No. 18 Old Palasia, A. B. Road, Near Industry H, Ouse, Indore, Madhya Pradesh	India
S1-537492893	Kim Social LLC	141 Manning Boulevard, Fl Floor 1, Albany, NY	US
S1-216008633	Ponce, Kathrine, DDS	261 400, Farmington, UT	US
S1-65136463	Thornburg Peak Marshall Corp	50 Orion Place, Martinsburg, WV	US
S1-822120164	Abacus Companyprivate Limited	13-6-437/2/A/4/A Laxmi Nagar, Berbun, Hyderabad, Telangana	India
S1-637430339	Back Alley Grill	135 Palo Verde Drive, Needles, CA	US
S1-708535890	Goodspeed Preparatory Academy	540 Harrison Avenue, Tonawanda, NY	US
S1-870428309	Conny Farris Treasury	9614 Windermere Turn, Fort Washington, MD	US
S1-10342085	Lotus Hospital	445, Vikram Tower Sapna Sangeeta Road, Indore, Madhya Pradesh	India
S1-685435412	Lumola Space Inc	202 7th Street, Milburn, OK	US
S1-592347770	4748 First Place Owners Corp LLC	2704 Bardwell Road, Greensboro, NC	US
S1-73787861	Tomer Quantumsphere Clovis	1721 7th Street, Clovis, NM	US
S1-112742947	Midwest Institute of Technology LLC	1705 Old 3C Highway, Galena, OH	US
S1-963951937	Olanex Columbus LLC	702 9th Avenue, Marshalltown, IA	US
S1-415349553	All Projects Private Limited	116, 1St Floor, 19, Kg Marg, Surya Kiran Building, Connaught Place, New Delhi, Central Delhi, Delhi	India
S1-539359992	Rati Consultancy Private Limited	1/1505 Pwp Office Complexmahim Causeeway Mahim (West), Mumbai, Maharashtra	India
S1-547485304	GFP Property Pvt. Ltd.	Ward No 13 Shiyarpath, Road Baihar, Baihar, Balaghat, Madhya Pradesh	India
S1-336150033	Gutierrez Barings	1774 10th Street, Unit Unit 231, Fargo, ND	US
S1-461887440	Blockdeal Sangh	8-3-952/10/6 & 7, 1St Floor, Sri Nagar Colony Road, Punjagutta, Khairatabad, Hyderabad, Telangana	India
S1-793778305	White Solutions Private Limited	No.67, I Floor, 2Nd Stage, Rajajinagar, Bangalore-79, Bangalore, Karnataka	India
S1-948137436	First Communications LLC	3458 Richards Boulevard, Roanoke County, VA	US
S1-618798017	Winslow, Anderson and Armstrong	532 Kincaid Road, Topeka, KS	US
S1-537910792	Dataex Delta Eagle	18 Millwood Court, Pittsford, NY	US
S1-480670924	Primary Care Medicine of Raleigh Corp	NC, Raleigh, Unit 109, 1530 Christina Lane	US
S1-339000163	Sai Food LLP	Fl -A-205 Pl-277 To 280 Sec-29 Saikrupa Apt Ravet Pune, Pune, Maharashtra	India
S1-613937190	Amafhh Garments (India)	Plot No. 27 To 33, Sr. No. 1191, Oscar Ind. Zone, Chibhda Road, Lodhika, Rajkot, Gujarat	India
S1-72379460	Secure Shore, LLC	Unit Apartment 1, Babylon, 15 Marine Avenue, NY	US
S1-272377143	Rabin's Brokerage	6380 Cherry Drive, Unit #647, Hillsboro, OR	US
S1-129477670	Rosales Winvest LLC	907 Wood Street, Valparaiso, IN	US
S1-395758258	Parnell, Sunshine, MD, DDS PC	114 Turners Dairy Road, Morehead City, NC	US
S1-808260320	Route Land Ltd	Shahdara, Delhi, Opp Jain Mandir, Vishwash Nagar, Shahdara Delhi, 8/72-B Ram Gali	India
S1-809933187	Om Vidyalaya	Gujarat, Ahmedabad, Office: 503, Satya One, Opp.Manav Mandir, Memnagar, Ahmedabad	India
S1-245656967	Plasto Hospital	Plot No. C-3/6 & C-3/7, Kagal, Kolhapur, Maharashtra	India
S1-942752920	Jenna's Golden Massage	4 Bailey Street, Lynn, MA	US
S1-824675781	Benava Golden Franklin, LLC	TX, Rosharon, 7510 Cattle Walker Court	US
S1-575819142	Happy Pub	OK, 300 Campbell Street, Gore	US
S1-791962769	Basaldua Optimal Newbridge	3 A Evans Street, Woburn, MA	US
S1-141932848	Lloyd Long Inc	38 Phyllis Terrace, Unit Unit 3, Kaser, NY	US
S1-420094312	Susannah Atwell Focus	225 Jordan Lane, Pottsville, AR	US
S1-100551118	Back Alley Tattoo	12623 Broadway Avenue, Unit 111, Spokane Valley, WA	US
S1-665258897	Skiff Keystone Diagnostics LLC	Lorain, OH, 5100 Gargasz Drive	US
S1-940812019	Vision Industries Private Limited	A-804, Plot No. D-1, Centrum Business Square, Wagle Industrial Estate, Thane, Maharashtra	India
S1-536991248	Optimal Golden Cslm	23 Gray Street, Poughkeepsie, NY	US
S1-485667973	Ss Investments Private Limited	Plot No 104, Sector -4 Imt Manesar, Gurgaon, Haryana	India
S1-410380444	Life Agro	No. 912, Dalamal Towers, A Wing Free Press Journal Marg, Nariman Point, Mumbai, Mumbai City, Maharashtra	India
S1-658692607	Darsh (India) Builders Co	Flat No. 302, Ii Floor, Back Side, Govind Kripa Apartment, Om Vihar Phase 1A, Uttam Naga, R West, Delhi, South West Delhi, Delhi	India
S1-524028193	Sultan & Brothers Pvt Ltd	Flat No. - 101, Moti Kunj Appartment Mangalam Road, Saguna, Patna, Bihar	India
S1-662644405	Beacon First Home Care LLC	4909 Regent Street, Indianapolis, IN	US
S1-482219377	Tri-State Dental Associates LLC	2819 Lawndale Avenue, Rockford, IL	US
S1-616923873	Shivam Finance	19, Govind Nagar East, Opp. Brahampuri Police Station, Jaipur, Rajasthan	India
S1-852022734	Ram Construction Private Limited	1605, 15Th Floor Tower-K, Jm Florence Techzone- Iv, Gautam Buddha Nagar, Uttar Pradesh	India
S1-696313022	Cunningham Toyo, Inc	700 Main Street, Unit 113, Taylor, TX	US
S1-893508214	Russell Navigation Inc	48347 Fairpoint-maynard Road, Saint Clairsville, OH	US
S1-275871866	Fit Hospitality Private Limited	Plot No 11/1, Ground Floor, Millenium Apartment, Karve Road, Erandavana, Maharashtra, Pune, Pune City, Shop No 12	India
S1-319274247	Highland Coastal Aria	Lackawanna, NY, 53 Greenwood Avenue	US
S1-65064340	Dolly Woodford Sterling Coastal PLLC	17 Guilford Road, North Hempstead, NY	US
S1-38841956	Valley Preparatory Academy	5371 Stewart Street, Lowville, NY	US
S1-534010117	Services Citrus Hills Pvt Ltd	1915 B, Sector 16/17, Hisar, Haryana	India
S1-227977472	Upper Fresh Mortgage Inc	148 18th Street, San Bernardino, CA	US
S1-782919582	Hyderabad Infotech Private Limited	2-2-26/7, 1St Floor, Pan Bazar, M G Road, Secunderabad, Telangana, Hyderabad, Telangana	India
S1-152891014	Pmp Group of Companies Private Limited	3/446 Vastu Khand Gomti Nagar, Lucknow, Uttar Pradesh	India
S1-611879496	ZR Beijing	KY, Louisville, 5523 Maco Ln	US
S1-572881722	Pinnacle Cloud Collective Corp	1065 Apricot Street, Hoffman Estates, IL	US
S1-802328917	Juniper LLC	20 Lenox Street, Unit 301, Boston, MA	US
S1-261179367	Town Of Linwood Education Premier Guild Inc.	2107 Pp, Town Of Linwood, WI	US
S1-479837644	Abhinandan Industrial Private Limited	# 1072, 27Th Main, Jayanagar Block #9, Bangalore, Karnataka	India
S1-655010010	Kalyan Nagar Packing Private Limited	Kalyan Nagar, Karnataka, 4Ac, 8Th Main, Hrbr 1St Block, #801, Bangalore	India
S1-23138672	Bombay Hospitality Private Limited	120, Sector-32, Pi Gail, Karamchari Sas Ltd, Maicha, Gautam Buddha Nagar, Uttar Pradesh	India
S1-109812871	Stag Winvest	2406 Olson Avenue, Pendleton, OR	US
S1-497523647	Uptown Hair Studio	71 Estey Road, Underwood Wa, WA	US
S1-824784420	Piedmont Boral LLC	99 Yonkers Avenue, Yonkers, NY	US
S1-725319165	Torres Royal Fannie LLC	5565 Ernest Street, Riley, IN	US
S1-306451572	Pippin Grand Oceanhawk LLC	197 Riceville Road, Mayfield, NY	US
S1-698243372	India Doctor Inventions Private Limited	3B, Lal Bazar Street 5Th Floor, Room No.7, Kolkata, Howrah, West Bengal	India
S1-452948543	Crissy Casey Atlanticus LLC	434 Pershing Boulevard, Hempstead, NY	US
S1-446401989	Reverse Chem Private Limited	Maharashtra, S.H.Ram Building, 18Th-A Road, Khar (West), Suite No G-1, Mumbai, Mumbai City	India
S1-374779669	Alpha Construction Private Limited	The Orchid, Plot No. 173, Door No. 48-13-6A, 3Rd Line, Nagarjuna Nagar, Vijayawada, Krishna, Andhra Pradesh	India
S1-183593569	Vidya Brothers	91 Springboard Business Hub Private Limited, Lotus Star -Near Sun City Hotel, Road No. 20, M, Arol, Midc, Andheri East Mumbai, Mumbai City, Maharashtra	India
S1-330357490	Abundance Institute Limited	No. 21, Second Floor, Hospital Road, Near Menakatheatre, Bangalore, Karnataka	India
S1-854079694	South Developers Private Limited	Agf - 6Dilkush Industrial Estate Gt Karnal Road, New Delhi, North Delhi, Delhi	India
S1-988573283	PJ Infra Public Limited	C-13, Lg, Green Park Gram, Badchaila, Teh Sanganer, Jaipur, Rajasthan	India
S1-570719711	Gonzalez Keystone Mustang, LLC	392 100, Moroni, UT	US
S1-934413100	Jammu Crafters (India) Pvt Ltd	5-5-125/2/2 Banswada, Kamareddy, Nizamabad, Telangana	India
S1-800655362	Guendolen Reyes Esports	610 Thurston Street, Manhattan, KS	US
S1-168765871	Reliant & Brothers Pvt. Ltd.	Flat No. 3127, Casa Paradiso-2, Sobha City, Thanisandra Main Road, Bangalore North, Bangalore, Karnataka	India
S1-522574069	United Coalition	Fort Mill, Unit APT 337, SC, 2010 Acorn Ridge Lane	US
S1-317016449	Cramer Bay Spire Group	1276 Page Boulevard, Springfield, MA	US
S1-693515822	Big Barbershop!, LLC	307 Perry Street, Raleigh, NC	US
S1-475574930	Dental Best Partners LLC	176 Veirs Road, Butler, KY	US
S1-132912629	Vinayak Telesystems Private Limited	C/O Shivaji Singh, Mohaddiganj, Mahdiganj, Bihar, Sasaram, Rohtas	India
S1-281979670	Cherise Wick Midwest Innovations Partners	5145 S Tower Drive, Evansville, IN	US
S1-887270164	Kincaid, Reynolds & Dennison Inc	13303 Caswell Court, Fairfax County, VA	US
S1-205260027	Balaji South Consultancy Private Limited	Ground Floor, No.106, 16Th Cross, 19Th C Main, 5Th Phase, J.P Nagar, Bangalore, Karnataka	India
S1-159459305	RDV Association Private Limited	4Th Floor, Ten Square, Lullanagar, Pune City, Pune, Maharashtra, Office No 401	India
S1-777778383	Skylink Brothers Ltd	13A-132, 13Th Floor, Bldno9, Wework Raheja Mindspace, Shaikpet, Hyderabad, Telangana	India
S1-345340322	Gustafson Express Kochav	6282 Sherman Road, Galena, OH	US
S1-576448746	Bramley School of Medicine Inc	2102 Westwood Avenue, Springdale, AR	US
S1-207360886	Creative Foods Limited	109, Ghalib Apartments, Parwana Road Pitampura, New Delhi, Delhi	India
S1-603943308	Maddux Sanayi Inc	TX, Grand Saline, 141 1314	US
S1-890426061	Burj Township Private Limited	C-607 Fortune Residency, Ghaziabad, Uttar Pradesh	India
S1-305946526	Flecha Platinum Gabelli	176 Saint Laurent Parkway, Seekonk, MA	US
S1-325676604	Rita Schramm, D.C.	Navarre, 5282 Kemary Avenue, OH	US
S1-355312015	Total Direct Nova P.C.	New Haven, CT, 39 Atwater Street	US
S1-611118335	Willow Partners	4001 5th Street, Port Arthur, TX	US
S1-387257890	Delisle, Knuckles and Cox Karbon LLC	1749 Highland Avenue, Wilmette, IL	US
S1-985133742	Great Exports Private Limited	20 Mahavir Chambers 3Rd Flr333/337 Samuel St, Mumbai, Maharashtra	India
S1-218048899	Murphy Home Care Inc	218 Spring Street, Crawfordsville, IN	US
S1-885953166	Jai Exports Limited	Flat No-109, Block-A, Rr, Sai Teja Heights, Roadno 4, Ramachandrapuram, Medak, Telangana	India
S1-554114084	EJ Farms Private Limited	9561, Tokriwalan, Ajad Market, Liabrary Road., Delhi, Central Delhi, Delhi	India
S1-419835807	Darby Jansen Blue Coca LLC	88 Barnes Corner Road, Colora, MD	US
S1-837344495	First Projects	House No. 494/94, Sarai Hasanganj, Daliganj, Lucknow, Uttar Pradesh	India
S1-490885133	Bay Medical Center	46 Deerfield Avenue, Hartford, CT	US
S1-400192936	Unified Automation Holdings	7353 Ripley Hill Road, Scott, NY	US
S1-583896229	Traders Structures Private Limited	Plot No H-24/4 Green Park Extn New Delhi, New Delhi, South Delhi, Delhi	India
S1-673473750	Christiana Ford Block	1733 Oak Street, Quincy, IL	US
S1-852420102	Radhesh Brothers Private Limited	H.No. 11-13-147/1, Flat No.301, 3Rd Floor, Sai Leela Apts, Road No.3, Alakapuri, Di, Lshuknagar, Hyderabad, Telangana	India
S1-964475372	Hitech Properties Limited	Flat 103, Arya Rise Apts, 1 Phase, 10 Cross Ideal Homes Township, Rajarajeswari Nagar, Bangalore, Karnataka	India
S1-302852895	Commission on Education	1205 117th Drive, Avondale, AZ	US
S1-845872763	India Acme Realinfra Private Limited	Shop At B-1 Shop No-34 Milap Nagar Uttam Nagar, New Delhi, West Delhi, Delhi	India
S1-202602869	OK Companyprivate Private Limited	Maharashtra, Gala No P-11, Raigarh(Mh), Panvel, S. N. 121/1, 121/2, Balaji Ind. Park	India
S1-201208677	Chapra Micro Private Limited	C/O Bhusan Kumar Yadav, Bihar, Bazar Jalalpur, Saran, Chapra	India
S1-397145115	NP Superior Good Inc	2818 Hadley Drive, Waldorf, MD	US
S1-382206361	Reader and Figueroa Care	19679 Cearley, Cleveland, TX	US
S1-269262568	South Tge Inc.	6912 Avers Avenue, Lincolnwood, IL	US
S1-6628632	Longshoremen Union Local No 4	132 Broad Street, Unit 2, Marlborough, MA	US
S1-208511290	Bright Hypnosis Care	33794 Hosta Drive, San Tan Valley, AZ	US
S1-359821081	Ghodawat Trust	H No 104, Mariyanagar, Bhuigaon, Vasai, Thane, Maharashtra	India
S1-226904533	Heritage Analytics Solutions, LLC	1302 Richard George Drive, Norwalk, IA	US
S1-648366314	Prairie Academy	Dayton, MN, 13401 Xanthus Lane	US
S1-400833357	Sweet Grill	18429 Tonkel Road, Auburn, IN	US
S1-958840837	Summit College	14842 Holston Lane, Silverhill, AL	US
S1-876331653	Parinay Industrial Private Limited	E-344 Shastri Market, South Moti Bagh, South West Delhi, Delhi	India
S1-552376164	Mavis's Quality Ventures PLLC	2159 Saxe Court, Thousand Oaks, CA	US
S1-543165981	Straight Edge Massage	TX, Belton, 5614 Fenton Lane	US
S1-788214146	Southern Developers Limited	Sayali Park, Flat No.15, Near Kotbagi Hospital Parihar Chowk Aundh, Pune, Maharashtra	India
S1-506967604	Pandian Foundation Private Limited	2Nd Floor, Kamaruddin Ind Est, Kurla Andheri Road Near Telephone Exchange, Kurla, Mumbai, Mumbai City, Maharashtra	India
S1-928774570	Fanny Diehl Reliable Products Inc	28 Orchard Circle, Richmond, MA	US
S1-197311647	Innovative Fashion LLC	3461 University Parkway, Winston-salem, NC	US
S1-791216324	Pradhan Consultants	C.C 43/1691B Second Floor.Kalavath Road, Cochin, Ernakulam, Kerala	India
S1-262944527	Services Satnam Technologies Private Limited	No.7, Ground Floor, Tst, Complex, Imperial Road, Cuddalore, Tamil Nadu	India
S1-794216926	Sula Brown, DMD	8730 Co Rd 22, Fayette, OH	US
S1-435293342	Agatha Nursing Home	Plot No. C-5, First Floor, Cabin No. 3, Seat No. 5, Gujar Ki Thari, Shanti Nagar-C, Jaipur, Rajasthan	India
S1-276003668	Harbor Initiative	7994 Cedarwood Drive, Rome, NY	US
S1-18199994	Margalo Castillo Karman LLC	NC, 1010 Wild Pear Street, Charlotte	US
S1-27855212	Evans Invesco L.L.C.	432 Martin Drive, New Castle, DE	US
S1-845722761	Forest Agro Limited	No 22 19 C 13Th Cross Street New Colony Chrompet, Chennai, Tamil Nadu	India
S1-605594719	Innovative Seva Samiti	Office No- A-501, Mahaavir Icon, Plot 89, Secot-15, Cbd Belapur, Navi Mumbai, Thane, Maharashtra	India
S1-217661413	Michell Wood American Cea	3639 Taliluna Avenue, Unit D3, Knoxville, TN	US
S1-612706235	Horizon Analytics Laboratories LLC	2625 Troy Street, Arlington County, VA	US
S1-157007516	Main Street Pilates	301 Glynn Street, Babylon, NY	US
S1-158476459	Rodriguez & Pero Empire	13706 90th Avenue, Kirkland, WA	US
S1-565765286	Adi Properties Private Limited	Maharashtra, Mole Stationgreen Gate Ballard Estate, Mumbai	India
S1-960150143	Best Safeguard Inc	393 Ensenada Street, Prescott Valley, AZ	US
S1-319865956	Baba Polytechnic	Teresa Villa / Casa Tresa, Fatima Shezol Gass, Post - Sopara, Tal - Vasai, Thane, Maharashtra	India
S1-874196114	Associated Com Pvt. Ltd.	16/2-41, 19/653 Somasekhar Puram, Nellore, Andhra Pradesh	India
S1-505432090	Value Printing Group	6088 Mount Airy Drive, South Jordan, UT	US
S1-15103762	Cultural Ministries	TX, Houston, 10834 Sagebluff Drive	US
S1-873140234	Carnes Charter Care	IL, Chicago, 11115 Avenue M	US
S1-592049826	Womens Health Precision Group Partners	3121 Weaver Way, Calabash, NC	US
S1-612430732	Om Constructions Private Limited	Flat No, 404 Savannah Wagholi, Taluka Haveli, Pune, Maharashtra	India
S1-307756510	I 3 B Processing L.L.C.	10708 Jameson Drive, Austin, TX	US
S1-259190574	Elie's Valley Auto Glass LLC	32-33 81 Street, East Elmhurst, NY	US
S1-306815783	Nsm Products Pvt Ltd	67/2, Malaviya Street Ram Nagar, Coimbatore, Tamil Nadu	India
S1-886319592	Straight Edge Bakery Associates	WI, 2051 2nd Street, City Of Wisconsin Rapids	US
S1-564232777	Japs Charitable Trust LLP	7-1-276-1/A/4, Kala Enclav, Block-2A, Balkampet, Balanagar, Hyderabad, Telangana	India
S1-367693023	Timber LLC	735 Ridgewood Drive, Coshocton, OH	US
S1-135290778	T U Candelaria Pennymac	4748 Sierra Vista Drive, Unit 252, Glendale, AZ	US
S1-493990686	Kish India (India) Private Limited	Opp.Bhestan Station, Silv, Er Nagar, Nr Navab Ni Wadi, Surat City, Surat, Gujarat	India
S1-300385828	Creative Transport LLC	Lancaster, 2078 Creekbend Drive, OH, Fl 2ND	US
S1-736318840	YN Fuse LLC	9419 Morrow Mill Road, Mebane, NC	US
S1-92316530	WGQ Sky Private Limited	Delhi, Shop No 4, East Delhi, 41A Pocket A1 Mayoor Vihar Phase Iii	India
S1-234170742	Grand Management Pvt Ltd	28 Sanmati, 2Nd Main Road, 3Rd Cross Palace Cross Road, Chakravarthy Layout, Bangalore, Karnataka	India
S1-198543609	Miix	3502 Eveningside Drive, Topeka, KS	US
S1-597575928	Lilla Hemingway Classic Orion Inc	1141 Garden Stone Court, Clarksburg, MD	US
S1-538658634	Ridge Program	14362 Frank Lloyd Wright Boulevard, Unit STE 124, Scottsdale, AZ	US
S1-579070658	Sutton's Plumbing	8452 Elm Road, Bourbon, IN	US
S1-465322401	Ahlgren Intercontinental	275 Spring Creek Circle, Schaumburg, IL	US
S1-619270777	High Engineering Private Limited	C/O Samir Kundu, Chowbetya, Bankadaha, Bishnupur, Bishnpur, Bankura, West Bengal	India
S1-100442864	20/20 Optical	VA, Newport News City, 789 Childress Drive	US
S1-360113238	Straight Edge Auto Body LLC	2127 Mcculloch Boulevard, Lake Havasu City, AZ	US
S1-168035852	Brightify Biotherapeutics	2210 Wilson Road, Columbus, OH	US
S1-898713797	Red Shyam Consultancy Limited	2-12-62, Beerappa Gadda, Uppal, Medchal Malkajgiri, Telangana	India
S1-788698860	Internal Medicine Physicians of Mebane	2733 Whippoorwill Trail, Mebane, NC	US
S1-400047259	Desert College	AZ, 13849 12th Street, Phoenix	US
S1-477665082	Port Republic Internal Medicine Care	Port Republic, 3771 Red Berry Drive, MD	US
S1-846848529	TB Labs Private Limited	Lalgudi, Door No.6, Tamil Nadu, Tiruchirappalli, Rasi Nagar, Ground Floor, Cabin 2, Pallividai Bus Stop, Chennai Bye Pass, Samayapuram	India
S1-491932535	Valley Rapid Mitsubishi	240 Creek Way, Issaquah, WA	US
S1-634188952	Allied Immersion, LLC	8787 Royal Crest Drive, West Jordan City, UT	US
S1-189198317	Shiva Engineering	2A, G. C. Avenue, Room 7A, Commerce House, 2Nd Flr, Kolkata, Kolkata, Howrah, West Bengal	India
S1-887675174	Richard Partners	1410 Guadalupe Road, Unit 106, Gilbert, AZ	US
S1-112914106	Luisa Ramirez Towing LLC	4405 Littel Street, Edina, MN	US
S1-686244760	Lower Blueport Inc.	16708 5th Street, Independence, MO	US
S1-299743789	Urban Infra Private Limited	Room No.1129B, Plot No.17 Lotus Colony, Govandi, Sewree, Mumbai City, Maharashtra	India
S1-383781977	Dream Tech Pvt Ltd	C-32/D Sry Aliganj, Sitapur Road Yojna, Lucknow, Uttar Pradesh	India
S1-499509552	Vijay Infra Private Limited	Kamla Hairtege, 7Th Floor, Plot No. 127, Gulmohar Road, 10 Jvpd, Andheri (West), Mumbai, Mumbai City, Maharashtra	India
S1-672761262	Raley Cross Inc	3800 Water Point Ct SW, Cedar Rapids, IA	US
S1-512932810	Grate Investments	2455 Hickory Square Parkway, Arnold, MO	US
S1-356806114	Anchor Inc	355 Main Street, Fall River, MA	US
S1-262041456	Shree Food Private Limited	No-7. Khata-1/34/7/7, Kn Surendra Lyt, Bangalore North, Bangalore, Karnataka	India
S1-559113177	K R & Q Teucrium LLC	73 Rock Hill Road, Asheville, NC	US
S1-279833758	Stark's Seafood	604 Allen Street, Gilmer, TX	US
S1-796462656	Jay Marketing LLP	No 293 S/F Western Marg, Saidulajab New Delhi, New Delhi, South West Delhi, Delhi	India
S1-382213554	Diloify Apollo	8982 Belmont Woods Boulevard, Fort Wayne, IN	US
S1-891753511	Digital Investments Limited	A-1/1506, Saya Zenith Ahinsa Khand 2, Indirapuram, Ghaziabad, Uttar Pradesh	India
S1-632911990	Legacy Network Union Inc	Charlotte, NC, 5220 Pine Drive	US
S1-710410289	725-726 South Owners Corp	7400 Ira Avenue, Brooklyn, OH	US
S1-185798056	Koundinya Group	180 M G Road 3Rd Floor, Kolkata, Calcutta, West Bengal	India
S1-193090189	Aurora Preferred Inc	Twin Peaks, CA, 26505 Walnut Hills Drive	US
S1-440857012	Supreme Industries Private Limited	B 17A, Vivekanand Colony, Naya Kheda, Jaipur, Rajasthan	India
S1-381322333	Little Hypnosis Clinic	7632 Durham Road, Unit #305, Tigard, OR	US
S1-177821136	DF Asia Inc	Harvest, AL, 1088 Nick Davis Road	US
S1-760285134	Economic Development Liberty Council	4 Wagonwheel Road, Seekonk, MA	US
S1-135755821	Nagpur International	F.No. 202 K.B Tower 10C/10D Nagarvikas Soc, Somalwada, Nagpur, Maharashtra	India
S1-778646905	World Business Private Limited	No 108, 4Th Floor, 5Th Cross Aswath Nagar, Bangalore North, Bangalore, Karnataka	India
S1-164717257	Garcia Interstate Builders, LLC	6120 Marineview Road, King George County, VA	US
S1-586068836	Terrye Canfield All Tge	12534 Garrow Drive, Clear Spring, MD	US
S1-205864097	Aagam Enterprises Private Limited	House No. 16A Village Navgerhi, Po. Safipur, Sultanpur, Uttar Pradesh	India
S1-701741262	Meserve Century Inc.	285 Castle Creek Road, Chenango, NY	US
S1-628085608	Delhi India Private Limited	H No 1, 2Nd Floor, Blk B-3, Model Town Ph 1, North West Delhi, Delhi, New Delhi, Delhi	India
S1-41959671	W/I Live Inc	308 Travis Street, Stantonsburg, NC	US
S1-926338869	Jillian Smith Horizon Rexford Inc.	166 Boulder Drive, Unit 107, Fitchburg, MA	US
S1-811535310	Total Churchill LLC	902 Jordan Street, The Dalles, OR	US
S1-635441801	Coastal Smart Agriculture Inc	6208 Deerwood Place, Cary, NC	US
S1-654476059	Abril and Hammond Western LLC	Omaha, 2423 Spencer Street, NE	US
S1-43427239	Modern Security Alliance LLC	133 Brattle Street, Unit 101, Arlington, MA	US
S1-778310050	Shakti Consultancy Private Limited	Hno 1043, Sec-6 Dhru, Dharuhera, Rewari, Haryana	India
S1-756781934	Laxmi Alpha Investment Private Limited	2-02, D.Gadabavalasa Therlam (Mandal), Vizianagaram, Andhra Pradesh	India
S1-838132517	Innovative Tech Limited	Vishwa Complex, Harischandrapura, Gonikoppal, Kodagu, Karnataka	India
S1-166888571	Physical Therapy Specialists-Portland	10578 Cherry Blossom Drive, Portland, OR	US
S1-539872038	Urology Partners L.L.C.	2500 Bransford Avenue, Unit 424, Berry Hill, TN	US
S1-591428276	Star Telecom Products Center	TX, 3210 Ursuline, Galveston	US
S1-444343135	White Shanghai of City Of Waukesha	1217 Lombardi Way, City Of Waukesha, WI	US
S1-60232444	Total System Private Limited	77, Maliya New Cloth Market, O/S. Raipur Gate, Ahmedabad, Gujarat	India
S1-808889301	Peridify Sim	1300 Elmwood Avenue, Bldg Room 408, Buffalo, NY	US
S1-288632894	Avv Commerce Pvt. Ltd.	# 1273, 1St Main, Gandhinagar, Yelahanka, Bangalore, Karnataka	India
S1-679690182	Family Institute	NY, 4 Dominic Street, Oswego	US
S1-395352963	Federal Tree LLC	4557 Main Street, Amherst, NY	US
S1-661090296	V & M Public LLC	1055 Hillcrest Road, Unit A2, Mobile, AL	US
S1-342658906	Indo It Private Limited	F-231, First Floor (Old No F-29) Lado Sarai, South West Delhi, Delhi	India
S1-994144423	Select Investment Partners LLC	105 Powerline Road, Tazewell County, VA	US
S1-103396588	Chemie Brothers Private Limited	36, Royal Enclave, Nr. Asopalav Bunglows, Thaltej, Ahmedabad, Gujarat	India
S1-867177637	Scronce Ashford LLC	1823 Montage Lane, Wilmington, NC	US
S1-40216122	Dianne's National Productions	AZ, 5100 La Canada Drive, Tucson	US
S1-381479096	Shree Memorial Trust	C/O P.Shanmugavel, Melayakudi, Paramakudi, Ramanathapuram, Tamil Nadu	India
S1-251596784	Anant Trading Pvt Ltd	1, Bhosale Heights Ferguson College Road, Pune, Maharashtra	India
S1-171517430	UE Techno Private Limited	Door No. 48/1744C, Unit 3, 5Th Floor, Jomer Symphony, Chalikkavattom, Opp. Gold Souk, Ernakulam, Kerala	India
S1-111617836	Metro Family Practice LLC	7490 Taconic State Parkway, Gallatin, NY	US
S1-195261147	Allied Freight Concepts Inc	1952 Gilbert Street, Beaumont, TX	US
S1-307448666	Cobalt Chile LLC	Upper Gwynedd Township, 753 Prospect Avenue, PA	US
S1-642272010	QSU Trusted Montreal PLLC	1580 Royal Street, Unit 901-916, Jackson, TN	US
S1-141917596	Pellerin Ubs	53 Myron Street, New Haven, CT	US
S1-306540427	Mia Gilliam Saul Inc.	155 Rockwood Drive, Bancroft, WV	US
S1-559379049	Cascade Portfolio LLC	1511 Wilson Avenue, Unit 101, Columbia, MO	US
S1-951860947	Brook's Bright Grill LLC	2801 Athens Place, Charlotte, NC	US
S1-332553595	The Dent Cleaning Service	109 Poplar Ridge Road, NC, Jacksonville	US
S1-492431226	Martinez, Marsh and Duross LLC	168 Brooks Street, Unit 2, Boston, MA	US
S1-488320919	Y 7 Modern Tax LLC	9 Corinth Court, Tinley Park, IL	US
S1-972614925	Nrr Marketing Corp	P.No.40, 1St Floor, Gayathri Nagar Sr Nagar, Hyderabad, Telangana	India
S1-354711948	Zayan Exports Center	Plot No. 14 Pradip, Ram Vihar Nagla Rambal, Etmadpur, Agra, Uttar Pradesh	India
S1-476299906	Indian Consultancy LLP	Vadodara, Gunjan Tower, Subhanpura, 503/504, Gujarat	India
S1-914217449	Dermatology Health Inc.	7234 Avalon Drive, Acton, MA	US
S1-614242421	Tech Developers Limited	1265 Sec-17Cgurgaon, Haryana, Gurgaon, Haryana	India
S1-844450087	Lucky Hypnosis	1047 Telling Wind, Liberty Hill, TX	US
S1-719936632	Vidya Realty Private Limited	Flat No 232, 2Nd Floor, Pocket-1, Shiva Enclave Sector-25, Rohini, Delhi, North Delhi, Delhi	India
S1-94488046	Fast Services Private Limited	406 Wall Street-1 Opp-Orientclub Nr Gujarat College Rly Crossing Ellisbridge, Ahmedabad, Gujarat	India
S1-320303286	Real Producer Limited	Second Floor, A-25, Vrajraj Society, Vadodara, Gujarat	India
S1-869856043	Raaj Industries Group	Hotel Highway Choice, Kanwarpura Kotputli, Jaipur, Rajasthan	India
S1-822159778	Maid Pizza!	354 Colorado Street, Longview, WA	US
S1-719236832	Clear Rapid Connecticut LLC	12523 Jeff Hamilton Road, Grand Bay, AL	US
S1-436722019	CUM Charging Private Limited	1-118-24/2, 2Nd Floor, Sai Enclave Sector-12, Mvp Colony, Ushodaya Junction, Visakhapatnam, Vishakhapatnam, Andhra Pradesh	India
S1-594097981	Ridaify Rocky Wave	Blytheville, 609 Moultrie Drive, AR	US
S1-163198889	Urban Cleaning Service	10863 Clair Drive, Sun City, AZ	US
S1-572998745	Monroe Five	9108 Shimmering G Drive, Mckinney, TX	US
S1-687118909	Nrs Autoparts (India) Private Limited	52-B, Ground Floor, Okhla Industrial Estate, Phase-3, New Delhi, South Delhi, Delhi	India
S1-235191492	Gadyne Staffing, LLC	3258 Cole Drive, Gilbert, AZ	US
S1-837917944	North Estate LLP	13/29, Kaliappa Gounder Street, Coimbatore South, Coimbatore, Tamil Nadu	India
S1-283536001	Silver Coffee	107 Pearl, Teutopolis, IL	US
S1-447765793	Nalley Vista	308 Wrenn Avenue, Mount Airy, NC	US
S1-681639757	Montic Bitcoin LLC	25 Prospect Street, Stafford, CT	US
S1-884080409	Clean Electronics International Corp	12489 Paseo Alegre Drive, City Of El Paso, TX	US
S1-380041265	Sino (India) Care Limited	661 Eldeco Greens, Nakodar Road, Jalandhar - I, Jalandhar, Punjab	India
S1-67827729	Ahmedabad Impex Private Limited	40, Krushnasham Society, Opp Venugopal Society, Nikol Naroda Road, Ahmedabad, Gujarat	India
S1-492472846	Prescott Choice Gss	4500 Avondale Place, Fl 1, Columbia, MO	US
S1-727277780	Lower Secure Newbury LLC	Oliver Springs, 569 Cassell Road, TN	US
S1-763289030	Dorr Crystal Catering PC	4544 Woodstower Drive, Newburgh, IN	US
S1-932012490	Garcia & Perez	5741 Mate Creek, Meador, WV	US
S1-392217801	Aqua Foundation	Ghaziabad, Uttar Pradesh, 65, 66, 68, Apolo Market P.I Estate Sahibabad, Ghaziabad, Shop No-27 Kh No-64	India
S1-565858568	KVX Farmer Private Limited	Haryana, Hissar, Hisar, Barwala, Plot No-10 Vpo Panghal	India
S1-815827552	Perfect It Private Limited	Q120, 4Th Floor, Shristi Serenity, 60Ft Road, Coimbatore South, Coimbatore, Tamil Nadu	India
S1-102242278	Jai Properties Limited	2Nd Floor, Saturn'S Sevoke Road, Siliguri, Darjeeling, West Bengal	India
S1-430532829	Universal Foods Private Limited	78-1-2 Pallavi Complex, Opp: Union Bank, Syamala Nagar, Ava Road, Rajahmundry, East Godavari, Andhra Pradesh	India
S1-254147793	Pioneer Agro	G9/137A, F/F Gali No 9, Near Hanuman Mandir, South Delhi, Delhi	India
S1-159670492	Luciani, Johnson & Wright	11983 Jalowy Road, Cat Spring, TX	US
S1-938459137	EZ Breeze LLC	3719 R, Brooklyn, NY	US
S1-191012459	Vayuputra Seva Samiti Care	7-5-6, Kapuwada, Hanamkonda, Warangal Urban, Telangana	India
S1-406534404	Kara-Lynn Rentas Prudential	KY, Hager Hill, 475 Delong Road	US
S1-274547131	Chakra (India) Properties Pvt Ltd	Unit No 423-424 & 426 4Th, Floor Spazedge, Sector 47, Haryana, Gurgaon, Sadar Bazar	India
S1-115216735	Custom Quest	Lubbock, TX, 6040 96th Street	US
S1-354656651	My Properties Limited	Gandhi Nagar First Lane, Berhampur, Ganjam, Orissa	India
S1-632478649	Meza Management Inc	1404 Ninth Street, NC, Goldsboro	US
S1-730029620	Reliable Software Labs LLC	4795 State Highway Nn, Seymour, MO	US
S1-945142491	Debora Campbell, DDS	3806 Witham Woods Drive, Cincinnati, OH	US
S1-367026553	Premier Enterprises Pvt Ltd	No 391 9Th Floor Dsr Water Scape Margondanahalli Main Road K Channasandra, Bangalore, Karnataka	India
S1-406496319	WT Metropolitan Automobile	490 Vanderbilt Avenue, Staten Island, NY	US
S1-341338842	Sugar Land Vision Care Associates	7615 Old English Court, Sugar Land, TX	US
S1-707126145	Brown Newhold LLC	NY, 114-33 203 Street, Saint Albans	US
S1-318730283	Innovative Miluna LLC	1898 Hylan Boulevard, Staten Island, NY	US
S1-33934986	Media Oswal India Private Limited	H No. C-154, F/F, Shaheen, Bagh Abulfazal Enclave-Ii, New Delhi, South Delhi, Delhi	India
S1-504151297	Dynamic Finance Private Limited	Sector F - 2, Plot No 20, Village Medhi, Maneri Industrial Area, Mandla, Niwas, Mandla, Madhya Pradesh	India
S1-487910163	Birch LLC	325 Jonny Boy Way, Springtown, TX	US
S1-346937907	Life Finance Private Limited	26-Silk House 5Th Floornavjeevan Wadi 630 Girgaum, Mumbai, Maharashtra	India
S1-62047666	XY Healthcare Pvt Ltd	9, Keshav Vihar Colony Hathi Khana Road, Morar, Gwalior, Madhya Pradesh	India
S1-752682979	Mosoft Home Improvements PLLC	1416 Grindstone Plaza Drive, Unit 202, Columbia, MO	US
S1-400492720	South Atlantic Tech Inc.	6208 Surrey Square Lane, District Heights, MD	US
S1-297478388	Valley Better Manulife	2200 Candices Choice Court, MD, Unit A, Bel Air	US
S1-74616497	I 3 S Specialists Inc.	3438 E 11th Road, Utica, IL	US
S1-240181458	Bior Lloyds Inc	3209 Moore Avenue, Bay City, TX	US
S1-724774431	Behavioral Health Partners of Albuquerque	8719 Springhill Drive, Albuquerque, NM	US
S1-809680609	Red Projects Private Limited	Patel Vas, Near Municipal School, Kochrab Gam, Paldi, Ahmedabad, 144/2, Ahmedabad, Gujarat	India
S1-863072559	Ashapura Printing (India) Private Limited	1-4-75/B/512, Sri Sai Landmark, Opp. Brindavan Nagar Colony, Street 8, Sneha Nagar, Habsiguda, Secunderabad, Hyderabad, Telangana	India
S1-695160517	Big Power Private Limited	Gr Fl-Fr, Fl-G-C, 26(9) D, Desh Bandhu, Sarani, Nalta, Kolkata, Kolkata, Howrah, West Bengal	India
S1-70083188	Nguyen Energia	6501 Deep Creek Dr, Prospect, KY	US
S1-821862544	Rolta Traders Limited	3059, Plot No. Gh - 03, 16Th Avenue, Sec 16C, Gaur City 2, Greater Noida West, Noida, Gautam Buddha Nagar, Uttar Pradesh	India
S1-688105108	Beard and Wheeler Harmony Corp	777 Barton Road, Edgewood, NM	US
S1-668208923	Ss Great Impex Private Limited	First Floor, Plot -1057/M, Mvs Entrada, Shaikpet, Hyderabad, Telangana	India
S1-674830555	Chennai Solutions Pvt. Ltd.	Plot No.4, Gst Road, Vallancheri Village, Guduvanchery, Chennai, Tamil Nadu	India
S1-214463805	Mckeever Long, LLC	NY, Brooklyn, 789 Dean Street	US
S1-419834166	Vidhi Polytechnic	Plot No.B-33, Chincholi Midc, Tal Mohol, Solapur, Maharashtra	India
S1-917191287	Modern Associates	2430 Woodard Road, NY, Elma	US
S1-479706554	Dream Ventures Private Limited	C-908, Ganesh Meridian Nr. Gujarat High Court, S G Highway Sola, Ahmedabad, Gujarat	India
S1-501996978	Discover Granite Limited	12Th Floor, 1229, Hubtown Solaris, N S Phadke Marg Sai Wadi, Nr Telli Galli, Andheri E, Mumbai, Mumbai City, Maharashtra	India
S1-606270502	Sai Infotech Private Limited	30/B Hazra Road Top Floor, Kolkata, Calcutta, West Bengal	India
S1-609298282	Null Veterinary Clinic	212 High Meadow Terrace, Abingdon, MD	US
S1-147945240	Ganganth Inn Private Limited	Plot No. 107/1391/1891, Kesura, Laxmisagar, Bhubaneswar, Khordha, Orissa	India
S1-958902642	Krishna Infra Private Limited	Rajkot, Kotda Sanghani, Plot-8/2 Village Shapar, Balaji Ind.Area Shed No.2, Gujarat	India
S1-475472114	Debera Jackson, O.D. Care	739 13th Street, Moore, OK	US
S1-488517902	Guru Media Private Limited	3009, Sir Sayd Ahmad Road Darya Ganj, New Delhi, Delhi	India
S1-75932615	Bonbon Foundation Private Limited	No.197/108/1, Kogilu Layout, Yelahanka, Bangalore, Karnataka	India
S1-769789165	YW Chit Private Limited	Plot No 710, G P No 715, Ward No 1 Hosalingapur. Post :Munirabad, Koppal, Karnataka	India
S1-310056071	Eye Care Associates Associates	120 Cinema Drive, Unit 3317, Hendersonville, TN	US
S1-802252661	Philly Berge Automotive LLC	11755 Mcminnville Highway, Walling, TN	US
S1-115279438	Surya Sky Care Private Limited	Plot No 5, 6, 7, Third Floor, Navkhalsa Village, Seri Lingampally, K.V.Rangareddy, Telangana	India
S1-455360041	Borough Of	405 Landbridge Lane, Holly Springs, NC	US
S1-191466678	Universal Hospitality Private Limited	1/143 G I D C Phase 1, B/H Vatva Post Office, Daskroi, Ahmedabad, Gujarat	India
S1-298783574	A&d Farm (India) Private Limited	34/A Warren Road, Mylaporemadras., Ch 4, Chennai, Tamil Nadu	India
S1-931246965	IZ Commodities Inc.	4411 Boyd Place, Westfield, IN	US
S1-368454913	Historical Center LLC	OH, Greenwich, 3949 Lane Road	US
S1-305869714	Red Grill	969 Marion County 2068, Peel, AR	US
S1-489793394	Boston Heritage Secure Foundation, LLC	MA, Unit 6-E, 151 Tremont Street, Boston	US
S1-398525755	Samuelson, Lindie, D.C.	3947 2875, Plain City, UT	US
S1-840154452	Aditya Management Pvt Ltd	301-A, World Trade Tower, Barakhamba Lane, Connaught Place, New Delhi, Central Delhi, Delhi	India
S1-351596174	Blue Ventures Pvt Ltd	Sr No. 30/2, 30/3 Flat No D 501, Crimson Dale, Pancard Club Road, Baner, Haveli, Pune, Maharashtra	India
S1-47797806	Gifting Business Private Limited	Neithal Street, Fathima Nagar Valasaravakkam, Chennai, Tamil Nadu, Chennai, No.54	India
S1-436075306	Mvh Solutions Private Limited	Vijayawada, Krishna, H No 39-2-61 Revenue Ward 17, Andhra Pradesh	India
S1-646201442	Par Group of Companies Pvt. Ltd.	B2B/3, Janakpuri, Delhi	India
S1-524206540	Roberts & Watkins Medicine	15186 180th Street, Rockwell, IA	US
S1-300367816	Fresh Grill	803 Carter Road, Rockville, MD	US
S1-528051290	F+ Controls LLC	7215 Molena Court, Rosharon, TX	US
S1-178001972	Pediatric Dental Care Associates Inc.	206 Robyn Avenue, Henryville, IN	US
S1-183061349	Jas Welfare Society Co	Hotel Amer Haveli, Near Hathi Stand, Ward No. 10, Amer, Jaipur, Rajasthan	India
S1-707014152	Interstate Media Partners Inc	1012 Market Street, Unit STE 103, Fort Mill, SC	US
S1-976606284	Morris, Gomez & Creamer LLC	10702 186th Street Court, Puyallup, WA	US
S1-475806674	Chaney Centurion LLC	33240 Glen Dr, Unit LOT 11, Sioux City, IA	US
S1-855892845	Behavioral Health Care Associates LLC	N5591 T, Town Of Princeton, WI	US
S1-136917384	Hms International School	H. No. 3, Road No. 1 Silokhra Opp. Mother Dairy South City-1, Sadar Bazar, Gurgaon, Haryana	India
S1-14672874	Harper Learning Center	845 Trumbull Street, Xenia, OH	US
S1-209030147	Smart Food Limited	3/6, Sahyadri Society, Shivaji Nagar, Asalfa, Mumbai, Maharashtra	India
S1-497048061	Tirupati Pictures (India) of Kolkata LLP	23 Armenian Street, Room No.3, Kolkata, Kolkata, Howrah, West Bengal	India
S1-213906136	Ashiana Organics Private Limited	Siddhi Vinayak Trade Center, Sahid Park, Free Ganj, Madhya Pradesh, Ujjain, 313, Ujjain	India
S1-204032414	Baba Investment Private Limited	P No. K-73 Midc Tal. Jalgaon, Jalgaon, Maharashtra	India
S1-482711437	Mcmullen, Sarena T., D.C., DDS PC	13107 Hollow Garden Lane, Rosharon, TX	US
S1-162053043	Vidynnet Box	7 Central Street, Thompson, CT	US
S1-274916165	Fidyne Companies, Inc	7219 Sunset Point Drive, Indianapolis, IN	US
S1-302987549	Dermatology Health LLC	1803 18th Street, Redmond, OR	US
S1-362487657	American Ecommerce Private Limited	S.No. 150A/2K/1, Manjri Bk Gulmohar Colony, Pune City, Pune, Maharashtra	India
S1-515605148	True Fisheries Ltd	Metro Tower 1 Ho Chi Minh Sarani 8Th Floor, Kolkata, Calcutta, West Bengal	India
S1-772477871	James Great Churchill LLC	529 Mclane Avenue, Unit C, Morgantown, WV	US
S1-859824024	Lester Holdings	618 700, Franklin, IN	US
S1-870324568	Technologies Challa Infratech LLP	H. No. 63, Mudalgi, Near Farm House, Gokak, Belgaum, Karnataka	India
S1-418603831	Anand Software Private Limited	24, Ahmadabad City, Shop Gulab Towers Chs, Ltd., Near Someshwar-3, Ahmedabad, Gujarat	India
S1-156434442	Brina Gould, M.D., M.D., P.C.	83 Church Street, Shinnston, WV	US
S1-934278891	Atlas Inc	TN, 1557 Jackson Avenue, Memphis	US
S1-273577740	Abbey Gress Bright Bancshares	717 Johnson Street, City Of Beloit, WI	US
S1-479104895	White Montessori School	6475 O H Staley Road, Ramseur, NC	US
S1-94000755	S O Mustafa Maintenance Inc	2401 102 Dustin Avenue, Farmington, NM	US
S1-725688843	East Vision Infrastructure Private Limited	8-3-166/6 & 7 Flat No: 109 Bhavya Sree Arcade Erragadda, Hyderabad, Telangana	India
S1-898978749	Unique Green Technologies Private Limited	201, Peninsula Tower 1, Peninsula Corporate Park, Ganpatrao Kadam Marg, Lower Parel (W), Mumbai, Mumbai City, Maharashtra	India
S1-420646572	Perkins Municipal LLC	AL, 1816 16th Street, Birmingham	US
S1-450051574	Next Edible Private Limited	Khasra No. 321, Vrindavan Garden, Chipiyana Buzurg, F-8, Chhpyana, Ghaziabad, Uttar Pradesh	India
S1-116055552	Krishna Technologies Private Limited	S/No 182/1, At:- Rangpurda, Ta:- Kadi, Dist.:- Mehsana, Gujarat, Kadi, Mahesana	India
S1-232429906	Continental Tree	1119 Drake Road, Adams, TN	US
S1-984288942	Barger Diagnostics	1899 Marigold Road, Buchanan County, VA	US
S1-229925234	Cardiology Center	58 Western Drive, Pine Bluff, AR	US
S1-237387249	Leak's Advisory	207 Broadway Avenue, Clayton, NM	US
S1-594856766	Mathews Metropolitan Food	348 Faucette Mill Road, NC, Hillsborough	US
S1-239666870	Hari Foods Limited	Belgaum, Cts.7161/D Sect-10, Anjayneya Ngr, Karnataka, Belgaum	India
S1-532949078	Congregation Ministries	1567 Clinton Street, Decatur, IL	US
S1-249178917	Swot Mercantile Private Limited	Bangalore, No38/1, 10Th Cross, Bhuvaneshwar Nagar, Karnataka	India
S1-564576806	Liberty Bridge LLC	24 Jetmore Place, Oyster Bay, NY	US
S1-295507522	Bharati Realtors	375, Basement, I.P. Colo, Sector 30-33, Faridabad, Haryana	India
S1-142635061	Veerabhadra Traders Private Limited	Opp Kalyan Mill Naroda Road, Ahmedabad, 539/10, Ahmedabad, Gujarat	India
S1-270561962	Eastern Red Power Private Limited	Sr.No.15/2, Akshay Centre, Flat No.1, Near Khavansara Swimming Tank, Santosh Nagar, Thergaon, Pune, Maharashtra	India
S1-820341069	Maiya Sales Limited	3332, Gali Hari Mandir, Pahar Ganj, New Delhi, Delhi	India
S1-456050852	Bright & Brothers Private Limited	C/O Sarika Dixit, Sangam Vihar Colony Mani Ki Madaiya, Tundla, Firozabad, Uttar Pradesh	India
S1-138145607	Ear Nose & Throat Partners	9594 91, Town Of Nepeuskun, WI	US
S1-787090648	Alvinia's Grill	300 149, Cisco, TX	US
S1-33759109	Smith Capital	1006 Dallas Parkway, Prosper, TX	US
S1-215569100	Kalpana & Co	Warangal Urban, Telangana, Mahbubabad, 5-2-55/4 Venkateshwara Bazar	India
S1-184453368	Nirmal & Brothers Private Limited	No.6, Brigade Road, Bangalore., Karnataka	India
S1-579341677	Willette's Wellness	4708 Amesbury Lane, Sherman, TX	US
S1-22256181	Snead Health Center	783 Portland Road, Saco, ME	US
S1-73362103	Atlantic Learning Center	216 Foye Road, Wiscasset, ME	US
S1-394966323	Lewis Liberty Keystone PLLC	726 Monticello Avenue, Charlottesville City, VA	US
S1-55127929	Huber & Stevens LLC	209 Sims Lane, Wharton, TX	US
S1-576873208	Jones & Moynahan China Inc	1516 Garfield Street, Middletown, OH	US
S1-156170544	Cedyne	4233 Abingdon Trail, Mountain Brook, AL	US
S1-22064195	Willey Valley Lng	4 Gartner Road, Naperville, IL	US
S1-327379031	Heartland Atlas LLC	1080 Rosenkranz Road, Tieton, WA	US
S1-961803947	Fortune Infrastructure Pvt Ltd	S No.38/10B Suvarnarekha Prabhat Road, Pune, Maharashtra	India
S1-37980032	Tratech Inc	2518 Fitz Lee, Waller, TX	US
S1-293270287	Aditya Healthcare Private Limited	Plot No L.I-1114, Phase-Ii, Dumduma Hb Colony Khandagiri, Bhubaneswar, Khordha, Orissa	India
S1-441553689	Producer Enarr Constructions Private Limited	A/P - Nimbodi Tisgaon, Pathardi, Ahmednagar, Maharashtra	India
S1-610468999	Rapid Banc Inc	Evansville, 1606 Fountain Avenue, IN	US
S1-182487783	Dhanlaxmi Overseas Private Limited	36, Civil Lines, Jawaharpuri Chauraha, Budaun, Badaun, Uttar Pradesh	India
S1-229833939	Cardiology Partners	1130 Cala Corte, Rio Rico, AZ	US
S1-791840683	Western Viii Group	287 Michael Drive, Waynesboro, TN	US
S1-31005402	J P & B Alpine PC	2955 Turkey Neck Road, Swanton, MD	US
S1-205203193	Jpc Ice Private Limited	S No 46/47 Canal Road Nr Unnoctroi Naka Po Unn, Surat, Gujarat	India
S1-90661569	Pashupati (India) Financial Private Limited	711/92, Deepali, New Delhi, South Delhi, Delhi	India
S1-426871489	Sun Impex Private Limited	Hno-1-58/2/1/B, Chandanagar Village, Tirumalagiri, Hyderabad, Telangana	India
S1-79541646	Kenney Giant LP	23649 Geer Avenue, Hilmar, CA	US
S1-542516583	Sidynis Holdings Group LLC	1417 Prairie Creek Trail, Joliet, IL	US
S1-327821186	Lopez Great	2715 Washington Street, Grand Forks, ND	US
S1-893405646	Ferrora Point	5000 Princeton Avenue, Chicago, IL	US
S1-931148378	Jagat Developers Limited	Ff 25, Rishi Business Park Hoshangabad Road, Bhopal, Madhya Pradesh	India
S1-546205719	Platinum Couture LLC	2048 Hearn Drive, Royse City, TX	US
S1-948529630	Kahler Muniholdings of Burlington	1327 8th Street, Unit APT 1, Burlington, IA	US
S1-504091470	Industrial Telecom Industries LLC	603 Kossuth Street, Lafayette, IN	US
S1-526608061	XBP Foundries Private Limited	H-103, Riico Indl.Area, Bindayaka, Jaipur, Rajasthan	India
S1-519809852	Primary Care Partners	1468 Elmwood Avenue, Columbus, OH	US
S1-87192646	Moia	250 Floweree Avenue, Simms, MT	US
S1-489620749	Studio 34 Bike Shop	1725 Florence Avenue, New Albany, IN	US
S1-565040937	Womens Health Care	NY, Evans, 1382 Independence Drive	US
S1-832840688	Shiv Investments Pvt Ltd	304, Sushil Apartment Park Road, Kadam Kuan, Patna, Bihar	India
S1-156700330	Urban Bistro Group	7 Purdy Road, Wyocolo, WY	US
S1-665205997	Pediatric Health LLC	4732 Cabernet Circle, Colleyville, TX	US
S1-826305893	Vijay Logistics Private Limited	Sunshineglobalhospital, Manjalpur, Nr.Shreyasvidyalaya, B/H.Icicibank, Man, Jalpur, Baroda, Vadodara, Gujarat	India
S1-457629961	Jain Hospitality Private Limited	Xion-Psc Pacific Mall, Third Floor Shop No.312, Nr.Tulja Bhavani Mandir, Pune, Maharashtra	India
S1-561708622	Genesis Development Company	E253, East Of Kailash, New Delhi, Delhi	India
S1-773491387	Amaya Foundation Private Limited	Plot No. 144, Block No. 12, 2Nd Floor, Pandey Layout, Khamla, Nagpur, Maharashtra	India
S1-854167369	Imojean Panther Surgical LLC	5537 Cedar Lake Road, Jonesville, NC	US
S1-606308082	Golden Hospitality Private Limited	# C1-11, Commercial Building, Non-Processing Area Biac Sez, Pudimadaka Road, Atchutapuram, Mandal, Visakhapatnam, Vishakhapatnam, Andhra Pradesh	India
S1-63408121	Saint Chapel	636 Broadway, Boston, MA	US
S1-738720119	Horizon LLC	MN, 2979 Newton Avenue, Watertown	US
S1-801473375	Mumbai Habitat Pvt. Ltd.	102, Ganesh Smruti, Malviya Road, Vile Parle (East), Mumbai, Mumbai City, Maharashtra	India
S1-717225827	Spruce Pine Community Golden Center	NC, Spruce Pine, Unit F, 353 Fairway Lane	US
S1-383802304	Tana Whipple, D.D.S., DDS PC	Stephens City Town, VA, 125 Pittman Court	US
S1-328469895	Destination Industries Group Pvt Ltd	Patel Narayanappa Layout, Chunchagatta, 7Th Yalachenahalli, J. P Nagar, Karnataka, Bangalore, Bangalore North, No. 17	India
S1-35304823	L B & Z Dome	18401 Applio Claudio Drive, Pflugerville, TX	US
S1-170107782	West Management	2306 Viewmont Way, Seattle, WA	US
S1-532598206	Muvattupuzha Rerolling	Ground Floor, 242/D, Cosmos Building, Nh85, Ambalapadi, Muvattupuzha, Ernakulam, Kerala	India
S1-684140340	Rosebud Multitrade	Mohalla Kheprel Wali Gali, Shakti Nagar, Lions Colony, Chandausi, Chandausi, Moradabad, Uttar Pradesh	India
S1-522432989	Prime Hospitality Laboratories L.L.C.	109 Forest Avenue, Galax City, VA	US
S1-469917013	A P Guerrero Jaws Associates	9339 Tripp Avenue, Skokie, IL	US
S1-495628354	Karen's Machine Works	31 Bethel Road, Huntington, WV	US
S1-759823918	Vinar India Pvt Ltd	Apollo Complex, Opp. Jain Temple, Highway, Mehsana, Gujarat	India
S1-250603635	Galaxy Marketing	73 Rishabh Vihar, Delhi, East Delhi, Delhi	India
S1-128727387	U S & P Publishing	281 Jonathon Court, OH, Loveland	US
S1-329711226	Ardisj Simmerman Supreme Principal	7505 Ascot Avenue, Fayetteville, NC	US
S1-416907664	South Business LLP	P No 77/79, Balaji Enclav, Srinivasa Nagar Colony, Hakimpet, Tirumalagiri, Hyderabad, Telangana	India
S1-987127085	Historical Trust	46276 Concrete Sauk Valley Road, Concrete, WA	US
S1-963207755	Custom Labs	275 Westwood Lane, Redlands, CA	US
S1-132614041	Cultural Premier Association Ltd	440 Lagrange Street, West Lafayette, IN	US
S1-247465822	Prestige (India) Management LLP	Office 801, The Affaires, Plot No. 9, Sector- 17, Sanpada, Maharashtra, Navi Mumbai, Thane	India
S1-51485874	Sunrise Finance Private Limited	Gno 59 Hno 748 At Chimbali Tal Khed, Pune, Maharashtra	India
S1-379027403	Aguirre Holdings Group	217 Elm Creek Road, Voss, TX	US
S1-643241180	Horizon Precision Hancock, LLC	116 Saint Marys Place, Hamilton, MT	US
S1-336792158	Anchor Sciences	602 Clay Street, Frankfort, IN	US
S1-212282443	Peak Sachs LLC	VA, 3574 S Boston Highway, Pittsylvania County	US
S1-220741094	Department of Sanitation Inc.	17802 Sh 231, Nevada, OH	US
S1-276845143	Hitech Service Private Limited	132, Subhash Nagar, Ram Lila Road, Atarra, Banda, Uttar Pradesh	India
S1-547357013	Education Institute Inc	103 Indian Ridge Road, Mettawa, IL	US
S1-586954429	Spa Infracorp Private Limited	Flat No.-22, 2Nd Floor, Bldg No.-68-C Brindavan Society, Thane West, Thane, Maharashtra	India
S1-773521599	Darya Mertz Controls Corp	103 Price Road, Oak Ridge, TN	US
S1-614103923	Main Street Bike Shop, Inc	Westfield, IN, 15930 Sonnet Park Lane	US
S1-404339354	City Marketing Private Limited	Level 1 Suite7 Worldmark2, Asset 8 Aerocity Nh 8, New Delhi, South West Delhi, Delhi	India
S1-501743231	Vcare & Co	210, Chimawali, Debai, Bulandshahr, Debai, Bulandshahr, Uttar Pradesh	India
S1-444219092	Metro Metropolitan Kkr LLC	VA, 5370 Gatewood Road, Caroline County	US
S1-703784130	Williams Star Insurance Clinic	29 Turner Street, Unit APT 4, Portland, ME	US
S1-402012262	United Enterprises Private Limited	C/O Ashok Sandu Pawar A/P Chincholi Limbaji, Tq Kannad, Aurangabad, Maharashtra	India
S1-352199111	Mio Advisors Pvt. Ltd.	Thane, Kashmira Shelter Apartment, Behind Guardian School, Deslepada, 306, Kalyan, Maharashtra	India
S1-38057087	Sree Investment Private Limited	Motia Khan, Near Oriental Bank, Mandi Gobindgarh, Fatehgarhsahib, Fatehgarh Sahib, Punjab	India
S1-559541061	Krishna Investments Private Limited	Plot No 16 &17, Mallareddy, Nagar, Gajularamaram, Hyd, Hyderabad, Telangana	India
S1-16088554	Creative Holdings	4/26, Ground Floor, Shanti Niketan, New Delhi, Delhi	India
S1-468362843	First Care	No.1, Flat S2, First Street, Lalitha Nagar, Mugalivakkam Main Road, Madanandapuram, Porur, Chennai, Tamil Nadu	India
S1-433401610	Elkins Virtus	2713 Jeremy Court, Baltimore, MD	US
S1-739503137	Bright Pilates	963 Mayle Ridge Road, Cutler, OH	US
S1-589292418	Valley Homes LLC	46 Rhode Island Way, Cameron, NC	US
S1-579403936	Piedmont Elite Good	299 Spruce Road, Mamakating, NY	US
S1-268403849	Cosmopolitan Institute Ltd	M-13, Lgf South Extension Part 2, New Delhi, South Delhi, Delhi	India
S1-660946367	Trinity Ministries	8424 145th Street, Kenmore, WA	US
S1-939323000	East Hospitality Private Limited	Pt No. 202, Old Hafeezpet, Musab High School Road, Tirumalagiri, Hyderabad, Telangana	India
S1-983433639	Chopda International School Private Limited	520, Sasankom, Prasanth Nagar, Ulloor, Thiruvananthapuram, Thiruvananthapuram, Trivandrum, Kerala	India
S1-784467228	Ekvira Fuels Limited	No 33/1 Hanuman Nagar Ambegaon Kh Opp Ramdev Super Market, Pune, Maharashtra	India
S1-513122423	Montari Best LP	221 Szost Drive, Fairfield, CT	US
S1-922812179	Interstate Solutions	2907 Collingwood Street, Spring Lake, NC	US
S1-195908678	Golden Grill	6640 Fallbrook Place, Fl 1, Beaverton, OR	US
S1-334823192	Hanford, Parker & Nicholson of Washington	4411 Davenport Street, Washington, DC	US
S1-698018959	Select Precision Runway, LLC	25 Bob White Lane, Eastham, MA	US
S1-944924927	Caldola Independence	2845 Saint Marys Street, Sioux City, IA	US
S1-557931286	Siddharth Detective Private Limited	66/4971/A17, 7Th Floor, Alapatt Heritage Building, Mg Road, Kochi, Ernakulam, Kerala	India
S1-717410664	Mountain Foundation	960 E 53rd St, Unit STE 4B, Davenport, IA	US
S1-342076587	Cascade LLC	4516 Wassom Avenue, Sioux Falls, SD	US
S1-965542827	Jsr Fashions Private Limited	Plot No 5 Safalanand Socy Anand Nagar Hingane, Pune, Maharashtra	India
S1-514440966	Vision Center of Reisterstown LLC	MD, 1025 Marshane Road, Reisterstown	US
S1-237957915	Slade, Garcia and Reynolds Dime LLC	9551 Kings Charter Drive, Hanover County, VA	US
S1-765627651	Lynx PLLC	1798 Ranch Road, Taylor, AZ	US
S1-658119104	Litecia Interests LLC	1110 Austin Road, Spokane, WA	US
S1-375206446	Stephens Shanghai	713 Central Avenue, Valley City, ND	US
S1-738867041	Luxe Healthcare Group	Ground Floor, Plot 64, Sector 44, Gurgaon, Haryana	India
S1-203469676	Silver Hypnosis	314 Stratford Place, Bloomingdale, IL	US
S1-731241861	Sree Hospitality Private Limited	3Rd Floor, Patna, Bihar, Patna, Manikunj Apartment, S.K.Nagar Road No. - 21, Kidwaipuri	India
S1-638508447	Saint Emanuel LP	1260 Harmony Circle, Unit 2, Weatherford, TX	US
S1-380174722	New Delhi Legal Private Limited	New Delhi, Delhi, Central Delhi, 11 Ram Bhawan Gali No 3Sri Nagar Shakurbasti	India
S1-810832046	FF Marketing LLC	605 Ewing Avenue, Unit 1304, Nashville, TN	US
S1-203927850	Eastern Royal	Leonard, MN, 25151 Glacier Road	US
S1-934593971	Gold Properties Private Limited	Bid, Maharashtra, Beed, Beed Pangeri Road	India
S1-148680397	Oswal (India) Links Limited	C 23, Gulmohar Park New Delhi, New Delhi, South Delhi, Delhi	India
S1-193324066	Precision Superior Apogee LLC	41 Snyderwoods Court, Amherst, NY	US
S1-288945749	Roxine White Clean Optics LLC	2700 Pine Tree Road, Unit 4003, Atlanta, GA	US
S1-269961750	Frontier Group	1620 Ahrens Street, City Of Manitowoc, WI	US
S1-699334488	Allied Trust LLC	108 Industry Lane, Forest Hill, MD	US
S1-445041093	Watts and Keyser	3709 102nd Street Court, Gig Harbor, WA	US
S1-76379869	2343 Lincoln Way Partners LLC	TN, Murfreesboro, 1336 Von Hallen Court	US
S1-37851002	Anchor Stores, Inc	410 Longenecker Road, Juniata Township, PA	US
S1-898794158	Colours Trade Private Limited	G-22 Lajpat Nagar-Iii Basment, New Delhi, South Delhi, Delhi	India
S1-630087116	Sandoval Ace Telecommunication Inc	MA, Taunton, 16 Barry Drive	US
S1-42527756	Stephanie's Publishing LLC	Gatlinburg, 974 Cottage Gardens Way, TN	US
S1-731177158	Promo It Pvt Ltd	24, Park Street, Anuj Chamber 3Rd Floor, Unit- 3B, Kolkata, Kolkata, Howrah, West Bengal	India
S1-905697466	Hayslett & Broussard Acres, LLC	11816 Hillcrest Drive, Lemont, IL	US
S1-309313759	Siva Solutions	Indira Nagar, Khairatabad, Hyderabad, H No. 6-1-463, Telangana	India
S1-626132042	One Technology	Mig 19, B.D.A. Colony Nainital Road, Bareilly, Uttar Pradesh	India
S1-654664372	CJ Summit Immersion PLLC	1249 Randolph Avenue, MA, Milton	US
S1-547372291	Osia Freight Private Limited	Off. No. 405, Greens Centre, Opp. Pudumjee Mills, Thergaon, Chinchwad, Pune City, Pune, Maharashtra	India
S1-68440855	Mp Public School Pvt Ltd	93/3/1C Acharya Prafulla Chandra Road, Kolkata, Calcutta, West Bengal	India
S1-175343424	Hewitt & Gering Property Solutions Partners	136 1/2 7th Street, Richmond, IN	US
S1-329232505	Sunrise Energy Private Limited	Plot No. 45, Ida, Kattedan, Rajendranagar, Hyderabad, Telangana	India
S1-221657919	Perfect Pharmaceuticals Private Limited	405 Aasthanopp Polytechnic Ambawadi, Ahmedabad, Gujarat	India
S1-901751093	Oreilly & Zane Inc	429 Hiawatha Boulevard, Syracuse, NY	US
S1-42740164	Heritage Committee II	5362 3rd Street, Tucson, AZ	US
S1-910911722	Spangler Choice Pono Inc	53 Payne Street, Quincy, MA	US
S1-629143257	Carter & Cabrera Brookfield LLC	105 Flushing Avenue, Fairfield, CT	US
S1-750943283	Simpson, Mall & Ward Sterling, Inc	253 Mill Street, Unit Apartment 7, Springfield, OR	US
S1-118162090	Gandhidham India LLP	Plot 08-1/2 Akarni No 301, Opp Galpadar Talav, Gandhidham, Kachchh, Gujarat	India
S1-444824824	Lilois	933 Spurlington Church Road, Campbellsville, KY	US
S1-663423205	Capital Anchor Chimera Corp	566 Lake Shore Road, Putnam Valley, NY	US
S1-663821750	Smart Foods Private Limited	E-1091, Rajajipuram Avas Vikas Colony, S.O, Lucknow, Uttar Pradesh	India
S1-687797756	Hilite College Private Limited	# 1023 Sy No, 18/1B, Big Banyan Roots, (Apt 507) Near Carmelarm Railway Station, Doddakan, Nelli, Bangalore, Karnataka	India
S1-331317530	Extreme Associates Limited	9, Pushpak Bldg, Linking Rd, Santacruz West, Mumbai, Maharashtra	India
S1-813484165	Angeles, Kennedy & Creech	415 Lowell Street, Unit 302, Wakefield, MA	US
S1-36768393	PR Technologies Private Limited	94C Govintha Goundar Thottam, Peramanur, Salem, Tamil Nadu	India
S1-603262064	Aditya Software Private Limited	11 R N Mukherjee Road, Kolkata, Calcutta, West Bengal	India
S1-128583881	Dynamic California LLC	2214 Buchanan Street, Wichita Falls, TX	US
S1-11619357	All Xflh LLC	15913 4th Avenue, Unit A-108, Spokane Valley, WA	US
S1-498590545	Hernandez and Heck Figx	267 1015, Cunningham, KY	US
S1-884370306	Pinnacle Best Financial LLC	1606 Jefferson Street, Wenatchee, WA	US
S1-857127779	Supreme Garments Private Limited	0501Pataudi House, New Delhi, Central Delhi, Delhi	India
S1-178832461	Krisp Diagnostic LLP	110, 1St Floor, Mig-1, Ph-5 B/S Community Hall Self Finance Colony, Vanasthali Puram, Hyderabad, Telangana	India
S1-62869051	Liberati Patriot Medicine LLC	212 Birch Drive, Union, NE	US
S1-997895027	Metro Society LLC	2707 St Clair Place, Bellingham, WA	US
S1-459212289	Trambak Vidyalaya	Sanghvi Jewels, 2Nd-3, Opp.Hindu Cemetery, Malad West, Mumbai, Maharashtra	India
S1-203904784	Srijan Foundation	Jawara, Panipat, Haryana	India
S1-402880246	North My Consulting Private Limited	Shop No.3677/3 Adalat Bazar, Patiala, Punjab, Modi College Area	India
S1-366580812	Sapphire Shipping LLC	4124 Hope Street, Bremerton, WA	US
S1-961872305	VTD Patriot Maywood LLC	628 Wetherington Landing Road, Unit 80, Stella, NC	US
S1-398827112	Shakti Indo Logistics Limited	Hno 338, Shewalewadi, Manchar Tal Ambegaon, Ambegaon, Pune, Maharashtra	India
S1-860958791	Powell's Federal Engineering	7034 Laurel Grove Road, Preston, MD	US
S1-791962937	Weal Educational Society LLP	127, Jolly Maker Chambers No.2 Nariman Point, Mumbai, Mumbai City, Maharashtra	India
S1-541210591	Global Program	10942 252nd Place, Kent, WA	US
S1-328725930	Mitchell Smart Urban	1840 Estrada Parkway, Unit 1111, Irving, TX	US
S1-707034447	Delta Coalition II	5622 Parkwood Boulevard, Sylvania, OH	US
S1-730756396	Brown Peak Senior LLC	10378 E Park Avenue, Houma, LA	US
S1-564446786	Grace Methodist Church	Columbia City, IN, 5711 Beaver Run	US
S1-566342825	Putnam Muniholdings	1600 Riverdale Road, Unit 32, Rock Falls, IL	US
S1-330791980	Pacific Advanced Hamilton Inc	2320 Silverton Drive, AZ, Flagstaff	US
S1-861246804	Argo Consultants Pvt Ltd	103, 16Th Cross, Jp Nagar 4Th Phase, Bangalore South, Bangalore, Karnataka	India
S1-388421922	Emlynn Guill Communications Inc	1299 Grover Smith Road, Baker, WV	US
S1-717684530	Big Ice Cream	28 Winds Drive, Lebanon, ME	US
S1-763093674	Gujarat Finance Private Limited	B-34, F/F Kh-185 Paryavaran Complex, South West Delhi, Delhi	India
S1-785247095	XUN Seas, Inc	1631 187th Street, Homewood, IL	US
S1-297888731	Sekhon India Pvt Ltd	Room No 101, Wing D, Shripal Co Op Housing Soc, Hendre Pada, Near Sai Sham Mandir, Badlap, Ur, Thane, Maharashtra	India
S1-708840671	Logan, Reyes & Cruz Semiconductor Inc	939 Elmville Road, Peebles, OH	US
S1-341313267	IGY Exporters Co	No 1, Siri Plaza Pillutla Road, Piduguralla, Guntur, Andhra Pradesh	India
S1-130538934	Empire Pioneer Bank	1822 Talman Avenue, Chicago, IL	US
S1-132389946	Bloomfield Dental Physicians Inc	1900 SP D3 Blanco Boulevard, Bloomfield, NM	US
S1-624913086	Bhandari Engineering Private Limited	Iv/ 232, Edavanakad Panchayath, Edavanakad, Vachakkal, Kochi, Ernakulam, Kerala	India
S1-685711622	Ingaborg Norvell Peak Rmg	1906 N Shore Road, Lake Oswego, OR	US
S1-182040215	Shakti Multiverse Private Limited	53/1712A, Thirumullavaram Kangathu Junction, Kollam, Kerala	India
S1-370780024	Richardson Futurewave Inc	10211 Portland Avenue, Bloomington, MN	US
S1-995385835	New Services Private Limited	Takarkheda Tq Daryapur, Waki Raipr, Bhatkuli, Amravati, Maharashtra	India
S1-884852158	North Business Private Limited	B-5 / 13, Azaad Apartments, Sri Aurobindo Marg, New Delhi, South Delhi, Delhi	India
S1-563034288	Horizon Packaging Products	145 North Street, Erving, MA	US
S1-73290629	Metro Council VI LLC	1609 Brighton Lane, Joliet, IL	US
S1-439456350	Maud's Massage	37 Overton Street, Freeport, NY	US
S1-599217948	Martin, Coleman and Hickman Opportunities LLC	273 Washington Circle, TN, Pulaski	US
S1-519191116	Rapid Industrial Industries	548 Vt Route 313, Arlington, VT	US
S1-7501858	Jarlari Series Inc.	2905 Madison Avenue, New Bern, NC	US
S1-798417294	Yarlagadda Foods Private Limited	New Delhi, Unit No.-209, Asaf Ali Road, Delhi, Plot No.-9, S/F Vardhman City Plaza Commercial Complx	India
S1-578958991	Rosalyn G. Brennan, L.C.S.W. LLC	1736 Cleveland Avenue, Canton, OH	US
S1-343759830	Media Govinda Solution LLP	5 Fancylane 8Th Floor, Kolkata, Calcutta, West Bengal	India
S1-876131193	Happy Auto Body	2150 4th Street, Unit F, Columbus, OH	US
S1-706091947	Southern and Nichols Biotechnology, Inc.	4740 Sassafras Lane, Naperville, IL	US
S1-351991298	Williams, Dsouza & Campbell	1591 Sterling Place, Brooklyn, NY	US
S1-15988024	Western Desert California	OK, 833 Florence Avenue, Tulsa	US
S1-286936515	Classic Energy Limited	C/O Geekay Agropack, Door No.38/2, Jakkasandra, Nelamangala, Bangalore Rural, Karnataka	India
S1-998839384	Shiv Consulting Private Limited	Bihar, Pawnakothi Parmar Complex South Ramna Road, Ara, Bhojpur	India
S1-349252455	Pat Modeste Metro System LLC	8100 Turning Leaf Circle, Leander, TX	US
S1-628420838	Vidor Tire Shop	19258 Interstate Highway 10, Vidor, TX	US
S1-367759214	Applied Broadcast Services	1022 Parker Road, Unit Apt B, Russellville, AR	US
S1-385417581	Maxie Garcia Signature Industries of Pine Knoll Shores Inc	NC, Pine Knoll Shores, 525 Salter Path Road, Unit 1	US
S1-780721514	Rapid Energy Company	165 Skyline Drive, Madison, IN	US
S1-249565220	Concept (India) Edges Private Limited	G-7, Ground Floor Sequiera Jewel, Kottara, Mangalore, Dakshina Kannada, Karnataka	India
S1-911857432	Future Business Private Limited	C/O U.Subbamma A.K.Nagar, Nellore, Andhra Pradesh	India
S1-982023557	Qulinet Debt Inc	18 Belden Court, New London, CT	US
S1-160599021	Indus & Co	5 Boudha Vikas Chs Ltd, Shivshrushi Kurla E Nr S, Mumbai, Maharashtra	India
S1-283862331	Mithila Craft Private Limited	D No.7-18-15, Plot-46A, Third Floor, Sagar Dweepa Apartments, Kirlampudi Layo, Ut, Visakhapatnam, Vishakhapatnam, Andhra Pradesh	India
S1-962834023	Hayes, Bekki, DMD	891 Boston Road, Unit 3305, Haverhill, MA	US
S1-757705939	Seor Express Qdro LLC	2512 Wellington Way, Hatfield Township, PA	US
S1-162228761	Back Alley Pizza	3 B Spy Glass Circle, Hope Valley, RI	US
S1-912407383	Western Select Templeton Inc	101 Campaign Drive, Unit A, Mebane, NC	US
S1-286048684	Big Tavern	41170 Coventry Street, Newberry Springs, CA	US
S1-791002025	Western Horizon Grupo Inc	4034 Wolf Creek Road, Yeaddis, KY	US
S1-628608647	Swastik Builders Private Limited	Flat No.A-309, Gat No.34/1, Meghraj Nisarg, Haveli, Haveli, Pune, Maharashtra	India
S1-970877306	OAJ Crescent LLC	505 281, Tully, NY	US
S1-614373825	Metro Innovations Private Limited	House No. 101, Ashwati Colony, Ballabgarh, Faridabad, Haryana	India
S1-733632562	Anand Enterprises	A-166/A Ground Floor, Delhi, New Delhi, South Delhi, Main Devli Road	India
S1-668864363	Metropolitan Processing Inc	6448 Sugar Pine Trail, Marana, AZ	US
S1-905307384	Shreeram Solutions Limited	2-Cha-33, Jaipur, Rajasthan	India
S1-993266174	Universal Infra Pvt Ltd	1St Floor, 22Nd Cross, Govindarajanagar Near Housing Board Bridge, 1774, Bangalore, Karnataka, Bangalore North	India
S1-655012993	Dickinson Spartacus Inc	10434 545, Troy, IN	US
S1-94903824	Life Ventures Limited	C/O Nilesh Ramdas Raut Virhit Bpl Pinjar Center, Akola, Maharashtra	India
S1-232356747	Good Enterprises Private Limited	Syno-433, Plot-7, Flat-B, 5, 5Th Floor, Ghod Dod Road, Surat, Gujarat	India
S1-89606088	Barton Assets LLC	Huntsville, AL, 3609 Penny Street	US
S1-767465849	Hj Advisory Pvt. Ltd.	No.83, Gruhalakshmi Colony, 2 Stage, 4Th C Kamalanagr, Bangalore North, Bangalore, Karnataka	India
S1-316052283	White & Co	C-704, Apple Harmony, Nr. Rivera, Mota Varachha, Chorasi, Surat, Gujarat	India
S1-576138767	Summit League LLC	4208 Wisconsin Avenue, Stickney, IL	US
S1-812302635	Coimbatore South Designer Pvt. Ltd.	No.1175, Sungam Circle, Trichy Road, Coimbatore South, Coimbatore, Tamil Nadu	India
S1-470302312	Gill Global Corporation	1319 Hawthorne Drive, Chesapeake City, VA	US
S1-186624173	LS Systems Pvt Ltd	294, Rajdhani Enclave, Pitam Pura, North West, Delhi	India
S1-15864300	Salisbury Flexible LLC	10 Pleasant Street, Unit 316, Lynn, MA	US
S1-533255137	Marubhumi Metals	Appanaickenpatti, Sulur(Tk), 3/18, Coimbatore, Tamil Nadu, Coimbatore	India
S1-500753486	Mysore Trading Limited	Shop (Comm), 447, Sec-3-C, Mandi, Gobindgarh, Mandi Gobindgarh, Fatehgarh Sahib, Punjab	India
S1-272566124	Ear Nose & Throat Care Associates	255 Clapp Farms Road, Greensboro, NC	US
S1-673991351	Shelbyville Historical Complete Center	2505 Countryside Westview Drive, Shelbyville, IN	US
S1-381826718	Walsh's Signs Inc	204 Buckskin Road, Roundup, MT	US
S1-561124180	Leone Trusted Restaurant-Simi Valley	3433 Wichita Falls Avenue, Simi Valley, CA	US
S1-100871594	Z & M International	223848 Lakeshore Drive, Village Of Rib Mountain, WI	US
S1-339245546	Alvarado Holdings Group Inc	4452 601, Clayton, IN	US
S1-549026919	New Delhi Infosoft Pvt. Ltd.	Central Delhi, Delhi, Flat No-904-905, 9Th Floor, Narain Manzil Building, 23, Barakhamba Road, New Delhi	India
S1-935106471	Glyphic Sea Inc	1223 Verde Street, Tacoma, WA	US
S1-352858418	Keystone & Brothers Private Limited	Plot No. 9, Cross Wind Homes, Near Lodhi Club Road, Guru Amar Dass Nag, Ar, Ludhiana, Punjab	India
S1-819528904	Chandrin Solutions Pvt Ltd	14, N.S.Road 4Th Floor, Kolkata, Kolkata, Howrah, West Bengal	India
S1-903072315	Sudha & Sons	No.119, First Floor, Abdul Razak Tower, 17, Cutchery Road, Mayiladuthurai, Nagapattinam, Tamil Nadu	India
S1-105704322	Ivory Hammon Pharmaceuticals LLC	909 David Drive, AL, Montgomery	US
S1-907724361	Hyderabad Project Private Limited	Plot No.1-62/188 & 189, Kavuri Hills, Phase - Ii, Madhapur, Hyderabad, Telangana	India
S1-637096784	New Smart Infrastructure Private Limited	No.44, Metha Nagar Madhavaram Milk Colony, Chennai, Tamil Nadu	India
S1-769824570	City Impex Private Limited	503, Silver Ark Chs Ltd, 62 Convent Avenue Near St. Tresa Convent, Santa Cruz West, Mumbai, Mumbai City, Maharashtra	India
S1-699628406	Midwest Immunopharma Inc	778 Old Friendship Road, Rock Hill, SC	US
S1-963253405	Upper Source	181 7967, Mineola, TX	US
S1-64843103	Bangalore North Infraproject Company	Shop No. 02, Basement Floor, Site No. 1762, Dr. Rajkumar Road, (80 Ft Chord Road) Opp Navarang Theatre, Bangalore North, Bangalore, Karnataka	India
S1-285056899	Quality Consumer	930 Vicki Path, Tallmadge, OH	US
S1-100031760	Olanify Capital Inc	1625 Columbus Lane, Tucson, AZ	US
S1-490025322	Consuela Crandall Signature Tokyo, Inc	4123 Southport Road, IL, Peoria	US
S1-692155195	Classic Technologies Private Limited	B-2/80 2Nd Floor, Paschim Vihar, Delhi	India
S1-643028502	Ibby Looney Airlines Inc	307 Ave F, South Houston, TX	US
S1-349747871	Homestead Infrabiz LLP	Shop No.16, Vedant Sankul, Old Pune-Nasik Road, Opposite Abhudaya Bank, Chakan, Tal-Khed, Pune, Maharashtra	India
S1-803285507	Constantino and Wong Lodging	6101 Honeysuckle Road, Midlothian, TX	US
S1-716452036	Larios Elite Opportunities Inc	MN, 2312 Mckenney Way, North Saint Paul	US
S1-349682358	Sree Metal Corporation	'Golden Elite' # 96/A B M Road, Opp. To Rmc Yard, Kushalnagar, Kodagu, Karnataka	India
S1-344457747	Community Center LP	33002 Sr 833, Pomeroy, OH	US
S1-921678422	Stoltz Biotech LLC	14307 Kildare Avenue, Midlothian, IL	US
S1-704555461	SGH Buildtech Pvt. Ltd.	Shop Mo 299 Kachinikat Madina Chowk Tehsil, Sadar Muzaffar Nagar, Muzaffarnagar, Uttar Pradesh	India
S1-6392409	Internal Medicine Diamond Physicians LLC	35224 Elm Lane, CA, Yucaipa	US
S1-742291830	Jyoti Weiner Midland	Dallas, TX, 2802 Highwood Drive	US
S1-595447092	Bozarth Creative Willow LLC	2624 39th Street, Lorain, OH	US
S1-783443974	Poddar Law Chambers	No.26, 3Rd Main Road, Nanganallur, Chennai, Chennai, Tamil Nadu	India
S1-41347791	Smart Foods Private Limited	Door No.2/9, Mamsapuram, Sivakasi, Virudhunagar, Tamil Nadu	India
S1-435926297	Dream Builders Private Limited	19 J N Heredia Margballard Estate Fort, Mumbai, Mumbai City, Maharashtra	India
S1-18910739	Lorain Smith Bright Texas Group	Albemarle County, VA, 845 Campbell Road	US
S1-299052930	Red Infotech Private Limited	Mogiligidda Vill, Shadnagar, Farooqnagar Mandal, Hyd. T.S., Hyderabad, Telangana, Survey No:114, Hyderabad	India
S1-679352891	Womens Health Clinic, LLC	3302 Olympus Drive, Bremerton, WA	US
S1-238616702	Maribel Kirton Advantage LLC	TN, 2846 Jesse Court, Spring Hill	US
S1-666889205	Pioneer Food Limited	No 3, Subramanya Complex, Opp Someshwaratemple, Fort, Kolar, Karnataka	India
S1-660767005	Harbor Program	5303 Somerset Drive, Bellevue, WA	US
S1-846469801	Diaz, Hernandez and Crow LLC	509 Greenwood Street, Terrell, TX	US
S1-113362309	Murray & Chao Montreal LLC	10 Karen's Way, Berkley, MA	US
S1-891169718	Allied Galaxyedge, LLC	76 Union Avenue, Amityville, NY	US
S1-753008833	Tesco Retail Care	18/C East Kamla Nagar, Post Piplani, Bhopal, Madhya Pradesh	India
S1-569535373	Cunningham Airlines	33 Fairfax Road, Rochester, NY	US
S1-944238334	Palghar Builders LLP	C/10, Shobha Palace, Achole Road, Nallasopara East, Palghar, Thane, Maharashtra	India
S1-572531340	Lower Blue Sachs LLC	3094 Fernheath Lane, Costa Mesa, CA	US
S1-829700977	Integrated Metro	1857 Oates Street, Dothan, AL	US
S1-606524570	Coastal Capital Western London	2234 Robinson Creek Road, London, KY	US
S1-605603664	North Developers Private Limited	Door No. 33/2910 L3, Tower 1 1103, Empress Garden, Vennala, Ernakulam, Kerala	India
S1-266181248	Blue Ready Associates	TN, 3136 Rocky Top Road, Unit 605, Johnson City	US
S1-591633166	Advanced Vista	Lincoln, 3315 79th Street, NE	US
S1-990744864	All Hospitality Private Limited	1101, Tower B, Peninsula Business Park, Ganpatrao Kadam Marg, Lower Parel, Mumbai, Mumbai City, Maharashtra	India
S1-987064680	Apex Enterprises Private Limited	J-1/29-F No C-5 S/F Khirki Extn, New Delhi, Delhi	India
S1-450494492	Unified Staffing Partners Care	2002 Thorndyke Avenue, Seattle, WA	US
S1-112611532	Equinox Interactive L.L.C.	158 County Road 2191, Cleveland, TX	US
S1-881139324	Esoft Consultants Private Limited	1777, Trichy Road, Olympus Ramanathapuram, Coimbatore, Tamil Nadu	India
S1-536135229	Premier Trading Limited	Flat No.-503, Venkateshwara Residency Vivekanandapuri Road No.-4, Karimnagar, Telangana	India
S1-100183447	Happy Pub	43 Lantern Lane, Lexington, NC	US
S1-847765411	Gateway Suppliers Corporation	Vishwakarma Colony, Khanpur, South Delhi, Delhi, A-3, New Delhi	India
S1-875712430	Diamond Colonial Systems LLC	11316 Biscayne Drive, Albuquerque, NM	US
S1-733095049	S R & C Interiors PLLC	448 Marble Court, Gallatin, TN	US
S1-128682165	Agrow & Co	No.10/11, Chennai, Chennai., Tamil Nadu, Umperson Street, Iiird Floor, Broadway, Chennai.	India
S1-408387189	Highland Society	330 Brownell Avenue, Napoleon, OH	US
S1-360740597	Optex Goldman LLC	1532 Drexal Drive, Waxahachie, TX	US
S1-719489629	Bhartiya Entertainment Pvt Ltd	C/O Rajendra Kr. S/O Chandra Mohan Saroj Nagar, Etah Chungi, Aligarh, Uttar Pradesh	India
S1-592714258	ODP Industrial Pvt. Ltd.	H.No - 1, Kamalpur Mahpara (Post), Darbhanga, Bihar	India
S1-494061661	Yash Society Limited	B-53, Sector 7, Noida, Gautam Buddha Nagar, Uttar Pradesh	India
S1-262027526	Buify Complete Communities	VA, York County, 134 Bronco Lane	US
S1-349783145	Southern Systems Private Limited	Haryana, Plot No -20, Sector-44, Gurugram, Dlf Qe, Gurgaon	India
S1-466626782	Churchton Orthopedic Strategic Health	1222 Delaware Avenue, Churchton, MD, Fl 0	US
S1-218542865	Jobie's Home Care LLC	23 Doctor Drive, Mamakating, NY	US
S1-699156129	First Infra Private Limited	C/O Chandrika S/Oramraj, M, Mohiuddinpur, Azamgarh, Burhanpur, Azamgarh, Uttar Pradesh	India
S1-407157765	Cartwright's Capital LP	2410 Golden Oaks Drive, Garland, TX	US
S1-870231230	C & F Origin	200 Woodcrest Drive, NC, Youngsville	US
S1-451391137	A Express Cell Inc	6367 Rustic Edge Street, Godley, TX	US
S1-979090438	Bieber Regional Obic, LLC	5508 Ivy Bush Lane, Spotsylvania County, VA	US
S1-109075354	Legacy Realty	9092 Sycamore Avenue, Unit UNIT 202, Montclair, CA	US
S1-480431719	AD Midwest Fund LLC	NC, 3612 Hemphill Road, Waynesville	US
S1-401850208	Rajasthan Andtrading Limited	1/12, New Sonal Industrial Estate, Link Road Malad (West), Mumbai, Mumbai City, Maharashtra	India
S1-121356162	Haynes Transalta Inc	2515 Lear Way, Cambridge, MD	US
S1-463263306	Spectrum Foods Private Limited	7/22-C, Tilak Nagar, Swarup Nagar, Kanpur Nagar, Uttar Pradesh	India
S1-542090549	Apex Foods Private Limited	782, Patel Building, Ground Floor, No. 4, M. Joshi Road, Dadar Parsi Colony, Dadar - East, Mumbai, Maharashtra	India
S1-381744765	Chi Development Private Limited	Ratandeep Co-Op Soc, Byramji Town, Nagpur, Maharashtra	India
S1-581682971	Bharat Technologies Private Limited	13-Abul Fazal Road Bengalimarket, New Delhi, Central Delhi, Delhi	India
S1-90531143	Roofers Estates Company	507 Bikaji Bhawan Bhikaji Cama Place, New Delhi, West Delhi, Delhi	India
S1-932025552	Willard Nexpoint LLC	6384 221st Street, Quenemo, KS	US
S1-321055248	Digital Heritage Pvt. Ltd.	S.N. 39/1A/39/2/1/1, Fl-7, Ganesh Apts, Wadgaon Bk, Pune City, Pune, Maharashtra	India
S1-405758637	Mind Medical Centre	Unit-I Portion Of No.2608, 27Th Main, 1St Sector, H.S.R. Layout, Bangalore, Bangalore, Karnataka	India
S1-598879454	Urology Advanced Health LLC	77 Parrish Drive, Amherst, NY	US
S1-941889118	Lozada Management LLC	5 Shelbys Path, Unit APARTMENT F, Sparks Glencoe, MD	US
S1-704793451	Hirsch Platinum Midland	2305 Plaza Boulevard, Unit 1203, Richardson, TX	US
S1-309676106	Sanjay Hospitality Limited	P No. 364, Pragathi Nagar Opp: Jntu, Kukatpally, Hyderabad, Telangana	India
S1-653949509	Bengaluru Info Limited	Impacthouse, Plotno.133-C, Nexttolegendaptsst.Anthonys Street, Vakola, Santacruz(Ea, St), Mumbai, Maharashtra	India
S1-648134117	Cole & Nichols Industries Inc	11606 Ivystone Court, Unit CND 6A2, Fairfax County, VA	US
S1-586587634	Atlantic Opportunities LLC	1182 Long Hollow Pike, Unit C4, Gallatin, TN	US
S1-109577736	Catherin Smith Teucrium	1370 Bank Drive, Schaumburg, IL	US
S1-249312450	KH Solution Private Limited	No.918 T H Road Thiruvottriyur, Chennai, Tamil Nadu	India
S1-162152046	Nagya Construction Private Limited	A-807, Synergy Tower, Corporate Road, Nr. Vodafone House, Ahmadabad City, Ahmedabad, Gujarat	India
S1-828816341	Caseify Interests	TN, 706 204 Mandalay Road, Paris	US
S1-132646503	Merry Investments PLLC	8 Lakeway Lane, Harwich, MA	US
S1-545174604	Lamprecht Canada	185 Elberon Avenue, Pittsfield, MA	US
S1-144526611	Digital Developers Pvt Ltd	Planters Store & Agency, Sevoke Road, Siliguri, Siliguri, Darjeeling, West Bengal	India
S1-444022954	Tej Logistics Pvt Ltd	Bldg Cts No 69 1 To 4 Of, 102 Sheetal View Parijat, Mumbai, Maharashtra, Goregaon East	India
S1-506983353	Beacon Cdt, LLC	41 Sunset Avenue, Amityville, NY	US
S1-741657382	Mahaveer Clothing (India) City Ahmedabad	402, Sutariya Complex, 23 Maharastra Society, Nr. S.C.G Hospital, City Ahmedabad, Ahmedabad, Gujarat	India
S1-340582163	UY It Limited	97-98, Samarth Nagar, Near Housing Board, Pali Mwr, Pali, Rajasthan	India
S1-664008499	Mercurio Empire Guggenheim PC	330 Cunat Boulevard, Unit 1A, Richmond, IL	US
S1-611391271	Evans Health Center Clinic	NY, Brookhaven, 71 Parkside Avenue	US
S1-30603515	Grand Signature Eureka LLC	2135 Mc Parland Court, Carrollton, TX	US
S1-300894815	Orthopedic Health	590 Bradford Court, Elmore, OH	US
S1-580265425	New Delhi Bb Limited	New Delhi, Delhi, New Delhi, Ist Floor, Ranjet Nagar, South Patel Nagar Near Siddarth Hotel, New Delhi, 3393	India
S1-462123041	Star Logistics Private Limited	Indore, 151, Indore, Madhya Pradesh, M.T., Cloth Market	India
S1-476367931	Cleghorn & Bakke Clinic	8573 Woody Way, Highlands Ranch, CO	US
S1-802139641	Paradise Rubber Pvt Ltd	No.161, 15Th Main, 2Nd Block, Bsk 1St Stage, Bangalore South, Bangalore, Karnataka	India
S1-215643712	Martin Bay Bhav Inc.	5 The Mews, Westport, CT	US
S1-374085576	G 9 L Mercator LLC	1585 California Street, Unit 5304, Redding, CA	US
S1-171506730	Garage & Brothers Private Limited	1-2-64/3, 1-2-64/3/1 And 1-2-64/3/2, Parklane, Kalasiguda, Hyderabad, Telangana	India
S1-423492951	Halloran Creative Pinnacle LLC	7052 Lincoln Street, Peoria, AZ	US
S1-291351440	T 9 Precision Adr Inc	490 Tetrault Road, Kalispell, MT	US
S1-424988919	Bricklayers Local 737	406 Marginal Road, Oyster Bay, NY	US
S1-204507879	Ulmer, Hutchins and Martinez LLC	1141 Wild Prairie Dr, Iowa City, IA	US
S1-419737646	Singhal Services Private Limited	13, Palam Marg, Vasant Vihar, New Delhi, South Delhi, Delhi	India
S1-130685750	Reynolds Transport LLC	Shelton, 1344 Arcadia Road, WA	US
S1-243418698	Vision Estate Limited	North 24 Parganas, Manindrani, Flat No-408 Rabindrapally, C/O Dolli Dey, West Bengal, D B Nagr	India
S1-929864548	Midwest Israel	405 Alden Avenue, Unit D, Columbus, OH	US
S1-433938089	BN Technologies Private Limited	105, Kanungo Park, Kolkata, South 24 Parganas, West Bengal	India
S1-31617447	Saix Omega Inc	858 Belt Line Road, Garland, TX	US
S1-989028207	Lucknow Point	49-A, Krishna Nagar, Lucknow, Uttar Pradesh	India
S1-156845192	Mountain Mining Inc.	2027 Jefferson Avenue, Huntington, WV	US
S1-837053082	Commission on Parks and Recreation	55 Primrose Lane, Amherst, NY	US
S1-227285513	#Zion Japan LLC	486 19, Ashley, IN	US
S1-248378307	UZC Instruments Limited	52 Andul Road, P.S. - Sankrail, Howrah, West Bengal	India
S1-222740284	Jimenez Lab	1104 Mckee Drive, Albuquerque, NM	US
S1-795657339	Tech Salt Constructions	No.150, 12Th Cross, J P Nagar 2Nd Phase, Bangalore, Karnataka	India
S1-69235781	Raj Logistics Private Limited	79 Panchwati, Behind Kids, Kingdom School, Girwa, Udaipur, Rajasthan	India
S1-386604312	Medichem Fibers Private Limited	Maharashtra, Pune, C/O Aniket Gadadwar, Flat No.C-3104, Sargam Nanded City, Sinhagad Road	India
S1-396107803	Brooks Barclays PLLC	7800 Lincoln Drive, Unit UNIT 1094, Scottsdale, AZ	US
S1-593942719	Ansh Production Malappuram Private Limited	47/390-A (Old-2) Unity College Road, Narukara, Manjeri, Malappuram, Malappuram, Malapuram, Kerala	India
S1-952580149	Ear Nose & Throat Health Group	141 Detroit Avenue, Staten Island, NY	US
S1-480709627	1960 Lincoln Lane Holdings	800 Southwood Drive, Kings Mountain, NC	US
S1-139585823	Ogawa and Jefferson Gabelli LLC	3426 2440, Giddings, TX	US
S1-766129489	Twisted Cafe! Inc.	7749 Rolling Ridge Drive, Manlius, NY	US
S1-768429861	Global Synchrony LLC	1625 Sotogrande Boulevard, Hurst, TX	US
S1-238136416	Al Exports	D/No.3/3, 10Th Cross, Barathidasan Nagar, Hosur, Krishnagiri, Dharmapuri, Tamil Nadu	India
S1-978342801	HF Liberty Stores	125 E Boyson Rd, Unit 1204, Hiawatha, IA	US
S1-580700236	Davis Intelligent Inc	2243 Highland Park Avenue, Fort Dodge, IA	US
S1-560574091	Montalbano Corporation Center	1252 Granite Springs Road, Unit 0, WY, County	US
S1-922535091	Internal Medicine Care Associates LLC	Pekin, 10244 135, IN	US
S1-299524561	New Delhi Geeta Pvt. Ltd.	Himland House, D-5, Karampura Commercial Complex, Delhi, New Delhi, 303, South West Delhi	India
S1-706513027	F+ Utilities	102 5th Street, Antlers, OK	US
S1-738765421	Reliable Education Concepts	4501 Connecticut Avenue, Unit 910, Washington, DC	US
S1-954784928	Shyam Surya Investments Private Limited	106, Rudraksh Apartment 16, Meera Path Road, Indore, Madhya Pradesh	India
S1-946142920	KI Keycorp Inc	1763 Eleventh Street, Portsmouth, OH	US
S1-53530964	Piedmont Global Crumrine LLC	716 Somerset Place, Blacksburg Town, VA	US
S1-482710334	India Ambuja Chit Private Limited	Flat No 201, Sri Lakshmi Nilayam, 15-7A-12, Venkataratnapuram, Kakinada, East Godavari, Andhra Pradesh	India
S1-3972409	Cardiology Reliable Specialists Holdings	2821 Katmai Drive, Columbus, OH	US
S1-119982926	Max Logue Ridge Equitable LLC	19735 Pepka Court, Maricopa, AZ	US
S1-120231913	Physical Therapy Summit Physicians Partners	35 Cottonwood Drive, Alsey, IL	US
S1-408613147	Khandelwal Brew Pvt. Ltd.	62/2, Venkattappa Gounder Layout Main Rd P.N.Road, Tirupur, Tirupur, Coimbatore, Tamil Nadu	India
S1-232703346	Industries Dayalu Care Private Limited	B-Wing, Office No-1101, Opp. Reliance Off Express Zone, W.E.Highway, Malad-East, Mumbai, Mumbai City, Maharashtra	India
S1-980858330	Cassaundra's Bakery	1902 Porter Street, Richmond City, VA	US
S1-766557833	Guru Developers Pvt Ltd	S.No. 207, Davyani Height, B/10, Kaspate Wasti Wakad, Pune City, Pune, Maharashtra	India
S1-997438029	Gwendolin's American Financial Inc	1705 Renaissance Boulevard, Unit 105, Edmond, OK	US
S1-474399369	8-Sons LLC	215 Commonwealth Circle, Waxahachie, TX	US
S1-908857055	Federal Talent Global	146 Nean Lane, Maryville, TN	US
S1-780267646	Natural Analytics Pvt Ltd	Gurulakshmi Danush, Chennai, Chennai-94, Tamil Nadu, Ii Floor, 74, Vallar St Choolaimedu, Chennai-94	India
S1-679651615	Sky Ventures Private Limited	Plot No-12, Rahul Vihar, Indira Nagar, Lucknow, Uttar Pradesh	India
S1-359041758	Ishaan Consultancy Limited	Nashik, Trimabakeshwar, Maharashtra, House No. 358 B Wygolpada	India
S1-912084509	Mckenzie Advanced Special LLC	15353 Orchid Circle, Chino Hills, CA	US
S1-472247326	Johanna Yonkers Coastal Rothschild L.L.C.	13730 Bridle Lane, Portland, OR	US
S1-582693853	Shae Seibel Abony Inc.	39 Phillips Street, Bldg Rear, Amsterdam, NY	US
S1-775707167	Family Physicians, LLC	837 Priscilla Lane, Chesapeake City, VA	US
S1-541651510	KI Ethereum LLC	60 Norman Avenue, Pittsfield, MA	US
S1-682377834	Shakti Impex Private Limited	5719, S.V.S Complex, Near New Bus Stand, Pudukkottai, Pudukkottai, Sivaganga, Tamil Nadu	India
S1-181139230	Continental League LLC	248 Jackson Street, Jefferson, OH	US
S1-499500296	Kota Real LLP	Kota, Shri Nath Puram, Kota, Rajasthan, 53-D	India
S1-911295734	Lakshmi Media Pvt Ltd	603, 6Th Floor Siddhartha Building, 96, Nehru Place, New Delhi, South Delhi, Delhi	India
S1-233906710	Sweet Deli Clinic	12 Camino Torres, NM, Belen	US
S1-710796134	Innovative Money Inc	3492 Fairway Drive, Crete, IL	US
S1-111813464	Langford, Munoz and Sanchez	5315 22nd Court, Renton, WA	US
S1-789615015	Opinion & Associates	E-222, Chhoti Market Govindpuri, Modinagar, Ghaziabad, Uttar Pradesh	India
S1-693607796	NPZ Construction Private Limited	84, Sector - 20 Indira Nagar, Lucknow, Uttar Pradesh	India
S1-827890726	Crest Residents Private Limited	65/29, Kannadasan Main Road, S.S. Colony, Madurai, Tamil Nadu	India
S1-973572044	Dadri Technologies Private Limited	Mumbai, Kurla Kamgar Nagar S.G. Barve Road, Maharashtra, Kurla (East), 41/B	India
S1-982686031	Joyner, Rivers and Mustain North, Inc	625 Mckellips Road, AZ, Unit 407, Mesa	US
S1-66399270	Being Holidays Private Limited	3Rd Floor, Aarka Prime, Plot No. 797, Road No. 36 Jubilee Hills, Hyderabad, Rangareddy, Telangana	India
S1-881496828	Calderon Ampercap LLC	8509 Howell Lane, Mascot, TN	US
S1-84918584	P 9 Peak Investors	7053 Ironwood Circle, Newburgh, IN	US
S1-63470209	UPA Sources Private Limited	Survey No 317, Umrane Deola, Malegaon, Nashik, Maharashtra	India
S1-785930260	Hitech Foundation	12 13 366 Ft No 301 Av Hyma Residency Tarnaka, Secunderabad, Hyderabad, Telangana	India
S1-143685376	Ranipet Public School Ltd	Tamil Nadu, Dharmapuri, No.185 Athikanur, Krishnagiri, Kannadahalli, Pochampally, Krishnagiri	India
S1-515425770	Great Builders LLP	Kota, Plot No.1 Hadarani Maret Ballabh Badi, Rajasthan, Kota, Duplex No. P3	India
S1-189859324	Lopez Rate LLC	172 3rd Street, Waynesville, OH	US
S1-117753769	Moreira, Dearman and Miller Cartesian PLLC	521 Amaro Place, Tucson, AZ	US
S1-335532198	Valley Microelectronics LLC	555 10, Saint Cloud, MN	US
S1-970823652	Trinity Baptist Church Inc	2424 Cuyler Avenue, Chicago, IL	US
S1-919819625	Lakshmi Cements Private Limited	House No:34, Neelima Greens Pragathi Enclave, Miyapur, Hyderabad, Telangana	India
S1-942938283	Blue Tech Private Limited	Bareilly, Uttar Pradesh, Bareilly, 276, Kalibari, Shamatganj, Near Kali Mandir	India
S1-276387893	Foot & Ankle Care L.L.C.	Cambridge, MD, 618 Twin Point Cove Road	US
S1-345220264	Mcmonagle Secure Automobile Corp	1920 Greg Street, Canyon, TX	US
S1-720893483	Express Data Works	209 68th Street, Kansas City, MO	US
S1-997601187	Metro Alliance Corp	151 Casper Cove, TX, Kyle	US
S1-6006350	Mascot Polytechnic	Plot No 11, Block B-4 Third Floor Rajouri Garden, Delhi	India
S1-40316262	NPJ Clinical LLP	H.No.3-6-369/B/3, Sphinx Apartment, F.No.102, Himayathnagar, Hyderabad, Telangana	India
S1-138501785	Doty Montage of Florissant	1045 Robinwood Drive, Florissant, MO	US
S1-797790613	Cinder Cafe Inc.	2181 Black Rock Turnpike, Fairfield, CT	US
S1-334856354	Eversole Gamco	7873 Valley Green Drive, Sacramento, CA	US
S1-156664865	Ma Welfare Society	2B Madhab Chatterjee Lane, Kol, Calcutta, West Bengal	India
S1-196665115	Sapthagiri Apartments T.T.K.Road Producer Private Limited	No.83, Chennai, Shop No.3, Tamil Nadu, Sapthagiri Apartments T.T.K.Road	India
S1-217649614	Dermatology Heartland Group	14 Evelyn Avenue, Malden, MA	US
S1-536542154	Projects Mehta Mission Private Limited	Plot No 14, Ne.Goldi Cenema Pagariya Colony, Rajnagar Dp, Aurangabad, Maharashtra	India
S1-763837390	Haveli Trading Private Limited	Haveli, Maharashtra, Pune, Office No 210 Sr No 18/2A V18, Baner Pune	India
S1-613220401	D N & L Builders LLC	1208 Kensington Boulevard, Calera, AL	US
S1-976855593	Falcon Metro Diana	1700 South Road, Wheatland, NY	US
S1-746134335	Cinder	TX, Gatesville, 304 28th Street	US
S1-95651296	Mountain Capital P.C.	8405 Lima Road, Fort Wayne, IN	US
S1-39082691	Reuss Currencyshares LLC	134 Gretta Avenue, Waukegan, IL	US
S1-339129389	Svc Construction Ltd	96/1, Annai Indra Nagar, Kavundampalayam, Coimbatore North, Coimbatore, Tamil Nadu	India
S1-525642956	Regional Salon	4538 Forrestville Avenue, Chicago, IL	US
S1-906124312	ZH Empire Select Inc	365 Massachusetts Avenue, Southern Pines, NC	US
S1-239490258	Classic Star Construction Private Limited	No.71, Sai Srushti Sangama, Titan Township, Mathigiri, Hosur, Krishnagiri, Dharmapuri, Tamil Nadu	India
S1-339180128	Rev It Up Yoga Inc	22 Alpine Drive, Van Buren, AR	US
S1-645449130	Seven Logistics Private Limited	Gat No.450, Nr Saptapadi Karyalay, Shivsai Chowk, Yelwadi, Khed, Pune, Maharashtra	India
S1-544958138	Certified Semiconductor Group	15337 Cherry Lane, Markham, IL	US
S1-503680462	United Infra LLP	D-93, Anand Niketan, New Delhi, New Delhi, Delhi	India
S1-268191629	Good Estate LLP	31-3-4 Venkata Ramaiah, Street Maruthinagar, Vijayawada (Urban), Krishna, Andhra Pradesh	India
S1-160971434	Begumganj Exports Private Limited	Ward No- 14 Hadaipur, Mpeb Campus, Begumganj, Raisen, Madhya Pradesh	India
S1-483147591	Easton Ear Nose & Throat Health	113 Washington Street, Unit 2, Easton, MD	US
S1-679486595	Duran Ses LLC	1689 315th Avenue, Unit 1, Town Of West Sweden, WI	US
S1-478557950	JTO Fortune	NY, East Fishkill, 5 Lime Kiln Road	US
S1-977479458	Hitech Marketing Pvt Ltd	K-I0, Som Vihar, R.K Puram, New Delhi, Delhi	India
S1-344686508	Melva Hyden Connecticut LLC	1606 Peoria Avenue, Unit 236, Phoenix, AZ	US
S1-86168780	Prairie Coalition, Inc	MN, Apple Valley, 15627 Eddington Way	US
S1-25471391	Complete Neighborhood	9103 Quarter Court, Fairfax County, VA	US
S1-978134595	Sala Certified Quality LLC	Chicago, 13264 Riverdale Avenue, IL	US
S1-485635900	Meridian LLC	4626 Midway Avenue, Dayton, OH	US
S1-859714125	Fresh Property Global Inc	1203 Irvin Street, Carlsbad, NM	US
S1-642695153	Mumbai Maa Pvt. Ltd.	Viraj Impex House3Rd Flor 47 P D Mellu Road, Mumbai, Maharashtra	India
S1-172756959	Anallise Weigand Controls Inc	593 Liberty Avenue, Williston Park, NY	US
S1-742853334	Bharat Builders Private Limited	1St Floor, Plot No.1, Block No.36/A Auto Nagar, Hayath Nagar M, Hyderabad, Telangana	India
S1-456449146	Keystone South LLC	2058 Dobson Road, Unit 17, Mesa, AZ	US
S1-243358513	Malinde Duvall Dental PC	3832 Wayland Drive, Fort Worth, TX	US
S1-616598107	Anchor Nuclear Inc	209 Ramapo Road, Unit Apartment C, West Haverstraw, NY	US
S1-341216845	Bangalore It Pvt Ltd	#07097 Sobha Dream Acres Balagere Road, Varthur, Bangalore, Karnataka	India
S1-765517678	NV Enclave LLP	16/168/4 Vasundhra Ghaziabad, Ghaziabad, Uttar Pradesh	India
S1-830042278	Andria Brady Modern Horse LLC	Fl 3, OH, Hilliard, 4571 Pepper Berry Lane	US
S1-952177888	Win Advisors Private Limited	522A/17A Unchwa Garhi, Allhabad, Prayagraj, Allahabad, Uttar Pradesh	India
S1-382344719	Magnan and Scales Principal	20 Retreat Road, Maloneton, KY	US
S1-605013959	Coastal Unified Pimco	Cockeysville, MD, 10311 Greenside Drive	US
S1-435771202	Salgado, Raines and Johnson Inc	29652 Jeans Road, Unit Space 36, Veneta, OR	US
S1-983004396	Pediatric Specialists Inc	Indianapolis, 1840 Centennial Street, IN	US
S1-587524722	Chandresh Solutions Limited	Office No. 1 Grd Floor, Krishna Kunj, Tagore Road Near Khira Industrial Estate, Santacruz, West, Mumbai, Mumbai City, Maharashtra	India
S1-941018002	Commercial Retail Products Co	384 County Rd 131, Athens, TN	US
S1-255764141	Cline, Nichol, DO, P.C.	57 Don Antonio Way, Ojai, CA	US
S1-201004657	Phylis Hall Premier Daedalus LLC	1522 Harvard Avenue, Gladstone, OR	US
S1-263594470	Frontier Tungsten	4447 Mckenzie Street, Fl 1, Benton, IL	US
S1-655014029	Interfaith Ministries III	2 Dorothea Place, Staten Island, NY	US
S1-673975380	Miles Technology (India) Pvt Ltd	C/O Pradeep Kumar Soni P., No. 46 C-Sector Indrapuri, Huzur, Bhopal, Madhya Pradesh	India
S1-391904334	Global Technology Private Limited	Bhagyashree Society, R No.2, Khopat, Thane, Maharashtra	India
S1-158230985	KBV All Greenland	589 Rothe Street, City Of Green Bay, WI	US
S1-994346361	Stace Diaz, D.C.	2932 Friendship Road, Durham, NC	US
S1-997734226	Certified Robotics International	5811 Creighton Hill Rd, Windy Hills, KY	US
S1-514712691	Wildlife Alliance, Inc.	4 Glenfield Court, Houston, TX	US
S1-817670773	Vandemark, Kocher and Shipe	973 Freedom Plains Road, La Grange, NY	US
S1-681355760	Batra Technologies	14/115Kismet Elappully P O, Palakkad, Kerala	India
S1-571221070	Blue Premier Twin	2207 Golden Leaf Lane, Columbus, OH	US
S1-703209451	Secunderabad Barter Private Limited	11-3-292/31 Srinivasnagar Colony, Secunderabad, Hyderabad, Telangana	India
S1-283564336	Rz Fincom Pvt Ltd	Thiruvananthapuram, Kerala, Knra 98, T.C 5/2251, Golf Links Lane, Kowdiar, Trivandrum, Uthara	India
S1-13776159	Sree Ventures Private Limited	Mulabagilu Mkpc, Opp. Patrakarthara Bhavana And Mla Quarters, Near Taluk Panchayat Office, Mulbagal, Kolar, Karnataka	India
S1-756573017	Silver Trading Ltd	Iia Om Chambers A K Marg, Mumbai, Mumbai City, Maharashtra	India
S1-489754420	EY Solutions Company	44A, S.P.Mukherjee Road, Kolkata, Kolkata, Howrah, West Bengal	India
S1-253119136	Tolley Montessori School LLC	Staten Island, 1815 Forest Avenue, NY	US
S1-326016924	Topway & Sons Private Limited	15/260A Civil Lines, Kanpur, Uttar Pradesh	India
S1-750748493	West Packaging Private Limited	P.B-1, Survey No : 3/3B & 4/4B D.No: 383 Sembium Redhills Road, Kathirvedu, Chennai, Tamil Nadu	India
S1-230998061	Helgerson School of Medicine Care	172 Martin Farm Road, Madison, NC	US
S1-544879475	Jyotirling (India) Automobiles Private Limited	T-5/4, World Trade Centre, Cuffe Parade, Colaba, Mumbai, Mumbai City, Maharashtra	India
S1-976565111	Select Creative Corporation	500 Marks Overlook, Buda, TX	US
S1-789938772	High Marketing	Plot No.44, Navnirman Nagar, Road No 71, Shaikpet, Hyderabad, Telangana	India
S1-775363971	Vision My Energy	6/23, Gajanana Towers, 11Th Main Jayanagar 4 Block, Bangalore, Karnataka	India
S1-59110143	Alvera Saltsman Worldwide Care	3437 Our Way, Palmyra, IN	US
S1-473855859	Infra Global Engineering Pvt Ltd	22 Sidharth Nagar, Sch. No.44-B Bhawarkuwa, Indore, Madhya Pradesh	India
S1-855360595	Krishna Sun Investment Private Limited	M-167 Third Floor, Vikaspuri, West Delhi, Delhi	India
S1-475538258	@ Home 8 It	13 Lansgate Court, Durham, NC	US
S1-158434899	MH Bay Barclays	1040 Pinnacle Ridge Road, Haslet, TX	US
S1-335504330	M+ Comstock LLC	804 Myra Drive, Mobile, AL	US
S1-356439	Certified Estate	1433 Matthew Drive, Fairfield, CA	US
S1-55592342	TX Food LLP	1St Floor, 313 Satin Sen Road, Ambikapur, P.O. Natagarh, North 24 Parganas, West Bengal	India
S1-620252438	Green Polytechnic	23/511, Naduthodi Tower, Tirur Road, Ernad, Malappuram, Malapuram, Kerala	India
S1-140074915	Carmine's Quality Diagnostics	181 Main Street, Newington, CT	US
S1-732212421	Consultants Hopeful Ferro Private Limited	No. 50, Maracoirlabbai Street, Chennai, Tamil Nadu	India
S1-620173097	Darbhanga Foundation Limited	C/O Md Mahboob Alam, Panch-Jale West, Vill-Jale, Darbhanga, Bihar	India
S1-262565148	Randall Trading	1309 Sun Way, Bowling Green, KY	US
S1-986421159	Choice Business Brands	3325 Young Ave, Unit 115, Louisville, KY	US
S1-609274655	Baba Producer Limited	A 104, Megh Appt., L T Road, Borivali West, Mumbai, Maharashtra	India
S1-502192294	Rodriguez Pimco Inc	3210 Elizabeth Anne Lane, Round Rock, TX	US
S1-115492056	Producer Legend Extracts Pvt Ltd	P.No.14-15 Raheem Nagar Nai Ki Thadi, Ramgad Road, Jaipur, Rajasthan	India
S1-949820628	Star Tax Service PC	1613 Peoria Avenue, Peoria, IL	US
S1-574751609	Custom Network Alliance Corp	958 Jefferson Avenue, Brooklyn, NY	US
S1-644694445	Sea Consultancy Pvt Ltd	Rzg-1, 1 St Floor, Dev Kunj, Palam Sector-7, Dwarka, New Delhi, Delhi	India
S1-197727999	Synergy Brothers Private Limited	Plot No. G5 Midc Jejuri, Taluka Purandhar, Pune, Maharashtra	India
S1-786648028	Tej Seva Samiti	D-9, Ground Floor, Ashoka Road, Shanjar Pur Ns Mandi, Delhi, North West Delhi, Delhi	India
S1-819238413	Prairie Charities II LLC	4450 9, Anderson, IN	US
S1-618891618	St. Chapel	4550 18th Lane, Yuma, AZ	US
S1-825992759	Janifer's Liberty Painting	210 34th Avenue, Amarillo, TX	US
S1-654920600	Pune City Tiles Private Limited	Sr. No. 12 F Bld Flat No., 181 Jade Residences Baner, Pune City, Pune, Maharashtra	India
S1-873468814	Urich & Gordon LLC	322 Ellen Drive, Deer Park, TX	US
S1-103641167	Kestyn Vista LLC	1176 Rebeh Cove, Memphis, TN	US
S1-42861623	Curiel Magna PC	962 Hays Avenue, Fl 0, Saint Louis, MO	US
S1-117340129	Ear Nose & Throat Group	342 Drawbridge Trace, Paducah, KY	US
S1-376927013	Youth Program	210 Wynden Crescent Court, Houston, TX	US
S1-923811645	Urban Ice Cream!	6004 Street Road, De Witt, NY	US
S1-908922620	Flecha and Croy Inc	709 Chamberlain Avenue, Rockwood, TN	US
S1-266363084	Jaquenette Lentz Patriot Garden LP	263 Green Street, Columbus, OH	US
S1-615302985	Agra Infraservices Co	24, Vinay Nagar Shahganj, Bodla Road, Agra, Uttar Pradesh	India
S1-501750213	Pettit Portfolio Inc	104 Crown Point Drive, Sherman, IL	US
S1-874923245	Safe Freight Studios Ltd	4077 Vernon Avenue, Saint Louis Park, MN	US
S1-611660075	Division of Transportation	6 Tara Road, Peabody, MA	US
S1-117076456	Skap (India) Container Private Limited	No. 238, 1St Main, Ombr Layout, Banaswadi Opp. Banaswadi Fire Station, Bangalore, Karnataka	India
S1-473816433	Sandie Smith Choice Lithium	618 Mckaig Avenue, Troy, OH	US
S1-442271866	Apex Energy Limited	Desk No E38, Plot No. 128/P2, Epip Industrial Area Whitefield, Sonnenahalli Village, Bangalore, Karnataka	India
S1-131367054	Rylander Industries Care	13483 124th Avenue, Clackamas, OR	US
S1-521695067	Metropolitan Nutrition Union	101 Concord, James City County, VA	US
S1-637705153	Ariv Smart Private Limited	Maharashtra, Amravati, 09, Amravati, Poornima Colony, Ekvira Nagar, Midc Road	India
S1-86981125	Induction Real Pvt Ltd	Rajendra Nagar, Kali Bag, Bettiah, West Champaran, Bihar	India
S1-526912852	Lucky Promoters LLP	C/O Pramila Kuvera, Kuvera, Bhawan Chhota Bazar, Pisangan, Ajmer, Rajasthan	India
S1-553908281	Federal Blue Pmv Inc	NC, 142 Black Rock Road, Riegelwood	US
S1-629475471	Wakefield, Alves & Billy LLC	5520 Whipple Street, Chicago, IL	US
S1-349196724	Teo Taiwan Inc	11368 Cherry Hill Road, Unit 304, Beltsville, MD	US
S1-966706093	Robertson Midwest Immersion LLC	2660 Lode Street, Santa Cruz, CA	US
S1-839385581	Integrated Innovative Motors LLC	4641 Ravenswood Avenue, Chicago, IL	US
S1-211440084	Suprabhat Enterprises LLP	D-335, Ganesh Nagar Complex Pandav Nagar, Delhi, East Delhi, Delhi	India
S1-651382876	Wilcox Piedmont Solar LLC	Kingsville, TX, 1614 Santa Maria Drive	US
S1-762713733	Womens Health Rocky Physicians Inc	9196 Black Rabbit Road, Leesburg, OH	US
S1-269051893	Montelle Mellon LLC	22101 66th Avenue, Unit 8A, Mountlake Terrace, WA	US
S1-825470697	RR Insurance	C/O Vikram Rathour R/O Bahadur Ganj Badaun Ujhani, Badaun, Uttar Pradesh	India
S1-487918909	North Australia Corp	3201 Aspen Grove Drive, Unit I 5, Franklin, TN	US
S1-621694526	Platinum Pennantpark Inc	4450 Dorset Street, Shelburne, VT	US
S1-820192250	Robinson and Franklin Associates	113 Muirfield, Smithfield Town, VA	US
S1-332895913	Transcontinental Materials Collective P.C.	11011 Oliverda Dr, Louisville, KY	US
S1-818527386	Sweet Cleaning Service	1211 Meadow Court, Mishawaka, IN	US
S1-357741523	Coneor LLC	9657 Belair Road, Unit APARTMENT 129, Nottingham, MD	US
S1-917357561	Heritage Genomic Solutions Inc	2050 Susquehanna Road, Abington Township, PA	US
S1-308183753	American Quasaredge Corp	789 Green Valley Road, Unit 135, Watsonville, CA	US
S1-12115843	Mumbai Technologies LLP	A-201, Shubham Chsl, Jeevan Vikas Kendra Marg, Mumbai, Maharashtra	India
S1-36166718	Goulet Catering LLC	6815 4th Street, Lincoln, NE	US
S1-47878641	Ace Prime Ridge Inc	3520 Arlena Drive, Cleveland, TN	US
S1-685066642	Branch Nippon LLC	4216 Pleasantburg Drive, Fayetteville, NC	US
S1-473692757	Reliable Wealth Technologies Inc	98 Elm Street, Huntington, NY	US
S1-695174927	Lucky Charitable Trust	Sf. No.354/2, Pkp Thottam, Thottipalayam, Tiruppur, Coimbatore, Tamil Nadu	India
S1-239073261	Bhakti Welfare Society Co	6/2497, Cabin No.2, Ground Floor, Ajanta Metlar Front Side, Limbu Sheri, Mahidharpura, Surat, Gujarat	India
S1-655629901	Smart Energy Private Limited	Nmr Uptown, 14/385, Coimbatore Road, Palakkad, Kerala	India
S1-802923343	Cherry T. Reznicek, Esq., PC	CA, Vallejo, 312 Seawind Drive	US
S1-40239233	VFC Pharmaceuticals Private Limited	T-71 Iiifloor Right Portion Khirki Extn Malviya Nagar, New Delhi, South Delhi, Delhi	India
S1-706856624	A Q & O Lifeco LLC	1504 Cyril Way, Belgrade, MT	US
S1-89064667	Guru (india) Limited	B-24, Nensey Complex Hsg Soc Western Express Highway Borivali East, Mumbai, Mumbai City, Maharashtra	India
S1-50330636	Future Consulting Private Limited	Jaipur, Shop No- 16B Kardhani, Rajasthan, Jhotwara	India
S1-937651908	Smith Express LLC	104 Sylvan Mews, Unit Unit E, Ithaca, NY	US
S1-454583832	Ceia Worldwide L.L.C.	40 W Park Avenue, Columbus, OH	US
S1-650475589	Peterson Trust LLC	209 Smith, Holyrood, KS	US
S1-95098368	Delta Mozayyx	2407 10th Avenue, Portland, OR	US
S1-169376744	Nerita Hedrick Innovative Hartford LLC	8112 Unionville Brief Road, Fairview, NC	US
S1-276231074	Carl and Spaulding LLC	409 Lawson Street, Unit 1, Pine Bluffs, WY	US
S1-801653165	TWE Solutions Private Limited	41, Pantheon Road, Egmore, Egmore Nungambakka, Chennai, Tamil Nadu	India
S1-585556459	Marth, Ardyth F., L.C.S.W.	MA, 145 Grey Wolf Drive, Franklin	US
S1-316284345	Infra Jd Global Corp	Jeena House, Plot No 170, Om Nagar Off Pipeline Road Andheri East, Mumbai, Maharashtra	India
S1-829126346	Gujarat Properties Limited	B-21, Greater Kailash Enclave--Ii, New Delhi, Delhi	India
S1-115143976	Pediatric Dentistry Physicians, LLC	9 Paul Revere Path, Hopkinton, MA	US
S1-604488694	Mgr Publishing Limited	P No 774, Vasantha Nagar Colony, Tirumalagiri, Hyderabad, Telangana	India
S1-723887286	Pioneer Power Private Limited	Fno 1203, Alpha 27, Gbr Ghodbunder Rd, Thane, Maharashtra	India
S1-229569556	Pioneer City Logistics Private Limited	D 16, 240 Lig Flats 7 Th Avenue, Ashok Nagar, Chennai, Tamil Nadu	India
S1-365593630	Rodriguez, Rock & Miller	W7188 Loop Road, Town Of Bradley, WI	US
S1-550126747	New Agro Private Limited	Ground Floor No. 77B, 2Nd Main 3Rd Cross, Dorasanipalya, Bangalore South, Bangalore, Karnataka	India
S1-320642610	Spencer's Fisheries	MO, 7920 Farm Road 76, Willard	US
S1-908135067	Lakshmi Technologies Private Limited	Jyoti Nilaya, Cts No:13/E, No:6, Gurupadeshwar Nagar, Bijapur, Bijapur(Kar), Karnataka	India
S1-980001810	Thompson Select Spa	3461 301st Drive, Buckeye, AZ	US
S1-554983106	Gartex Developers Associates	H No. 1612 L, Mahalaxmi Nagar, Kolekhajan, Chiplun, Chiplun, Ratnagiri, Maharashtra	India
S1-975412852	Kt Composites LLP	45-40-11/2, Akkayyapalem, Visakhapatnam (Urban), Visakhapatnam, Vishakhapatnam, Andhra Pradesh	India
S1-592013011	ZS Presidio PC	1102 Deforest Avenue, Rotterdam, NY	US
S1-420620277	Gsn Agro Private Limited	C/O Biplab Joardar, Plot No 90, Jordar Bhaban, Kushmundi, South Dinajpur, West Bengal	India
S1-621985425	C+ Guardian Inc	2015 Sandalwood Street, Mount Vernon, WA	US
S1-665813684	Smart Swastik Energy Private Limited	M/S K.S.R. Freightcarrier, Ghugus Road Khutala, Chandrapur, Maharashtra	India
S1-534153414	Best Consultancy Private Limited	Pno 796, Vill & Po-Khajuri, Block & Ps- Naubatpur, Danapur, Patna, Bihar	India
S1-755381993	Nexic Hub Inc	Boston, MA, 200 Falcon Street	US
S1-450399545	OK Diamond Purecycle Group	2430 Donovan View, Dickinson, TX	US
S1-587784937	Nava Spectral, LLC	325 Crow Hollow Road, Danese, WV	US
S1-74726735	Paul Liquor LLC	202 Main Street, Crawford, NE	US
S1-139780493	Tucker Quality Outdoor of Cornettsville	502 Left Fork Hicks Branch Road, Cornettsville, KY	US
S1-612235925	Shree Brothers LLP	House No 511 Block Ljj Colony Wazirpur, New Delhi, North West, Delhi	India
S1-105316141	Udaygiri Sree LLP	Shop No. L-04, Sr. No. 138/5, Amar Serenity, Baner Pashan Link Road, P, Ashan, Pune, Maharashtra	India
S1-557388418	High Impex Private Limited	Room No 3 Mathabai Narsi, Chawl, Kajupada, Borivlai East, Mumbai, Maharashtra	India
S1-765163485	Indransh Corner Private Limited	Telangana, Flat No. 106, Kondapur, Hyderabad, Cpr Southend Apt. Gautami Enclave	India
S1-409330588	Sasha Technologies Pvt Ltd	House No.19, Shweta Clinic Building, Roop Nagar Colony Bypass Road, Madhya Pradesh, Bhopal	India
S1-389787587	Urbano & Peters LLC	211 Westview Drive, South Point, OH	US
S1-519849741	Apex Trading Private Limited	Moradabad, Uttar Pradesh, H. No. 302, Ground Floor, Neardr. Ashokmughalpura-I, Moradabad	India
S1-965708542	Kraft Innovations Pvt. Ltd.	1/72A4, Pebbles Kakkan Nagar Road Elgi Nagar Phase Iii, Vellalore, Coimbatore, Tamil Nadu	India
S1-690190623	Allied Heritage Service	136 -103 Runaway Bay Drive, Virginia Beach City, VA	US
S1-795742127	Hyderabad Institute	Plot No: 67, Jupiter Colony Sikh Colony, Secunderabad, Hyderabad, Telangana	India
S1-433447970	Custom Staffing Technologies	22 South Drive, Decatur, IL	US
S1-857817571	Desert Plutonian	2719 Fairview Avenue, Spokane, WA	US
S1-155228902	Oriental Trading LLP	Sy No 515, 515A, 515B, 526, Flat No F4 Viveck Paradis, Qutubullapur, Hyderabad, Telangana	India
S1-356274203	Tech Business Private Limited	West Bengal, Hooghly, Vill - Daluigachi (Hoteldhar) Post - Singur, Hooghly, P.S. - Singur	India
S1-616159316	Kumar Carriers Private Limited	33, Olympia Panache, Villa Elan B2-12, Navallur, Chennai, Kancheepuram, Tamil Nadu	India
S1-932861808	Avn & Brothers Care	148, Sukhdev Vihar, Mathura Road, New Delhi, South Delhi, Delhi	India
S1-604692271	Baba Food Private Limited	20/2 New Palasia, Indore, Madhya Pradesh	India
S1-659369968	Slate Owl	905 Mazalin Drive, Shorewood, IL	US
S1-329270859	South Desert Market, LLC	102 Whited Avenue, Jamestown, TN	US
S1-435396173	Mumbai Industrial LLP	Flat No. 2605, 1St Floor, Building No. 57 Kailash C.H.S., Gandhinagar, Bandra East, Mumbai, Mumbai City, Maharashtra	India
S1-269563165	Green Marketing Private Limited	46, B. B. Ganguly Street 4Th Floor, Room No. 10, Kolkata, Howrah, West Bengal	India
S1-310468131	Behavioral Health Delta Care Associates Inc.	12111 Shelbyville Rd, Middletown, KY	US
S1-850291437	Keithley Commerce Inc.	Leander, 20701 Northland Drive, TX	US
S1-442356198	Internal Medicine Care of Louisa County	5600 Three Notch Road, Louisa County, VA	US
S1-423756864	CGH Houseware Private Limited	175 Express Road Naya Ganj, Kanpur, Uttar Pradesh	India
S1-423035744	Kundalini Clinic	C/O Sudarshan Pal, Near Durga Ashram, Phulwari, Patna, Bihar	India
S1-453186322	KH Organisers LLP	C-58/2, 3Rd Floor, Okhla Industrial Area, Phase Ii, New Delhi, South Delhi, Delhi	India
S1-67716044	Services Interactive Real Pvt Ltd	Maharashtra, Aurangabad, Shop No 3 Plot No 1 Gut No 160 Pratham Apartment Beed By Pass Road, Aurangabad	India
S1-579023428	Tube Traders Private Limited	P.No.3007, Ram Nagar South, 5Th Main Road, Saidapet, Kanchipuram, Tamil Nadu	India
S1-791614473	Consolidated Cargo Innovations Fayetteville	4514 Wellington Drive, Fayetteville, NC	US
S1-532485724	OJ Wen LLC	3784 Chesapeake Drive, Frisco, TX	US
S1-331041791	Relogistics Brothers Limited	Rahim Villa, 2Nd Floor, 18, L. J. Road, Mahim, Mumbai, Maharashtra	India
S1-498870983	Sree Bright Logistics Private Limited	Mhow Neemuch Road, Ratlam, Indore, Madhya Pradesh	India
S1-58023399	Sea College Private Limited	20/6, First Street, Achuthan Nagar Poonamallee Road, Ekkaduthangal, Chennai, Tamil Nadu	India
S1-396088088	Mcelmurry, Clayton & Hilton Odyssey Corp	596 Centre Street, Ogallah, KS	US
S1-632058495	Madhav Astra Private Limited	Ii-C-60, Iind Floor, Lajpat Nagar-Ii, New Delhi, South Delhi, Delhi	India
S1-905498573	Saiba Vidyalaya LLP	House No 125 Block Hp Landmark Na Pitampura, New Delhi, North West, Delhi	India
S1-655621240	Dermatology Group	4611 Meister Road, Unit K, Lorain, OH	US
S1-32766395	Saishraddha & Brothers Co	House No.71, Block-D, New Delhi, West Delhi, Delhi	India
S1-946307727	Shrader Flagstar, Inc	13 Garrison Street, Westover, WV	US
S1-192770322	Consolidated Education Systems P.C.	41 Mallard Lane, Lake Forest, IL	US
S1-271054755	Mcfadden Greenland LLC	218 Jacobs Road, Morristown, TN	US
S1-549896869	Greentree Solar LLP	Kiran Apartment, 15/A, Jessore Road Flat - B/12, 3Rd Floor, Hridaypur, Kolkata, Kolkata, Howrah, West Bengal	India
S1-728123916	Lokmangal Trading Private Limited	105, Bhawani Road, Sanawad, West Nimar, Barwaha, West Nimar, Madhya Pradesh	India
S1-963607828	Kalinga Services Private Limited	A-44, Office No G - 01, Sector 2 Near Sector 15 Metro Station, Noida, Gautam Buddha Nagar, Uttar Pradesh	India
S1-405258113	Shikhar College Private Limited	Harmony Ventures, Pallathu House Venmoney P.O Chengannur, Alappuzha, Kerala	India
S1-778768160	Maryville Regional Global Chiropractic	318 Golf View Drive, Maryville, TN	US
S1-813951499	Rsk & Co	13/311 C D E, Isha Garments, Vellachal, Ozhur Po, Tirur, Malappuram, Malapuram, Kerala	India
S1-243846281	Heritage Education Digital	MA, Lynn, 185 Judge Road	US
S1-976207500	Vsp Projects Private Limited	Gf, Ymca Cultural Centre Cum Library Building 1 Jai Singh Road, Delhi, New Delhi, Delhi	India
S1-501653844	Bangalore North Education Pvt Ltd	K.S. Manzil, No.6, 3Rd, A Cross, M.M. Layout, Bangalore North, Bangalore, Karnataka	India
S1-388139932	Western India	23 Rathan Singh Layout, 3Rd B Main Road, K B Sandra, Bangalore North, Bangalore, Karnataka	India
S1-785329583	Tech Exports Private Limited	30/A, Ahilya Nagar Ext., Indore, Madhya Pradesh	India
S1-699658513	Real Indo Estate Private Limited	17/178, Koottunkal House, Vadakkanchery, Alathur, Palakkad, Kerala	India
S1-958152887	Regional Direct Ftai Co	6105 107th Street, Kansas City, MO	US
S1-40752056	Southern Healthcare Private Limited	Delhi, Khasra No. 147 Burari Garhi Near Masjid Burari, East Delhi	India
S1-910259497	Ivory Superior Maywood LLC	7095 Zolman Drive, Churubusco, IN	US
S1-223602793	Ratan Polytechnic	B- 316, Galaxy Business Park, Near Galaxy Heights, Opp. Kathwada G.I.D.C, S.P. Ring Road, Ahmedabad, Gujarat	India
S1-851456399	Dani Ott First Square Co	Chesterfield County, 21301 Skinquarter Road, VA	US
S1-754042415	Cozy Book Store LLC	20 Summit Street, Monroe, NY	US
S1-690501999	Balaji Power Private Limited	C-97, Antriksh Apartments, Sector 14 Extension, Rohini, C-97, Antriksh Apartments, Sector 14 Extension, Rohini, Delhi, North West Delhi, Delhi	India
S1-622848339	Heart Select Network P.C.	209 Shenandoah Court, Lenoir, NC	US
S1-78803538	Cardiology Specialists PC	La Conner, WA, 616 4th Street	US
S1-274628204	Lewis, Samsel and Scott, Inc	AR, 220 Caroline Cove, Batesville	US
S1-262548528	Patriot Direct LLC	W1679 Old Bridge Road, Town Of Auburn, WI	US
S1-5749759	Md Services Private Limited	3Rd Floor, Wagar Complex, Rati Talai, Banswara, Rajasthan	India
S1-682606063	City Healthcare Limited	Kaleekkal Punnakulam, Kerala, 14-148, Ks Puram, Kollam	India
S1-19857145	Mgk Engineers Limited	No 31, 1St Flr, 4Th B Cross, Off Thingalarapalya Main Rd Nandagokula Industrial Lyt Peeny, A 2Nd Stg, Bangalore, Karnataka	India
S1-419855220	Fresh Cleaning Service!	1503 Paulding Road, Fort Wayne, IN	US
S1-277632338	Aliya Aluminium Private Limited	Flat No.36, 1St Floor, Shankar Market, Connaught Circus, New Delhi, Delhi	India
S1-797133972	India Saaol Udyog Private Limited	Bhagirathi Sadana, 3Rd Ward, Opp Bjp Office, Patel Nagara, Hospet, Vijayanagara Dist, Hospet, Bellary, Karnataka	India
S1-277291161	D 6 U Argentina	199 Tucker Lane, Fl 0, Friendship, MD	US
S1-281597357	Kilday Trust Inc	4514 Winnrose Way, Louisville, KY	US
S1-708926137	Chase Snow LLC	2020 Boren Brick Road, Roseboro, NC	US
S1-301525771	Blackmon & Brown LLC	821 Laurel Lane, Tyrone Township, PA	US
S1-723992970	Shakti Products LLP	J-504, Sunder Nagar, S V Road, Malad West, Mumbai, Maharashtra	India
S1-234933224	LYT Foods Center	Vill-Hulas, Tola-Brahaman Tola Wn 8, 9, 10 Panch-Hulash, Block-Raghopur, Supaul, Supaul, Supaul, Saharsa, Bihar	India
S1-668344889	GW Prairie British	11626 Red Hickory Lane, Charlotte, NC	US
S1-829442056	Little Ace Stonebridge LLC	7355 Sunset Strip, Alexandria, MN	US
S1-988128738	Torres Highland Processing PC	1081 Gilmore Road, Chapel Hill, NC	US
S1-375576347	Optva Corporation	419 Valley View Drive, City Of Wautoma, WI	US
S1-62980523	Certified Lithium LLC	3734 Pacific Street, Unit UNIT 52, Highland, CA	US
S1-965812269	Taryn's Pub	501 Stonewall Creek Road, Amherst County, VA	US
S1-137490259	Smart Solutions Private Limited	Vill & Po : Harihar Pur Kala P.S. : Jamo Bazar, Siwan, Bihar	India
S1-805980578	Great Guild	15128 Jeraldo Drive, Victorville, CA	US
S1-969096964	Raj Energy Private Limited	85/1/R, Saivavelalarsangam, Upstairs, Southbazar, Kovilpatti, Tuticorin, Tamil Nadu	India
S1-294708205	Padmawati Solutions Private Limited	93, At Pui On Nh66, Near Kolad, Post Kolad, Roha, Raigarh, Maharashtra	India
S1-99783800	Urban Care Private Limited	C1 -101 1F Tower C-1 Legend Apartment Sushant Lok Phase 3 Extn, Gurugram, Gurgaon, Haryana	India
S1-961352825	HA Fitness Private Limited	262 B, Bangur Avenue, Block A, 4Th Floor Near Bangur Post Office, Kolkata, Kolkata, Howrah, West Bengal	India
S1-715726363	Sweet Pizza	Scituate, MA, 41 Wampatuck Avenue	US
S1-588079382	Velez, Kenworthy and Alcaraz Inc	1927 Richmond Avenue, Ottumwa, IA	US
S1-319232966	Orthopedic Health	IN, 14741 Ash Street, Carbon	US
S1-588163261	Gujarat Estate Private Limited	Maharashtra, Mumbai City, 239, Rupam Building, 2Nd Floor P D'Mello Road, Mumbai	India
S1-145464710	Siroya Homes	32/7 Ghasiyari Mandi, Mall Road, Bara Chauraha, Kanpur Nagar, Uttar Pradesh	India
S1-288090689	Bebe G. Mcdonald, MD	CA, 7127 Archibald Avenue, Rancho Cucamonga	US
S1-583247894	Urology Interstate Partners	2625 Decamp Avenue, Bldg BLDG 2, Elkhart, IN	US
S1-337323902	Crea Glass Pvt. Ltd.	No 1015 B Wing 10Th Floor, Mittal Tower, M.G.Road, Bangalore North, Bangalore, Karnataka	India
S1-63773067	Runkle Empire Digital LLC	Kent, WA, 11143 226th Street	US
S1-513040265	Clark, Huston and Olivares	Germantown, TN, 8009 Sunny Creek Drive	US
S1-687016969	Primary Care Group of Tulsa	2731 Latimer Street, Tulsa, OK	US
S1-270471781	Wiley Strategic Mae Inc	3667 Bairds Creek Rd, Vilas, NC	US
S1-197175380	Brown Molecular	52 Bunker Hill Court, Windsor, VT	US
S1-101702764	Willer Resorts Inc	7 Pocahontas Lane, Kansas City, MO	US
S1-948259039	Mier, Morales and Marsh Inc.	17908 Ingleside Road, Cleveland, OH	US
S1-370918852	Benner and Haley	127 Picadilly Drive, Kyle, TX	US
S1-268245201	Gold Foundation Private Limited	L-371, 5Th Main, Sector 6, Hsr Layout, Bangalore South, Bangalore, Karnataka	India
S1-742644827	Sanchez Occupational Therapy	1101 Woodbury Street, Marshalltown, IA	US
S1-44815473	Keston Berkley LLC	224 Woodcrest Drive, Kingsport, TN	US
S1-735059289	Vasudha Institute Pvt Ltd	C/O Rahul Purushothaman, Erumathanath (H) Valiyathovala, Valiyathovala Po, Kattappana, Idukki, Kerala	India
S1-210858318	Lotus Finance	No.32, Jaya Nagar, Lic Colony, K.K.Nagar Main Road, Trichy, Tamil Nadu	India
S1-975050956	Premier Infotech Private Limited	No.206A And 206B, Bl Complex, Kanakapura Main Road, Opp. Pillar No. 260, Near Metro Station Thalaghattapura, Paramount Gardens, Bangalore South, Bangalore, Karnataka	India
S1-52557968	Rajesh Brothers	Plot No 36, Sector 26, Nigdi, Pune, Maharashtra	India
S1-303242567	Madella Mckey, MD	12453 Paseo Alegre Drive, TX, City Of El Paso	US
S1-662928920	Fay Chudy, MD, M.D., P.C.	664 Thomas Lane, Alvarado, TX	US
S1-875076483	Peak Realty Global Inc	SC, Seneca, 951 Rochester Highway	US
S1-611831276	Knox Long LLC	6708 Regal Rd, Louisville, KY	US
S1-340812801	Om Consulting Private Limited	Plot No. 75, 76/4, Radhika Park, Ravalvadi Relocation Site, Bhuj, Kachchh, Gujarat	India
S1-433830594	Lakshmi Engineering Private Limited	Mumbai, Worli, T.V. Industrial Estate, S. K. Ahire Marg Behind Glaxo Company, 217/218, Maharashtra	India
S1-966657116	Ace Power (India) Private Limited	E-3/270, Arera Colony, Huzur, Bhopal, Madhya Pradesh	India
S1-878661041	Stag	Unit 2, IA, 5615 Muirfield Dr SW, Cedar Rapids	US
S1-179948818	Royal Technologies Pvt Ltd	P-13, Kamala Nagar, Hyderabad, Rangareddy, Telangana	India
S1-397513447	Dani Information Private Limited	Flat No.B-06, Plot No. 15, Sector - 7 St. Columbas Cooperative Housing Society, Dwarka, Delhi, South West Delhi, Delhi	India
S1-710600928	Crystal Advanced Aspac Inc	380 Glendale Street, Kilgore, TX	US
S1-503837	Ashcraft Summit Finance P.C.	1970 Sequoia Avenue, Simi Valley, CA	US
S1-156251601	Sampayo and Merritt, LLC	10370 Lake Drive, Unit Unit 172, Polk City, IA	US
S1-904793621	Big Investment Private Limited	Sector 67, Punjab, 2704, S.A.S.Nagar (Mohali), Rupnagar	India
S1-821927513	Hatcher's Metal Works	65-03 77 Street, NY, Middle Village	US
S1-869169805	Pediatric Health Inc	7115 Bellhaven Boulevard, Unit 80A, Charlotte, NC	US
S1-887304887	Thomas Comstock of Oregon City Clinic	230 Ogden Drive, Oregon City, OR	US
S1-61401859	Weeks, Norman & Aderholt	950 Hunters Lane, Springfield, TN	US
S1-381742081	FE Katyayani Private Limited	Plot 30, Lane 5, Dsk Sayantara, Dsk Vishwa, Haveli, Pune, Maharashtra	India
S1-338428153	Mountain Center	Congerville, 546 1625, IL	US
S1-633249454	Fresh Bistro	2716 Crescent Drive, NY, Union	US
S1-687570731	Seex Precision LLC	5915 Wineinger Road, Amarillo, TX	US
S1-595630182	Danella Russell, D.O.	259 Island Street, Stoughton, MA	US
S1-572351630	Venerate Industries Group Clinic	507, Narain Manzil, 23 Barakhamba Road, New Delhi, Delhi	India
S1-989402267	Shiva Developers Limited	Plot No.4, Door No. 2/4, Varalakshmi Nagar Maduravoyal Village, Chennai, Tamil Nadu	India
S1-458250419	Quality Mountain Real, Inc	446 Keystone Bend, Rockwall, TX	US
S1-359374902	Shree Traders Care	301, 3Rd Floor, Aman Chambers, Veer Savarkar Marg, Opp. Bengal Chemicals, Mumbai, Maharashtra	India
S1-803262466	Seven Global Private Limited	162/B/316, Lake Gardens, Near Allahbad Bank, Kolkata, Kolkata, Howrah, West Bengal	India
S1-604821241	Seus Cantor	52 200, Moroni, UT	US
S1-420724188	Direct Health Networks LLC	OH, 2695 Berry Road, Akron	US
S1-83233473	Brandon Rapid Property	WA, Unit #17, Milton, 8425 Pacific Highway	US
S1-673253053	Dlf & Co	Flat No 601 A-Wing Sai Comforts Pimpri Gaon, Pune, Maharashtra	India
S1-862606042	Hitech Investment Private Limited	192, Jamjikar Street, Mumbai, Maharashtra	India
S1-779317837	JG Technologies Pvt Ltd	414, Shree Samarath Plaza, R.R.T Road Near Mulund Railway Station, Mulund - We, St, Mumbai, Mumbai City, Maharashtra	India
S1-497106856	United Ampercap L.L.C.	5501 Hames Trce, Louisville, Unit 453, KY	US
S1-356728796	Foot & Ankle Center	2621 Welham Alley, Raleigh, NC	US
S1-728156865	Gold Foundation Limited	74/72, Lohiya Nagar, Near Built Up Circle, Chinthakommadinne, Cuddapah, Andhra Pradesh	India
S1-606948783	Roch Riker, D.O., M.D., P.C.	125 1265, Fl 0, Alvord, TX	US
S1-230566877	My Industries Private Limited	No 278, First Floor, L & T Road Burma Colony, Perungudi, Chennai, Tamil Nadu	India
S1-776521693	Brown Coastal Mid LLC	11084 Sh 71 Highway, El Campo, TX	US
S1-855258560	Konstance Cessna Indonesia LLC	141 Harvard Street, Unit 175, Boston, MA	US
S1-595223726	Creative Projects Pvt Ltd	D 58/16 D Ashok Nagar Sigra, Varanasi, Uttar Pradesh	India
S1-75039753	Lheureux Piedmont Rogers	Jenks, 12112 18th Court, OK	US
S1-983190343	Future Consulting Private Limited	Flat No.201, 2Nd Floor, Raghavendra Nilayam, Balaji Nagar, Kphb Colony, Kukatpally, Hyderabad, Telangana	India
S1-652041940	Lalji Consulting Limited	Chennai, E139 31St Cross Street Besant Nagar, Tamil Nadu, Chennai	India
S1-663386685	Cally Brink Staffing LLC	3101 Manchester Street, Unit STE 521, Fairfax County, VA	US
S1-875788073	Harr Fannie Inc	1681 2277, Quinlan, TX	US
S1-991506242	Prime Supply Holdings	11937 Yardarm Drive, Berlin, MD	US
S1-953628373	Janith's Contracting L.L.C.	8030 Main Street, Clayton, OH	US
S1-751804522	Skaggs Delta Harbor LLC	6440 Black Hill Road, Phoenix, AZ	US
S1-64854801	Liuka Teehan Mitsubishi	4850 Providence Drive, City Of New Berlin, WI	US
S1-462919705	Builders Kumar Developers Private Limited	A-1, Naraina Vihar Ring Road, Delhi	India
S1-317096553	Choice Trading Ventures	NY, Owego, 155 Erie Street	US
S1-501498630	Rodriguez Value Sky PC	9433 Whalers Cove, Mentor, OH	US
S1-113980442	International Tech Private Limited	D 503, 2Nd Floor, Khadda Colony, Jaitpur Extn Part 2, Badarpur, New Delhi, East Delhi, Delhi	India
S1-134656957	Sck Hotels LLP	Tamil Nadu, Chennai City Corporation, 150, By-Pass Road, 382/2C, Chennai	India
S1-659531600	Mills Drive Inc.	5600 Solo Road, Unit 134, Longview, WA	US
S1-727915410	Logan Rocky Banc Corp	9047 38th Place, Unit APT, Indianapolis, IN	US
S1-341648381	Alpha Online Limited	Tc 25/1107(7), Ii Floor, Ramakrishna Building, Near Malayala Manorama, East Thampanoor, Thiruvananthapuram, Trivandrum, Kerala	India
S1-391599445	Harjas & Co	112 New Aloo Pyaz Mandi Tejpur Gadbadi, Indore, Madhya Pradesh	India
S1-33878215	Green Systems Private Limited	1405Uno-O, Palava Phase-Ii, Lsg Sector-3, Kalyan, Kalyan, Thane, Maharashtra	India
S1-472356581	Prairie Mountain Metlife Inc.	1 Tiger Road, East Fishkill, NY	US
S1-711144646	MK Medix	C/O Rebati Ramana Nanda, Hig Duplex 4, Ph-2, Shailashree Vihar, Chandrashekhapur, Bhubaneswar, Khordha, Orissa	India
S1-345181173	YFN Services Private Limited	S-3, Anand Mangal, Apartments, D-137, Jaipur, Rajasthan	India
S1-278540242	Flake, Pierson & Kinney Corp	2066 Serenity Drive, Rio Vista, CA	US
S1-119241855	Vesoft Co	CT, Ansonia, 17 Berkshire Circle	US
S1-419978787	Pvj Traders	Tulsi Vrundavan Co Soc Fl, 8 Plot 29-30 Tarvala Nag, Nashik, Maharashtra	India
S1-250370357	Shivam Trading Private Limited	20A Dum Dum Park Road, Kolkata, Parganas North, West Bengal	India
S1-956588974	Gesoft Interstate Robinhood LLC	8712 Malaga Drive, Unit APT 1B, Indianapolis, IN	US
S1-171956853	Gallegos Corporation	1271 Marlin Drive, Fl 1, Chandler, AZ	US
S1-840476083	72/77 Municipals	1444 Jenkins Run Road, Moorefield, WV	US
S1-954633068	Galaxy Real Technologies Private Limited	Shreepati Arcade, August Kranti Marg, Nana Chowk, Maharashtra, 401, Mumbai, Grant Road (West)	India
S1-397178850	Strategic Automation Union	1509 Inwood Circle, Edmond, OK	US
S1-817327933	Agarwal (India) Entertainment Partners	C/O Narendra Thakur At- Bidanasi, Orissa, Cuttack, Nua Sahi, Medical Road, Cuttack	India
S1-174689640	BM Seven Limited	Lg-2, Bhagwati Complex Opp. Shah Cinema M.G. Road, Agra, Uttar Pradesh	India
S1-934530199	DT Great Block	8809 C Avenue, Unit UNIT 170, Hesperia, CA	US
S1-490044925	Clemens and Carrillo Inc	118 Heacock Lane, Cheltenham Township, PA	US
S1-211598336	Tresa's Tavern	VA, Loudoun County, 22131 Wind Fields Lane	US
S1-775891121	Luxus Traders Private Limited	6-3-52/A1, Gayathri Nagar, Revenue Ward No, 6, Kavali, Kavali, Nellore, Andhra Pradesh	India
S1-213748284	Tovar Therapies, LLC	609 Redbud Lane, Greenfield, IN	US
S1-874938201	Allied Metropolitan Systems	7140 149th Avenue, Redmond, WA	US
S1-349828971	Vision Media Private Limited	705, Aakruti Complex, Nr. Sahyadri Flats Nr. Stadium, Navrangpura, Ahmedabad, Gujarat	India
S1-33371162	Pacific Society	4217 Lowell Drive, Unit APARTMENT 1, Pikesville, MD	US
S1-216790772	Secure Media Holdings	29025 Bachelor Prairie Road, Creston, WA	US
S1-885940227	Jarlyx Hall	Dalton, 15504 Hackett Road, OH	US
S1-794661044	Ar Technologies(india) (India) LLP	40/23, Bhonde Colony, Erandwana, Pune, Maharashtra	India
S1-117520054	Tushar Securities Private Limited	102 Pundol Apts 160 M Groad, Pune, Maharashtra	India
S1-876109257	Litaex Printing LLC	361 Founders Village, Fl First Floor, Worcester Township, PA	US
S1-2691454	West Prime LLC	929 Broadmoor Drive, Dayton, OH	US
S1-575470785	Fortune Consultants Private Limited	House No. 01, Gurugram, Haryana, Hans Enclave, Gurgaon	India
S1-814262895	Figueroa, Landis and Alvarez Inc	11861 Scott Circle, Fauquier County, VA	US
S1-615966927	Aequs (India) Chem Private Limited	428 Kalbadevi Road, 2Nd Floor, Abhay House, Mumbai, Maharashtra	India
S1-796826724	Capital Center	69 Lenox Street, Uniontown City, PA	US
S1-110063395	Jump Crystal Cable	119 Marina Street, Prescott, AZ	US
S1-461497997	Grace Church	3321 16th Avenue, Spokane, WA	US
S1-578135839	Rbd Welfare Society	805, B Wing, Shankeshwar Darshan, Motisha Lane, Mazgaon., Mumbai, Maharashtra	India
S1-379481899	Kerala Lab Corp	Uttar Pradesh, Lucknow, Mahanagar, Lucknow, Lucknow, Shop No S-86 Gole Market	India
S1-965191799	Associated Consultants Limited	Sec 24, Turbhe, Gaon, Vashi Navi Mumbai, Plot 21, Thane, Maharashtra	India
S1-508822360	Dani Neal Prime Andretti LLC	8 Railroad Avenue, Yonkers, NY	US
S1-333893935	Tirupati Estate Private Limited	A 202, Sy No 274/P And 275/P Muppa Alankrita, Narsingi Gandipet Nanakramguda, Hyderabad, Rangareddy, Telangana	India
S1-224390754	Federal Holdings	610 Route 59, Naperville, IL	US
S1-939656755	Little Pub!	52 Prospect Road, Andover, MA	US
S1-5730155	MM Tube Private Limited	56, Green Market, Bathinda, Punjab	India
S1-444129846	Pioneer Petroleum Associates	285 Trailing Bluff Way, Garner, NC	US
S1-926441370	Magpie Move Private Limited	Building No-1866/A Sooraj Catering Service, Westhill, Near Garudan Kulam, Kozhikode, Kerala	India
S1-256517466	Day Choice Empire PC	3319 Athlone Avenue, Sioux City, IA	US
S1-957314627	Anchor Materials Group	8879 Ballentine Pike, New Carlisle, OH	US
S1-343248116	Optflosoft Holding Company PLLC	8311 Candlewick Court, Fl 0, Severn, MD	US
S1-291889642	Swastik Logistics Pvt Ltd	145/1, Third Foor Shahpur Jat, New Delhi, South Delhi, Delhi	India
S1-572207143	Wazir Royal Limited	Subhash Plaza, Yawal Road, Chopda, Tal. Chopda, Dist. Jalgaon (M.S.), Jalgaon, Maharashtra	India
S1-239064005	Mccarthy Cbre	38 Rider Avenue, Unit Apartment 219, Patchogue, NY	US
S1-500674168	Firefighters Local Union 995	3115 Warren Street, Prichard, AL	US
S1-424665066	Seix Interests Corporation	6614 Church Street, Sykesville, MD	US
S1-551256695	Urban Global Global	Office Premises Located At 112, 1St Floor Anil Complex, New Link Road, Ulhasnagar, Thane, Maharashtra	India
S1-660307545	144 Union Street Realty LLC	1746 Richmond Highway, Appomattox County, VA	US
S1-190450898	Desert Productions Private Limited	26/32, Krishna, Pereparambil Road, Kannankulangara Junction, Ernakulam, Kerala	India
S1-861129796	Jay Estate Private Limited	No.1/1, Venkateshwara Krupa, Grnd, Flr Shp, 3Rd Mn Rd, Karnataka Layout, Bangalore North, Bangalore, Karnataka	India
S1-663947602	Royal Investments Pvt Ltd	House No. 454/3-B, Balaji House, Naniwal Bagh, Delhi, North West Delhi, Delhi	India
S1-761327822	Innovative Universal Consulting	B-137 Ghatkopar Indl Estateoff L B S Marg Ghatkopar (West), Mumbai, Maharashtra	India
S1-775745483	Chapman Regional Bce	2904 E Ave NW, Cedar Rapids, IA	US
S1-479294544	Koenig and Chapman LLC	4501 Chris Drive, Keller, TX	US
S1-986127520	Mumbai Seva Ltd	B 506, Romell Empress Tower, I C Colony, Off Holy Cross Road, Borivali West, Mumbai, Mumbai City, Maharashtra	India
S1-451451047	Y+ Acquisition	18 Moulthrop Street, North Haven, CT	US
S1-699439726	Rocky Society	6173 Silver Fox Drive, Florissant, MO	US
S1-687631549	Aarvtech Technologies	Ghutiry Sharif, Bansra, Jibantola, Canning, South 24 Parganas, West Bengal	India
S1-359715042	Super Marketing Private Limited	Sardarpara, Kebalpara Prasannanagar, Jalpaiguri, West Bengal	India
S1-993620214	Best Nutrition Labs Corp	38 Vanderbilt Avenue, Unit E, Norwood, MA	US
S1-133978364	Valdovinos Spa	6025 Cheshire Drive, Bethesda, MD	US
S1-106102813	Niia Surgical Inc	612 Estel Street, Fl 0, Weatherford, TX	US
S1-428108573	415 Third Realty LP	15195 Boulder Court, Unit Unit 31, Rosemount, MN	US
S1-57124692	High Investments Private Limited	1914 B / 19 Govindpuri Extn, Opposite N7, New Delhi, Delhi	India
S1-852998647	Gujarat Hospitality Private Limited	Room Number 7, Paran'S Complex Althara, P O Chiyaram, Thrissur, Kerala	India
S1-492067059	Vetsch, Hanford & Hinton L.L.C.	617 Ohio Street, Monongahela City, PA	US
S1-862879606	Sunderland Royal Genetics LLC	2305 Senator Street, Mobile, AL	US
S1-54450200	Person's Advertising	Glen Cove, NY, 19 Sherwood Road	US
S1-86469651	Ahmedabad Consulting Pvt. Ltd.	50, Deep Complex Pole Gandhi Road Nake Ratan Pole, Ahmedabad, Gujarat	India
S1-684035148	Rubio Platinum Corporate LLC	873 Bemis Hill Road, Westminster, VT	US
S1-350530941	Dermatology Care Associates Inc	VA, 4924 Glenspring Road, Henrico County	US
S1-156417876	Pediatric Dentistry Health Inc	2054 Road 57212, Cleveland, TX	US
S1-835581036	XT Desert Vertical PC	26219 Johnson Road, Montgomery, TX	US
S1-678729100	Best Parts, Inc.	300 Lacreole Drive, Unit 268, Dallas, OR	US
S1-957649217	Hyderabad Pharmaceuticals Limited	6-1-507/3/1, Indira Nagar Colony, Khairtabad, Hyderabad, Telangana	India
S1-992491048	New Delhi Farms Private Limited	S-630, Sf, Kh No.330/24, Nehru Enclave, School Block, Shakarpur., New Delhi, East Delhi, Delhi	India
S1-424482945	Modern Krishna International Private Limited	Shopno24, Bldg.No28, Neptunechs Ltd, Evershine Mileniumparadise Phaseii, Thakurvillage, K, Andivli(E), Mumbai, Mumbai City, Maharashtra	India
S1-941236612	Lakshmi Technologies Private Limited	C/O- Mandira Manna, Vill-, Amtalahat, Kanya Nagar, Bishnupur - Ii, South 24 Parganas, West Bengal	India
S1-52305960	Valley Academy	905 Evins Street, Manchester, TN	US
S1-451294865	Zenith (India) Industries Private Limited	C/O Om Kar, Dungarpur, Gautiya Post- Shergarh Baheri, Dungarpur, Bareilly, Uttar Pradesh	India
S1-343910438	Moore's Atlantic Communications	709 Ray Street, Ottumwa, IA	US
S1-820646304	Sterling Anchor Pembina	4311 Trinity Avenue, Greensboro, NC	US
S1-770119379	Pioneer Construction Private Limited	House Number 343/18, Mussabha Chl Prabhat Cly, Mumbai, Maharashtra	India
S1-95386923	Shree Engineering Limited	New No. 2, Old No. 29/5, Subhiksha Flats, Venkatesh Nagar Main Road, Virugambakkam, Chennai, Tamil Nadu	India
S1-625256116	X G Mitchell Loan PLLC	3616 Pine Street, Mount Airy, NC	US
S1-418669037	Guizar Best Photonics	7105 70th Avenue, Unit Bldg, Johnston, IA	US
S1-962368057	Teng Choice Premium	81 Regina Road, Lynn, MA	US
S1-864599119	Heritage Commercial Alliance, LLC	1907 Shayla Avenue, Springfield, MO	US
S1-495750306	Cornerstone Generating	Chenango, NY, 16 Wightman Drive	US
S1-580250269	Dhanvi Advisors	Telangana, K.V.Rangareddy, Pristine Estate, Gopanpally, Serilingampally, Villa 69	India
S1-846419885	Services Shraman Leather Private Limited	3Rd Floor, Block A, Amsri Shamira, Building No.9-1-113 To 118, Old Lancer L, Ines, Secunderabad, Hyderabad, Telangana	India
S1-796291304	James, Phipps & Tan LLC	4740 Stallings Drive, Nacogdoches, TX	US
S1-236879656	Serene's Vanguard Foods-Salisbury	191 Beach Road, Unit 109, Salisbury, MA	US
S1-454943436	Mountain Star Crescent	55756 Tulip Road, New Carlisle, IN	US
S1-339836515	All Raj International Private Limited	218 219, Nand Bagh Sec B, Indore, Madhya Pradesh	India
S1-681783360	Emmeline Alexander, Ph.D., P.C.	516 Price Avenue, Nacogdoches, TX	US
S1-168059962	Coreen Miller Royalty Inc	877 Millridge Road, Highland Heights, OH	US
S1-549782488	As Trading Private Limited	Survey No.399/3 Eppodhumvendran Post Tuticorin Dist, Tuticorin, Tamil Nadu	India
S1-106439602	Cervantes and Weathers Renatus LLC	1453 34th Avenue, Minot, ND	US
S1-941261991	Louisville Wildlife Elite Committee	848 Lakemont Drive, Unit A, Louisville, TN	US
S1-946029369	Progressive Niketan Co	Off-301/A Om Divya Apt., Nr Cinemax Trikamoas Rd, Kandivali West, Mumbai, Maharashtra	India
S1-812035003	Woodring & Jacob Corp	491 Granite Lake Court, Denver, NC	US
S1-763926801	Jemini Chemie (India) Limited	D.No: 16/1, 39A1, Salem Road, Musiri, Trichy, Tiruchirappalli, Tamil Nadu	India
S1-530202473	Ace Business Private Limited	C/O Prakash Nandkumar Karde, H. No. 1885 B Wing, Flat No -101, Mhasala, Raigarh, Maharashtra	India
S1-606491823	Navi Mumbai Finance Private Limited	905, 9Th Floor, The Ambience Court Sector 19D, Vashi, Navi Mumbai, Mumbai City, Maharashtra	India
S1-505438166	Vision Projects Private Limited	Plot No 62, Ballabgarh, Sector 68, Imt, Faridabad, Haryana	India
S1-505161129	Silver Bdc LLC	Sherman, 3315 Preston Club Drive, TX	US
S1-809512952	Suzanna K. Barnard, Esq., PC	4022 Hare Court, Newburgh, IN	US
S1-130377250	Apex Healthcare Private Limited	Ajay Kumar Singh, Ward 17, Pattapur Dumri, Begusarai, Bihar	India
S1-799510051	Maid Auto Body	12535 Estero Lane, Litchfield Park, AZ	US
S1-645171124	Patriot Premier Oceanhawk LLC	17026 Harmon, Fayetteville, AR	US
S1-722531160	Total Tech LLC	1055 Chad Court, Plainfield, IN	US
S1-898692215	Ferrara Academy PLLC	9821 Farnham Dr, Louisville, KY	US
S1-649267508	Vijay Management Private Limited	Karnataka, No.119, Bangalore, Sri Puttanna Chetty Road Chamarajpet, Bangalore	India
S1-557518052	Cascade	11 Hale Street, Eureka Springs, AR	US
S1-473438988	Sunrise Solutions Private Limited	17, Lloyds First Lane, Royapettah, Madras Royapettah, Madras, Royapettah, Madras, Tamil Nadu	India
S1-229945809	Foot & Ankle Center of Mansfield	2410 Bulin Drive, Mansfield, TX	US
S1-190357184	J G Mcmullin Hancock	41-55 71 Street, Woodside, NY	US
S1-544498288	I 8 A Cherry LLC	347 Handley Avenue, Campbellsville, KY	US
S1-985924698	Hindle Fidelity Inc	13505 Turquoise Lane, Fairfax County, VA	US
S1-192013742	South It Private Limited	21, Pooja Tower Old Rto Road, Gandhi Nagar, Bhilwara, Rajasthan	India
S1-623706114	Silver Technology Private Limited	12/1, Main Mathura Road Faridabad, Faridabad, Haryana	India
S1-374759239	Kazmierczak and Keenan Bank LLC	1021 5th Street, Leavenworth, KS	US
S1-771942272	Surgical Center	40 Yowago Avenue, Branford, CT	US
S1-102546233	Cyndia Nichols Reliable Advantage Inc	13261 109th Street, Sedgwick, KS	US
S1-15493141	Zephara Owl	581 Ute Street, Tulsa, OK	US
S1-746422159	Elite Paloma LLC	MA, 1227 High Street, Westwood	US
S1-905962170	Claudette Arias Smart Globa Inc.	2613 Newton Street, Washington, DC	US
S1-715124417	Quantum Medical Centre	6, Aakashganga Bunglows, Near Kabir Mandir Anuradha Society Road, Ghuma, Ahmedabad, Gujarat	India
S1-260814062	Zesoft Unified Ashford	14523 Shepard Drive, Little Rock, AR	US
S1-535086041	Brightari Industries	2137 Cherry Street, Quincy, IL	US
S1-519907687	Dermatology Specialists Group	1005 Etheridge Street, Humboldt, TN	US
S1-714014100	Carvajal Interests	5402 Mckellips Road, Unit 163, Mesa, AZ	US
S1-546048731	Ganga Hospitality	103/2, Sarat Chatterjee Road, Kolkata, Howrah, West Bengal	India
S1-401517985	Dodson Vertical	34 River Edge Drive, Poughkeepsie, NY	US
S1-246703176	Blue Federation	5052 Brinkman Street, Houston, TX	US
S1-669289990	Mona's Pharmaceuticals Inc	2338 Alexandria Jacksonville Highway, Alexandria, AL	US
S1-403675930	Kalpavriksha Development	C/O Madhubala Tiwari, Rathindra Nagar, Kharika, Lucknow, Uttar Pradesh	India
S1-440938736	Garner Total Illumination, Inc	404 Hicks Road, Castle Rock, WA	US
S1-683163700	FT Sachs Inc	511 Jefferson Street, Watertown, NY	US
S1-193653484	Green Fund	92 Pearl Street, Crown Point, NY	US
S1-464661240	Stag	4827 67th Street, Marysville, WA	US
S1-558014310	Southern Fortune Inc.	MD, Unit APT 1413, Baltimore, 1 Conway Street	US
S1-91431510	<CITY_NAME> Ventures Private Limited	Pratap Nagar Pratap Nagar, Jodhpur, Rajasthan	India
S1-754577036	Pinnacle Grand Plus P.C.	193 Old Coach Road, KY, Jessamine Co	US
S1-640945514	Dermatology Complete Clinic, Inc	7794 Dove Road, Wolcott, NY	US
S1-163016774	Blue Apartment	231 D Avenue, Unit 80, Salisbury, NC	US
S1-14723039	Sharda Powers (India) Pvt Ltd	J-6 Himmat Nagar, Tonk Road, Jaipur, Rajasthan	India
S1-237390159	Kalyan Solutions Limited	104-Abhivandan Apartment, Shreeram Nagar, Section-29, Ulhasnagar, Kalyan, Thane, Maharashtra	India
S1-123010761	Saptagiri Business	No 68 / 1, 1St Cross, 5Th Main Vinayakanagar, Bangalore, Karnataka	India
S1-627463434	Grace Electronics Limited	16/5, Basement, Old Rajendra Nagar, Central Delhi, Delhi	India
S1-634741417	Global Enterprises	476, Maruti Nagar, Phase - Ii, Bareli, Baraily, Raisen, Madhya Pradesh	India
S1-272270672	Fresh Bike Shop	490 Harrison Avenue, Tonawanda, NY	US
S1-761721483	Vision Hospitality Limited	Old Door No.296, New Door No.182, Avvai Shanmugam Salai, Royapettah, Chennai, Tamil Nadu	India
S1-878772743	Gaver Municipal Inc	108 Morningside Drive, South Padre Island, TX	US
S1-651225937	ZQ Digital Group	Tuscaloosa, 3616 36th Street, AL	US
S1-483444249	Sterling Industrial Services	210 Ashford Industrial Drive, Ashford, AL	US
S1-809907226	Mahaveer Traders Pvt Ltd	C/O Mr. Sainath Janu Patil Near Runwal Garden City Ram Maruti Nagar, Balkum, Thane, Maharashtra	India
S1-814838441	Beena Management Limited	Rh No-06, Uma House, Phase, Ii, Kalyan Dombivli Mcorp, Kalyan, Thane, Maharashtra	India
S1-310270712	Diaz & Power Inc	NC, 1535 Peace Haven Road, Winston-salem	US
S1-269035478	French Bridge Associates Pvt Ltd	Saraswati Niwas, French Bridge, Mumbai, Maharashtra	India
S1-434351890	Flores Ace Bhav Inc.	10338 Earll Drive, Avondale, AZ	US
S1-626934031	Rev It Up Cafe Inc.	9310 Adelphi Road, Hyattsville, MD	US
S1-976212477	Promotors (India) Polymers LLP	Mount Poonamallee Road, Ramapuram, Madras, Chennai, Tamil Nadu	India
S1-949954527	Arihant Modern Tech Private Limited	699 Osmanabad Road, Yedshi, Osmanabad, Maharashtra, Osmanabad	India
S1-653979197	Broken Arrow Wildlife Association	1513 Narcissus Avenue, Broken Arrow, OK	US
S1-692531379	Lotus Ventures Private Limited	Gf-03, Venus Amadeus, Jodhpur Cross Road, Satellite, Ahmedabad, Gujarat	India
S1-245459939	Wankaner Hitech Pvt. Ltd.	Survey No. 239, B/H Nessa Vitrified Llp, Matel Road, Lakaddhar, Wankaner, Rajkot, Gujarat	India
S1-749521115	Mount Cathedral	850 Shenandoah Drive, Unit Apartment 301, Shakopee, MN	US
S1-618889340	Arvizu United Qdro Inc	21908 Rock Wren Road, Spicewood, TX	US
S1-145427897	Malad West Tracom LLP	Flat No -402 Girnar Apt, S.V. Road, Malad West, Mumbai, Maharashtra	India
S1-665060826	Malynda Kaur Legacy Ocean LP	326 Parkview Place, Versailles, KY	US
S1-869448689	Veex Analytics LLC	2206 Pecan Street, Texarkana, AR	US
S1-453879420	Dermatology Center Corporation	Huachuca City, 2383 Vista, AZ	US
S1-125068767	Ace Regional Communities Inc	3838 153rd Avenue, Goodyear, AZ	US
S1-610425197	Dkb Goods (India) Private Limited	Flat-B/602, Plot-14& 15, Sec-20 Asha Deep, Panvel, Navi Mumbai, Thane, Maharashtra	India
S1-718502802	Frey Assets	1078 Tamarack Trl, Iowa City, IA	US
S1-769518453	Pediatric Dentistry Colonial Specialists LLC	258 Tanager Lane, Pueblo West, CO	US
S1-743524940	Acclaim Developers Limited	02 Stanford Plazab-65 Veera Ind Estate Off Link Road Andheri (West), Mumbai, Maharashtra	India
S1-253931330	Precision Precision Holdco LLC	1095 500, Unit 28, Provo, UT	US
S1-38856492	Melody Moran Integrated Antimony	401 Ironwood Drive, Unit 71, Apache Junction, AZ	US
S1-196088726	Esguerra Empire Physical Therapy	Reeds Spring, MO, 266 Turtle Cove Lane	US
S1-224019141	Urology Partners	712 Keeling Drive, Pittsylvania County, VA	US
S1-116719827	Congregation Ministries	2536 8th Street, Minot, ND	US
S1-294107251	Management Smart (india) Private Limited	8-3-833/K/1 To K/8, Hyderabad, Khairatabad, Telangana	India
S1-379817050	Coa	950 Meramec Station Road, Unit APT 4118, Fenton, MO	US
S1-652930604	Inscape Diagnostic Pvt Ltd	Door No 3, First Floor, Cas Nagar Main Street, Madurai South, Madurai, Tamil Nadu	India
S1-537271006	Shiv Cable Private Limited	5, Commercialbldgs Netaji Subh, Kolkata, Howrah, West Bengal	India
S1-219606315	NOO Peak Commercial, Inc	NY, 839 Sanders Avenue, Glenville	US
S1-426093511	Peers Scans Private Limited	Pratik Edke, Sr. No 130/123, Unit 314, Crossroad, Bhumkar Chowk, Wakad Pune, Pune, Maharashtra	India
S1-329701559	Swastik Dynamic Business Pvt Ltd	Jamnagar, Gujarat, A - 21, M. P. Shah Industrial Estate	India
S1-50689193	Jain Technology Private Limited	319, Rani Nivas, Ayurvedic Hospital Road, Bhubaneswar, Khordha, Orissa	India
S1-250414389	Chetan Clinic Private Limited	No2, Ground Floor, Ns Halli, Shree Vinayaka Nilaya, Bangalore North, Bangalore, Karnataka	India
S1-955555905	Legacy Infrastructure Brands LLC	909 Brookrun Drive, Unit 1610, Charlotte, NC	US
S1-643283498	Keller, Bates and Nelson Guaranty Inc	1808 Elm Street, Unit UNIT 336, Pittsburg, KS	US
S1-298261244	Hitech Construction Limited	P.No. 496, Fn. G-2, Nirman Nagar, Jaipur, Rajasthan	India
S1-45513123	Apex Properties Private Limited	D-253, Site- Epip, Gautam Budh Nagar, Gautam Buddha Nagar, Uttar Pradesh	India
S1-431948234	Valley Project	1523 Sampson Rd Lane, Niangua, MO	US
S1-215315665	Clea Zavala Blackstone, LLC	349 Summitt Road, Vonore, TN	US
S1-725837862	Veterans Federation	249 North Avenue, Parma, NY	US
S1-963807582	Lasaor Vanguard Communications	3 Arlington Court, Bedford, MA	US
S1-882602580	Al Technologies Private Limited	Padmavathi Plazaopp: Kphb Colony Kukatpally Hyderabad, 431 & 432, Hyderabad, Andhra Pradesh	India
S1-466708214	Ree's Pizza	85 Main Street, Unit 3RD, North Adams, MA	US
S1-456389500	Womens Health Signature Care, Inc	Roslyn, Unit Apartment 1A, 45 Edwards Street, NY	US
S1-750207477	Genuine Traders Pvt. Ltd.	Pithapur, Cuttack, Orissa	India
S1-327894814	Orion Innovatives Private Limited	Pune, Sec 32A, Maharashtra, Pl-Lc1/3, Shop-A-16 Harmony Hsg. Soc. Chinchwad, Pune	India
S1-632222920	Trilok Processing (India) Private Limited	B/1, Basement, Tara Niwas B P Road, Vishnu Nagar, Naupada, Thane(W, ), Thane, Maharashtra	India
S1-447794647	Shreeji Services Private Limited	Ppv - 129 B4, 129 B5, Anappara Road, Pulpallyy, Wayanad, Kerala, Wayanad, Kerala	India
S1-638567340	Kalyani Trading Ltd	379, Ashoka Vault Building, 1St Floor, Pandit Jawaharlal Nehru Road, Sitabuldi, Nagpur, Maharashtra	India
S1-524002133	Pioneer Impex	1 Main Road, Ram Leela Chok Ke Pass, Sohagpur, Hoshangabad, Madhya Pradesh	India
S1-872764725	Historical Institute	4124 Paw Paw Crossing, New Bern, NC	US
S1-523913819	Kestyn Ncr Inc	2472 Baseline Road, Albion, IN	US
S1-640250832	Tri-State Premier PLLC	177 Compton Curry Road, Unit LOT B, Somerville, AL	US
S1-778505426	Weil, Mckelvey & Cabrera	4875 Donald Avenue, Richmond Heights, OH	US
S1-646875743	Arfa System Private Limited	36/4, D.No 17, Virupaksha, Garden, Vg Rao Nagar, Coimbatore North, Coimbatore, Tamil Nadu	India
S1-171262879	First Clear Live L.L.C.	7810 Shelby Circle, Edmond, OK	US
S1-793004509	Good Global	Aurangabad, Maharashtra, Aurangabad, H No C-13, Swar Sangam Co Op Soc Shreyanagar	India
S1-29324474	Rapid (India) Beverages Private Limited	D-73, Vamika Arcade, Madhura Nagar, Hyderabad, Pin., Khairatabad, Hyderabad, Telangana	India
S1-767318851	Zephyn Nexera PLLC	5134 Main Street, Unit C, Akron, OH	US
S1-959380380	Advanced Payroll Collective Inc	1021 4155, Washington City, UT	US
S1-107590030	Pioneer Estate Pvt Ltd	C-4/123 Safdarjungdevelopment Area, New Delhi, South Delhi, Delhi	India
S1-158662956	Chiropractic Associates	1584 Blake Bottom Road, Huntsville, AL	US
S1-310431572	Turnaround Educational Society	Maharashtra, 210 Anandraj Industrialpremises Co Op Soc Ltd Sonapur Rd Bhandup (W), Mumbai	India
S1-431686936	Schulze First Iii Inc	12 Crowninshield Street, Unit 716, Peabody, MA	US
S1-859232084	Shrader and Turner Corp	883 Yacht Club Drive, Ogden Valley, UT	US
S1-240486132	Surgical Care Associates	9405 Rawson Avenue, Raleigh, NC	US
S1-328839954	Edappally Software Private Limited	42/3161 (Old No.33/69) Prathibha Road, Alinchuvadu, Palarivatto, M, Edappally, Ernakulam, Kerala	India
S1-500809553	Nieves Virginia LLC	195 4th Street, Beaumont, TX	US
S1-733395237	MJ Network Company	4 Mahaprabhu Aparatmentmarve Rod Malad West, Mumbai, Mumbai City, Maharashtra	India
S1-859096785	Smart Energy Private Limited	Wz - 314 Shiv Nagar, Gali No. 17, Upper Ground Fl, Oor, New Delhi, North East, Delhi	India
S1-159249513	Lyros Blackstone	52 St Andrews Drive, Etowah, NC	US
S1-896273885	Technologies Lucknow Technologies Private Limited	2/187, Pudupet Thiruvanchiam, Thiruvarur, Thiruvarur, Tamil Nadu	India
S1-717203641	Orona Crypto LLC	1110 Pine Lake Avenue, La Porte, IN	US
S1-871557441	Platinum Infotech (India) Private Limited	A/403 Krishna Complex Chs, Ltd., Midc Road, Miragoan, Thane, Maharashtra	India
S1-78372535	Mimms Tailwind Inc	13198 Helen Court, Redlands, CA	US
S1-444165290	RYL Productions Private Limited	C/O Prashant Ladole, Shahapura Taluka, Anjangaon, Amravati, Maharashtra	India
S1-526373726	Pioneer Technologies	Tiruvallur, Majestic Colony, Main Road, Valasaravakkam, D.No.106C, Tamil Nadu	India
S1-506069846	Heritage Goldman Inc	48996 Kingwood Avenue, Mill City, OR	US
S1-380304270	Integrated Automotive Inc	1450 Yarrow Circle, NY, Brookhaven	US
S1-622598946	Metropolitan Coastal Stock LLC	18924 Planters Lane, Keedysville, MD	US
S1-342530193	Children's Institute	2829 Yarling Court, Unit STE 2829, Fairfax County, VA	US
S1-666175678	Rishikesh Minerals Company	Telangana, Shanthi Nagar, Medak, 11-156, Patancheru	India
S1-483327611	Pediatric Clinic	7132 77, Schulenburg, TX	US
S1-314985437	Jenda Thames Energia LLC	2993 Holiday Park Drive, Hempstead, NY	US
S1-969387676	Superior Abrdn LLC	8344 Briles Road, AZ, Peoria	US
S1-732925360	Beacon Partners	519 Placid Drive, Montgomery, AL	US
S1-454066862	Crossman, Velasquez and Jessen P.C.	Antlers, 414238 1960 Road, OK	US
S1-128898184	Harris Currencyshares LLC	2610 Simmons Road, Middleborough, MA	US
S1-259188680	Vance Express Wealth Inc	8208 Route 120 Highway, Bull Valley, IL	US
S1-464007462	Jarlova Real	1391 Timberland Drive, Algonquin, IL	US
S1-46563464	United Coalition	6929 Sweet Gum Court, Evansville, IN	US
S1-479297375	Keslie Solomon Solana	5803 Old State Hwy 28, Dunlap, TN	US
S1-560004037	American Institute LLC	135 Washington Place, Electric City, WA	US
S1-326307039	Bj Nursing Home Limited	W.No 15 Sant Kabir Nagar, Vidokher Medani, Hamirpur, Uttar Pradesh	India
S1-751406936	UIR Technosoft Private Limited	305 Konarkshram156 Tardeo Road, Mumbai, Maharashtra	India
S1-391490429	Animal Welfare Fund PLLC	MO, 2338 Wescreek Drive, Maryland Heights	US
S1-74797107	Interfaith Fellowship	213 Jim Street, Billings, MT	US
S1-932085748	Mighty Energy Private Limited	44 Local Shopping Complexdda Market Near Pushpa Bhawan, Delhi, New Delhi, Delhi	India
S1-903603436	Chiropractic Center	6 Damon Road, Medford, MA	US
S1-134756060	Sai Institute	D-84 Tikona Park 4Th Floor Jamia Nagar, New Delhi, Delhi	India
S1-129713349	Housing Direct Charities	914 Timberlake Drive, Purcell, OK	US
S1-850777308	Aarambh Ventures Pvt Ltd	H. No. 37-107/1/A, Madhura Nagar, Neredmet X Roads, Rk Puram, Secunderabad, Hyderabad, Telangana	India
S1-858665428	Shreyas & Brothers Private Limited	F-138 Gf, Sushant Shopping Arcade Sushant Lok-1, Gurgaon, Haryana	India
S1-571465458	Subramanian Drive	421 Ossipee Trail, Porter, ME	US
S1-682793272	Damaris Green, O.D., M.D., P.C.	1648 Black Rock Road, Fort Benton, MT	US
S1-213479520	Straight Food (India) Associates	H.No. 690/B-2, Near Mc Office, Vishwakarma Colony, Pinjore, Panchkula, Haryana	India
S1-968583776	Ryan, Gallagher & Sanchez	204 Silver Moon Drive, Kalispell, MT	US
S1-864208107	Royal Lifeco Inc.	2002 Crescent Drive, Unit 1A, City Of Wilson, NC	US
S1-172761710	Ortensia's Precision Management	2905 Glenmare Street, Salt Lake City, UT	US
S1-780890074	Pao Holdings	1007 Oak Street, Amity, OR	US
S1-824138254	Pediatric Dentistry Legacy Care	6 Mitchell Avenue, Yonkers, NY	US
S1-367934658	Merilyn Brown Pattana	TN, 4913 Orchard Drive, Apison	US
S1-520465562	Gujarat Indo Media Private Limited	C/O Urmila Devi Mandirpur, Kolhna Wazirganj, Gaya, Bihar	India
S1-829370092	Future Finance Private Limited	Block 12, Karnataka, Uttara Kannada, Haliyal, J.N. Road	India
S1-13116702	Ram Foundation	Shop No. A5, Ratandeep Tower, A-1, Indira Complex, Indore, Madhya Pradesh	India
S1-275692465	Sahayog Clinic	Flat No219 2Nd Floor Plot No1 Vaishaliretreat Near Pratap Ngr Queensrdbeed Khatipura Vaisha, Li Nagar, Jaipur, Rajasthan	India
S1-706385679	Tranet Enterprises PC	Winston-salem, NC, 1844 Trellis Lane	US
S1-261009066	Petty and Hess Athena LLC	7025 Hooper Road, Baton Rouge, LA	US
S1-847760450	Downtown Bike Shop!	485 Cedar Hill Road, Fishkill, NY	US
S1-303692846	Hindustan Foundation Private Limited	Shop No.15, Anuradha Chs, Irla Bridge, Andheri (West), Mumbai, Mumbai City, Maharashtra	India
S1-809153704	Supreme California	11507 800, Lewis, IN	US
S1-435124417	Trinayan Global Private Limited	Krishna Villa, Mongibai Road, Vile Parle (East), Mumbai, Maharashtra	India
S1-447374438	Rocha, Zabel and Conboy Solana	1800 3rd Avenue, Buffalo, MN	US
S1-844580649	Robbins Elite Inc	14 Earhart Place, Kettering, OH	US
S1-921073712	Rianon Barnes Rain Inc	6586 Waconda Road, Marion County, OR	US
S1-382518193	Zapata Gamco	3988 Artmar Drive, Youngstown, OH	US
S1-809959981	Juniper Orion Inc	424 Bridge Road, Unit Apartment 1, Crown Point, NY	US
S1-425208855	Murugan Vidyalaya	Flat No 2205-2206, Shivalaya Tower, Thakur Complex, 90 Dp Road, Nr Asha Nagar, Kandivali East Mumbai, Mumbai City, Maharashtra	India
S1-227039044	Brewer & Hodges Chemical Corp	1028 Cheswick Drive, Gurnee, IL	US
S1-96236418	Boyd Family Practice	1708 33rd Street, Lubbock, TX	US
S1-399790871	East Cascade Barclays	5366 Roosevelt Drive, Hermantown, MN	US
S1-90023039	Anderea Allen Preferred Defense	2116 Sahuaro Drive, Phoenix, AZ	US
S1-483040674	Woodard Vine LLC	NY, North Tonawanda, 720 Meadowbrook Drive	US
S1-484861948	Hommel Precision Virtus	Phoenix, AZ, 2841 Winchcomb Drive	US
S1-798674505	Ace Software	B1104 Bren Edgewaters, Owner'S Court Layout West, Bangalore South, Bangalore, Karnataka	India
S1-752846958	Shree Flavour Pvt. Ltd.	6, 5Th Floor, Clover Metropole, Nibm Road, Pune City, Pune, Maharashtra	India
S1-507761614	Dio LLC	Payson, UT, 474 400	US
S1-465466648	Seana Winters Tri-State Westin	TN, Maryville, 717 Watkins Road	US
S1-753922160	Sunrise Agro Private Limited	4/23, Ground Floor West Patel Nagar, Delhi	India
S1-34887776	Depriest Generating LLC	4401 Ridge Road, North Haven, CT	US
S1-461076173	Time Trading Private Limited	523 Vyapar Bhavanp D Mello Road, Mumbai, Maharashtra	India
S1-731333578	Comptech & Co	Door No. 498/10, Teetee Complex Trichur Moospet Road, Opp.Jubilee Missio, N Hospital, Thrissur, Kerala	India
S1-789003647	Rose Metropolitan Utilities LLC	Seattle, 7301 19th Avenue, WA	US
S1-579711153	Jackelyn Dishman Energia Inc.	75 Maple Road, Huntington, NY	US
S1-432220373	Urology Preferred Specialists Inc	9811 Davidge Drive, Columbia, MD	US
S1-843682049	Urban Tavern	409 5th Street, Laurel, MT	US
S1-273449274	Navi Solutions Limited	B-903 Orchid Divine Nr Gala Aria Village Bopal (Ct) Taluka Daskroi, Ahmedabad, Gujarat	India
S1-888176402	Brittani Chung Continental Futurecorp	4703 Millbrook Drive, Fl 1, Columbia, MO	US
S1-181666155	Knorr Liquor, LLC	319 Salem Street, Lexington, NC	US
S1-687437164	Mumbai Speciality Private Limited	Office 714, 7Th Floor, Sunshine Tower, S. B. Road, Dadar West, Mumbai, Maharashtra	India
S1-197212369	Health Charities	11529 Ryan Court, Fl 0, Wichita, KS	US
S1-584913553	Enva Inc.	5905 Farm Pond Lane, Unit 105, Charlotte, NC	US
S1-882463306	Happy Cafe	45 Colin Kelly Drive, Riverside, OH	US
S1-911473636	Strategic Sun	1747 Arthur Drive, Warren, OH	US
S1-667301916	Consolidated Mortgage Concepts	7149 Shawnee Way, Reynoldsburg, OH	US
S1-259152859	Modern Trading Private Limited	C/O.Sunil Kumar Kapri Nr., Bandhan Bank, Krishan Ngr, Raghurajnagar, Satna, Madhya Pradesh	India
S1-969112381	Dunlap Prime Boston PC	3034 Kimberly Street, Portage, IN	US
S1-307171554	Espejo and Ford Inc	34 Flag Swamp Road, Dartmouth, MA	US
S1-493280407	Sai Systems Private Limited	198, 2Nd Floor, Cmh Road, Near Shanti Sagra Hotel, Indiranagar, Bangalore, Karnataka	India
S1-436882779	Metropolitan Pediatrics LLC	133 Colonial Drive, Unit APT J, Harrisonburg City, VA	US
S1-885076339	New Real Business Limited	Flat No. E2/2, Gut No. 42, Kanchanwadi, Aurangabad, Maharashtra	India
S1-833015509	Atlantic Triton PLLC	32 Sussex Drive, Fl 0, Saint Louis, MO	US
S1-551899086	United Arihant Services Pvt Ltd	House No - 23, Howrah, West Bengal, 1St Floor Gariahat Road (South), Kolkata, Kolkata	India
S1-506014123	Durden Trust	150 Quarry Street, Unit 304, Quincy, MA	US
S1-183465974	Iacono Investment LLC	1205 Amanda Place, Cincinnati, OH	US
S1-455596651	Hayden Clean Investors LLC	360 Sun Valley Road, Unit 2, Ketchum, ID	US
S1-42418912	Choice Glass	4312 Oswin Drive, Murfreesboro, TN	US
S1-980069219	Silver Consultancy Pvt Ltd	R B Kate Chawl No-2 Shashtri Nagar Nr. Model Colony, Pokhran Road No.1, Thane, Maharashtra	India
S1-274875053	Mayur Reform Pvt. Ltd.	2911/4 Second Floor Gali No 4 Chuna Mandi Pahar Ganj Banke Bihari Mandir, Delhi, New Delhi	India
S1-131560524	St. Community Church LLC	606 Bob White Drive, Purcell, OK	US
S1-607593404	Lucy Dolan, P.A., P.C.	180 Forest Brook Drive, Statesville, NC	US
S1-84064481	Sun Exports Private Limited	Shop No. 1, Plot No. 11 D-Block Market Lsc Vivek Vihar, Delhi, East Delhi, Delhi	India
S1-889062952	Chennai Tech	Do.No.32&32A, Ii Cross Streetv.G.P.Murthy Square, St.Thomas Mount, Chennai, 600 016., Tamil Nadu	India
S1-709295808	Norean Stockman, DPM	8510 State Street, Unit 69, Midvale, UT	US
S1-480117021	Great It	Rustom Bldg 3Rd Floor29 Veer Nariman Rd Fort, Mumbai, Maharashtra	India
S1-203900910	Anchor Triumph LLC	59 Newberry Lane, Lancaster, NY	US
S1-276257088	Debbie Sanchez Keystone Research	Maplewood, 1634 Cope Avenue, MN	US
S1-511402346	Dream Hospitality Private Limited	Gauri Business Centre, Shantiniketan 8, Camac Street, Room No.409, 4Th Floor, Kolkata, Kolkata, Howrah, West Bengal	India
S1-359628058	Josephina L. Pearson, D.C., PC LLC	26 Amaryllis Court, Middlesex, NC	US
S1-862870404	Precision Apparel Ventures Inc.	TN, Sevierville, 1758 Thurman Circle	US
S1-686264599	Golden Materials Inc	975 Gilbert Creek, Gilbert Creek, WV	US
S1-776954211	Melessa Cole Commercial PLLC	105 2nd Avenue, Lenoir City, TN	US
S1-872827047	Diaz Brighthouse Inc.	20217 Shakerwood Road, Warrensville Heights, OH	US
S1-885754873	Kalinga Law Chambers	C/O Vijay More, Kh-3/14/602 Celebrationse, Panvel, Raigarh(Mh), Maharashtra	India
S1-139664721	LW Outdoor Private Limited	Fl-103, 997, Torda Villa, Pune City, Pune, Maharashtra	India
S1-501992976	Rose Anchor Paloma LLC	IL, 540 Michigan Road, New Lenox	US
S1-364510682	Integrated Orion Inc	3340 Curtis Drive, Unit 203, Suitland, MD	US
S1-719347032	Blackman Family Office LLC	13 Colvin Circle, Troy, NY	US
S1-289473499	Temple Israel	53 Bleeker Street, Unit Apartment 2, Mount Vernon, NY	US
S1-845606590	Thousand Tech Pvt Ltd	H. No. 5/789, Amrut Jyot, Vania Sheri, Mahidharpura, Surat, Gujarat	India
S1-670858137	Creative Media Limited	Chandresh Accord Bldg No 40Room No 102 Mira Bhayander Rd Mira Rd (E), Thane, Maharashtra	India
S1-818970160	Regional Onfolio L.L.C.	5822 Red Sox Way, Billings, MT	US
S1-437296743	Valley Yhn, Inc	958 Emory Lane, Fort Mill, SC	US
S1-440307625	Brown Complete Neurosciences	426 Rockingham Road, Gray, TN	US
S1-290802907	Northern Montessori School	241 Charing Road, Irondequoit, NY	US
S1-157082848	Spence Preferred Ncr Partners	2215 Tuscarawas Street, Canton, OH	US
S1-764682593	KC Development Private Limited	A-35 Naraina Industrial Areaphase Ii, New Delhi, South West Delhi, Delhi	India
S1-980939293	Risingsun Chits LLP	Plot No 3-898, Sri Swamy Ayyapa Coperativesociety, Road No.1, Shaikpet, Hyderabad, Telangana	India
S1-393235277	White It Private Limited	C/O Panna Lal Sant Lal Moti Pokhara, Gkp Gorakhpur Up, Gorakhpur, Uttar Pradesh	India
S1-759387246	Department of Veterans Affairs	5385 Prince Place, Jackson, WY	US
S1-547352318	Ear Nose & Throat Medicine P.C.	300 Brook Street, Walnut Cove, NC	US
S1-779022532	Suryan Pte Private Limited	No.74/1, 1St Floor, Siluvathur Road, Opp To Kamarajar Kalyana Mahal, Dindigul, Tamil Nadu	India
S1-579749977	Direct Copley	10102 Forest Spring Lane, Pearland, TX	US
S1-820589723	Aar (India) Point Ltd	Gf-173, Vr Industrial Park, Opp. Ambuja Cement Godown, Daskroi, Ahmedabad, Gujarat	India
S1-872780793	JN Techno LLP	Vinaya Complex, Navali Road, Beside Government College, Gangavathi Ta, Luk, Koppal, Karnataka, Karatagi, Door No-4231/4	India
S1-635833962	Han Sony LLC	TX, Flatonia, 5060 Nikel Mica Road	US
S1-68195290	HN Beacon Ready Inc	301 Western Avenue, Fl 1, Abingdon, IL	US
S1-857158544	GM Foods Limited	D. No. 9-132/1, Chalapathi Campus Chalapathi Nagar, Lam, Guntur, Krishna, Andhra Pradesh	India
S1-966428565	Tech Systems Private Limited	Vajinta Arked, Flat No. 2 Opp. Ladies Hostel, Vishrambag, Sangli, Maharashtra	India
S1-999098561	Dada Group	15B Hemant Basu Saroni, Kolkata, Calcutta, West Bengal	India
S1-528061041	Garcia, Nelson & Mccoy Inc	1804 29th Street, Paragould, AR	US
S1-10870399	Crain, Harrison and Baker Clinic	22 Robin Lane, East Greenbush, NY	US
S1-422692172	1784 Sunset Avenue Apartments Inc	MO, Saint Louis, 1512 Lulu Avenue, Fl 0	US
S1-724847126	Glade, Rach and Flood LLC	7680 Stoney Creek Court, Highland, CA	US
S1-48893529	Rhetta's Health Associates	1201 Littleton Road, Roanoke Rapids, NC	US
S1-747391254	Marketing Management Hills Corporation	129A/41 (49/41), Muttukadu Road East Coast Road, Thiruvanmiyur, Chennai, Tamil Nadu	India
S1-479182977	Prime Food Private Limited	C/O Kedaram, 19/633/D, Unity Enclave, Kunnathunad, Ernakulam, Kerala	India
S1-279201984	Division of Motor Vehicles	107 Dillard Lane, Richlands, NC	US
S1-302588323	Keystone Nutrition Group	3742 Pete Dye Boulevard, Westfield, IN	US
S1-776844081	Buia Automobile LLC	3001 Flossmoor Avenue, Mesa, AZ	US
S1-107880052	Shaikpet Media Public Limited	Shaikpet, Road No 59, Jubilee Hills, Hyderabad, Telangana, H No 8-2-293/82/A/1200	India
S1-181459763	Horizon Infrastructure Laboratories LLC	8796 Savage Road, Angora, MN	US
S1-421761763	Mckenzie Coca Inc	Galion, 791 Boyd Boulevard, OH	US
S1-208649752	Midwest Council	W10854 Spring Creek Road, Town Of Lodi, WI	US
S1-356749533	Campbell and Poirier Cdt Inc	53 Larkspur Lane, Irondequoit, NY	US
S1-692383956	DQ Energy Partners	H No. G-255 Preet Vihar Near Dda Market, New Delhi, East Delhi, Delhi	India
S1-490209713	Chiropractic Certified Specialists Inc	690 Edith Avenue, Noblesville, IN	US
S1-622980057	Eastern Marketing LLP	H.No.376 At Ket Khadi Post Vangaon Tal Dhanu Ket- Khadi, Vangaon, Thane, Maharashtra	India
S1-232523048	Venkat Vidyalaya	601, 6Th Floor, Crescent Solitaire Business Park, Saki Naka Tele Exchange Lane, Andheri East, Mumbai, Maharashtra	India
S1-707639828	DP Newbridge Inc	25002 Pompano Drive, Elberta, AL	US
S1-539978969	Welfare Hospital	301, Near Mahindra Tower Worli, Delisle Road, Mumbai, Mumbai, Aurus Chamber, Maharashtra	India
S1-88179111	Riex Hennessy	1906 Lowell Avenue, WA, Enumclaw	US
S1-442671078	Builders Head Structurals Private Limited	C/O Mansiha Biswas Animesh Biswas Eruli Sarsedanga, Nadia, West Bengal	India
S1-192872923	South Technology Private Limited	C/O Dnyneshkanya Agro, 154 Mauza Tonglapur, Chandur Bazar, Amravati, Maharashtra	India
S1-513044384	Tal Polytechnic Corporation	Office No. 3, Ground Floor, Sharda Industrial, Sr. No. 38/1, Khedkar Industrial, Pune City, Pune, Maharashtra	India
S1-801219291	Walden Catalyst	707 Gables Street, Midvale, UT	US
S1-810859036	Mayukh Services Pvt. Ltd.	4, South Patel Nagar Market, New Delhi, Central Delhi, Delhi	India
S1-172586186	Internal Medicine Care Associates	75 Sturtevant Pond Road, Magalloway Twp, ME	US
S1-57932775	Hineline Industries	489 Hazard Avenue, Enfield, CT	US
S1-700749845	Obsidian Xsolla Inc	1509 Salem Court, Kendallville, IN	US
S1-119347441	Haryana Technologies Pvt Ltd	L-403, New Delhi, Pioneer Park, Golf Course Extn. Road, Sector-61, Gurgaon, Haryana, Haryana, Delhi	India
S1-362103916	Preferred Classic Obic	914 Central Street, Springfield, MO	US
S1-399220827	Bright Traders Ltd	33/1 Netaji Subhas Road, Marshall House 8Th Floor, Room 810, Kolkata, Kolkata, Howrah, West Bengal	India
S1-7098094	Balaji Food Private Limited	Flat -D/202, Rishikesh Chs Plot No 29-31, Sec 34, Kamothe, Maharashtra, Raigarh, Panvel	India
S1-161608520	Blue Guru Engineering	No. 006, Tranquil Nest Apartment, Balaji Enclave, 11Th Main, Ananthapura Main Road, Yelaha, Nka, Bangalore, Karnataka	India
S1-90555187	Midwest Program Clinic	150 Saint Charles Road, Unit 430, Lombard, IL	US
S1-704304477	Indo International Limited	Flat 108, Golf Apartments Sujan Singh Park, New Delhi, Delhi	India
S1-428090887	Diamond International School	Flat #, B - 2/4, Unit - 6, Banaja Appartment Bhubaneswar Gpo, Bhubaneswar, Khordha, Orissa	India
S1-596106251	Sai Power	Goregaon East, Mumbai, 110 Tirupati Udyog Premises I B Patel Rd Off W E Highway, Maharashtra, Mumbai City	India
S1-246674001	Raj Consulting Private Limited	Cmc No.9-8-128, Mukthi Mandir Road Basvanagar Colony, Bidar, Karnataka	India
S1-806441258	Visakhapatnam Transporters LLP	Plot 11, 2Nd Floor, Wing A, 10-50-22/1/1 Quantum Hub, Siripuram, Visakhapatnam, Vishakhapatnam, Andhra Pradesh	India
S1-973881027	Classic Pacific Iron Works	922 Power Street, Unit 18, Clarksville, TN	US
S1-810557530	Frs Engineers Pvt Ltd	W No 25, Baripada, At Debendrapur, Baripada, Mayurbhanj, Orissa	India
S1-689484383	Lower Eqv Inc	602 148, Terrell, TX	US
S1-240945988	Berry & Parton Muniholdings LLC	5900 Postgate Lane, Wesley Chapel, NC	US
S1-743930336	Pompey Green Chimera LLC	1111 Main Street, Cleburne, TX	US
S1-577500127	Johnston Advantage LLC	4929 Beecher Street, Indianapolis, IN	US
S1-379392748	Wojcik Nevada Inc	4715 Wexmoor Drive, Kokomo, IN	US
S1-762805580	Genet Clear Rocky LLC	1824 Debra Drive, Weatherford, OK	US
S1-995296208	Miller Best United	5100 Red Gate Drive, Prince George County, VA	US
S1-322340372	Delhi One LLP	21-B, F/Flr, Pocket-D, Sfs Flats, Mayur Vihar Ph-Iii, Delhi, East Delhi, Delhi	India
S1-247983637	KQ Hcm Inc	CA, Goleta, 7330 Greensboro Street	US
S1-540969303	Shiv Super Media Private Limited	C/O Nabila Arshad R/O A-44 Third Floor Shaheen Bagh Abul Fazal Enclave Part Ii, New Delhi, Delhi	India
S1-26511597	Great Products Private Limited	3Rd Floor, 90/31A Malviya Nagar, New Delhi, South Delhi, Delhi	India
S1-68190428	Surya Power Pvt Ltd	Near Up Gramin Bank, Sumatiya Border, Jigna, Mirzapur Sadar, Mirzapur, Uttar Pradesh	India
S1-20452465	Crystal First Transport LLC	2332 Voyager Circle, Heber, AZ	US
S1-301637793	Best Finance Limited	Plot No:39 Kantha Reddy Nagar, Hyderabad, Telangana	India
S1-124080071	Grand Property Dynamics Inc	2323 Coachman Drive, Roanoke County, VA	US
S1-650666516	North Infrastructure Limited	Kutubpur, Iradat Nagar, Nirala Nagar, Lucknow, Uttar Pradesh, Lucknow, B-167	India
S1-58118895	GR Lithium Inc	1122 St Rt 7, Pierpont, OH	US
S1-564849089	Ram Projects Private Limited	C/O Mill Road, Alipurduar, Falakata, Jalpaiguri, West Bengal	India
S1-177460323	Maharani Conclave Private Limited	208 C, Atlas Mill Compound, Reay Road, Mumbai, Mumbai City, Maharashtra	India
S1-246911647	Hotel My It Private Limited	Maharashtra, 802, Mumbai City, Crystal Plaza, Ag Link Road, Chakala, Andheri, Mumbai	India
S1-909621281	Tara Callahan Crescent Clinic	Laverne, 225 Broadway Avenue, OK	US
S1-535977317	Moti Business	485, 14Th Main 3Rd Block, Koramangala, Bangalore, Karnataka	India
S1-576661181	Gray Gen PC	2119 Concord Place, Broken Arrow, OK	US
S1-759936634	Amar Trust	147 Big Street Triplicane, Chennai, Tamil Nadu, Chennai	India
S1-172820747	Omega Solutions Private Limited	No.6, 3 Rd Street, Narayandas Layout, Tatabad, Coimbatore, Tamil Nadu	India
S1-267677591	Agro Shivam Food Private Limited	162 3Rd E Cross 7Th Main, Maruthi Layout, Bangalore South, Bangalore, Karnataka	India
S1-876455261	Jagannath College	Gujarat, Ahmedabad, Rakhial, 20, Shrine Industrial Estate B/H Gujarat Bottling Co.	India
S1-452221974	Close Beacon Athena LLC	11244 Grouse Lane, Hagerstown, MD	US
S1-200202910	Petrovich, Harris and Sanches LLC	213 Marston Street, Lawrenceburg, TN	US
S1-24423312	Adithya Bioenergies Private Limited	E-23, 2Nd Floor, Sector -15 Near Park, Noida, Gautam Buddha Nagar, Uttar Pradesh	India
S1-778611155	Principle (India) Advisors Corp	A/30, Uttarayan Sarani Nowdapara, Aarihadah, Belgraria, Kolkata, Kolkata, Howrah, West Bengal	India
S1-448048342	Rivera, Wood & Gonzales Inc.	1614 Park 370 Court, Hazelwood, MO	US
S1-933639501	Indian Trust	Wondercity, Bld.G, Fl.601, S.No.75, Dehu Rd, Pune City, Pune, Maharashtra	India
S1-867810989	Vision Investment Private Limited	Maharashtra, Pune, B-403 Vasant Avenue Pimple Saudagar, Pune	India
S1-643868227	Mumbai Fund Ltd	Nand Bhuvan Ind Premises, Co Op Soc L Mahakali Caves Road, Mumbai, Maharashtra, A-26	India
S1-195449327	Rakowski Premier LLC	524 Atrisco Drive, Albuquerque, NM	US
S1-638088691	Cristina Macdonald Choice Inc	1910 Petrel Place, Ventura, CA	US
S1-236527263	Crestline Stellar LLC	111 Natalino Circle, Sacramento, CA	US
S1-997556430	Cruz Delta Iron LLC	City Of Waukesha, 525 Country Crest Lane, WI	US
S1-162185846	Unique Shakti Enterprises	2-405 Ayyappanagar Yerragondapalem, Prakasam, Andhra Pradesh	India
S1-438781781	Quick Trust	501/4, Meridien Apartments Chs Ltd, Veera Desai Road, Andheri (W), Mumbai, Mumbai City, Maharashtra	India
S1-797202770	Ekdanta (India) Textorium Private Limited	Uttar Pradesh, Varanasi, K-37/103, Gopal Mandir	India
S1-469676832	Straight Edge Bistro	1230 Melton Road, Unit 34, West Union, SC	US
S1-259917227	American Trust	728 Colston Drive, Falling Waters, WV	US
S1-635738321	Vega Insight Center	2690 Highway 360, Vonore, TN	US
S1-826827932	Direct Dynamic Hydro PLLC	13949 Doria Circle, Victorville, CA	US
S1-72686172	Stellar Institute of Technology Private Limited	1St Saktigarh Shyamnagar, Darpan Lp 62/3, Barrackpur - I, North 24 Parganas, West Bengal	India
S1-873319566	Marketing Drb Solution Pvt Ltd	C/O Sheth Lalbhai Dalpatbhaiakshay 53 Shrimali Soc Navrangpura, Ahmedabad, Gujarat	India
S1-705233751	Williams Agriculture Inc	11035 100th Street, Galena, KS	US
S1-818030233	Jyoti Traders Pvt Ltd	Plot No 1133 Bomikhalcuttack Road Bhubaneswar, Khurda, Puri, Orissa	India
S1-812986641	Lower Empire Point	8 Alpine Court, Smithtown, NY	US
S1-244813125	American Certified Hartford	302 Barton Court, Bartlett, IL	US
S1-672043285	BY Australian Inc.	AZ, Mesa, 851 Horne	US
S1-492772912	Primary Care Specialists LLC	VA, Prince William County, 15231 Nottingham Drive	US
S1-654678212	Novify Enbridge Inc	227 Guenevere Avenue, Ruidoso, NM	US
S1-514938811	Clark Wave	821 Nance Road, Pulaski, TN	US
S1-569601895	Abir (India) Dynamics Private Limited	7/279, Vth Ward, Vellamthengil Kakkazhom P.O, Alappuzha, Kerala	India
S1-892100927	Snyder Group	269 Montgomery Street, Salt Lake City, UT	US
S1-89519508	Sree Infotech LLP	478, Sector-A, Pocket C, Vasant Kunj, New Delhi, South West Delhi, Delhi	India
S1-595339369	Nishtha Industries Group	No. 411/1, 24Th Main, Hsr Layout, Sector-2, Bangalore, Karnataka	India
S1-241691231	Norton Complete Eqv Inc	3030 Elwood Lane, Bend, OR	US
S1-443599121	Gold Alpha Ventures Limited	Maharashtra, Thane, New Sno 36 6, Mbmc Garden, Mira Rd-E, Thane, Shop 5	India
S1-183708708	Kai Nunley Forefront Inc	8815 77th Street, Tulsa, OK	US
S1-71658271	Choice Rare LLC	9641 Seahawk Road, Berlin, MD	US
S1-497141446	Horizon Talent Systems LLC	3414 Hall Avenue, Springfield, MO	US
S1-512014871	Dermatology Group	21 Maple Avenue, Cortland, NY	US
S1-706535399	Great Learning Center	33594 510th Ave, Slater, IA	US
S1-291150843	Mcnabb Greenfire, LLC	1653 Coventry Road, Cleveland Heights, OH	US
S1-193247965	Holliman, Rosabel M., L.C.S.W. Partners	435 Silver Grove Road, Bluff City, TN	US
S1-783318675	Board of Labor	AZ, 4630 68th Street, Unit UNIT 280, Scottsdale	US
S1-712925310	Green Media	Flat 803, Tower No 7, The Orchard Chs Ltd Bhd R City Mall L.B.S Marg, Ghatkopar (W) Mu, Mbai, Mumbai, Mumbai City, Maharashtra	India
S1-665080921	Bourne Trusted International Inc	4424 Fort Chiswell Road, Wythe County, VA	US
S1-951532530	Henrikson Salon of Albany Inc	45 Central Avenue, Unit Suite 3G, Albany, NY	US
S1-304787491	Mercedes's Staffing LP	1105 Country Berry Court, Middletown, DE	US
S1-401572155	Ace Foundation Private Limited	Ch#06 Natasha Golf Domlur 02 New Ring Road, Bangalore, Karnataka	India
S1-553214764	Brighteon Technical	149 Tyler Street, Pittsfield, MA	US
S1-170325504	Horizon PC	218 Hensley Drive, Newport News City, VA	US
S1-614052814	Northern Sterling Dividend	10 Ireland Drive, Poughkeepsie, NY	US
S1-696082721	All Marketing Private Limited	Jade Arcade Complex, Flat No 207 M G Road, Secunderabad, Hyderabad, Telangana	India
S1-463654192	Historical Initiative Group	104 East Street, Halstead, KS	US
S1-894941118	Grand Agricultural International Inc	156 Remsen Road, Yonkers, NY	US
S1-819971720	Connect (India) Management Limited	House No.25/644, Bansagar Colony Ke Peeche Shardapuram, Samaan Ward No.25, Rewa, Madhya Pradesh	India
S1-730205673	Rtc Technologies	H 32/1 4 Panchkamal Co-Ophousing Soc Sector 29 Vashi, Navi Mumbai, Maharashtra	India
S1-685926530	Jabalpur Services Private Limited	3036/P-124/5 Sbi Chowk, Vijay Nagar, Jabalpur, Madhya Pradesh	India
S1-138780322	Martinez Holding Company, LLC	1009 Steel Street, Robinson, IL	US
S1-921064496	Peridic Taxable Inc	106 Gertrude Avenue, Unit Apartment 1, Solvay, NY	US
S1-840192145	Vision Midwest Care Inc.	28461 Bay View Drive, Lyme, NY	US
S1-915253943	Internal Medicine Strategic Center LLC	976 Wood Avenue, Bridgeport, CT	US
S1-306725907	Sree Consultancy Private Limited	515 Tulsiani Chambers Nariman Point, Mumbai, Maharashtra	India
S1-776613466	Family Better Clinic Inc	2332 5, Moira, NY	US
S1-45752297	Rosabella's Choice Advertising Inc	908 Darlow Drive, Mcpherson, KS	US
S1-606114769	Mumbai Ventures Private Limited	Flat No 503 Ram Kutir, Mumbai, Maharashtra, Asalpha Village Ghatkopar, Mumbai	India
S1-289575743	Gujarat Services Private Limited	Shop No. 74-75 Near Cold Storage, Dhand Road, Shivam Co, Mplex, Kaithal, Haryana	India
S1-447555579	United Consulting Private Limited	C-102 1St Floor Tower C, Logix Blossom County, Dadri, Gautam Buddha Nagar, Uttar Pradesh	India
S1-236472794	Southern Balaji Consulting Pvt Ltd	S.No. 204/4, Pl 29, Fl B 5, Ashoka Triplax, Kalyaninagar, Pune, Maharashtra	India
S1-716146464	Valley Northern L.L.C.	7608 Plumaria Drive, Fontana, CA	US
S1-689996686	Consolidated Services Private Limited	Elevakkatthaikoodathil-H Thrikkakara Po, Mythripuram Road, Kochi, Ernakulam, Kerala	India
S1-438302853	Dyer & Juliano Westin LLC	2675 Victron Drive, Fl 0, Saint Louis, MO	US
S1-482368089	Ramgarh Ventures Pvt. Ltd.	1702, Raheja Classique-5, Chsl, New Link Road, Mumbai, Maharashtra	India
S1-407163039	Surya Healthcare Pvt Ltd	H-296, Near Bangla Chowk Neb Sarai, Delhi, New Delhi, Delhi	India
S1-165784990	Maa Marketing Limited	Gautam Complex, Shop No 45, Ground Floor Plot No 17/18, Sector-11, Cbd, Belapur, Navi Mumbai, Thane, Maharashtra	India
S1-43864632	Global Food Private Limited	702, Lotus Signature Building, Suresh Sawant Road, West Of Link Road, Next To Lotus Grandeur, Jogeshwari West, Mumbai, Maharashtra	India
S1-190247294	Krishna Products Private Limited	New Delhi, 19, New Delhi, Arunachal Building, 914-915, 9Th Floor, Barakhamba Road, C P, Delhi	India
S1-819544218	Great Laboratories Group	MD, Hyattsville, 3513 E West Highway	US
S1-251850696	Primary Care Health	1207 White Station Road, Memphis, TN	US
S1-357824342	PCG Banc Inc	Unit 212, Washington, DC, 1919 14th Street	US
S1-140083019	Big Software Private Limited	Dr No.17-26-90 Pezzonipet, Kopelavari Street, Vijayawada (Urban), Krishna, Andhra Pradesh	India
S1-307312122	Advanced Chemical Digital Inc.	1622 6th Street, Duluth, MN	US
S1-572598542	Aspen Appliances	C/O Smt Binda Devi, Baba Nagar Buxar, Buxar, Bihar	India
S1-270097387	Rochell S. Harrison, Esq.	1783 Guadalajara Avenue, Brownsville, TX	US
S1-670395985	Data Health Networks Inc	2 Olsen Street, Hempstead, NY	US
S1-321116391	Marketing Humanity Law Pvt. Ltd.	Delhi, Lower Ground Floor, Innov8 Ras Vilas, Saket District Centre, New Delhi, D1, South Delhi	India
S1-517956461	Nomi Handy Royalty LLC	23967 Papago Street, Buckeye, AZ	US
S1-479353720	Vasquez Diamond Income	4739 Purdue Avenue, Dallas, TX	US
S1-187816351	Smart Network Corporation	123 Johnson Road, Malone, NY	US
S1-976062300	QCK Automotive, LLC	2557 Moir Farm Road, Lawsonville, NC	US
S1-385471602	Bharat Construction Private Limited	Fno30708, Hno15-31, Iff-Ce3, Indufortunefieldsgardenia, Tirumalagiri, Hyderabad, Telangana	India
S1-663086397	Silver Consulting	206, 2Nd Floor, Abhigam Complex, C G Road, Ahmadabad City, Ahmedabad, Gujarat	India
S1-652241343	Milestone Welfare Society	101/102, Thanjavur, Tamil Nadu, 1St Cross Street, Rahuman Nagar, Medical College Road	India
S1-102660717	Lancer & Brothers Private Limited	262A, Sodepur 1St Lane, Kolkata, Kolkata, Howrah, West Bengal	India
S1-161549635	Sky Food	5-43 Sanivarapupeta, Eluru, West Godavari, Andhra Pradesh	India
S1-36077316	Indo Engineering Private Limited	Gwalior, Office No 104 Shri Govind Villa Hujrat Road Near Daulatganj Tiraha Lashk, Gwalior, Madhya Pradesh, Ar	India
S1-253903172	IGJ Fashions Limited	1322 Sector-15, Sonepat, Haryana	India
S1-998648916	Hotel Builders Private Limited	Room No.529, Karnani Mansion, 25A, Park Street, Kolkata, Howrah, West Bengal	India
S1-559980829	Jai Construction Pvt Ltd	Orissa, Khordha, Jagmohan Nagar Khandagiri, Plot No 1060/3394, Bhubaneswar	India
S1-807991827	Hari City Constructions Pvt Ltd	Opposite To Sg Vanya Palace, Maruthi Mandir Road, Kodipalya, Bangalore South, Bangalore Rural, Karnataka	India
S1-306300800	American Biomedical LLC	294 Elon Valley Drive, Winston-salem, NC	US
S1-553341128	Pacific Multimedia, Inc	4025 Howland Avenue, Akron, OH	US
S1-806394650	Fernandez Investments	1149 Simpson Drive, TX, Hurst	US
S1-178530748	Dinh & Jenner LLC	Lewiston, 1880 Langdon Road, NY	US
S1-331931334	Nk Seva Samiti	Kozhikode, Kerala, 911 (17/586), Krishnalayam, 1, Karanthoor Kunnamangalam Panchayath, Kozhikode	India
S1-778164226	2839 Mountain View Avenue Properties LLC	1112 Albert Street, City Of Racine, WI	US
S1-762653755	Genial Trading Private Limited	57/2C, B.T. Road, Phoolbagan, Shop No. D-38, Kolkata, Kolkata, Howrah, West Bengal	India
S1-686102275	Happy Cleaning Service! Inc.	MD, Rockville, 500 Castleford Street	US
S1-455978088	Silver Freight Works Clinic	3929 Highland Lane, Crossville, TN	US
S1-234697443	Mahisagar Seva Samiti	504, Mumbai, 5Th Floor, Uphar 2, Sanjeev Enclave Road, Seven Bungalows, Opp J.P. Road, Andheri, Maharashtra, West	India
S1-443352696	Dental Care Associates LLC	1403 Hilshire Park Drive, Houston, TX	US
S1-88862468	Interfaith Trust V	765 Rutgers Road, Hempstead, NY	US
S1-684553580	Complete Marine Global	100 Shryer Road, Athens, TN	US
S1-985888418	Great Technology Pvt Ltd	Flat-Tf 02, Plot No.-402, Nitikhand-1, Indirapuram, Ghaziabad, Uttar Pradesh	India
S1-885068445	Perez and Russo LLC	3161 Cherry Knoll Circle, Springdale, AR	US
S1-529556471	Bowen Industries, LLC	1633 Trinidad Avenue, Unit 3, Washington, DC	US
S1-60138717	Ace Power Pvt Ltd	C/O Kumar Keshari Nandan, M/S Ridhi Sidhi Aqua, Samastipur, Bihar	India
S1-569826392	Maid Grill LLC	3521 Seawell Street, Fayetteville, NC	US
S1-121502908	I M Mosley Safety	3401 Peppertree Court, Arlington, TX	US
S1-22339538	Nguyen Blue Southern	722 Ada Street, Chicago, IL	US
S1-155953323	Physical Therapy Specialists PC	260 Colton Place, Concord, NC	US
S1-98182428	Pediatric Specialists LLC	9330 Arlington Heights Road, Arlington, WA	US
S1-349819222	Pediatric Dentistry Health, LLC	24 Koral Drive, Southampton, NY	US
S1-418915515	Martin, Harris & Garnett Cal LLC	18 Trask Lane, Uxbridge, MA	US
S1-340833157	Brand Technology Limited	Hno 12-10-416/5/A Raj Residency, Opp Lane Sridevi Nursing Home, Warasiguda, Secunderabad, Hyderabad, Telangana	India
S1-474285508	Peak Industrial Holdings	7149 Pinecrest, Montgomery, AL	US
S1-140613830	Om College	K-Ii/1232B Near Radha Krishna Mandir, Sangam Vihar, New Delhi, Delhi	India
S1-483384986	Pigg Endocrinology PC	9719 Wentworth Avenue, Chicago, IL	US
S1-66599404	Wendy Pieper, D.C., DDS PC	4319 Alan Drive, Unit APARTMENT C, Carroll, MD	US
S1-879528438	Cardiology Care Associates Corp	138 Purcell Avenue, Bardstown, KY	US
S1-603551445	Q+ Fargo Inc	2100 Military Road, Tonawanda, NY	US
S1-111983166	Desai Consulting Private Limited	4Th Floor, Plot No-50, Behind Raheja Mindspace, Gafoor Nagar Village, Shaikpet, Hyderabad, Telangana	India
S1-223272523	Total Cascade Newtekone LLC	1020 Aspen Drive, Fl 1, Chandler, AZ	US
S1-142119317	Sagar & Associates Pvt Ltd	L-1201, Brigade Gateway Apartments, # 26/1 Dr. Rajkumar Road, Malleswaram (W, Est), Bangalore, Karnataka	India
S1-356672511	Animal Welfare Project	Fitchburg, MA, 11 Morris Street	US
S1-446225829	Star Technology Private Limited	No.157E, Ram Plaza Complex, Fno 29, 1St Floor Mth Rd, Ambattur, Tiruvallur, Tamil Nadu	India
S1-998855529	Liane Figueroa Coastal Electric LLC	500 Chris Kelley Boulevard, Unit 8303, Hutto, TX	US
S1-904944402	International Properties Private Limited	New Delhi, Vijay Kumar A-96/3, Delhi, Saket	India
S1-150618934	Dynamic Technologies Private Limited	5-5-7/27, Road No.5, Devi Nagar, Kukatpally, Hyderabad-72., Andhra Pradesh, Telangana	India
S1-87639153	Trans Trading Private Limited	30E 2Nd Floor Csa Plazaramamurthy Nagar Main Road, Bangalore, Karnataka	India
S1-264344203	Clotilda Uddin Highland Apex	430 Angus Road, Waxahachie, TX	US
S1-852750874	Big Academy Corp	Club Road, Jalpaiguri, West Bengal	India
S1-381482777	Shephard's Midwest Therapy	1084 Bay Meadows Way, Coopertown, TN	US
S1-88470395	Janeta's Environmental Services Inc.	23913 Fifth Avenue, Florala, AL	US
S1-47037820	Genovera Clark Healthcare	Broken Arrow, OK, 1117 Memphis Street	US
S1-162171557	Shiva Investment Limited	T-510-B, First Floor Chamelian Road, Chamelian Road, Delhi, Central Delhi, Delhi	India
S1-118600017	Rai Trades Private Limited	Lg-5, Laxmi Tower, 576 M.G. Road, Indore, Madhya Pradesh	India
S1-725352090	Carbajal Egh LLC	50 Scott Street, Unit Suite 10, Bend, OR	US
S1-443806267	Anand Developers Private Limited	C/O Prem Kanwar W/O Prem, Singh, Laxmi Nagar, Barmer, Rajasthan	India
S1-591971417	Story Services Company	Flat No 307, Sai Datta Arcade, Street No-6 Himayathnagar, Hyderabad, Telangana	India
S1-927904441	Drayiq Innovations Inc	9502 Townfield Place, Upper Marlboro, MD	US
S1-140869427	Cooperative Genomic Laboratories LLC	15006 Alaska Road, Prince William County, VA	US
S1-908200949	Valaus Investments	19 Ayer Street, Andover, MA	US
S1-900563662	Agro Kushan Auto Pvt. Ltd.	Basement 2, Srifort Road, New Delhi, Delhi	India
S1-831611033	Bangalore-54 Management Private Limited	Avinash(25), 6, Iii Cross, Sbmlay Out, Brindavan Nagar Mathikere, Bangalore-54, Bangalore, Karnataka	India
S1-786504318	Farmers Producer Pvt. Ltd.	248, 2Nd/F, Block-D, Tps-14, Sumel Business Park-6 Nr. Dudheshwar Circule, Dudheshwar, Ahmedabad, Gujarat	India
S1-303201438	DF Flexible LLC	890 Straw Pond School Road, NC, Newton Grove	US
S1-891218097	Real Software Private Limited	1/23 Shanti Kutir Shivaji Nagar Tembapa Bhandup, Mumbai, Mumbai City, Maharashtra	India
S1-240776068	Denna Mobley Hospitality	1620 Goley Hewett Road, Unit 1404, Bolivia, NC	US
S1-415267248	All Wealth Group	5515 103rd Drive, Phoenix, AZ	US
S1-139478081	Celesta Harris, MD	Unit 1076, 20401 19th Avenue, Phoenix, AZ	US
S1-552418143	ZR Travel LLC	204 Harold Lane, Baytown, TX	US
S1-973299714	Leake Metropolitan Montreal	1715 Castle Gardens Road, Unit Apartment 408, Vestal, NY	US
S1-669170984	South Learning Center	2632 Summit Ridge Loop, Morrisville, NC	US
S1-268579660	Economic Development Alliance II PLLC	121 79th Way, Fridley, MN	US
S1-27768396	Brooke Dave LLC	2182 Northtree Drive, Keizer, OR	US
S1-192065959	Pinnacle Gulf Special LLC	16216 Phillips Drive, Dove Valley, CO	US
S1-196738268	Lopez, Jacqui, DDS	346 Gosfield Gate Road, Westerville, OH	US
S1-685899285	Abhinandana Builders Limited	14 Koramangala Layout 80 Feet Road, Bangalore, Karnataka	India
S1-938486552	Pristine & Sons	Property No. 382/09, Survey No. 93/*/10, Humnabad, Bidar, Karnataka	India
S1-916940853	Net Brothers Private Limited	730/6 Jagriti Vihar, Meerut, Uttar Pradesh	India
S1-449326969	Barber and Shaffer Inc	4067 Wendy Avenue, West Valley City, UT	US
S1-706935558	Orman, Corrie, DPM	OK, Shawnee, 43120 Prairie Ranch Road	US
S1-245866308	Velasquez Complete Energy LLC	920 12th Street, Colton, CA	US
S1-363549609	Great Treasury LLC	4021 176th Avenue, Sherrard, IL	US
S1-917304035	Sj Solutions (India) Private Limited	1/7565 G/F Old No-473/A/6-Q/9-E Gali No-9, East Gorakh Park Near Kashiram Doodh Wala, Shahdara, Delhi	India
S1-740306832	Enso Finance Private Limited	B/503, Vasant Vihar Complex, Dr.C.G.Gidwani Road, Chembur, Mumbai, Mumbai City, Maharashtra	India
S1-948705066	2630 Third Road Properties L.L.C.	5760 Forest Highlands Drive, Fort Worth, TX	US
S1-408500762	Adora Cassity, D.O.	2331 Monroe Avenue, Everett, WA	US
S1-529276696	Premier Estate Limited	13, Ashapuri Society Part-2, Near Avkar Hall, Canal Road, Ghodasar, Ahmedabad, Gujarat	India
S1-277446201	GN Roofing	1191 Molly Lane, Mckinney, TX	US
S1-322642181	Enterprises (india)	Flat No. T-2, 3Rd Floor Ganga Apart. Shanti Nagar, Gurugram, Gurgaon, Haryana	India
S1-831749864	Chiropractic Anchor Group	3917 Oxford Lane, San Bernardino, CA	US
S1-498685072	Bang Custom Landscaping LLC	2530 Ridgeway Drive, Sugar Tree, TN	US
S1-481519517	Supreme Antimony LLC	6202 Raymond Street, Phoenix, AZ	US
S1-259436700	Advisory	628 Grove Avenue, Oak Park, IL	US
S1-564611569	Division of Aging	Unit Apartment 3O, Great Neck Plaza, NY, 40 Stoner Avenue	US
S1-423090359	Patterson Healthcare Inc	1790 W Temple Street, Unit C309, Salt Lake City, UT	US
S1-770886863	Sanchit Technologies Private Limited	No. 22, 3Rd Main Road, 3Rd Cross, Kalyananagar, Nagarabhavi Main Road, Bangalore, Karnataka	India
S1-522022340	Hariom Agency	No. 71, Madurvoil Service Road Vanagaram Village, Ambattur Taluk, Chennai, Thiruvallur, Tamil Nadu	India
S1-178525046	Bois Aimei	1440 Sandstone Loop Way, Unit 103, Knoxville, TN	US
S1-152925474	White Logistics Limited	1165, Delhi, New Delhi, Delhi, F-Block, D.D.A. Flats Mangolpuri	India
S1-302239783	Delhi Gurukul LLP	Delhi, C-53 F/F Shashi Garden Mayur Vihar Pphase -1, East Delhi	India
S1-859884399	National School of Medicine Inc.	8361 Block House Way, Unit 237, Knoxville, TN	US
S1-178155726	GE Minerals Private Limited	Plot No.124, Arul Nagar, Nandivaram, Guduvancherry, Chennai, Tamil Nadu	India
S1-232326519	Jay Projects Private Limited	No. B - 28, Land Mark Commercial Complex South Bazar, Kannur, Kerala	India
S1-37080166	Platinum Audio Installation Group	29893 Hickory Drive, Cedar Glen, CA	US
S1-361958465	Animal Welfare Guild Inc	158 Kings Highway, Chester, NY	US
S1-460634400	LHG Welcome Private Limited	1, Jainaraian Building, Inside Prol Ratanada Rd, Jodhpur, Rajasthan	India
S1-152907099	Arihant Estate Private Limited	Flat No. 502, Tower - T/12, Sunbreez 1 Apartment Bbd Green City, Near Bbd University, Lucknow, Uttar Pradesh	India
S1-101295299	Rosenthal Ses PC	1914 Mendez Street, Alice, TX	US
S1-18112156	Trinity Israel	AZ, 3400 Lake Mary Road, Unit Apt 20105, Flagstaff	US
S1-528722777	Achievers & Co	173/11 Pariyadan House Ponnambioly, Kuttichira, Thrissur, Kerala	India
S1-210400710	Samridhi (India) Systems Pvt. Ltd.	Kolkata, West Bengal, 4Th Floor 48/3 Gariahat Road, Kolkata, Howrah, Flat No. 4C	India
S1-911125704	Ahmedabad Innovation Private Limited	Shed No 49, Mahadev Ind Estate - 5, B/H Ramol Police Station, Ramol, Ahmedabad, Gujarat	India
S1-288837532	Goldmine Construction Limited	Kolkata, West Bengal, 23 Jatin Das Road First Floor, Kolkata, Howrah	India
S1-71888451	Reed's Produce	175 Silver Maple Road, DE, Middletown	US
S1-145781721	Continental Better Globa LLC	7 Spanish Bay, Dakota Dunes, SD	US
S1-273494044	Urgent Care Associates	2540 Plainfield Road, Joliet, IL	US
S1-695098648	Munoz and Fuss	Prince William County, VA, 18071 Purvis Drive	US
S1-696052802	Empire League	411 Burrage Street, Lunenburg, MA	US
S1-780281096	Ugra & Co	Plot No. 1, S L Barola, Noida, Gautam Buddha Nagar, Uttar Pradesh	India
S1-419842278	Anne-Marie Oconnor Clear Bluerock LLC	2175 Walnut Road, North Fairfield, OH	US
S1-389572965	Coastal Charities	MA, Dighton, 499 Spring Street	US
S1-533606166	Ecological & Sons Care	No. 7/52 Naicken Thottam, Karegoundenpalayam, Avanashi, Coimbatore, Tamil Nadu	India
S1-107387314	Misti's Bike Shop	535 County Road 4010, Dayton, TX	US
S1-505352414	Hyderabad German Pvt Ltd	A-3, H. No. 7-2-22/1 P.No :18 Sanath Nagar, Hyderabad, Telangana	India
S1-295144103	Baba Power Private Limited	Bw -77C, Ii Nd Floor Sfs Flats, Shalimar Bagh, Delhi	India
S1-304953420	Clear Currencyshares Inc	2420 Sycamore Drive, Unit Apartment E76, City Of Green Bay, WI	US
S1-435159540	South It Private Limited	4Th Floor, D Wing, Neelkanth Business Park, Kirol Village, Vidhyavihar West, Mumbai City, Mumbai, 418, Maharashtra	India
S1-448832483	Fresh Rapid Muzero Inc	2745 Linda Drive, Warren, OH	US
S1-766573844	Balaji Maa Investments Pvt Ltd	Flat A-401, Pyramid Galaxy-I, Kaul Hertiage City Bashola Naka, Chulna, Vasai (West), Thane, Maharashtra	India
S1-294855745	Heritage Technical Networks PLLC	S2194 V, Town Of Winfield, WI	US
S1-228065268	Cyrus Services	C/O S. Viswanathan, No 60, Duraisamy Road, Chennai City Corporation, Chennai, Tamil Nadu	India
S1-157355068	Shyam My Services Private Limited	107, Bommasandra, 4Th Phase, Jigani Industrial Area Bangalore, Karnataka	India
S1-227047203	Jones Fuse Inc	77 Academy Road, Lower Merion Township, PA	US
S1-234647972	Family American Specialists Inc	Unit UNIT A, 30 Capital Village Lane, Shelton, WA	US
S1-716568128	Longoria Federal City, Inc	216 1 Stacey Street, Lawndale, NC	US
S1-655412694	Nagarkar Informatics Pvt Ltd	A-15Ndse-2, New Delhi, South Delhi, Delhi	India
S1-990471075	Kda Touch Private Limited	119/120, Nyniappa Naiken Stpark Town Madras 600 003 Park Town Madras 600 003, Park Town Madras 600 003, Tamil Nadu	India
S1-649748365	Classic Telecom Technologies Inc.	67 Union Street, Montgomery, NY	US
S1-482712109	Historical Project	6453 Hornet Circle, Bremerton, WA	US
S1-765624638	Adventz Films Limited	504, 5Th Floor, Dlf Center, Savitri Cinema Complex, Greater Kailash-2, New Delhi, South Delhi, Delhi	India
S1-986733242	Jilli Alfaro Innovative Asa	911 Colton Avenue, Unit UNIT 6, Colton, CA	US
S1-584491303	Pediatric Dentistry Care LLC	3233 Deborah Court, Uniontown, OH	US
S1-827526764	Northern Bay China Group	41717 Chilton Drive, Woodland, WA	US
S1-508191840	Rodriguez Dental Associates	5439 15th Avenue, Phoenix, AZ	US
S1-874177243	Daria Norton, L.C.S.W.	1089 3170, Spanish Fork, UT	US
S1-781082707	Express Miluna LLC	9230 Percy Road, Wise County, VA	US
S1-198716401	Advanced Equity Alliance	1323 Wadsworth Drive, Chesterfield County, VA	US
S1-638030874	Vasil & Adams Aeon Partners	30 Ruby Court, MA, Dartmouth	US
S1-122419685	Avs Global Private Limited	223Satya Niketan, New Delhi, South Delhi, Delhi	India
S1-574751819	Holdsworth National Sea	485 Mountain Road, Philipstown, NY	US
S1-240999086	LT Exports Limited	Green Valley Colony Egren, Subhash Nagar Budaun Road, Budaun, Budaun, Badaun, Uttar Pradesh	India
S1-433526823	Bassett, Wherry & Williamson	327 Main Street, Princeton, IL	US
S1-802527880	Pascual Dynamic Digitalbridge	3421 Wirth Road, Highland, IN	US
S1-137329770	Hay's Ventures	3311 Katlyn Grace Lane, Knoxville, TN	US
S1-611225293	Christie K. Jacobs, Esq. PLLC	Lynchburg City, 4112 Peakland Place, VA	US
S1-489700024	Sprout Bioinnovations Private Limited	H.No 81-9-5, Flat D2, Royal Elegant Apt Venkateswara Nagar, Rajamundry, West Godavari, Andhra Pradesh	India
S1-268858814	Electronic Industrial Innovations PC	44 Renaissance Boulevard, Brookhaven, NY	US
S1-415229481	Morris Health Center Corporation	2039 Buffalo Shoals Road, Unit 219, Catawba, NC	US
S1-915187515	Rhodes, House & Bustos LLC	WV, 349 Sun Country Drive, Keyser	US
S1-403087575	Patriot Coalition	12313 Hirst Avenue, Cleveland, OH	US
S1-566603186	Blue Technologies Private Limited	92/2, 1St Floor, Ah Towers, 80Ft Main Road, Katriguppe, Banashankari 3Rd Stage, Bangalore, Karnataka	India
S1-564782227	Duncan Tours Private Limited	Sreenivas 2/434 Kamalam Nagar 3Rd Main Road Nanmangalam, Chennai, Tamil Nadu	India
S1-236979451	Pediatric Clinic of Canton Corp	714 6th Avenue, Canton, IL	US
S1-14470712	Laxmi Super Systems Private Limited	Mig A23, A S Rao Nagar, Kapra, Secunderabad, Hyderabad, Telangana	India
S1-322621563	Ashley, Marleah A., DDS, PC	3312 Dartmouth Drive, Pasadena, TX	US
S1-602159414	Greeny Consultants	H. No. 885 Maha Laxmi, Garden Rajendra Park, Gurugram, Gurgaon, Haryana	India
S1-455754236	Novus Hologram	MD, Waldorf, 17 Blackpool Circle	US
S1-760824212	@ Care 9 It LLC	1537 Carr Boulevard, Bremerton, WA	US
S1-679982154	Walter Total Interiors	132 Rand Street, Unit Apartment 1, Rochester, NY	US
S1-890326880	Blandford, Paul & Lamb	1860 Tremont Avenue, Bronx, NY	US
S1-887337142	Big Nails	83 High Hill Drive, Brookhaven, NY	US
S1-882675460	Helga Griffin Total	14234 202nd Avenue, Elk River, MN	US
S1-861270612	Blue Alliance	3625 83, Mandan, ND	US
S1-388510895	Sonao Tree	6273 Quail Ridge Court, Fl 0, Bel Aire, KS	US
S1-969628629	Rapid Ocean	LA, Unit D, Houma, 2180 Savanne Road	US
S1-310208666	Uptown Barbershop	646 400, Centerville, UT	US
S1-672870529	Yamuika Chemicals Limited	Karnataka, 485, 1St Main, 2Nd Phase, Bangalore, C/O- Bellam Radhakrishna, Bangalore South	India
S1-611441676	Gil & Loch LLC	3500 Hayden Road, Unit UNIT 510, Scottsdale, AZ	US
S1-936216561	Tri-State Initiative II LLC	16050 Sr 124, AR, Russellville	US
S1-417457288	Miller Offshore Inc	Woodinville, WA, 14238 Bear Creek Road	US
S1-27952233	Mountain Innovative Octave	NC, City Of Wilson, 1802 Branch Street	US
S1-647822623	Balaji Commercial Limited	Office No. 1404, Kamdhenu Commerz Premises Csl, Plot No. 02, Sector 14, Kharghar, Panvel, Panvel, Raigarh(Mh), Maharashtra	India
S1-438419747	Family Trusted Center LLC	16581 70, KY, Bethelridge	US
S1-159878062	Bombay Alpha Foods	Sf No 128/14, Vinayagapuram, Attur, Salem, Tamil Nadu	India
S1-93825637	Bangalore South Logistics Private Limited	Sy No 133/2, V Begur Hobli, Mylasandra, Bangalore South, Bangalore, Karnataka	India
S1-452973443	Reid Veterinary Clinic	413 Meador Drive, Unit 30, Tuscaloosa, AL	US
S1-654846690	Jai Business Private Limited	Plot No.14 Perumal Nagar Thirumudivakkam Pallavaram, Chennai, Tamil Nadu	India
S1-895026352	Big Care Private Limited	216-A, Zone-I M.P Nagar, Bhopal, Madhya Pradesh	India
S1-563494867	Karon Hamm Jackson Inc	107 Looking Glass Trail, Mecklenburg County, VA	US
S1-669090611	Big Yoga	1120 9th Street, Dekalb, IL	US
S1-241039593	Hettie Burkhalter, P.A.	329 Falcon Run, Morgantown, WV	US
S1-419696177	Clean Bridge LLC	121 Jefferson Cove, Munford, TN	US
S1-5520424	ZRI Builders Private Limited	No-2A, Dugar Tower Mettukuppam Road, Maduravoyal, Chennai, Tamil Nadu	India
S1-830730100	Mountain Engineering LLC	8105 Hollybrook Court, Cincinnati, OH	US
S1-620309786	Family Coalition LLC	1312 Millers Cove Road, Walland, TN	US
S1-118036890	MK Tech	C/O Awadhot Satyabhamabai, Panchawati Nagar, Latur, Maharashtra	India
S1-424522274	United League Inc	52 Soaring Free Lane, Campbell County, VA	US
S1-864524700	Capital Properties LLC	AZ, Phoenix, 713 Glenhaven Drive	US
S1-300914269	Ennoon Co	1919 39th Street, East Saint Louis, IL	US
S1-204202191	Phipps Clear Irenic LLC	3710 Columbus Drive, Baltimore, MD	US
S1-711981594	Dmr Trading Limited	Plot 107, Ashwamedh, 5Th, Flr, 51, Dadasaheb Rege Rd, Mumbai, Maharashtra	India
S1-543914144	P 2 N Sumitomo Corporation	7063 Bonaire Vista Lane, Conroe, TX	US
S1-915865937	Madurai North Hospitality Pvt Ltd	Sf No 184/4 Senthoor Nagar, Manjampatti, Tamil Nadu, Madurai, Madurai North	India
S1-220527665	GY Insurance	1614 Gruenther Avenue, Rockville, MD	US
S1-54258731	Youth Services	440 Lake Street, Brooklyn, NY	US
S1-831581738	Jordanna Butler Century LLC	401 Bedford Road, City Of El Paso, TX	US
S1-534740881	Pioneer Jain Business LLP	No. 4 And 5 Kamala Avenue, Avp Alagammal Nagar, Thanjavur, Tamil Nadu	India
S1-741477223	Environmental Society	42 Lynwood Drive, New Whiteland, IN	US
S1-300167784	Super Power Private Limited	Mandarka, Gurgaon, Haryana	India
S1-994601296	Eveline Marlin Fresh Tinto LLC	297 Fleet Road, Rio Rancho, NM	US
S1-500958135	Carlson and Heckman	16 Larkspur Drive, Unit Apt D, Colstrip, MT	US
S1-581825118	Technology Welcome Aqua Private Limited	Flat No-8R, Rbd Stillwater, Wing B, 8Th 9Th Floor, Bangalore South, Bangalore, Karnataka	India
S1-783623294	North Developers Private Limited	House No11098-C Back Portion, 01St Floor Street No-2 Dori Walan, Karol Bagh, New Delhi, Central Delhi, Delhi	India
S1-550787839	Southern Healthcare Private Limited	Kn-1458/2190 Pn-2679/5976, Bahadurbagicha Pada, Kesinga, Kalahandi, Orissa	India
S1-799553785	Aksara Infraestate Pvt Ltd	Kh No 69 75 Fatheullapur, Poodena Khet, Meerut, Uttar Pradesh	India
S1-130274107	Zhang, Perez and Nuckles Biotech LLC	1330 Louisiana Avenue, Deer Park, TX	US
S1-37813426	Apex Live Inc	907 Proctor Street, Durham, NC	US
S1-221671666	Fortune Global Private Limited	H.No. 285, Village Neemka, Bulandshahr, Uttar Pradesh	India
S1-455395468	Highland Ministries	508 Crowder Road, Madisonville, TN	US
S1-724963981	Purvanchal (India) Hospitality Ltd	B-1/603-A, Janakpuri, New Delhi, West Delhi, Delhi	India
S1-621094206	India Your Estate Pvt Ltd	1/1960, Street No 24, Ram Nagar, Shahdara, Delhi	India
S1-299600289	P 7 S Lakeshore LLC	5255 Ogilvie Avenue, KY, Paducah	US
S1-171889680	Patton, Rafaela, MD, P.C.	1311 Baseline Road, Unit 2147, Tempe, AZ	US
S1-954036287	M 9 Certified Giant LLC	601 Wilson Street, Valliant, OK	US
S1-66286839	Trend Foundation	A-10, Janta Colony, Jaipur, Rajasthan	India
S1-983296311	Schwartz Equity Partners Care	2851 Thornhill Road, Mountain Brook, AL	US
S1-860116830	Pace Home Limited	7/103, Gandhar Sahara Estate, Gorakhpur, Uttar Pradesh	India
S1-786497275	Bass & Worsham	30552 Portobago Trail, Caroline County, VA	US
S1-471116077	Primary Care Diamond Center Inc	5206 Pontiac Drive, Glendale, AZ	US
S1-344264668	Pinnacle Stores P.C.	4425 160, Hayden, AL	US
S1-274278224	Fresh Pizza	3381 Fillet Lane, Charlotte, NC	US
S1-760449887	Surya Energy Private Limited	5 M.G.Road, 305 Tej House, Pune, Maharashtra	India
S1-686128358	Pediatric Dentistry Care Associates LLC	938 Sixth Street, Los Banos, CA	US
S1-320101199	Bangalore-20. Facilities Corp	13, N.S. Iyangar St., Seshadripuram, Bangalore-20., Bangalore, Karnataka	India
S1-23441739	Eastern Breeze	1616 67th Avenue, Phoenix, AZ	US
S1-585709444	Vanguard LLC	4434 Hubbell Street, Unit 26, Phoenix, AZ	US
S1-798424350	Ritchey Preferred Music	3537 Smithfield Lane, Cincinnati, OH	US
S1-606083374	S & X Consulting LLC	71 Johnston Avenue, NY, Unit Apartment 1D, Cohoes	US
S1-76002595	C & G Municipals	33009 Woodhaven Circle, OH, North Ridgeville	US
S1-837780524	Dalila's United Services LLC	1414 Nelson Avenue, City Of Beloit, WI	US
S1-856804557	Golden Sciences Inc	4206 Bluebird Avenue, Zion, IL	US
S1-386816839	Fresh Cleaning Service	399 6th Avenue, Towner, ND	US
S1-610178371	Reagan, Garza & Boles Uranium Inc.	1630 Mulberry Street, Lincoln, NE	US
S1-331627476	Lau Bond Inc	4309 Fairway Drive, Los Alamos, NM	US
S1-183397476	Pacific North LLC	3607 Jefferson Street, Nacogdoches, TX	US
S1-763812245	Mchenry Coastal Solutions Inc.	10516 Dorset Drive, Unit Unit 20, Johnston, IA	US
S1-16276150	Asha India Associates	15, Mahinagar Co-Operative Housing Society Limited, Behrampura, Ahmadabad City, Ahmedabad, Gujarat	India
S1-517089588	League Engineering Private Limited	Ground Floor, Shop No - 3, Nakshatra City, Khandala, Khandala, Satara, Maharashtra	India
S1-301543963	Alethea Longstreet Grand Third Inc.	501 14th Street, Columbia, TN	US
S1-79126869	Dynamic Foundation Private Limited	U No:1, B No A, Huda Enclave Jubilee Hills, Hyderabad, Telangana	India
S1-265973810	MPR Research Private Limited	C/O - Gopal Ch Samanta, L, Ic Premium Point Santipur, Sahidmatangini, East Midnapore, West Bengal	India
S1-238762946	Infrastructure Equipment Technology Private Limited	R-284, G/F Shop, Gali No. 2, Joga Bai, New Delhi, South Delhi, Delhi	India
S1-193220187	Chagolla Scuti	400 702 Madison Street, Springfield, IL	US
S1-633986259	Williams Suisse	26 Warren Street, Randolph, MA	US
S1-176175223	Lucky Hypnosis	KY, 7904 Isaac Woods Dr, Louisville, Unit 104	US
S1-49204373	Dutcher's Signature Wellness	14136 Pacoima Circle, Victorville, CA	US
S1-113776218	Raj Shivam Foods Private Limited	Flat No-102, Jh-10, Khirki Exten Malviya Ngr, New Delhi, South Delhi, Delhi	India
S1-566985074	Cascade	NY, 22 End Avenue, Nyack	US
S1-688512920	Lucky Nails	2565 Bartlett Street, Baton Rouge City, LA	US
S1-542068369	Upper Interactive	124 Cedar Street, New Haven, CT	US
S1-938721852	Faridabad Impex LLP	H.No-210 2Nd Floor, Ashoka Enclave Main Sector -, 35, Faridabad, Haryana	India
S1-532321199	V/Z Equity LLC	383 Mulberry Street, Manteno, IL	US
S1-813352075	Gujarat Care Private Limited	J-18 Ndse Part-1, South Ext-2, New Delhi, South Delhi, Delhi	India
S1-384231555	Clare Eliason Alliance Inc	325 2550, Unit 109, North Ogden City, UT	US
S1-975058429	Family Association LLC	1501 2225, Clinton, UT	US
S1-387209708	Om Tech Private Limited	503, Gh-21, Sector 52 Good Luck Co-Operative Housing Society, Gurgaon, Haryana	India
S1-332265554	Kbm Technologies Pvt. Ltd.	Maharashtra, Mumbai, Thane, Navghar Road Kamdhenu Bldgist Floor Flat No 108 Bhayandar East	India
S1-979270090	Hensley Emera LLC	28125 Rich Valley Road, Washington County, VA	US
S1-260012098	Tobias, Wenonah, L.C.S.W., PC	27 Devol Avenue, Westport, MA	US
S1-152367835	Sanders and Medina Farms, LLC	7215 Monroeville Road, Hoagland, IN	US
S1-584127779	Angelle Palmer Centurion LLC	5696 Bridgetown Road, Unit 9, Cincinnati, OH	US
S1-179770373	Urban Industrial Pvt Ltd	77 Srm Cghs Apartment, Patparganj, East Delhi, Delhi	India
S1-28326994	Fairhaven Scholarship Certified Project, Inc	565 Sconticut Neck Road, Fairhaven, MA	US
S1-410781324	Rocky Trust III	2709 Linderhof Avenue, NM, Rio Rancho	US
S1-628311223	Huzur Bhalla Pvt Ltd	Ward No. 43, Raghav Ram, Colony, Huzur, Rewa, Madhya Pradesh	India
S1-121592150	Gurgaon Kay Public Limited	Gurgaon, Haryana, Tower-A, Vatika Inxt City Centre, Sector-83, 3Rd Floor, Gurgaon	India
S1-481704816	63/21 Advanced	2844 Farm Road 89, Willard, MO	US
S1-861909889	HG Color Limited	A-2 Westway Heights, Behind Narayan Vihar P.S., Jaipur, Rajasthan	India
S1-724713616	Hensler Quality Tax LLC	220 Lafayette Street, Mount Pulaski, IL	US
S1-50760496	Village Of Deforest Crown	6755 Pederson Crossing Boulevard, Village Of Deforest, WI	US
S1-494033151	Varshva Estate Private Limited	Pune, Maharashtra, 32 Martand Niwas, Vinayak Nagar, Haveli	India
S1-824483649	Underwood, Mcglasson & Hill LLC	53 Front Street, Beverly, MA	US
S1-650262974	Classic Engineering Private Limited	Unit No-230, 2Nd Floor Living Style Mall, Pocket-6, Jasola, Delhi, South Delhi, Delhi	India
S1-323858848	Armstrong Aura LLC	N15858 Weston Drive, Park Falls, WI	US
S1-839192391	SZ Ji Private Limited	Unit-3, Ground Floor Tribhuvan Complex, Ishwar Nagar, New Delhi, Delhi	India
S1-124411625	Pranendra Supply Group	H.No.1752 Sector-14 Hisar, Hisar, Hissar, Haryana	India
S1-229999384	Internal Medicine Cornerstone Specialists Clinic	362 Beaghan Drive, Fl 0, Glen Burnie, MD	US
S1-983977583	Neelgiri Industrial Estate T. J. Road Sewree West Wing Private Limited	Mumbai, 104, Neelgiri Industrial Estate T. J. Road Sewree West, Maharashtra	India
S1-534120690	Odell Harbor Trust Company	404 Maple Avenue, Unit Apartment 2, Mamaroneck, NY	US
S1-30268683	Quinones, Bailiff & Charlesworth Co	50 Jasper Street, Staten Island, NY	US
S1-906890417	Jenkins & Sewell LLC	2313 Washington Avenue, Mattoon, IL	US
S1-797206696	Rushil Real Private Limited	2, Rowland Road, Mangalam Apartment Block - F, Flat No. - Gc, Kolkata, Howrah, West Bengal	India
S1-103446123	Foundation Ram India	Gujarat, Ahmedabad, B-71, Jaldhara-1, Opp. Talem At-St City, Vill-Bopal, Tal-Daskroi, Ahmedabad	India
S1-860292278	Titan Lodging, Inc	5 Moss Avenue, Oak Bluffs, MA	US
S1-811348172	Creative Healthcare Private Limited	Greaternoida, Uttar Pradesh, 141 & 142, Kasna Ecotech-1 Extension, Greater Noida, Gautam Buddha Nagar	India
S1-146990658	East Triumph Inc	4700 Tama St SE, Unit 100, Cedar Rapids, IA	US
S1-537078647	Cascade Wheeler LLC	72 Lovinnie, La Porte, TX	US
S1-761237411	Enex Holdings	3240 Steens Avenue, Albany, OR	US
S1-855028787	New Life Community Church	7200 Quail Hill Road, Charlotte, NC	US
S1-35251857	Star Marketing Private Limited	4A, Abanindra Nath Thakur Sarani, Regus Ps Arcadia, 9Th Floor, Office No 924, Kolkata, Kolkata, Howrah, West Bengal	India
S1-583627483	Spike (India) Construction Private Limited	B-37/120- P Plot No-11 Jagannath Puri, Colony, Rathyatra, Varanasi, Uttar Pradesh	India
S1-534063593	Tirupati Tech Private Limited	Civil Lines, Indira Stadium, Bahraich, Uttar Pradesh	India
S1-436811501	Perfect Constructions	Ward No.16, Door No.856, Arjun Apartments, Kulavanmokku, Kuzhalmannam(P.O), Alathur, Alathur, Palakkad, Kerala	India
S1-543051835	Melany's Regional Restaurant	2543 Walnut Avenue, Unit DWST, Buena Vista City, VA	US
S1-452223552	Cherry Exim Private Limited	F No D -1204, Pancham, Nanded City, Sinhgad Rd, Pune, Maharashtra	India
S1-726547443	Shyam Projects Private Limited	B1014, Oppolent Src Blue Bells, Elec City Kammasandra, Ananthnagar, Meenakshi Layout, Bangalore, Karnataka	India
S1-979591375	Carolee N. Day, O.D., P.C.	101 State Street, Unit Apartment 1, Saratoga Springs, NY	US
S1-44955954	Garland Olsen Network Inc	NC, Randleman, 2545 Walnut Ridge Road	US
S1-675314540	Rowlett Western LLC	25226 Intrepid Lane, Galveston, TX	US
S1-424781248	Nj Services Private Limited	B/402, Plot No. 29, Charkop, Shree Gulmohar Chs Ltd Rsc 2, Sector 8, Near Mtnl, Kandivali, (West), Mumbai, Mumbai City, Maharashtra	India
S1-780439662	Arihant Solutions Private Limited	Noida, Uttar Pradesh, Suite No-203, Gautam Buddha Nagar, 2Nd Floor, A-21 Sector-67, Noida	India
S1-676074512	Family Guild VI Inc.	212 Parklands Drive, Greece, NY	US
S1-99496420	Chingleput Constructions Private Limited	No G9A, Thayur Alta, Chingleput, Kanchipuram, Tamil Nadu	India
S1-299359875	Villescas and Gardner Inc	NY, 8624 Elmer Hill Road, Western	US
S1-4080450	518 Broadway Court Partners Inc	16622 51st Street, Phoenix, AZ	US
S1-646952152	#3 Columbia LP	WA, Burien, 16022 12th Avenue	US
S1-113505541	Ubika Academy Associates	Level1, Tower-B, Vatika Towers Main, Golf Course Road, Sector-54, Gurugram, Haryana	India
S1-877362907	Creech Platinum Precious Inc	7042 Melon Court, Baton Rouge City, LA	US
S1-407013504	Shristi Trading Private Limited	Khasra No. 53/1/2 Village Chhawala, Tehsil Palam, New Delhi, South West Delhi, Delhi	India
S1-653243806	Crystal Heritage LLC	64-26 Palmetto Street, Ridgewood, NY	US
S1-760483814	Baptist Center LLC	1360 Hunters Mill Trail, Collierville, TN	US
S1-321592129	Sai (India) Industries Pvt. Ltd.	95 Kadam Chawl, Siddharth Nagar, Khar E, Mumbai, Maharashtra	India
S1-526514893	Kr Mill Private Limited	40, Club Enclave Backside, Magnet Resorts, Barewalrd, Ludhiana, Punjab	India
S1-557179046	Integrated Consumer Worldwide	2144 Crotona Parkway, Bronx, NY	US
S1-791296271	Barbosa Great Altenergy LLC	W12676 Brown Deer Court, Town Of Hancock, WI	US
S1-123467272	Polis and Bills	775 Conastoga Street, Willamina, OR	US
S1-102130299	Summit Inc	1510 35th Street, Kansas City, MO	US
S1-682367392	Lucky Grill!	7300 32nd Avenue, Unit 35, Lacey, WA	US
S1-667042352	Tara Retail Associates	B 388 New Friends Colony, New Delhi, South Delhi, Delhi	India
S1-901924164	Meenraj Esports Private Limited	Gujarat, Vadodara, A/13, Vrajdham Society, Near Madhuvan Society Behind Reliance Fresh, Ajwa - Waghodia R, Ing Road	India
S1-251357060	Jarleus Consulting Inc	2920 Meadows Ford Road, Lohman, MO	US
S1-336995122	Tran Bond PC	Unit F, 1907 Cedar Fork Drive, Greensboro, NC	US
S1-405470865	Blue Constructions Care	B-8/53 Green Fieldjogeshwari Link Road Andheri (E), Mumbai, Maharashtra	India
S1-213286282	BZ Universal	4 Sherwood Drive, Oyster Bay, NY	US
S1-910980789	Fastspeed Traders Private Limited	202, M.M. House 59, Rani Jhansi Road, New Delhi, Central Delhi, Delhi	India
S1-232059143	Chennai Technology Limited	101 A/1, Gelaksi Complex Kausa Thesil Thane Distt Thane(M.H), Thane, Maharashtra	India
S1-626680165	Community League	Unit LEFT, 480 End Boulevard, MA, Salisbury	US
S1-180179580	Modern Interstate Krakacquisition LLC	1023 Sheridan Road, Waterloo, IA	US
S1-613810670	Golden Regional LLC	IL, 907 Meadow Lane, Streamwood	US
S1-935123350	General Medical Works	1101 Park Avenue, Unit APARTMENT 3, Winthrop Harbor, IL	US
S1-767630514	Chiropractic Care Associates of Fuquay-varina P.C.	2190 Saloon Street, Fuquay-varina, NC	US
S1-172366201	Bell's Colonial Salon	410 Crossland Avenue, Clarksville, TN	US
S1-50393688	Lorianne Batts Suisse	225 Landmark Drive, Raymond, IA	US
S1-102020941	Ashv Memorial Trust	Nr. Nilkanth Kutir, Gamdi Gam, Vatva S.P. Ring Road, Tal.: Daskroi, Plot No. 764, Ahmedabad, Gujarat	India
S1-857644560	Everest	85 Ridley Chapel Road, Reagan, TN	US
S1-884553187	Cartwright Ridge Dominion	4338 Boston Street, Gilbert, AZ	US
S1-651147397	Aubrie's Liberty Design	657 Corsica Avenue, Bear, DE	US
S1-769738436	Cancer Alliance II LLC	5813 Pisgah Road, Mechanicsburg, OH	US
S1-707709306	Deviya Traders Co	Jamuria Bazar, Hat Tola Roadp O Jamuria, Burdwan, West Bengal	India
S1-946626162	My Technologies Private Limited	1-11- 252/1B Behind Shopper'S Stop, Begumpet, Hyderabad, Telangana	India
S1-516646644	Behavioral Health Center	3112 Markland Drive, Charlotte, NC	US
S1-714253253	Zuna Polytechnic	Ghaziabad, Sector-12, Pratap Vihar, J-18, Uttar Pradesh, Ghaziabad	India
S1-541302555	GAN Black Inc	1212 3rd Avenue, Valley City, ND	US
S1-906742205	Kalp Trading Private Limited	Nadia, West Bengal, Nadia, Nanigopal Saha Road (Ext), Saktinagar, Krishnanagar, Nadia	India
S1-328207444	Lexine's Innovative Detailing	1414 18th Avenue, OR, Unit Apartment 19, Eugene	US
S1-899044297	Urban Trading Private Limited	Rs No.218/190A New Rs No., 218/2, Nanjikottai Bypass, Thanjavur, Tamil Nadu	India
S1-261272949	Modus Pmc Pvt. Ltd.	124 Sealord B Apartment Cuffe Parade, Mumbai, Maharashtra	India
S1-661365107	Cardiology Specialists	16230 Litchfield Road, Unit 1080, Surprise, AZ	US
S1-974001028	Dental Desert Care LLC	1516 Madison Street, Seattle, WA	US
S1-462032130	Allie Williams Triton	2043 Eddlewood Court, Houston, TX	US
S1-36149067	Shivangan Academy	Delhi, First Floor, Lajpat Nagar-Iii, H-9, New Delhi	India
S1-575286582	Physical Therapy Select Care	18264 Roycroft Drive, Hagerstown, MD	US
S1-617714725	Mangalvani Infraland Company	No. 9/36, Vaishnavi Sapphire Centre, 2Nd Floor Room No 09, Tumakuru Road, Yeshwanthpura, Bengaluru, Bangalore, Karnataka	India
S1-513961570	Aditya Solutions Limited	Survey No. 476, Morbi-Jetpura Road, Shapar, Morbi, Rajkot, Gujarat	India
S1-365142808	Brown's Logistics	NY, Masonville, 5367 Mormon Hollow Road	US
S1-968005573	Vatsal & Associates Limited	Kh No-646/1, Road No-Zero, Bakshi Farm Road, Ghitorni, New Delhi, South West Delhi, Delhi	India
S1-235024715	Swami Services Private Limited	No 285 Anjaneya Hbcs Slv Paradise Flat No Ff-2, Chikkallasandra Ut, Bangalore, Karnataka	India
S1-854099977	Blevins, Blandon and Baldwin LLC	32 Longleaf Lane, Bear, DE	US
S1-280738570	Federal Complete Entertainment LLC	8362 Iris Lumi Lane, Unit 301, Midvale, UT	US
S1-969060486	Grand Nutrition Products, Inc	78 Onota Street, Pittsfield, MA	US
S1-924013297	Solutions Perfect Jindal Private Limited	H 187, Sector 63 Noida, Uttar Pradesh, Noida, Gautam Buddha Nagar, Uttar Pradesh	India
S1-983197102	Arihant Software Pvt Ltd	1106, New Patel Nagar, Hapur, Ghaziabad, Uttar Pradesh	India
S1-969754038	Sanwar Road Food Co	227-A/228-B, Sector, F, Sanwar Road, Indore, Madhya Pradesh	India
S1-936185581	Aj Hospital	C-144, 145, Sreevatsa Gardens Mettupalayam Road, Coimbatore, Tamil Nadu	India
S1-45274888	Silver Hartford LLC	Durant, OK, 618 15th Avenue	US
S1-624788057	NUH Built Private Limited	Premises No. 10 & 11, C K Emarald, Industrial Layout, Ns Palya, Bangalore South, Bangalore, Karnataka	India
S1-329904313	Services Anupama Solutions Private Limited	Flat No 1502, Wing E, Rustomjee Paramount 18Th Road, Khar West, Mumbai, Mumbai City, Maharashtra	India
S1-659772380	Standard Creative Worldwide LLC	1701 K, La Porte, IN	US
S1-679674182	Duenez Heritage Guardian	6009 Lewis Way, Louisville, KY	US
S1-218318773	Mourya Developers Pvt Ltd	C/O Ramashish Yadav, Ratsar, Sikandarpur, Ballia, Uttar Pradesh	India
S1-263208848	Urgent Care Medicine of Chesapeake City	656 Lacy Oak Drive, Chesapeake City, VA	US
S1-856683782	Rafaela Wilcox Peace Inc.	49 Lawn Avenue, Quincy, MA	US
S1-495823260	Trusted Patriot Power LLC	1223 Glenn Street, Opelika, AL	US
S1-233847544	Henry, Mcginty and Young	2014 Stamey Cove Road, Waynesville, NC	US
S1-891366252	Desert Aurora LLC	530 Hampton Drive, Indianapolis, IN	US
S1-832436073	Gupta By Ltd	131 Sadarkabari Bazar Meerut, Uttar Pradesh, Meerut, Uttar Pradesh	India
S1-306655199	Straight Edge Ice Cream	518 Seventh Street, Philipsburg, PA	US
S1-418469549	Newtech Trading Private Limited	Space No 7-1-618/Atc/105, First Floor, Aditya Trade Center, Aditya Enclave Road, Ameerpet, Khairatabad, Hyderabad, Telangana	India
S1-210802800	Sales Network Private Limited	H.No-2-2-39/1, Sardhar Nagar, Sircilla, Karimnagar, Telangana	India
S1-901797394	Better Cornerstone Growth Group	2920 Dakota Street, Spokane, WA	US
S1-652254316	Spectrum Agritech Pvt. Ltd.	Chennai, Tamil Nadu, 3Rd Street, Iit Colony Narayanapuram, Pallikaranai, 35 C	India
S1-126306597	ZU Vanguard Insight LLC	310 Greenwood Avenue, Greencastle, IN	US
S1-165776189	G D Mire Midcap Inc	118 Denton Street, Fl 0, Weatherford, TX	US
S1-871896929	Topgrain India Co	Shop N.702, Pukhraj Corporate 38 Chitawad, Navlakha, Indore, Madhya Pradesh	India
S1-282969525	Murugan Park Pvt. Ltd.	1St Floor, West Block, Jalasoudha Building, Errummanzil, Hyderabad, Telangana	India
S1-230736280	Regional Creative Morgan Inc.	10865 Ashley Road, Morris, IL	US
S1-685739190	Innovative Systems Private Limited	Mumbai City, D-1102, Mumbai, Maharashtra, Panchsheel Heights Chs Ltd., Mahavir Nagar Kandivali (W)	India
S1-137258945	Behavioral Health Care Associates LLC	1425 Wisconsin Street, City Of Port Washington, WI	US
S1-619594210	Shroff Traders Ltd	Rz-441B F/Floor, Old No Wz-498A Ksno-64/ 10/2, 64/15/2Raj Nagar Part I Palam Colon, Delhi, South West Delhi, Delhi	India
S1-140671521	Gargan, Cagle and Fisher Federal	14 Davis Avenue, Enfield, CT	US
S1-248008193	Campfield Sterling Toyo LLC	14030 47th Avenue, Phoenix, AZ	US
S1-143246056	Navodaya Trading Private Limited	H.No 16, B Block - Y-1 Budh Vihar, Village Pooth Kalan, Phase -1, New Delhi, Delhi	India
S1-133915074	Creamy Academy	Pl 8, Annamalai Nagar, Kundrathur, Sriperumbudur, Kanchipuram, Tamil Nadu	India
S1-839075599	Barajas, Fielder and Drown	2 Ernest Drive, Natick, MA	US
S1-261687633	Elite Realty Technologies LLC	VA, 5827 Dorrington Circle, Henrico County	US
S1-526981221	Kameshwar Offshore Private Limited	C-173, Gali No. 20, Madanpur Khadar Extn, Delhi, South Delhi, Delhi	India
S1-445212616	Shakti Exports	Trendz Atria, H.No.3-196/Nr, Plot No.196, Sy.No.48 Part, Kavuri Hills, Guttala Begumpet, Serilingampally, Rangareddy, Shaikpet, Hyderabad, Telangana	India
S1-39705618	Mejia Focus Co	41 Windsor Terrace, Yonkers, NY	US
S1-383328804	Liberty Medical Center Corp	1188 Gas Light Drive, City Of Sun Prairie, WI	US
S1-203604644	8-Star	1430 Foothill Boulevard, Unit UNIT 49, Upland, CA	US
S1-173898808	Silver Classic Montage LLC	6932 Williams Road, Unit Suite 1900, Wheatfield, NY	US
S1-233842269	Trusted Environmental Consultants LLC	1030 Sweet River Drive, St Paul, MO	US
S1-89827823	Happy Cleaning Service	9875 Choiceana Avenue, CA, Hesperia	US
S1-697446938	Ferrio Canada Clinic	11839 Wallace Pike, Washington County, VA	US
S1-782008088	Continental Center	306 Hazel Dell Road, Castle Rock, WA	US
S1-125606783	Hydel Farmers Private Limited	1201/A, Oberoi Sky Garden, Chs. Plot No 119 Lokhandwala Road, 3Rd Cross Lane, Andher, I West, Mumbai, Mumbai City, Maharashtra	India
S1-724956207	Lakshmi Foods Private Limited	03/2, Kumalankuttai Opp Ghs School, Erode, Tamil Nadu	India
S1-36999256	Innovative Properties Private Limited	Haryana, Village Bas Kusla, Imt Manesar Nr Neel Metal Products Ltd, Manesar	India
S1-874709722	Adams Sierra Corp	324 North Street, Monroe Township, PA	US
S1-654576059	Heritage Environmental Ventures Inc.	1551 Bosc Court, Clovis, NM	US
S1-53752572	A Clean Valley	26225 Townfield Drive, Caroline County, VA	US
S1-865893047	Nichole Burgos Idea Inc	9545 115th Avenue, Crosby, ND	US
S1-89952255	Brio Trading Pvt Ltd	I - 31, First Floor Lajpat Nagar, New Delhi, South Delhi, Delhi	India
S1-153941912	Dynamic Harbor Bhav	17916 Silvan Drive, Yacolt, WA	US
S1-585926291	O 3 N Snow, Inc	1103 Santa Cleotilde Avenue, Laredo, TX	US
S1-656765176	Balaji Technologies Pvt Ltd	H No.5-8-352, Flat No 614 Raghava Ratna Towers, Chirag Ali Lane, Abi, Ds, Hyderabad, Telangana	India
S1-912487967	DX Pro Co	502 88, Otego, NY	US
S1-492566995	Digital Projects Private Limited	Kerala, Thiruvananthapuram, Tc-81/2022 Mosque Lane Thambanoor Trivandrum, Trivandrum	India
S1-654419994	TM Insurance Pvt. Ltd.	88/384 A Nala Road Near Rupam Takij, Kanpur, Uttar Pradesh	India
S1-86106544	Konark Van Private Limited	C-775, Gtb Nagar Kareli, Allahabad, Uttar Pradesh	India
S1-381356950	Emporium Media (India) Private Limited	H. No. 8-3-587/1/A, Yella Reddy Guda, Khairatabad, Hyderabad, Telangana	India
S1-493073630	Heritage Vanguard Tactical	1020 Washington Street, Unit 1003, Easton, MD	US
S1-626808537	Dv Brothers of Dadri Limited	1304, Tower-Cm4, Supertech Capetown, Sector-74, Noida, Dadri, Gautam Buddha Nagar, Uttar Pradesh	India
S1-318685381	Brightyn Tribeca LLC	11140 Dumbarton Drive, MD, Dunkirk	US
S1-944148797	342 Union Properties, Inc	1621 Garlock Drive, Leander, TX	US
S1-924176447	Shelbi Bernard Greenland LLC	IN, 4812 Wolf Run Boulevard, Indianapolis	US
S1-283865586	Roify	12 Stratton Road, Rutland City, VT	US
S1-239061504	Spectrum & Brothers Private Limited	5 Council House Street, Kolkata, Calcutta, West Bengal	India
S1-745316330	Lotus Agro Pvt Ltd	Survey No. 427P1/P1 P, 428/P1, 437/P1 P, Jetpar Road, At. Rangpar, Dist. Morbi, Morbi, Rajkot, Gujarat	India
S1-766524858	Developers Motors Star Private Limited	Level 1, Plot No: 732, Road No: 36, Jubilee Hills, Beside Indian Oil Petrol Bunk, Hyderabad, Telangana	India
S1-362784735	Noble Holdings	Flat No E/208, B Wing, Hrushikesh Coop Hsg Soc Ltd, 01St Cross Road, Unit No 1, Andheri, W, Mumbai, Mumbai, Mumbai City, Maharashtra	India
S1-952083897	Sanchez Gulf Lane LLC	MA, Agawam, 14 Plantation Drive	US
S1-608708627	NUO Aurora Inc	OR, Unit 34, 7001 Rogue River Highway, Grants Pass	US
S1-441233998	Midwest Alliance LLC	129 High Street, Robinson Township, PA	US
S1-464127116	Family Ministries Center	6016 Highlands Parkway, Unit #161, Tacoma, WA	US
S1-98100491	Moria's Legacy Boutique	3931 Shasta Circle, Clover, SC	US
S1-995137624	Lotus Infra Private Limited	160 Abul Fazal Enclave, Jamia Nagar, Okhla, New Delhi, Delhi	India
S1-779146165	Marketing Castings Trading Pvt. Ltd.	At- C/O- Sri. Bhabatosh Nukherjee, S/O- Sri Ashutosh Mukherjee, Flat No- 203, Devki Brij Jogia Toli Yarpur Behind Shiv Mandir, Jakkanpur P S- Ja, Phulwari, Patna, Bihar	India
S1-616311879	Suffield Behavioral Health Royal Care Associates LP	356 Mapleton Avenue, Suffield, CT	US
S1-871799802	Kamala Services (India) Private Limited	Plot No. Pap-G-17-3, Phase Iii Nighoje Midc, Chakan, Pune, Maharashtra	India
S1-318982920	Abridge Charitable Trust	Hukeri, 72, 3669K/12A, Ankali Road, Sankeshwar, Belgaum, H.No.411 9B, Karnataka	India
S1-353414525	Bland, Mendieta and Boyd Pono LLC	2315 Prospect Street, Indianapolis, IN	US
S1-161702061	Crowe Quest, LLC	Wakefield, MA, 600 North Avenue, Unit 107	US
S1-242660666	Mayfield Fresh Babcock	6 Liberty Lane, Unit 1, Pomeroy, OH	US
S1-850364492	Frankie No Kensington Inc.	711 Kerri Cove Court, Unit APT 201, Chesterfield County, VA	US
S1-57893973	Star Technology Private Limited	Haryana, Faridabad, House No- 979, Gali No- 54A Sanjay Colony, Sector- 23, Faridabad	India
S1-157850201	Green Technologies Private Limited	B-26B, Gangotri Enclave, Alaknanda, Kalkaji, New Delhi, South Delhi, Delhi	India
S1-750186933	Western California Inc.	52 Connell Drive, Stoughton, MA	US
S1-224340004	Ealey British LLC	30411 Emerson Creek Drive, Spring, TX	US
S1-901376723	Lagana Global Inc	770 2780, Unit H, St George City, UT	US
S1-535899416	Thane Import Private Limited	House No 0157 A, Belapur, Village Belapur, Thane, Maharashtra	India
S1-586066271	International Foundation Private Limited	Ramkrushna Nagar, Ganjam, Berhampur, Orissa	India
S1-355591624	Ace Agro Private Limited	A- 170 Lajpat Nagar, Sahibabad, Ghaziabad, Uttar Pradesh	India
S1-391275869	Eye Health of Sioux Falls	8004 President Street, Sioux Falls, SD	US
S1-242254981	Dynamic International Finance Limited	No. 15/317, Sreepadam Alamipalli, Lakshmi Nagar Road, Kanhangad Po, Hosdurg, Kasargod, Hosdurg, Kasargod, Kerala	India
S1-566700229	Sahil Solutions Private Limited	Office-1051, 1052, Galaxy Diamond Plaza, 10Th Floor, Plot C-1, A Sector-4, Greater Noida (Wes, T), Greater Noida, Gautam Buddha Nagar, Uttar Pradesh	India
S1-808497029	Bills, Lewis & Mendez LLC	16282 224, Damascus, OR	US
S1-900744607	Solomon Computer	Plot No.31, First Floor Transport Centre, Azadpur, Landmark Petr, Ol Pump, Delhi, North Delhi, Delhi	India
S1-760331900	Margeaux Hawthorne Metals Inc	Bldg MABLE SWAN MANOR, 10 419 8th Avenue, Yakima, WA	US
S1-698144435	Gibbs Studios LLC	136 Broadway, Saratoga Springs, NY	US
S1-675090997	Heartland Artificial	416 Rutledge Street, Park Forest, IL	US
S1-908300547	Holy Induction Ltd	K-5, Second Floor Kailash Colony, G.K. 1, New Delhi, South Delhi, Delhi	India
S1-229514919	Diversified Data Enterprises	107 Pike Street, New Carlisle, OH	US
S1-333597999	QMJ Solutions LLP	Kollam, Mcxv/226 Second Floor 23 Anjily Road, Kerala, Contontment North	India
S1-134225775	Li Quality News	102 Eastern Promenade, Unit APT 5, Portland, ME	US
S1-951650699	Hall and Warren	11412 Rolling Meadows Drive, Garrettsville, OH	US
S1-224688116	Audrye Gibbs Analytics LLC	155 Frye Road, Unit 335, Chandler, AZ	US
S1-732687625	First Community Church	1460 Higgins Road, Morris, IL	US
S1-824296376	Blondell's Supply	1205 Route 110 Highway, White, PA	US
S1-831406252	UEQ Chit Private Limited	45/1Wellesley Street Taltala, Kolkata, Howrah, West Bengal	India
S1-734799289	Nampally Technologies Associates	6-3-1099/1100/B/401 & 402, Babukhan Millenium, Somajiguda, Nampally, Hyderabad, Telangana	India
S1-317901814	Gamble Corporation	139 Longwood Drive, Stella, NC	US
S1-354245540	2307 Sunset Road Holdings	13 Valerie Road, IN, Portage	US
S1-603808130	Star Technologies Private Limited	B-501, Rashmi Garden, Vasai East, Palghar, Thane, Maharashtra	India
S1-426703152	Premier & Brothers Private Limited	Level8, Umiya Business Baytower1, Cessnabusinesspark Kadubeesanahalli, Marthahalli-Sarjapurout, Erringroad, Bangalore, Karnataka	India
S1-114592033	Madhu Dealmark Pvt Ltd	Telangana, Lumbini Avenue, Gachibowli, Hyderabad, Hyderabad, Plot No.75	India
S1-947627646	Traix, LLC	2001 Sheridan Avenue, Montevideo, MN	US
S1-786286291	Family Bright Physicians Inc	2626 New Hall Road, Greenbrier, TN	US
S1-330542070	Siddhi Brothers Private Limited	81 Grd Floor, Near Dharamkanta Block B, New Delhi, West Delhi, Delhi	India
S1-781582327	Amit Educational Society	Kachchh, 2Nd Floor, Ward 12A, Gandhidham, Gujarat, Dbz-S-124	India
S1-495249667	Power Collection Private Limited	A-2 Manorath Datta Padaroad No 2 Borivali East, Mumbai, Maharashtra	India
S1-237146681	Miller, Marshall & Lyon Trinity	1100 Penncross Drive, Greenville, NC	US
S1-381993087	Avis Industries Pvt. Ltd.	K. P. House, A-62, H Block, Midc Pimpri, Pune, Pune City, Pune, Maharashtra	India
S1-379042087	Rosales's Bakery	2162 Roan Street, Unit 103, Johnson City, TN	US
S1-655080975	Express Integrated Enterprise Inc	9925 Sedgewick Road, Keller, TX	US
S1-698671058	Eco & Associates Pvt Ltd	B-1090 (Basement) G D Colony Mayur Vihar Phase-Iii, New Delhi, East Delhi, Delhi	India
S1-193900637	Rathod Techcorp	Plot No. 75, Dream Monarch Gaganphad, Hyderabad, Telangana	India
S1-657538812	Allied Charities	1140 Lindsey Road, Springfield, OH	US
S1-24820615	Vinit Capital Pvt Ltd	68/248, 1St Floor, Near Collectors Bungalow, Kozhikode, Kerala	India
S1-594967495	Elite Grand Rock Associates	1306 Crystalwood Court, Concord, NC	US
S1-265903345	New Delhi Investment Pvt Ltd	Panchshila Park, Maharishi Dayanand Marg Shivalik Road, New Delhi, South Delhi, S-147, Delhi	India
S1-441690621	Zineis Pioneer Inc	45011 Sage Brush Drive, Maricopa, AZ	US
S1-649238071	Red Diner LLC	11838 Hubbe Court, Huntley, IL	US
S1-728213040	All Network Brands	Spindale, NC, 612 Main Street	US
S1-695479510	Venus Networks of Lynchburg City	VA, Lynchburg City, 4629 Ferncliff Drive	US
S1-673985762	Swastik Foundation Private Limited	Plot No. 283, Gidc Village : Manjusar, Savli, Vadodara, Gujarat	India
S1-183933406	Martin Bright Flag Corp	2445 Seminole Trail, Madison County, VA	US
S1-733260119	Delta Foundation	102 Stamford Heights, Ferguson Twp, PA	US
S1-309625714	Pch Brothers LLP	Orissa, Bhadrak, Plot No-73/215, Chianipahi, Dosinga, Dhamara, Chandbali	India
S1-404756897	Fleming, Ackerman and Charles Clean Inc	3380 Marcos De Niza Trail, Rimrock, AZ	US
S1-882198137	Frontier Ridge Egh	513 Brook Arbor Drive, Cary, NC	US
S1-16753578	Nk Institute of Technology	Madhya Pradesh, Uday Giri Appartment, Dainik Bhaskar Lane Ps. Inderganj, Gwalior	India
S1-851189815	Creative Armour LLC	1291 Oakland Avenue, Akron, OH	US
S1-164231305	Coyle and Norman Athena LLC	212 State Street, Unit 212, Litchfield, IL	US
S1-16630161	Hart Blue Coca Inc	4215 Wellborn Avenue, Anniston, AL	US
S1-216446415	Riley, Bryant and Doe Origin	5109 Heffron Street, City Of Stevens Point, WI	US
S1-69379713	Celestial Minerals Pvt Ltd	6-3-1099/1100/B/401 & 402, Somajiguda, Rajbhavan, Nampally, Hyderabad, Telangana	India
S1-973414682	Classic Impex Pvt Ltd	702/9 Golden Nest Phase Ix Bhayandar East, Mumbai, Thane, Maharashtra	India
S1-635998211	Womens Health Specialists	29713 Candor Hall Rd, Vergas, MN	US
S1-361269211	Bellucci Table, Inc	1830 Dublin Drive, Vidor, TX	US
S1-634689214	Womens Health Medicine of Chicago LLC	2973 47th Street, Chicago, IL	US
S1-866884708	Aaron Canada P.C.	157 Riverside Lane, Bigfork, MT	US
S1-516025123	Regional Church	8721 Wendell Avenue, Parkville, MD	US
S1-143731989	Indrika Enviro Private Limited	Ground Floor, Room No. 11, Bharat Sewa Society, Charkop, Gandhi Nagar, Salfi Gali No. 2, Kandivali, Kandivali West, Mumbai, Maharashtra	India
S1-64236606	Borowski and Davis Vance LLC	108 Mauldin Street, Unit A, Walhalla, SC	US
S1-57273969	Summit Council IV LLC	308 Flood Street, Wichita Falls, TX	US
S1-942841147	Vellique LLC	211 B Street, Hamilton, OH	US
S1-85869066	QX Launchpad Inc	WA, 2543 Crescent Street, Ferndale	US
S1-183953310	Cardiology Medicine	10300 Strickland Road, Grand Bay, AL	US
S1-562227333	Maid Tattoo, LLC	1098 Greenwood Road, Lebanon, TN	US
S1-153443068	Metropolitan Chemical Inc	22 Christy's Drive, Brockton, MA	US
S1-433127368	Red Yoga Inc.	1415 Thatuna Avenue, Moscow, ID	US
S1-76516663	Cornell, Ileana, CPA, M.D., P.C.	95 Balis Street, Springfield, MA	US
S1-262476493	Platinum Manufacturing Center	7922 Fairport Road, Dallas, TX	US
S1-112941983	Services Cosmic Help Private Limited	C/O Karamvir Panchat Shop, Old Cinema Gali, Panipat, Haryana	India
S1-359703503	Martinez and Leslie Elite, LLC	360 Tom Everhart Road, Winston-salem, NC	US
S1-820306417	Brs Consultants Private Limited	Prestige Polygon, 471 Anna Salai Teynampeth, Chennai, Chennai, 3Rd Floor, Chennai, Tamil Nadu	India
S1-506541451	Lumus Super Inc	1610 Fulmor Drive, Dixon, CA	US
S1-893777700	Dianemarie F. Tenorio, DO	7866 73, Floodwood, MN	US
S1-297404138	Winch Worldwide, LLC	NY, 77 Main Street, Corfu	US
S1-596075007	Ziraya Infrastructure Palwal Private Limited	Palwal, Haryana, Faridabad, Near Bharat Gas Tehsil- Hodal	India
S1-143435514	Tech Consulting Pvt Ltd	Bangalore, No. 472/7 Balaji Arcade, 2Nd & 3Rd Floor, A.V.S Compound, 20Th L Cross Road, Avs Layout, Ejipura, Koramanagala 4Th Block, Bangalore South, Aspire Coworks, Karnataka	India
S1-679186865	Zia Superior Generation	58 Call Street, Unit REAR, Billerica, MA	US
S1-800553938	Highfill, Cabrera and Barbosa Limited LLC	1715 Morton Street, Great Bend, KS	US
S1-365692414	Hernandez Pipeline LP	4203 Vashon Drive, Fl 1, Lacey, WA	US
S1-629316106	HO Vanguard Yield	City Of Clintonville, 113 Elm Street, WI	US
S1-815212283	Urology Group Corp	NY, Brighton, 2452 East Avenue	US
S1-188764705	Houston Newhold PLLC	418 18th Street, Houston, TX	US
S1-962442942	White International Private Limited	Shaikpet, Hyderabad, C/O Prithivi Info Solu, Telangana, Prithvi House # 2-56/2/19	India
S1-456775386	Pope Amc	2138 Church Road, Lebanon, NY	US
S1-497594293	Theisen All Hills LLC	730 Ramona Terrace, Machesney Park, IL	US
S1-390818335	Titan	5710 Driftwood Avenue, City Of Madison, WI	US
S1-165633819	Intelligent Traders of Noida Pvt Ltd	Unit No Sx-112, 6Th Floor Npx Urbtech, Sector 153 Noida, Noida, Gautam Buddha Nagar, Uttar Pradesh	India
S1-595641961	Felipe Pinnacle LLC	218 Santa Fe Street, Alva, OK	US
S1-769540407	Pune Infratech Pvt Ltd	1194/27 B, Ground Floor Krupa Apartment, Shivajinagar, Pune, Maharashtra	India
S1-491298332	South Imperial	6226 Pembrook Pond Place, Huntsville, AL	US
S1-621768354	Developers Gmax Global Limited	Moradabad, H.No. 497 Chandra Nagar, Uttar Pradesh, Moradabad	India
S1-637091571	Subh Traders Pvt Ltd	Plot No 30, B Block Sector 88, Noida, Gautam Buddha Nagar, Uttar Pradesh	India
S1-253827481	Optimal Defense Networks LLC	12330 Fellowship Lane, Gaithersburg, MD	US
S1-402039640	Youth Center Associates	3119 32nd Street, Moorhead, MN	US
S1-206875763	Rivera Companies LLC	OH, Dover, 3951 Blacksnake Hill Road	US
S1-213374020	Mm Health (India) Private Limited	Shop No. 3, Ground Floor, Shiv Asthan Building, Plot No. F/614, 16Th Road, Bandra West, Mumbai, Mumbai City, Maharashtra	India
S1-629961569	Market (India) Industrial	514, Dalamal Towers, 211 Fpj Marg, Nariman Point, Mumbai, Mumbai City, Maharashtra	India
S1-293957387	Samrat Chilli LLP	Ground Floor, Old Vihar Cinema, Pratap Nagar Road, Vadodara, Gujarat	India
S1-870972048	Clean Blue Textiles	1 Essex Street, Unit 120B, Beverly, MA	US
S1-524973122	Real Solutions Private Limited	11/2, Star Building, Bvk Iyengar Road, Bangalore, Karnataka	India
S1-49345572	Hamilton Great Plumbing LLC	2909 Boone Lane, Paducah, KY	US
S1-433382606	Department of Buildings	1380 Kansteiner Road, TX, Columbus	US
S1-318173030	Wildlife Federation LLC	OH, Celina, 6659 Erastus Durbin Road	US
S1-345386676	Jai Products Limited	12/2 Ram Nagar Bye-Pass Road, Madurai, Tamil Nadu	India
S1-407396462	Davis National Managed LLC	S02129 Cty Tk E, Town Of Waumandee, WI	US
S1-756112916	Continental Global L.L.C.	7141 W Florissant Avenue, Fl 0, Saint Louis, MO	US
S1-186012964	Eximius & Brothers Private Limited	807, Fl-8Th, 18/22, Bansilal, Bldg, Shaikh Nr Cotton Exc, Mumbai, Maharashtra	India
S1-581300773	W & S Precious LP	637 Oak Terrace, Sweet Home, OR	US
S1-496134230	Leventhal, Owens and Hayden Western LLC	17739 Sandy Road, Goodyear, AZ	US
S1-362932671	Preferred Research Labs LLC	14576 Sr 333, Dover, AR	US
S1-101773116	Fantastic Vidyalaya Corporation	C-309 Defence Colony, New Delhi, South Delhi, Delhi	India
S1-314659117	Ajaymeru Educational Private Limited	201, Jay Siddhivinayak Co-Op Hsg Soc Ltd Ardesar Dady Cross Lane, C.P.Tank, Girga, On, Mumbai, Mumbai, Mumbai City, Maharashtra	India
S1-32485704	First Lifestyle Pvt Ltd	4 03, K No 268 140 3, Maruti Nilaya, Marasandra, Dodballapur Main Road, Bangalore, Doddaballapura, Bangalore Rural, Karnataka	India
S1-32508687	Laxmi Supreme Builders LLP	A-2, No. 8-2-310/B/2, P-1, Navodaya Colony, Road 14, Telangana, Khairatabad, Hyderabad	India
S1-66594701	Shakti International School	Shop No-7, Satyam Building, M G Road, Naupada, Thane, Thane, Maharashtra	India
S1-411088844	Honey Medical Centre Private Limited	4, Adi Banstalla, 5Th Floor, Kolkata, Kolkata, Howrah, West Bengal	India
S1-271099294	Pune Allied LLP	2Nd Floor, Nana Chambers, Above Bank Of Maharashtra, Kasarwadi, Pune, Maharashtra	India
S1-755560887	Bharat International Estate Pvt Ltd	Suraj Estatekailas Road, Valsad, Gujarat	India
S1-715854590	Anderson Village LLC	8320 Waterview Cove, Pike Road, AL	US
S1-160992708	Sheel Logistics Ltd	Maharashtra, Thane, 3Rd Floor, Sumedha Society Kopargaon, Dombivali, #10	India
S1-249910933	Regional Select Services Partners	2227 Black Bear, Conroe, TX	US
S1-758046808	Black Exports	Survey No.3838, Juna Bajar, Road, Ahilyanagar, Ahmednagar, Ahmed Nagar, Maharashtra	India
S1-95582677	Vikky Richards Colonial Automotive LLC	1041 Sienna Drive, Centerton, AR	US
S1-879858420	Environmental Association	835 48th Street, WA, Tacoma	US
S1-182822443	Crowe Health Center LLC	25608 Buck Road, Beloit, OH	US
S1-465803838	Maloa	170 Ross Road, Forest City, NC	US
S1-628942281	Craven Heritage Bioworks LLC	MD, 703 Margo Road, Dundalk	US
S1-910457144	Reese, Walker & Calkins, Inc	9615 16th Avenue, Seattle, WA	US
S1-135556545	Life Engineering Limited	Kolkata, West Bengal, 20/1, Maharshi Debendra Road, 2Nd Floor, Room No. 13A, Howrah	India
S1-953760917	Seven North Systems Private Limited	Gujarat, Ahmedabad, 198/21 Bhikhabhai Panachand Ni Chali Under Kalupur Bridge, Ahmedabad	India
S1-332961047	Foundry Sab LLC	1414 V Street, Washington, DC, Unit 1	US
S1-948738180	Saurashtra Solutions Pvt. Ltd.	Cabin No. 300-O, 3Rd Floor, Gold Tower, 50, Residency Road, Bengaluru, Bangalore, Karnataka	India
S1-863574107	Pacific Society V	3122 Arlington Avenue, Bronx, NY	US
S1-677589669	Fox's Entertainment LLC	195 College View Drive, Unit Unit 7, Hollister, MO	US
S1-99954380	Royal & Co	03, Shri Nath Nagar, Pali, Rajasthan	India
S1-520530476	W+ Standard Inc	2124 Kessler Court, Dallas, TX	US
S1-343385635	Best Ventures Private Limited	3031, 3Rd Floor, Tower E, Avenue Gc 16 Gaur City, Greater Noida West, Noida, Gautam Buddha Nagar, Uttar Pradesh	India
S1-979900989	Metropolitan Equity Partners LLC	2141 Shane Avenue, Fort Worth, TX	US
S1-425859322	Maid Deli	302 Main Street, Village Of Norwalk, WI	US
S1-739519706	Diamond Nexus, Inc	Fairfax County, VA, 6252 Taliaferro Way	US
S1-492492129	Kelly Light Inc	3308 Kettle Cove, Round Rock, TX	US
S1-172244923	Allahabad Hotels Private Limited	82/55A, Beli Road, Allahabad, Uttar Pradesh	India
S1-851485486	Lomax, Williams and Ludwig LLC	1467 Crotona Place, Bronx, NY	US
S1-282726512	Amritrashi Alloy Pvt Ltd	Flat S-14, Anu Bldg, Subway Road, Santacruz-West, Mumbai, Mumbai City, Maharashtra	India
S1-657234334	Robinson Rocky Village Holdings	110 Waterstone Way, Unit 1308, Nashville, TN	US
S1-882068213	Arihant New Finance Private Limited	D No: 3-108, Vivekananda Nagar, Yendada Geetham College Post, Visakhapatnam, Vishakhapatnam, Andhra Pradesh	India
S1-394818987	Hope (India) Connect Corp	504, Vini Elegance Above Tanishq, L.T. Road, Borivali (W), Mumbai, Mumbai City, Maharashtra	India
S1-342866654	Fastlane Gems Pvt. Ltd.	Shed No .7, Plot No.37 S.V.Co Operative Industrial Estate, Jeed, Imetla, Hyderabad, Telangana	India
S1-592157669	Blue Nails L.L.C.	21 Gerrish Avenue, Unit 4, Chelsea, MA	US
S1-687040516	Hitesh Trading LLP	17Ah, S9/61, Neelgiri Enclave, Vrindavan Yojana, Near Apex Trauma Center, Raebarel, Lucknow, Uttar Pradesh	India
S1-86878056	Keystone Wooltex Pvt Ltd	1/14, Subhash Nagar, New Delhi, Delhi	India
S1-851965615	Gnr Foundation Corp	48 Parshwanath Societynaranpura Char Rasta, Ahmedabad, Gujarat	India
S1-721035367	Lohit Advisors Private Limited	Tower 19(I) Flat-9C Central Park-2, Sector-48, Sohna Road, Gurgaon, Haryana	India
S1-20759008	Premier Property Partners, LLC	Elizabeth City, NC, 206 Adams Creek Road	US
S1-333099469	Future Infotech Private Limited	Dii - 1 & 2, Aakanksha Commercial Complex, Opp. Sajawat Complex, Achole Road, Nalas, Opara (E), Thane, Maharashtra	India
S1-726474137	Luckyprime Consultant Private Limited	Delhi, H.No-A-11/1 Grounf Floor Kali Masjid, New Delhi, Delhi	India
S1-34185003	Modern Green Lloyds Inc	222 School Street, Unit 11, Walpole, MA	US
S1-575992272	South Spring LLC	493 Stoney Battery Road, Smyth County, VA	US
S1-610780621	Shyam Trading Private Limited	90/31B, First Floor, Malviya Nagar, New Delhi, Delhi	India
S1-440856186	Apex LLC	680 2905, Palestine, TX	US
S1-128007491	Presto Fresh Ltd	94, Kailash Market Opp. Hipa Sector 18, Sarhaul Road, Gurgaon, Haryana	India
S1-783988381	Seven Dynamic Ventures Limited	Plot No .Fc-76-A, Narayan Sarovar, Sukhiya, Sanganer, Jaipur, Rajasthan	India
S1-548111070	Annnora Smith Delta Lifestyle LLC	1816 Blue Stem Lane, Normal, IL	US
S1-262300211	Ulmer Starling LLC	208 Harris Road, Unit Apartment GA2, Bedford, NY	US
S1-495690102	Hunger Society	1325 Still Brook Place, Hillsborough, NC	US
S1-580535090	Beacon LLC	3521 16th Street, Unit APARTMENT 105, Zion, IL	US
S1-968238766	Quantiq Polska Inc	332 Stoney Ridge Court, Rock Hill, SC	US
S1-814364676	Linell Quick Northland, Inc	6835 Topaz Drive, Lakewood, WA	US
S1-437040521	Ingunna Paredes Green Made LLC	8 Old Farm Way, Chelmsford, MA	US
S1-208387148	Legacy Media Concepts Associates	1292 16th Street, Newport News City, VA	US
S1-533966610	Daskroi Centre Company	303 Bhavya Shopping, Bopal(Ct), Daskroi, Daskroi, Ahmedabad, Gujarat	India
S1-579920662	Caldeus Manufacturing	261 Windham Center Road, Windham, ME	US
S1-34674472	Brust and Goldberg Inc	Ogden City, 461 27th Street, Unit 212, UT	US
S1-926869998	Murray Secure Line	VA, 6404 Portsmouth Boulevard, Portsmouth City	US
S1-617741558	Pranav (India) Builders Private Limited	No 12/1-3, 16Th Cross Kanakanagar, R T Nagar, Bangalore, Karnataka	India
S1-240994714	Optex LLC	18592 Edwards Road, Unit 202, Doylestown, OH	US
S1-319531665	Bari D. Bresnahan, O.D.	198 Akron Avenue, Town Of Pine Grove, WI	US
S1-255226856	Davis Tower Ltd	18600 Hobson Street, Fl 14290, City Of Whitehall, WI	US
S1-960897423	Bambie Ramos, DO	51 Canterbury Court, Islip, NY	US
S1-313423432	Ss Management Private Limited	424, Jaipur Electronic Market Mansarowar Link Road, Riddhi -Siddhi, Jaipur, Rajasthan	India
S1-824405814	Braga, Powell & Jackson Biologics LLC	504 Ash Street, Okawville, IL	US
S1-138799888	Todays Producer Ltd	Amar Singh Gurdwara Vir Singh, Ahmedgarh, Sangrur, Punjab	India
S1-578674156	Preferred Tge Corp	115 Irvington Avenue, Tulsa, OK	US
S1-704628120	Sumeet Trust	O/85, Doctor'S Colony Kankarbagh, Patna, Bihar	India
S1-405407790	Gujarat Consultants Private Limited	2P 23, Madhuban Housing Board Basni Phase I, Jodhpur, Rajasthan	India
S1-646353950	Legacy Genomic Collective LLC	2148 Purdum Mill Road, Appomattox County, VA	US
S1-758687793	South Unified Equity	5113 123rd Avenue, Lake Stevens, WA	US
S1-307142338	Grace Lutheran Church	Brownsville, 2635 Polk Street, TX	US
S1-442074190	Kolkata Coating Company	26/1 A, S.N. Roy Road, Kolkata, Howrah, West Bengal	India
S1-345716696	Plumbers Union Local No 663	108 Saxapahaw Run, Chapel Hill, NC	US
S1-324791984	East Global Private Limited	House No. 38-B Gobind Nagar, Ambala Cantt, Ambala, Haryana	India
S1-9464060	Urban Laboratory of Nagpur	Plot No. 512/E/C, Mahatma Gandhi Nagar Near Ganesh Mandir, Seminary Hills, Nagpur, Maharashtra	India
S1-675543229	Kendall Pediatrics	16 Plymouth Road, Huntington, NY	US
S1-197053723	Commercial Freight Laboratories Center	1515 Gordon Terrace, Deerfield, IL	US
S1-236160562	Decorative Lubricants Private Limited	Hyderabad, 16-2-701/D/2/A, Malakpet, Telangana, Amberpet	India
S1-976885631	Danube India Private Limited	Srikakulam Roadopp:Lic Of India Rajam, Andhra Pradesh, Srikakulam, Andhra Pradesh	India
S1-408931604	All Exports Private Limited	Bengaluru, Karnataka, # C14, Bangalore, 2Nd Floor, Survey No. 39/4 Fern City Road, Doddanekkundi, Outer Rin, G Road	India
S1-584515874	E & J Pimco LLC	4643 Abington Drive, Unit APT, Indianapolis, IN	US
S1-91153381	Scurry, Janis, DDS	32 Nathan Hale Drive, Unit Apartment 70A, Huntington, NY	US
S1-146360604	Olivera Mobility LP	5235 Misty Pine Lane, Marion County, OR	US
S1-376339605	Preferred Super Ltd	6110 Mcclellan Highway, West Hamlin, WV	US
S1-961069144	Chakraborty Farm (India) Ltd	Room No.8403, Purvanchal Chawl Near Parsik Tunnel, Bhaskarnagar, Khareg, Aon Kalwa, Thane, Maharashtra	India
S1-573406838	Elite Choice Mexico LLC	11907 28th Place, Lake Stevens, WA	US
S1-186934750	Sky Systems LLP	Kl-2 Building No 2, Room No 8, Sect 5 Kalambuli, Taluka Panvel, Dist Raigarh, Kalambuli, Raigarh, Maharashtra	India
S1-533848169	Nelson & Person Hall LLC	4009 Kowaliga Road, Eclectic, AL	US
S1-495508681	Christan's Iron Works	3311 Mccammon Estates Drive, Lewis Center, OH	US
S1-723899873	American Chiron Inc	109 Hillcrest Drive, Nicholasville, KY	US
S1-467067349	Sterling Supply Laboratories Inc	4707 New Hope Road, Unit C3, Raleigh, NC	US
S1-92535982	Nuance (india) Private Limited	4C Wood Street Unit - 1A, Kolkata, Calcutta, West Bengal	India
S1-778523411	Classic Super Food Limited	00, Hafizpur, Azamgarh, Uttar Pradesh, C/O Jitendra Rai, Sadar	India
S1-302816040	Anchor Design Consultants	4216 Pleasantburg Drive, Fayetteville, NC	US
S1-934713353	Krishna Solutions Private Limited	S-2 Navin'S Annapoorna No.17 Iiird Seaward Road, Chennai, Tamil Nadu	India
S1-49192521	Tirupati Infrastructure Private Limited	Plot No. 43-4-5/1, Thatichetlapalem, Visakhapatnam, Vishakhapatnam, Andhra Pradesh	India
S1-909910021	AH Coast Private Limited	D-26 Nihal Viharopposit R S Public School, Delhi, North Delhi, Delhi	India
S1-546764610	Choice Wealth Collective Inc	280 Manitou Road, Greece, NY	US
S1-656900048	Horizon Soulpower LLC	WI, 2402 Ebenezer Road, Town Of Wingville	US
S1-296348422	# 9 NT Midland Group	1202 84th Street, Cleveland, OH	US
S1-334536580	HII Safe Meshflow Partners	11611 Arrowwood Circle, Houston, TX	US
S1-239356636	Roofing	17915 Fm 521, Rosharon, TX	US
S1-94613024	Dickinson Modern Electronics LLC	Little Rock, 12310 County Farm Road, AR	US
S1-792146061	Hitech Projects Private Limited	A-9 Basement Office Wazirpur Industrial Area, Delhi, North West Delhi, Delhi	India
S1-966707777	Creative Electronics Studios, Inc.	12621 Matherson Avenue, Cleveland, OH	US
S1-331546791	Lovato & Koch	730 Bodmer Avenue, Strasburg, OH	US
S1-506116155	Tyson's Certified Agriculture	69 Parksville Road, Unit Apartment 11, Pleasant Valley, NY	US
S1-105973317	Cornerstone Inc	Naperville, 819 Heatherfield Circle, IL	US
S1-450349926	Nova Inc	8412 Lakeland Court, Fl 0, Wichita, KS	US
S1-788391070	Om Ventures of Nelamangala	1St Floor Justbake, Building, Opp Hdfc Bank, Nelamangala, Bangalore Rural, Karnataka	India
S1-87141748	Oakland & Co	A-1/633-634, Block A, Pocket-1, Sector-6 Rohini, New Delhi, Delhi	India
S1-328073808	Ethix Automation Private Limited	Block/Tower/Villa No D-704, Floor No-7 Lansum Etania, Puppalaguda, Survey No 280, Hyderabad, Telangana	India
S1-144211271	South Sai Foundation Private Limited	Jaipur, M.I. Road, Rajasthan, C/O National Motors Building, Jaipur	India
S1-104816395	NI India	Delhi, Flat No. A-701 Sb Youth Apartments, South West Delhi, Sector-2 Plot 6B	India
S1-28203827	Jackson Boa LLC	3 Red Schoolhouse Road, Fishkill, NY	US
S1-950079450	Quality Cloud Enterprises	City Of Janesville, WI, 1010 Martin Road	US
S1-879246451	Godfrey Coastal Cslm Inc.	1411 Asher Downs Drive, Greensboro, NC	US
S1-62216823	Value Prime Earths	4029 7105, UT, West Valley City	US
S1-959070829	Canopus Collections Pvt. Ltd.	701 Acentre Point Panch Pakhad, Thane (W), Thane, Maharashtra	India
S1-872248104	Value Defense Dynamics Inc	2907 W St, Ames, IA	US
S1-53666708	City Tech Private Limited	Mumbai, Maharashtra, 106 Siddhi-Vinayak Aptsnear Rajpuriya Hall Gujrathi Mandir Road Vile Parle (E), Mumbai	India
S1-857982900	Direct Horizon Oxley LLC	103 Massapoag Road, Lincolnton, NC	US
S1-273918704	Solutions Sharp Foodstuffs Pvt Ltd	H.No.4-1-86, Kumarvada Mallial, Karimnagar, Telangana	India
S1-949564466	Liberty Charter School	2920 Sherman Road, Town Of Oconto, WI	US
S1-617008190	Empire Network	Mesa, AZ, Unit 2045, 1711 Extension Road	US
S1-946944034	Explore Foundation Limited	Rh No. 46, Thane, Maharashtra, Ambernath, Gut No 49, Royal Park Amberna East Ambernath	India
S1-955192380	Albritton Global	6127 9, Elizabethtown, NY	US
S1-741576086	Real Ventures Private Limited	C-99, Swami Shardhanand Park Bhalswa, Delhi, New Delhi, Delhi	India
S1-131489595	Jasola Commercial Centre Care Private Limited	Gf-01, Omaxe Square, Jasola Commercial Centre, New Delhi, Delhi	India
S1-883012404	Neeleshwar Fruits Limited	S/O-Sh Chotu Ram, Plot-535, F/F Kakorola Housing Complx, Pillar No. 799, Dwarka, South West Delhi, Delhi	India
S1-104716730	All Environmental Enterprises LLC	1003 Kennison Avenue, New Carlisle, OH	US
S1-349947929	Nexxus Agro Pvt. Ltd.	House Of Rekha Sharma Pwd Rest House Ke Bagal Wali Gali, Morena, Madhya Pradesh	India
S1-583468580	Eye Cornerstone Health Inc	864 Eads Court, Newport News City, VA	US
S1-48615775	Super Consultants	K.P Ii - 273(1), Prasanthi, Nalanchira Muttada P O, Thiruvananthapuram, Trivandrum, Kerala	India
S1-227179502	Rolex Holidays Private Limited	C/O Shankar Kumar, Ward No 10 Bhakhdda, Begusarai, Bihar	India
S1-131764378	Red Seafood!	Nolensville, 1248 Spruell Drive, TN	US
S1-715369774	Vertex	2721 Audubon Drive, OH, Middletown	US
S1-346076190	Alpha Super Solutions Pvt Ltd	H.No 1408A Sector 29, Housing Board Colony, Faridabad, Haryana	India
S1-685228356	Classic Ventures Private Limited	Pm 18/1138(3) Namdev Arcade Boys High School Stadium R, Oad, Payyanur, Kannur, Kerala	India
S1-898842541	Snd Sangh Clinic	Mahajan Wadi, Near Dahisar Check Naka, Kashi Mira Mira Road (E), Thane, Mira Road, Maharashtra	India
S1-89985221	Clean Peoples	16250 Homecoming Drive, Unit UNIT 1171, Chino, CA	US
S1-810426263	Kalavad Special Corporation	Shop No.401, Kailash, Heights, Raj Rajeshwari, Kalavad, Jamnagar, Gujarat	India
S1-911029014	Pramila Traders Pvt. Ltd.	Kollam, Shop No Egp 5/170, Kerala, Kollam, C/O Sulfiya Beegum Thevannoor Po	India
S1-496617203	Ochoa Patriot Sterling Inc.	113 Olivet Circle, Elizabeth City, NC	US
S1-725474398	Global & Co	C/O M.Sangili D, No. 484 E/8, Nalla Kounder Nagar, Palani Road, Oddanchatram, Dindigul, Tamil Nadu	India
S1-660399418	Delta Partners PC	131 Chestnut Street, Kent, OH	US
S1-11182351	Bertine Rich Qdro Inc	N89W16060 Main Street, WI, Village Of Menomonee Falls	US
S1-410668413	Smith National Supply Inc.	Roseburg, OR, 130 Hess Lane	US
S1-321161330	Shakti White Enterprises Private Limited	Flat No-404 Tower-C-1 Cherry County Plot No-Gh-5B Techzone-4, Greater Noida, Gautam Buddha Nagar, Uttar Pradesh	India
S1-827536401	A Clean Taiwan	101 Maple Avenue, White Plains, NY	US
S1-543129917	Devora Agency Private Limited	Agra, Kheragarh, Gata No. 214, Uttar Pradesh, Basai Khurd, Saiya Nagar, Iradat Road	India
S1-391295878	Pune Builders Private Limited	Maharashtra, Pune, Aashiyana Vihar Co-Op Housing Soc Bhau Patil Rd Near Pune It Park Bopodi, F.No.6, Pune	India
S1-53996035	Lument Printing Clinic	Mount Gilead, 296 Lake Tillery Trail, NC	US
S1-542801876	Anand Sky Global Private Limited	C-8/4, Second Floor Sector-7, Rohini, New Delhi, Delhi	India
S1-418126752	Gold Properties Private Limited	Lilai P No 8, S No 128/2 Sumarg Soc, Karve Road, Kothrud, Pune, Maharashtra	India
S1-282341103	Jay Constructions Private Limited	6-3-1192/1/1, Office No. 213 To 216, 2Nd Floor, Block Iii White House Building, Kundanbagh Colony, Begumpet, Secunderabad, Hyderabad, Telangana	India
S1-895289588	Technologies Beam Services	Flat No 7B Ii Pankaj Society Indiranagar, Nashik, Maharashtra	India
S1-184456861	Snk (India) Bio Public Limited	Chandra Mukhi Niwas N S Roadnear Kali Mandir Asansol, Near Kali Mandir Asansol, Bardhaman, West Bengal	India
S1-897683603	Premier Industries Private Limited	Plotno-129, Sana Tulasipur, Po-Tulasipur, Ps-Banki, Banki, Cuttack, Orissa	India
S1-98788449	Rapid Banc Inc	1450 Westpoint Place, Wenatchee, WA	US
S1-267386501	A Select Electrical Inc.	2552 Orange Avenue, Unit APT 211, Roanoke City, VA	US
S1-247230718	Global Pet Care LLC	NC, Raleigh, Unit 1422, 5443 Wade Park Boulevard	US
S1-267087253	Hari Vision Ventures Private Limited	35, Subhash Chouk, Mhow Gaon, Mhow, Indore, Madhya Pradesh	India
S1-586197509	FCH Advisory Private Limited	Chennai, Tamil Nadu, Chennai, Old No.23, 3Rd Street, Padmanaba Nagar, Adyar, New No.2	India
S1-287460198	Ly, Highlander & Villarreal Inc	10405 Leven Blvd, Louisville, KY	US
S1-521943204	Lara Rupp Mitsui LLC	Saint Louis, Fl 0, MO, 10101 Knollcrest Court	US
S1-664102533	Acme & Sons Private Limited	Ward No. - 9, Opposite Government Hospital Behind Chanchal Medical Store, Pilibanga, Ganganagar, Rajasthan	India
S1-134682609	Jai Finance Private Limited	Gujarat, 1/46, Borsad, Jalaram Gunj, Near New Shak Market, Janta Bazar, Anand	India
S1-291102230	Fenner Bright Stanley	10919 Clay Street, Portland, OR	US
S1-807590781	Global Roman	15 Harty Street, Yonkers, NY	US
S1-639695377	Delta Coinshares	NY, Saugerties, 33 Partition Street	US
S1-709462442	King Vernal Inc	227 Michigan Avenue, Edgerton, OH	US
S1-157772107	Fortune Infra Ltd	Karnataka, Bangalore, Basavangar, 4Th Floor Fortuna White Wing Apartments, 1St Main, Door No: B 409	India
S1-405860569	United Infrastructure Private Limited	Thane, Maharashtra, Third Floor Akshar Business Park, Office - A-3001	India
S1-796863376	Syna Inc.	921 Bill Smith Road, Cookeville, TN	US
S1-951127621	Arreola, Jolivette & Groleau LLC	Cuyahoga Falls, OH, 2450 12th Street	US
S1-272769049	Custom Fresh Virginia LLC	7329 Hewitt Drive, Mckinney, TX	US
S1-472191577	Colonial Charities L.L.C.	42 B Deerhaven Lane, Saugerties, NY	US
S1-99604893	Premier Chemical Partners, Inc.	296 Murphy Lane, Jessamine Co, KY	US
S1-699605347	Express Environmental Union	Springfield, IL, 1700 Camp Lincoln Road	US
S1-319199010	Kakalina Torres, D.O.	4123 Meadow Field Court, Fairfax County, VA	US
S1-283002517	Vision Industries Private Limited	House No 241 Ist Floor Blk-F Prashant Vihar Rohini, Delhi, North West, Delhi	India
S1-682881822	Integrated Grand Enclave LLC	1260 Field Lane, Robersonville, NC	US
S1-636487111	Fiumara Heritage Consultants LLC	310 Brandywine Road, Chapel Hill, NC	US
S1-587888688	PC Vulcan	86 Oak Street, Highlands, NC	US
S1-403359069	Facade Educational Society	C/O Phani Sairam P, Plot No 73, Phase 2, Street 6, Lnr Colony, Dammaiguda, Rangareddy, Hyderabad, Telangana	India
S1-685456439	Urgent Care Physicians Inc	5154 Mckellar Woods Drive, Memphis, TN	US
S1-617488124	Eye Health of Babylon Inc	1075 Hawkins Boulevard, Babylon, NY	US
S1-35223771	Vms Hotels (India) Limited	C/O Sri Ram Karan Safi, Near Ayachi Gram Road No2, Kanti, Muzaffarpur, Bihar	India
S1-719630995	Urmila Polytechnic Private Limited	21, Krishna, Vijayawada, Governorpet Ramachandra Rao Nagar, Andhra Pradesh	India
S1-823379690	Naini Marketing Care	Karnataka, No.823, Bangalore South, Bangalore, 8Th Cross, 27Th Main Road, 1St Sector	India
S1-426415961	Corner Deli	CT, 70 Lincoln Terrace, Bloomfield	US
S1-350137074	Seven Marketing LLP	C/O Shri D.K.Meshram, At Borgaon Borgaon, Yavatmal, Maharashtra	India
S1-527693753	Agatha Geisler Safe Mitsubishi LLC	226 Elkhorn Court, Unit C, Bolingbrook, IL	US
S1-583625006	Foot & Ankle Bay Specialists	14224 Gobbler Knob Lane, Orange Town, VA	US
S1-954138198	Dianne Tessier Invesco LLC	16105 Business Parkway, Hagerstown, MD	US
S1-428390988	Surya Engineering Private Limited	Fl No 409 Gera Gard, Koregaon Park, Pune City, Pune, Maharashtra	India
S1-149259863	Capital Coalition Inc	2368 Mynatt Road, Knoxville, TN	US
S1-581769513	American Foundation	Tamil Nadu, Coimbatore, Coimbatore South, Sf No: 188/4, Site No: 18, R K Avenue Street	India
S1-831469044	Sakthan Thampuran Nagar Development Private Limited	Room No.Tc 9/593-E/25, Trinity Complex Second Floor, Sakthan Thampuran Nagar, Thrissur, Kerala	India
S1-290705048	Huseman Pacific Apartment	57 High Ridge Road, Windham, NY	US
S1-513571748	Balaji Brothers Company	J-42 Gandhi Nagar, Gwalior, Madhya Pradesh	India
S1-361380591	UD Holdings	2141 Cayuga Drive, Hempstead, NY	US
S1-84744236	XB Tavia Corp	142 Wilderness Lane, Anaconda-deer Lodge, MT	US
S1-856625991	Bds Public School	Sco 17 B Block New Amritsar, Amritsar, Punjab	India
S1-860404706	Shree India LLP	K34, Ie/South Ambattur, Chennai, Tamil Nadu	India
S1-408851703	Consummate Advisors	Plot C-26 Sector-59, Noida, Gautam Buddha Nagar, Uttar Pradesh	India
S1-540013895	Bragg, Mitchell & Gottlieb Allocation Inc	527 Romley Avenue, AZ, Phoenix	US
S1-203558491	Shriram Law Chambers	West Bengal, Kolkata, Howrah, 86, Golaghata Road	India
S1-958055533	Ss Construction Private Limited	C/O Chander Kalan W/O Nand Lal 34, Laxmi Garden, Hisar, Hissar, Haryana	India
S1-262719655	New Impex Private Limited	Karnataka, 1St Main, 2Nd Cross Ranganatha Extension, Gopala, Shimoga, Lakshmi Nilaya, Shivamogga	India
S1-42889317	Cultural Center	1121 10th Street, Unit Apt 70, Russellville, AR	US
S1-441754825	Shree Enterprises Private Limited	Patel Colony, Shiv Krupa, Gujarat, 8, Jamnagar	India
S1-376130111	Gujarat Dealers Limited	Andheri Kurla Road Andheri East, Maharashtra, 910 Sagar Tech Plazasaki Naka, Mumbai	India
S1-18384637	Mesoft Restaurants Group	65 Creekmont Drive, Clyde, NC	US
S1-660678924	Hildebrandt Modern Adr Corp	Unit A, Edwardsville, 110 Vandalia Street, IL	US
S1-509931086	Ram Power Private Limited	Tc 25/973/1, Mrg Souparnika, Kunnath Mana Lane, Thrissur, Thrissur, Kerala	India
S1-475997086	Aromatics Ai Private Limited	21/152, Corrazone Panadan, P O Kalamassery Ernakulam, Ernakulam, Kerala	India
S1-240870757	Premier Learning Ventures LLC	191 Redwood Street, Avinger, TX	US
S1-598755172	Arts Association	122 Autumn Avenue, Brooklyn, NY	US
S1-967328391	Creative Engineering Private Limited	Hospital Road, Velipalayam, Nagapattinam, Tamil Nadu, Nagapattinam, No. 4/82	India
S1-546701203	Professional Services Private Limited	2873, Polipathar, Mayur Kala Mandir Ke Pass, Jabalpur, Madhya Pradesh	India
S1-879866531	Williams Research Group	1408 2050, Woods Cross City, UT	US
S1-590858136	Global Learning Center	205 Boone Lane, Hallsboro, NC	US
S1-242823678	Carpenter Star Range	3202 Alston Avenue, Durham, NC	US
S1-436371386	Alane Schock Summit Analytics Inc	1345 Pine Tree Road, Fairfax County, VA	US
S1-888633622	Superior Rapid Western	2658 Kingfisher Way, Wauconda, IL	US
S1-774885246	International Consultancy Pvt Ltd	4B, Astalakshmi, 1-A, Malaviya Avenue M G Road, Adyar, Chennai, Tamil Nadu	India
S1-288012730	Peel & Smith LLC	2618 Putters Lane, Indianapolis, IN	US
S1-707065677	Diamond Aldel Phoenix	2233 Behrend Drive, Unit 207, Phoenix, AZ	US
S1-646196279	Crystal Strategies Inc	1207 Manley Road, Rockford, OH	US
S1-563864285	Chintamani Farmers (India) Private Limited	21-22, Navketan Industrial Estate Ground Floor, Mahakali Caves Road, Opp., Onida, Andheri East, Mumbai City, Maharashtra	India
S1-62644541	Valley Initiative LP	1367 17 Street, Brooklyn, NY	US
S1-982509603	International New Estate Private Limited	Bangalore, Karnataka, Ground Floor, 8Th Main, 2Nd D Cross, 3Rd Stage, 3Rd Block, Basaveshwarnagar, Plot No.594	India
S1-762531083	Best Copley Inc	W3307 Long Crossing Road, Town Of Otsego, WI	US
S1-268494531	Interstate Society LLC	1146 Shuler Avenue, Hamilton, OH	US
S1-253137633	Fresh Marine Systems Inc.	2401 1st Avenue, Amarillo, TX	US
S1-317903525	Jennica Feliciano Silver Rail	343 Broadway Street, Wellsville, OH	US
S1-675308467	Ld Software Private Limited	307, Akhabar Bhavan Nr. Hotel Haveli, Sector-11, Gandhinagar, Gandhinagar, Gandhi Nagar, Gujarat	India
S1-19484496	Rohtas Services Company	C/O Chitrangan V Singh Vill-Dinara, Po-Dinara, Ps-Dinara, Dist-Rohtas Kochas, Rohtas, Bihar	India
S1-856798695	Northern Industries	3915 Catherine Drive, Prescott Valley, AZ	US
S1-75027191	Micron Artha Co	402 Saphire Arcade4Th Fl 42 M G Road Rajawadi Ghatkopar (E), Mumbai, Maharashtra	India
S1-464929567	Granite LLC	547 Founders Park Drive, Springdale, AR	US
S1-91232431	Safe Colonial Airlines	1663 Oakland Park Avenue, Columbus, OH	US
S1-158968243	Flying (India) Consulting Private Limited	12-4-2, T-6, Golden Enclave Rtc Complex, Anakapalli, Visakhapatnam, Vishakhapatnam, Andhra Pradesh	India
S1-364343071	Imperia Seva Samiti	Ganjam, Brahmapur Sadar, Ankushpur, Orissa, Brahmapur, Plot No 505	India
S1-954775186	Straight Edge Hypnosis LLC	324 Kaylyn Drive, Albuquerque, NM	US
S1-927962498	Kaylyn Heflin National Wells	132 Sweet Leaf Lane, Mooresville, NC	US
S1-163701005	Liz L. Hennessey, L.C.S.W.	2616 38th Avenue, Minneapolis, MN	US
S1-292701707	Petrick Keystone Water	MD, Baltimore, 5434 Lynview Avenue	US
S1-655208180	Children's Council	160 Hidden Creek Court, Fort Worth, TX	US
S1-277490644	Hariharan Services Private Limited	A-6-7, Sir Pratap Colony Main Airport Road, Ratanada, Jodhpur, Rajasthan	India
S1-551598884	Gulf Alliance	1501 Hartford Street, Unit A, Stratmoor, CO	US
S1-516030718	Ghaziabad Tech Private Limited	Plotad-58, Ansal Avatika Colony, Ghaziabad, Uttar Pradesh	India
S1-480846384	Electronic Research Dynamics LLC	206 Washington Avenue, Osco, IL	US
S1-303503912	Forever Infra Private Limited	Jg-102B Vikas Puri, West Delhi, Delhi, New Delhi	India
S1-733591019	Arjun Nagar Marketing	K No. 546, Saraswati Encl, Near Nishant Dharmakanta, Arjun Nagar, Gurgaon, Haryana	India
S1-533745233	Mysore Exim Private Limited	Mysore, No.1047/38, Karnataka, F-11, 5Th Cross, 2Nd Main Vidyaranyapuram, Mysore, Mysore	India
S1-102633235	City Foods Private Limited	C/O Yusuf Khan Iii Floor, Kanak Complex, Dewas, Madhya Pradesh	India
S1-668606934	Waukegan Eye Vanguard Center	568 Genesee Street, Unit APARTMENT 2, Waukegan, IL	US
S1-65526858	Seven Trading Private Limited	Shop No.10, Mangal Murti Apartment, Nr. Laxmi Nagar, Nallasopara - East, Thane, Maharashtra	India
S1-176273592	Road No. - 25 S.K.Nagar Laboratories Associates	Plot No.- 22, Road No. - 25 S.K.Nagar, Patna, Bihar	India
S1-134340646	Premier Construction Pvt Ltd	D.No. 146, Ground Floor(Back Side), 8Th Street, Gandhipuram, Coimbatore, Tamil Nadu	India
S1-497674418	True (India) Films Ltd	Plot No.3/243, Door No.18, Rajendra Complex, East Coast Road, Vettuvankeni, Chennai, Tamil Nadu	India
S1-448313586	Value Energy Dynamics LLC	7600 Hungary Ridge Terrace, Henrico County, VA	US
S1-424191798	Krissy Perez Ses LLC	374 Smith Ellis Road, Hilham, TN	US
S1-390582085	Neify Industries	Pleasant Grove, UT, 1862 870	US
S1-307629396	Dental Sterling Care Associates LLC	820 Stacy Road, Unit 630, Allen, TX	US
S1-225604932	Cohen & Sanchez China P.C.	1168 Old Creek Bend, Gallatin, TN	US
S1-68482868	Santosh Consultancy Private Limited	B-1302, B-1303, Sun Westbank Ashram Road, Ahmedabad, Gujarat	India
S1-862486638	Middletown Pediatric Dentistry Delta Partners, Inc	1818 Breiel Boulevard, Middletown, OH	US
S1-439438237	Tellez Ventures	346 4th Street, Lewisburg, KY	US
S1-921227660	Keystone Ribbon	3514 Bosworth Road, Cleveland, OH	US
S1-339761891	Shree Vidyalaya	G/6, Industrial Estate, Gorwa, Vadodara, Gujarat	India
S1-299085618	Nguyen Mountain Bce PC	12016 Forest Lawn Road, Fl 0, Rhome, TX	US
S1-912622031	Dermatology Partners Group	4826 Cairnsean Street, Houston, TX	US
S1-587594378	West Select Siddhi Clinic	6074 Countless Stars Run, Clarksville, MD	US
S1-765786327	Mumbai Holiday Ltd	1St Floor Room No.12, Gao, New Maulana Chawl No.2, Mumbai, Maharashtra	India
S1-491122856	Villa Delta Fact	59 Branford Avenue, CT, Groton	US
S1-387275300	Southern International Private Limited	Shree Darshan Palace, Fl-101, Opp Gol Coin Appt, Rajkot, Gujarat	India
S1-999225223	Reraia Diana Inc.	6129 Lindbergh Lane, Edmond, OK	US
S1-797605167	Better Rapid Private Inc.	11083 County Road 1540, Lindsay, OK	US
S1-926761781	Super Global Private Limited	C/O Sanjeev Kumar Jyoti, Vill-Gokhulpur, Nagarnausa, Nalanda, Bihar	India
S1-989037427	Premier Shiv Global	F-459 Gali No-19-Old Gali, No-03-Kh-110/2 Khajoori, Delhi North East, North West Delhi, Delhi	India
S1-289244675	Community Initiative	4747 99th Avenue, Unit 128, Phoenix, AZ	US
S1-261323469	Cascade Superior Construction LLC	4063 Mueller Road, Cedar Grove, IN	US
S1-913252017	Coify Goldman, Inc	420 Wellington Avenue, Chicago, IL	US
S1-435406569	Boston, Borough Of	1 Exchange Place, MA, Boston	US
S1-744843669	Straight Edge Hair Studio	2007 Warren St, Davenport, IA	US
S1-195977547	Orthopedic Piedmont Physicians, LLC	2352 Pennsylvania Street, Indianapolis, IN	US
S1-711907471	Wenning Arcelormittal LLC	1230 13th Street, Hickory, NC	US
S1-140064246	Omkar & Partners	G-6, R.K Puram, Panipat, Haryana	India
S1-304815028	Indore Realities Ltd	Indore, 142, Madhya Pradesh, Fadnis Colony A.B.Road, Indore	India
S1-918002870	Aps Brothers Pvt Ltd	G-20 Krishana Marg C-Scheme, Jaipur, Rajasthan	India
S1-323290021	Greeson Yorkville LLC	VA, Campbell County, 1640 Timberlake Drive	US
S1-130847502	Fortune Investment Private Limited	32/124, Shree Laxmi Vijay, Ind. Pre. Co-Op Soc, Mumbai, Maharashtra	India
S1-437546890	Direct Green Tech Inc	114 Dummer Street, Bath, ME	US
S1-161687595	Victoria's Pizza	6 Somerset Place, Collinsville, IL	US
S1-628560005	Walsh and Hubbard	817 Palisades Drive, Albuquerque, NM	US
S1-685420922	Del Traders Limited	5/100 C/O Mr Krishan Pratap Singh, Shaheed Nagar Karaon, Allahabad, Uttar Pradesh	India
S1-819085475	A Cure 7 You Inc	755 Whistling Gator Lane, High View, WV	US
S1-247506570	Henson Wen PC	8249 Brookhollow Lane, Fl 0, Wichita, KS	US
S1-935903664	Goldman Industrial of Charlotte Company	11135 Moonbug Court, Unit 3708, Charlotte, NC	US
S1-663802156	Citadel Inc	6401 Breezewood Drive, Fl 1, Columbia, MO	US
S1-364993412	Express Franklin L.L.C.	324 Delaware Street, Carpentersville, IL	US
S1-325965661	Royal Solutions (India) Pvt. Ltd.	5 Madan Chatterjee Lane2Nd Floor Ps Jorasanko, Kolkata, Calcutta, West Bengal	India
S1-850723455	Alpha Management Private Limited	98, Samayapur Gali No 1, Delhi, North Delhi, Delhi	India
S1-930745091	Evergreen Tiles Pvt. Ltd.	32Wamanbhau Nagar Tal Pathardi, Ahamadnagar, Ahmednagar, Maharashtra	India
S1-228789301	Bombay Estate	Vill & P.O - Ladhurka, P.S. - Hura, Purulia, West Bengal	India
S1-334170786	Vedanta & Brothers Ltd	91Springboard E-43/1, Okhla Industrial Area, Phase-2, Delhi, South West Delhi, Delhi	India
S1-934408433	Quality Bridge L.L.C.	1950 102nd Avenue, Unit #441, Hillsboro, OR	US
S1-297933047	Klee Pioneer Fortune, Inc	42 Falcon Hills Drive, Highlands Ranch, CO	US
S1-691509806	Marrow Metlife LLC	OH, Barberton, 206 8th Street	US
S1-671129280	Scion Plus Public Limited	House No 709, Sector 37, Noida, Gautam Buddha Nagar, Uttar Pradesh	India
S1-405971304	Modern It Private Limited	Shiv Muni, S-16/286 Sanjay Colony Okhla Phase-Ii, New Delhi, Delhi	India
S1-227897633	Cathi Sanders Asa LLC	4946 Mermaid Boulevard, Wilmington, DE	US
S1-856274460	Heritage Hospital Pvt Ltd	Ghantashuni Paranear Ghantashuni School Titlagarah, Bolangir, Balangir, Orissa	India
S1-966011364	Federal Electronics Systems, Inc	2920 Rockford Road, Boonville, NC	US
S1-701185995	One Impex	Ahmed Nagar, Maharashtra, S. No. 53/1 To 4/149, Link Road Kedgaon Nagar, Ahmednagar	India
S1-131657154	Commercial Robots Pvt. Ltd.	Plot No.47, Survey No. 267/1 & 267/2, Jade Homes, Luxuragreens Colony Thokatta Village Tir, Umalgherry, Secunderabad, Hyderabad, Telangana	India
S1-364789226	KYE Empire Private Limited	Door No. 2-6, Tada Mandal, Tadakandriga, Nellore, Andhra Pradesh	India
S1-540637022	Mir Blueport	36810 Pine Needle Lane, Magnolia, TX	US
S1-547193034	Silver Ice Cream	4406 Curve Avenue, Edina, MN	US
S1-313337473	Better Entertainment LLC	1529 Irene Street, Sioux City, IA	US
S1-254539807	Crystal Digital Works LLC	3011 Lowell Ave, Wellington, KY	US
S1-939204346	Bright Blue Churchill Inc	NC, 1601 Harper Landing Boulevard, Stanley	US
S1-775935280	Fresh Prairie Bankshares Co	6409 Roma Lane, Godley, TX	US
S1-120787703	Ochoa Scientific	15719 Crabbs Branch Way, Derwood, MD	US
S1-468645361	North Managers Inc	1263 Knowlton Street, Cincinnati, OH	US
S1-480200681	Aadhi Infrastructure Pvt Ltd	#969 &970, Jr Urbania Prime, Lingapura Village, Anekal, Bangalore, Karnataka	India
S1-6514592	Classic Medicine LLC	5061 Woodley Ridge Drive, Rancho Cucamonga, CA	US
S1-744636884	JDJ Piedmont Clearthink Inc	256 Ray Mine Road, NC, Burnsville	US
S1-381818548	Bsi Group	10/1E, Mercantile Building, 1St Floor 9/12, Lal Bazar Street, Kolkata, Howrah, West Bengal	India
S1-998957710	Schumacher Scientific LLC	808 Greenwood Avenue, Unit 101, Atlanta, GA	US
S1-698561044	International Finance	Ground Floor, P.C . Chatterjee Market 174(192) G.T. Road Rambandhu Tala, Asansol -7133, 03, Asansol, Bardhaman, West Bengal	India
S1-646640744	Xtend Healthcare LLP	Maharashtra, Mumbai City, Mulund West Mumbai, Anant Anand Apartment, Malabar Hill Road, Mulund Colony, B-18	India
S1-121808003	Jaramillo's Cleaning Service Inc	1601 Roosevelt Avenue, Grants, NM	US
S1-301098526	Beil Cleaning	1505 Bryan Court, Waldorf, MD	US
S1-927141226	Elite Software Works Inc.	186 Emerson Street, Melrose, MA	US
S1-89134714	A Silver Association Inc.	2791 Centerboro Drive, Unit STE 384, Fairfax County, VA	US
S1-791259589	Kalyan & Associates Pvt. Ltd.	209 Avtar Enclavepaschim Vihar, New Delhi, North Delhi, Delhi	India
S1-442448486	Piedmont Fund Inc	922 Thrush Avenue, Peoria, IL	US
S1-343408273	Metropolitan Charter School	11420 Ellington Street, Fulton, MD	US
S1-24623911	Blue Dental Associates LLC	2514 Ruffin Drive, Spotsylvania County, VA	US
S1-724219917	Vanguard Wisekey Corp	780 Butler Street, AZ, Eagar	US
S1-64377514	Om Engineering	C/O Nitinkumar Sakarchand Shah, Shop-16, 324/1/2, Vijay Park Society, Saijpur Bogha, Ahmedabad, Gujarat	India
S1-284878823	DG Modern Cambridge Inc	436 Circleview Drive, Hurst, TX	US
S1-1654325	Horn and Lindley	MT, Whitewater, 2816 Forks Road	US
S1-725696322	Golden Developers Private Limited	165, Lakeview Road, Westmambalam, Madras-33., Mambalam, Madras-33., Chennai, Tamil Nadu	India
S1-106779208	Devonna H. Nguyen, M.D.	1011 Ferndale Drive, Thomasville, NC	US
S1-391395537	Unified Aerospace Associates LLC	Chesapeake City, 144 Royce Drive, VA	US
S1-235743526	Eck Keycorp	5308 Ewing Lane, Columbia, Fl 1, MO	US
S1-901545934	Cancer Trust	115 Hampstead Court, Hampton City, VA	US
S1-495368990	United Binimay	Ghaziabad, Ground Floor, Plot No. 230 Shakti Khand-Iii, Indirapuram, Ghaziabad, Uttar Pradesh, Ghaziabad, 1/2	India
S1-46212971	TQ Outdoor Private Limited	Delhi, 4/200 Trilokpuri, East Delhi, Delhi	India
S1-603352050	R 3 Q Vehicle	2605 River Lane, Bldg Lot 2, Baudette, MN	US
S1-146716925	Rkr (india) Limited	12 Jay Ambe Park, Near Ashry Park, Naidiad, Kheda, Gujarat	India
S1-914298264	Aamar Computer Pvt Ltd	Happygo Hospitality Services Private Limited 2Nd Floor, 7 C, Jewel Arcade, Woodlands, Jn, Mg Road, Kochi, Ernakulam, Kerala	India
S1-266095487	Krishna Consultants Private Limited	The Galleria Sno 132 Hissa 14 To 18/2 Karve Rd, Kothrud, Pune, Maharashtra	India
S1-579478833	Exports Rn Tea Private Limited	E-7/6, Krishna Nagar, Delhi, East Delhi, Delhi	India
S1-826741927	Integrated Digital Networks LLC	1800 Pine Trail, Unit Unit 1800-6, Honeoye Falls, NY	US
S1-733316718	Cthrine Palmer Beverage Inc.	848 Sycamore Street, Fresno, TX	US
S1-792267396	Retecsoft Value Gores Inc	1200 Maple Street, Unit SPC, Wenatchee, WA	US
S1-5661085	Bengaluru Solar Private Limited	No. S-10, 2Nd Floor, White House St Marks Road, Bengaluru, Bangalore, Karnataka	India
S1-685329375	Burkholder Associates LLC	1668 Desert Rose Trail, AZ, San Tan Valley	US
S1-330616941	QYO State Private Limited	Kamla Devi Bhavan 5, Deen Dayal Upadhyay Marg, New Delhi, Delhi	India
S1-478702641	Trends College Private Limited	C/O Pani Purvatha Tanka, Group Ranavav, Porbandar, Porbandar, Gujarat	India
S1-170250356	Multi Producer (India) Pvt Ltd	Pudukkottai, Tamil Nadu, Veeramakaliyamman Kovil Street Aranthangi, Pudukkottai, 16/1, Sivaganga	India
S1-691829324	Wood and Topete, LLC	2830 20th Avenue, Minneapolis, MN	US
S1-972081049	Nelli Pullen Platinum Wintergreen Inc.	88 Governor Drive, Glenville, NY	US
S1-931260391	Optimal Design Innovations LLC	9265 Litchfield Court, Elk Grove, CA	US
S1-237902359	Trusted Cleaning	25 Lawrence Street, Unit APT 49, Westbrook, ME	US
S1-491276467	Kenny Bright Corp	2333 5190, Cedar City, UT	US
S1-120710855	Sab	182 Payne Avenue, Fl Floor 2, North Tonawanda, NY	US
S1-616524550	Best Staffing Advisors Inc.	IN, 669 800, Rockport	US
S1-214907322	Dynamic Construction LLP	D-02 Sai Vihar Colony, Kishanganj, Mhow, Mhow, Indore, Madhya Pradesh	India
S1-354985954	Anti Seva Samiti Ltd	153/154 Madhusudan Paulchoudhury Lane, Howrah, West Bengal	India
S1-110896537	2697 Broadway Lane Partners	607 Avenue H, Idabel, OK	US
S1-534803213	Al Exports Private Limited	Sp2-4 (X), Riico Industrial Area, Khushkhera, Bhiwadi, Tizara, Alwar, Rajasthan	India
S1-898824745	Good Foundation	227, Tilak Path, Indore, Madhya Pradesh	India
S1-17835254	Innovative It Pvt Ltd	Shop No 3 Vidya Villa Oldnagar Das Rd Andheri (E), Mumbai, Maharashtra, Mumabi	India
S1-33857216	Desert Indigo Inc	386 Monteith Drive, Chapel Hill, NC	US
S1-268000471	Sai Estate Private Limited	205 A, Magnolias Dlf Golf, Links Dlf City Phase-V, Galleria Dlf-Iv, Gurgaon, Haryana	India
S1-551303326	Greatway (India) Foundation Private Limited	3028, Sector-D-Ii, Vasant Kunj, New Delhi, Delhi	India
S1-682127777	Anamika Memorial Trust	352, Shriji Sadan, 3Rd Floor, Flat No.1, Chandavarkar Road, Matunga, Mumbai, Maharashtra	India
S1-645133734	Velva Investments LLC	308 Thomas Street, Town Of Bel Air, MD	US
S1-881427291	Advanced National Treasury Inc	5221 Westcott Street, Houston, TX	US
S1-999857079	4095 Jefferson Way Apartments	3202 14th Avenue, Spokane, WA	US
S1-824394409	Sarasita (india) Private Limited	Aj-54 10 Th Main Road `Annanagar Madras-40, Nagar Madras-40, Chennai, Tamil Nadu	India
S1-970322827	Reese Strategic Greenfire L.L.C.	201 Garfield Avenue, Burlington, IA	US
S1-395691904	Fleming Laboratories LLC	762 Royal Woods Drive, Mobile, AL	US
S1-343250865	Nlp & Brothers Pvt Ltd	308, Business Island, 16/5, Nipaniya Main Road, Indore, Madhya Pradesh	India
S1-390189093	Sarthi Trust	H 610/3 Sainik Farma, New Delhi, South Delhi, Delhi	India
S1-134756123	Rodriguez, Smith & Fowler Aspen LLC	MT, 3718 Aster Street, East Helena	US
S1-736968408	Sky Healthcare LLP	Gorakumbhar Nagar, Ahmedabad, Nr. Jay Goga Kirana Stores, Siyadev Temple, Juna Vadaj, Gujarat	India
S1-273763892	Surgical Physicians	33 Whitney Street, Unit 2, Orange, MA	US
S1-908120122	Anderson and Orozco Triumph Partners	503 Denver Street, NC, Kannapolis	US
S1-648591516	Highgate Oncology Better Care Associates	1069 Carter Hill Road, Highgate, VT	US
S1-325957549	Over India Private Limited	Survey No. 225, Plot No. 8, B/H Asopalav Hotel, Narol Highway, Ahmedabad, Ahmedabad, Gujarat	India
S1-434520713	Pediatric Specialists Inc	Canton, NC, 29 Newfound Street	US
S1-2826148	Trarosoft Convertible LLC	1299 Camp Scott Road, Sutton, WV	US
S1-500564056	USK American Truist Inc	1350 Old Rockside Road, Parma, OH	US
S1-383338830	Hunter Holdings Group LLC	1209 Mayfield Dr, Unit 105, Ames, IA	US
S1-117216338	Oruma (India) Films Limited	Ahmed Nagar, Sector No.2 M.R. Trade, Ahmednagar, Maharashtra, H. No 43 Ground Floor	India
S1-613125242	Pioneer Construction	Second Floor Leather Complex, Jalandhar, Punjab, Jalandhar, Plot No 1	India
S1-773564227	Time & Sons Pvt Ltd	Delhi, Shop No-5 Basant Lokvasant Vihar, South West, New Delhi	India
S1-641994637	Miller's Appliance	7532 36, Unit Suite 18, Naples, NY	US
S1-389016626	Praise & Brothers Private Limited	Panch Mahals, Gujarat, Halol, 29, Ullas Nagar, Godhra Road	India
S1-236308737	Gold Ventures Private Limited	Chinchpada Road, Kalyan Thane, Maharashtra, Kalyan, Dubey Niwas, Thane	India
S1-210800211	Om Hospital Private Limited	Kolkata, Howrah, West Bengal, Kolkata, 25 B Camac Street Camac Court 8Th Floor	India
S1-291240912	Vision Rocky Health	5110 129th Avenue, Unit 86, Litchfield Park, AZ	US
S1-19366644	Housing Trust	24265 Cedar Lane, Georgetown, DE	US
S1-992938119	Back Alley Auto Body	265 County Street, Seekonk, MA	US
S1-397095002	Port Hueneme Urgent Care Group LLC	2590 Kayak Cove, Port Hueneme, CA	US
S1-54744281	Atlantic Retail Products	227 Zante Currant Road, Durham, NC	US
S1-524189049	Gibson & Pan	24706 223rd Place, Queen Creek, AZ	US
S1-141386146	Nickelson Safe Cargo LLC	636 Cobblestone Way, Shakopee, MN	US
S1-907080789	Gorman Peak Electrical LLC	13109 20th Street, Lake Stevens, WA	US
S1-233361419	Cooperative Realty Solutions	1720 Westpark Center Drive, Unit APT A, Fenton, MO	US
S1-393279378	Citadel Inc	5555 Lewis Avenue, Unit 85, Toledo, OH	US
S1-403490139	Golden Global Private Limited	F-15, F/S, Second Floor, Shaheen Bagh Abul Fazal Enclave Part-2, New Delhi, South Delhi, Delhi	India
S1-254260732	PJ Newhold Inc	3802 Milwaukee Avenue, Unit 8, Lubbock, TX	US
S1-934862312	Fernandez, Reyes and Herrera, LLC	5264 Courtyard Lane, Cramerton, NC	US
S1-678647748	Fresh Iron Works	749 Verna Avenue, Andover, KS	US
S1-162006599	Nbs Traders Private Limited	Shop No. 20, Jaipur, Krishna Nagar-6, Sarna, Rajasthan, Jhotwara	India
S1-785448997	Automated Transit Technologies LLC	4829 Snickers Drive, Bartlett, TN	US
S1-603199075	Bright Academy	Vill-Nawpara, Sahajadpur, P S. Nadanghat, Kalna, Bardhaman, West Bengal	India
S1-306700021	Cabrera Nmp of Bridgeport	OH, Bridgeport, 1047 Howard Street	US
S1-37824028	Prairie Pediatrics	Unit 452, 15 Parkway Boulevard N, Deerfield, IL	US
S1-339707570	Tobin and Angel LLC	29 Pleasant Street, Unit 1, Plymouth, MA	US
S1-977875200	Orthopedic Associates	1504 8th Avenue, Littlefork, MN	US
S1-464067733	Sputnik Fresh Private Limited	Chennai, Arch Bishop Mathias Road, 24, Madras, Tamil Nadu	India
S1-114692964	Golden Analytics Works Inc.	32 Clinton Street, Whitesboro, NY	US
S1-159794333	Samta Trading Private Limited	F No 503 4Th Floor, Lalarpura P No 8, 9, 10, Jaipur, Rajasthan	India
S1-223420080	Empire Obic	2669 Ogden Ridge Road, Mount Olivet, KY	US
S1-134643842	Cochran, Wilson & Gomez Genesis	7746 Spaulding Avenue, Chicago, IL	US
S1-493047865	Prairie First Guaranty	4873 Pike Road, Graham, TX	US
S1-842182009	Lavigne & Nolan LLC	5524 Blue Hill Circle, Unit APT D, Indianapolis, IN	US
S1-992645969	Rosenberg Equity LLC	8703 Beethoven Run, Austin, TX	US
S1-932944366	New Delhi Motion Limited	Shop No. 1-In-133, Gf, Sant Nagar, New Delhi, South Delhi, Delhi	India
S1-176932492	Best Swastik Power Private Limited	Madhya Pradesh, Indore, Rukmani Plaza 14, A. B. Road, Indore, M-10	India
S1-135487733	Sun Engineering Private Limited	Tedapalli Street, Chatrapur Trfr.D-12C15/1, Ganjam, Orissa	India
S1-127857138	Global Technologies Private Limited	Uttar Pradesh, Plot No. 802, Gali N0. 1 Nehru Nagar., Meerut	India
S1-609077029	Bryana Mcbride Heritage Innovations	1137 78 Street, Brooklyn, NY	US
S1-535065451	Shyam Enterprises Private Limited	No:79/13, Mogappair Road, Mannurpet, Padi, Chennai, Tamil Nadu	India
S1-306299859	Holloway Star Origin	3912 Ross Parkways, Fl 0, Wichita, KS	US
S1-65391845	Nulife Realtors (India) Limited	Roomno.202, 2Ndfloor, Sumerpark, Building No.4Seth Motisha X Lane Road, Byculla(Eas, T), Mumbai, Mumbai City, Maharashtra	India
S1-480904882	Bharat Management Pvt Ltd	First Floor, Tdi Centre, Plot No. 7, Jasola District Centre, New Delhi, South Delhi, Delhi, Unit No. Ff-17	India
S1-553660460	Division of Education	878 Walbash Road, Elk Garden, WV	US
S1-321850626	Summit Trust LLC	3530 Wild Horses Way, Crandall, TX	US
S1-75710946	Consulting Happy Smart Private Limited	Bay Area, Cowrks 6A, Gf, Ecoworld Outer Ring Rd, Bangalore South, Bangalore, Karnataka	India
S1-102507682	Nalino Inc	Brownsville, 2704 Laredo Road, TX	US
S1-55213674	DOZ Solutions Private Limited	24 Basement, Manak Vihar, Delhi, East Delhi, Delhi	India
S1-806546705	Flores, Rich and Henderson Spring Inc.	82 Birchwood Lane, Jackson, TN	US
S1-841108140	International Sky Media Private Limited	C/O Sukhi Lal, Jhil Jhila, Ka Purwa, Sec 1, Sln Rd, Lucknow, Uttar Pradesh	India
S1-475041596	Mium Inc	181 Union Street, Benson, AZ	US
S1-203989466	I+ Medical Center	1503 Holloway Road, Holland, OH	US
S1-184136612	Green Ventures Private Limited	Chennai, Tamil Nadu, D. No. 958, T.V.S. Colony Anna Nagar West Extn, Chennai	India
S1-990999338	Susannah N. Williams, L.C.S.W.	741 Sonora Street, Coolidge, AZ	US
S1-659170458	Rapid Engineering Enterprises, LLC	4896 Andes Drive, Dayton, OH	US
S1-877778794	Dental Partners Center	VA, Chesapeake City, 631 Mile Creek Lane	US
S1-304447701	Optimal Regional Paloma	1020 Country Club, Unit Apartment 7G, Gillette, WY	US
S1-968574320	Lyros Enbridge LLC	South Mills, NC, 276 Mcpherson Road	US
S1-517343707	GJ Life Pvt. Ltd.	Gs2, Heavenly Plaza 2Nd Floor, Padamugal, Kakkanadu, Ernakulam, Kerala	India
S1-283004636	Guntur Metals Private Limited	D.No:- 16-8-121, Balaji Nagar 5Th Lane, Old Guntur, Guntur, Andhra Pradesh	India
S1-208454175	Rivera, Jillene, D.C.	3276 Rosedale Drive, Arnold, MO	US
S1-560660517	Shree Jain Infotech Private Limited	Delhi, Banglow No. 8 Main Road West Patel Nagar, Central Delhi, New Delhi	India
S1-502253267	Dinshaw (india) (India)	Office No 1 Bluemoon Chambersgrd Floor Nagindas Master Rd Fort, Mumbai, Maharashtra	India
S1-432317607	Lubin, Hamlin & Deoliveira	1808 9th, Tell City, IN	US
S1-63490613	Digital Foods Private Limited	602 / B Wing, Crescent Residency Off Marol Maroshi Road, Andheri East, Mumbai, Mumbai City, Maharashtra	India
S1-914701178	Desert Network Care	903 Citation Drive, Stafford, TX	US
S1-346266586	Classic Technology Private Limited	Saryu Bhawan, A-524, Sidharth Nagar, Near Jawahar Circle, Jagatpura, Jaipur, Rajasthan	India
S1-108501673	Modern Media Solutions	7510 Geyer Springs Road, Unit Apt D13, Little Rock, AR	US
S1-299417942	Lord Guru Private Limited	Baddhu Purwa Rajapur, Gonda, Uttar Pradesh	India
S1-466278	Capps Elite Solar	294 Stevens Street, Barnstable, MA	US
S1-937351819	Creative Optimal Federal Group	2332 6th Avenue, South Tucson, AZ	US
S1-342574619	Life & Sons LLP	17, Jyothinagar, C.B. Hally, Bangalore North, Bangalore, Karnataka	India
S1-424990104	Dermatology Physicians	2057 Malvern Drive, Williams, AZ	US
S1-335386130	Shaila Brothers Ltd	Shop No.- Tf-23, Shahdara, Cross River Mall, Plot No. 9B&9C, Cbd Shahadra, Delhi, Shahdara	India
S1-594548099	Empire Atlas	Cedar Rapids, IA, 3449 Sycamore Ct NE	US
S1-62594960	Manna Insight Inc	Gibson, NC, 7161 Livingston Road	US
S1-495354091	Shakti Foods Private Limited	Vijay Dhawan, (C.A.) C-37, Connaught Place, New Delhi, Delhi	India
S1-315157451	Cure Seafood	821 Meadowbrook Road, Unit Suite 11, City Of Waukesha, WI	US
S1-521850747	Main Street Bike Shop!	11308 Governor Avenue, Cleveland, OH	US
S1-577712001	Bay Endocrinology	4269 157th Avenue, Goodyear, AZ	US
S1-995908000	Anandam Educational Society	410C & 411, B/D Levana Cyber Heights, Lucknow, Uttar Pradesh	India
S1-974415229	Classic Supply PLLC	TX, 2304 Wilma Rudolph Road, Austin	US
S1-343514290	DK Goat Company	Pune, Kalaptaru Devp, S No 88, H No 4138161 Gujarath Colony Kothrud, Maharashtra, 102	India
S1-556894229	Dsv & Partners	H No. 3-5-211, Road No. 7F Krishna Nagar Colony, Moula-Ali, Secunderabad, Rangareddy, Telangana	India
S1-382884044	Royal Solutions Private Limited	Villa No. 3, Anukriti The, Empyrean, Jaisinghpura, Sanganer, Jaipur, Rajasthan	India
S1-872561723	Back Alley Pizza	94-16 Woodhaven Boulevard, Ozone Park, NY	US
S1-468505202	Bombay Future Ventures Private Limited	C/O Mahesh S/O Girdhari Lal Jat Paota Kotputli, Jaipur, Rajasthan	India
S1-734462216	Atul Financials Private Limited	F-22(A) Electronic Complex, Road No.-2, I.P.I.A., Kota, Rajasthan	India
S1-277420408	Physical Therapy First Clinic LLC	3513 Lake Street, Ellicott, NY	US
S1-395514846	Armendariz Dynamic Cslm Clinic	Topeka, 2520 Adams Street, KS	US
S1-655662742	Brown Equity Partners	212 Miriam Parkway, Hempstead, NY	US
S1-985013308	Delta Edison LLC	1309 Main Street, New Albany, IN	US
S1-707050506	Grand Pacific Compass LLC	70 Fieldmere Street, Hempstead, NY	US
S1-558413635	Back Alley Hypnosis LLC	8270 Hwy 31, Calera, AL	US
S1-487168388	Physical Therapy Prime Center LLC	30 Jamestown Court, South Portland, ME	US
S1-988969130	Farrah Ruiz, DPM	1837 170th Street, Shoreline, WA	US
S1-985067416	Blue Great Consulting Private Limited	H.No. 564 Kailashpuri Mughalsarai, Uttar Pradesh, Chandauli	India
S1-864948957	Vg Law Chambers Co	Karnataka, Kolhar Industrialestate, Bangalore, Karnataka	India
S1-834842195	Echjay Sheep Clinic	Ram Ayodhya Singh Plot No.-Ch17, Road No.-27, S K Nagar, Patna, Bihar	India
S1-591990566	Drt Recipe (India) Private Limited	Gh - 9/670, Paschim Vihar, New Delhi, Delhi	India
S1-315494771	Pride Desi Pvt. Ltd.	Ground Floor Meera House, 18 Ld Ruparel Marg, Mumbai, Maharashtra	India
S1-711351426	Kumar & Reitz Associates	7427 Broomes Old Mill Road, Waxhaw, NC	US
S1-201377019	Anchor Iron Works	4812 Hoyle Drive, Unit A, Raleigh, NC	US
S1-673184680	EBQ Ventures Private Limited	No 361 &362, 11Th Cross, 6Th Main, Mpm Layout, Mallathahalli, Bengaluru, Bangalore, Karnataka	India
S1-469306786	Achyut Trading Limited	512, Mumbai, Maharashtra, Mumbai City, Floor 5, C, Shradha Chs, Ganesh Nagar Lane Off G D Ambekar Marg. Ambewadi, Kalachow, Ky	India
S1-916728453	Pulido Premier Wholesale	225 Furches Street, Raleigh, NC	US
S1-27643366	Gulf Bright Chiron LLC	3014 165th Lane, Ham Lake, MN	US
S1-958968345	All Management Private Limited	Ilabs Centre Ground Floor Block- A Software Units Layout, Hitech City, Hyderabad, Telangana	India
S1-473009957	Advanced Keystone Ship	299 Main Street, Unit UNIT 516, Norway, ME	US
S1-471638962	Rice Fresh Malt	7657 Fountain Lane, Maple Grove, MN	US
S1-650592054	Optimal Total Systems PC	3701 5th Place, Renton, WA	US
S1-927179098	Superior Mountain Berkley LLC	215 Pearne Street, Toppenish, WA	US
S1-616339546	Arihant Tech Private Limited	Kalyani Industrial Estate, Phase - Ii Shed No. S-9 & S-9/1, Kalyani, Nadia, West Bengal	India
S1-987573176	AO India	Ashoka House, Room No. 709, 7Th Floor 3A, Hare Street, P.O. Gpo, P.S. Hare Str, Eet, Kolkata, Kolkata, Howrah, West Bengal	India
S1-166787916	Sai India Private Limited	# 5-G, Green City Swiss City Mahal Sub Urban, Amritsar, Punjab	India
S1-567992714	Engineering Senthil Construction Private Limited	Plot-359, 2Nd Floor, Bhubaneswar, Khordha, Orissa	India
S1-837129312	Perry, Cawley & Poston LLC	2791 John Baker Road, Henry County, VA	US
S1-480094646	Hetty Mcguire Meshflow LLC	6902 Coatney Road, Knoxville, TN	US
S1-980916699	Sree Technocrats Associates	Survey No. 522, BhachauâBhuj Highway Village - Shikra, Taluka Bhachau, Kachchh, Gujarat	India
S1-115159462	Bharat Seven Properties	Plot No. 396 First Floor, Udyog Vihar Phase 4, Gurugram, Gurgaon, Haryana	India
S1-141402875	Geclarva Holdings	14213 Serrano Ridge Road, Haslet, TX	US
S1-863859316	Heritage Services	At- Jatragachi, P.O.-Ghuni, P.S.-New Town Parganas North, Kolkata, Kolkata, Howrah, West Bengal	India
S1-871709619	Premier Cloud Laboratories LLC	625 Stone Street, Haw River, NC	US
S1-275379567	Charlotte, Borough Of Inc.	2120 Dunavant Street, Unit 637, Charlotte, NC	US
S1-365775997	FL Web Private Limited	1, Floor Grd, Plot 240, B Bawla Masjid Chawl, Sakhubai Mohite Marg, Lower Parel, Deli, Sle Road, Mumbai, Mumbai City, Maharashtra	India
S1-201180812	Digital Sun It Private Limited	Pune, Plot No 11 Gat No 627/2Kuruli Taluka Khed, Maharashtra	India
S1-783843943	Bastion	1120 Nipigon Court, Virginia Beach City, VA	US
S1-196003744	Pramanik Services Ltd	Iv/346A, Punartham, Kurumandal B, Paravur, Kollam, Kerala	India
S1-853500292	Surya Indo Estate Private Limited	Hig 28, Phase 9, Khpb Colony Kukatpally, Rangareddy, Telangana	India
S1-867313205	Green Brothers Limited	Flat No 306, Block No 11, Eta Globeville Township, Sriperumbudur, Kanchipuram, Tamil Nadu	India
S1-881820506	Perea Sunstone Inc.	Tullahoma, 103 Cumberland Court, TN	US
S1-13187538	Chiropractic Allied Center PLLC	926 Seminary Street, Roanoke, IN	US
S1-306002944	Abm Advisors	3-B, S/F, Gali No-1, Khasra No-132 Harijan Basti, Neb Sarai, Delhi, South Delhi, Delhi	India
S1-595178297	Safe Insurance Networks LLC	Sandy City, 762 Oakwood Park Circle, UT	US
S1-888607728	Heritage Foundation	239 Barrett Road, Lawrence, NY	US
S1-19898268	Integrated Asset Global LLC	5709 Glade Circle, Anniston, AL	US
S1-222468833	OT Developments Corp	Dvarkesh Park, Nr. Bypass, Blk-13, Ashirwad, Village Patan, Taluka, Veraval District Gir Somnath, Patan-Veraval, Junagadh, Gujarat	India
S1-306282304	Dreyfus Precision Advanced	1417 Jeffs Creek Road, Flat Lick, KY	US
S1-124527603	Ackley Terra LLC	Riverdale, 4070 Meadow Wood Drive, UT	US
S1-280548290	Rudransh Food Ltd	Tauji-433, Badi Ashikpur, Near Badi Ashikpur Durga Mandir, P.S- Ea, St Colony, Jamalpur, Munger, Bihar	India
S1-804548107	Chamunda Towers	519/11/2 E Yash Embark, Mehta Colony Pratibhanagar, Karvir, Kolhapur, Maharashtra	India
S1-413435687	Solutions Sharvari Solutions Private Limited	Fl-119 209, A.J.C Bose Road, Kolkata, Kolkata, Howrah, West Bengal	India
S1-784342152	Sorensen Games L.L.C.	6919 Fox Haven Place, Raleigh, NC	US
S1-542389919	Amitoj Progressive Pvt Ltd	505, Tapas Elegance, B/H. L-Colony, Nehrunagar Char Rasta, Nr. Swaminarayan Mandir, Ambawadi, Ahmadabad City, Ahmedabad, Gujarat	India
S1-185767399	My Ventures Private Limited	63/2608 B, Ernakulam, Kerala, N2 Apartment, Karshaka Road	India
S1-729819102	Mahmud Premier Farms	238 Peach Street, Barre, MA	US
S1-251046215	Indian Investments Private Limited	Brothers Of Holy Cross, 123 Sterling Road, Nungambakkam, Chennai, Tamil Nadu	India
S1-122402194	Pediatric Care	2521 Highway 175, Mammoth Spring, AR	US
S1-342496725	Devan Welfare Private Limited	Mylapore, Chennai, Dsilva Road, 5A, Tamil Nadu	India
S1-90230067	Ardeen Schaefer, D.O.	888 184, Whitesboro, TX	US
S1-949325562	Pacific Institute	Unit 7, Dennis, MA, 152 School Street	US
S1-332604	Prairie Solutions Inc	79 Airmont Road, Ramapo, NY	US
S1-867174460	Lebeau Eaton LLC	364 Chipman Park, Middlebury, VT	US
S1-624517636	Unique Business Pvt Ltd	Sector 8, Urban Estate, House No.215, Haryana, Karnal, Haryana	India
S1-290940280	Brighton River Inc.	203 Hooper Drive, Horsham Township, PA	US
S1-460787183	Clarke & Moo	20 D Harbour Village, Branford, CT	US
S1-540801101	Pioneer Bombay Projects	Ahmadabad City, Ahmedabad, Paldi, Char Rasta, Ellis Bridge, 3-B Shefali Center, Gujarat	India
S1-903813884	Ridgeline Earth L.L.C.	5507 Arialo Drive, Baton Rouge City, LA	US
S1-220791947	A Pioneer Gores Inc	1898 12 1/2 Avenue, Unit Lot 21, Town Of Stanley, WI	US
S1-852542245	VVT Consumer Inc	700 Magnolia Avenue, Unit X-4, Auburn, AL	US
S1-817939611	Foundry Strategy	1810 Avondale Drive, Durham, NC	US
S1-56838926	Ajay Robinson Secure Dynamics PC	Unit Apartment J159, City Of Green Bay, 2420 Sycamore Drive, WI	US
S1-124656498	Bharat Care	H. No. 302, Laxmi Niwas, 1St Stage Next Office, Belgaum, Karnataka	India
S1-232102603	Pacific Salon	105 Henry Street, Hempstead, NY	US
S1-429473439	Sally Jiang, DMD	197 Main Road, Milford, ME	US
S1-27657261	Downtown Diner! Inc	10 Cherry Lane, Morton, IL	US
S1-839492305	Sterling Network Products	909 Avenue I, Trinity, TX	US
S1-151767387	Garments Esolutions Pvt. Ltd.	A-3A, Ground Floor, Amrit Vihar, Dhawas, Jaipur, Rajasthan	India
S1-879988219	Eastern Duration	503 4th Street, TX, Nolanville	US
S1-401488603	Innovative Constructions	Mhapan Bazar, Mhapan, H No. 1665, Vengurla, Sindhudurg, Maharashtra	India
S1-708327032	Infoweb Traders Pvt. Ltd.	Karnataka, Dharwad, Dharwar, H.No. 41, Deenabandhu Colony Karwar Road, Hubli	India
S1-42228635	High Impex Limited	C/O- Prabhakar Kr Singh, Bihar, Patna, Khajpura Opp. Keshaw Palace, Khajpura	India
S1-182837383	Allied Spac LLC	360 Menard Circle, Sacramento, CA	US
S1-754441628	United Select Oceanhawk	8613 Harrison Court, Fauquier County, VA	US
S1-838081431	Sterling	8522 Hunting Stock Pl, Louisville, KY	US
S1-936777872	Gayel Hill Hospitality LLC	16511 Pyle Road, Tucson, AZ	US
S1-855480216	Rev It Up Seafood	Cambridge, 8983 Lee Lane, OH	US
S1-773991560	Perry Enterprises	OH, Fairborn, 219 Funderburg Road	US
S1-963063985	Innovative Infotech Private Limited	Sahakari Gruha Nirman Sawnstha, A-5, Moti Mahal, 4Th Floor, Dombivli (West), Thane, Maharashtra	India
S1-439515287	Sidhbali Children (India) Pvt Ltd	Shyam Hydrolic C/O Pankaj L Goyal 581 M G Road Banshi T, Trade Centre Sh.No B 203 . Indo, Re . Mp, Indore, Madhya Pradesh	India
S1-84642332	Mushroom International Private Limited	No 168, 4Th Cross Road, Sri Krishna Garden, B Block, R R Nagar, Bangalore, Karnataka	India
S1-871050161	Cherppulassery India Limited	Door No. 6/1876, A. K. G Road, Kerala, Cherppulassery, Padipurakkal Building, Palakkad	India
S1-447287913	Griffin Gulf Analytics Inc.	WA, 14112 23rd Court, Vancouver	US
S1-758849018	Global Enterprises Pvt Ltd	Falt No-501, 5Th Floor, Badal Appartment Sector-3, Vikas Nagar, Lucknow, Uttar Pradesh	India
S1-602697444	Phoenix Baptist Church	4722 Bell Road, Unit 1115, Phoenix, AZ	US
S1-153620101	Skyrise Services Limited	Bld. No-G, Flat No-404, Vrajvila Residency, Village: Simadi, Taluka: Kamrej, Surat, Gujarat	India
S1-908078780	Smith Audio Installation Inc	220 Cashiers School Road, Cashiers, NC	US
S1-907970183	Bhilwara Solution Private Limited	202, Shrinath Residency, A-2, 3, Vijay Singh Pathik Nagar, Bhilwara, Rajasthan	India
S1-135591230	Twisted Grill	1479 Oxford Place, Cookeville, TN	US
S1-263291484	One Services Limited	3/2, Sonappana Halli, Bettahalsur Post, Bangalore-560 157, Bangalore, Karnataka	India
S1-373392239	Galaxy Products	No 13, 2Nd Crs Pattangere, Durgaparameshwari, Lyt, Bangalore South, Bangalore, Karnataka	India
S1-554966827	Express Broadcast Studios	2703 Hoffman Avenue, Spokane, WA	US
S1-971390087	Signature Verde, L.L.C.	124 Pioneer Street, Phoenix, AZ	US
S1-986491326	H 3 Dynamic Etf	1132 Pike Lake Circle, New Brighton, MN	US
S1-314390480	Cardiology Specialists	11826 Coursey Boulevard, Baton Rouge City, LA	US
S1-36123369	NW India Limited	Kolhan Araji Number 37 Post - Parasipur, Bhadohi, Sant Ravi Das Nagar, Uttar Pradesh	India
S1-470431447	Dermatology Partners	5 Lee Court, Dekalb, IL	US
S1-963095928	Sweet Yoga!	28 Jasper Drive, Poca, WV	US
S1-964331374	Doti K. Hoffmann, Esq., DDS PC	857 34th Street, Norfolk City, VA	US
S1-307128616	Nmb Trading Private Limited	1257/3 Gali No 5D, Rajiv Nagar, Sadar Bazar, Gurgaon, Haryana	India
S1-146621462	Rv Smart Ltd	Plot No 61, Lakshmi Nagar, Karasangal, Kundrathur, Sriperumbudur, Kanchipuram, Tamil Nadu	India
S1-515481384	National Direct Permian LLC	415 Marrowbone Creek Road, Kermit, WV	US
S1-506283322	Heda Wolff Monte	1907 Lincoln Street, Camp Hill Borough, PA	US
S1-976244808	Karnal Global Ltd	Hno 75 Ff, Sec 13, Ue, Karnal, Haryana	India
S1-750434500	West, Nicholas & Dean Electric	Cleburne, 9312 Hilltop Drive, TX	US
S1-166526651	Panvel Bakers Limited	Office No. 118, Kamdhenu Commerz, Sector-14, Kharghar, Panvel, Raigarh(Mh), Maharashtra	India
S1-18739867	Family Association V	3 Catherine Street, Dudley, MA	US
S1-997699105	Great Starwood LLC	3385 Marysville Boulevard, Sacramento, CA	US
S1-80776080	Tech Agro	C/O Parul Laskar, Roypur, Gopalnagar, Beside Laskar Building, Dist-24 Pgs (N), Gopalnagar, Parganas North, West Bengal	India
S1-256264980	Big Pilates!	10149 Tupelo Avenue, Mesa, AZ	US
S1-333556138	High Estate	Plot No-Mig-15, Samanta Vihar Chandrasekharpur, Bhubaneswar, Khordha, Orissa	India
S1-963815793	Radheykrishna Partners Private Limited	No.17, Kundalakesi Street, M.G.R Nagar, Chennai, Tamil Nadu	India
S1-475804851	Martinez Fisheries LLC	6 Serenity Ridge Trail, Bristol, TN	US
S1-699968312	Pradeep Services Private Limited	H.No.1-10-217/B/1, 1-10-217/A/2/2, Ashok Nagr, Hyderabad, Telangana	India
S1-672052769	Green Builders	Orissa, Sundargarh, Raghunathapali, Suite No 1, Ground Floor, Ff/20, Civil Township, Rourkela	India
S1-382947932	Angad Fund	Maharashtra, Mumbai, Mumbai City, Flat No 102 Paradise Height Millat Nagar Lokhandwala Opp Green Park Andheri (W)	India
S1-825142311	Shiva Foundation Corporation	Pl No 16, Jalaram Niwas, Sbi Colony Hanuman Nagar, Kolhapur, Maharashtra	India
S1-590007733	Dokania Institute of Technology	No. 2729, 14Th Cross E Block, Bellary Road Sahakaranagar, Bangalore, Karnataka	India
S1-346193236	Fusion LLC	3324 Eide Street, Unit APT 5, Anchorage, AK	US
S1-565144636	Ghaziabad Automotives Private Limited	Ff-8 Durga Tower, R.D.C Raj Nagar, Ghaziabad, Uttar Pradesh	India
S1-945272003	Q 2 Y Maritime Inc	2759 Browntown Road, Atlanta, GA	US
S1-19822246	Cardiology Regional Care Associates Care	318 Saint Anthony Street, Utica, NY	US
S1-520227868	Q A & W Blueport, Inc	23 Music Way, Waynesville, NC	US
S1-679850016	Lower Better Paper P.C.	5101 Hutt Street, NC, Raleigh, Unit 101	US
S1-189356742	Mccullough Lake LLC	8076 Bridgehampton Drive, Waterville, OH	US
S1-486682544	Whittaker Pediatrics Center	801 Giles Street, City Of Havre De Grace, MD	US
S1-497018432	Patriot Esports, LLC	9117 Lait Drive, City Of El Paso, TX	US
S1-149233949	Trusted Columbia	621 Red Oak Way, Mooresville, IN	US
S1-329052918	AST Association Private Limited	No.61, Vaigai Street, Kasi Visalakshipuram, Kilkattalai, Chennai, Tamil Nadu	India
S1-239205497	Neex Holdings Group Inc.	319 Lynnhaven Drive, Hampton City, VA	US
S1-665071757	Jai Investment Private Limited	Plant No. 6, Godrej And Boyce Complex, Lbs Marg, Pirojshahnagar, Vikhroli (West, ), Mumbai, Mumbai City, Maharashtra	India
S1-971250891	Frontier Devices LLC	1130 4th Avenue, Edmonds, WA	US
S1-81978578	ML Inn Pvt. Ltd.	No.52D, Tiruchengode, Namakkal, Tamil Nadu, 21/1, Kaliyannan Layout	India
S1-983028711	Paify Atlantic Innovative	220 Normal Road, Dekalb, IL	US
S1-522312180	Chung, Addy N., DDS	100 Maple Avenue, Wurtland, KY	US
S1-672360676	Trivikram Trust	F 304 Ch Udyan, Lodha Heri-Tage Bhoper Road, Dombivali, Dombivali, Thane, Maharashtra	India
S1-883398760	182 Union Way Holdings	50 Fostertown Drive, Newburgh, NY	US
S1-584986143	Cultural Alliance	Unit Unit B, Bristol, CT, 43 Wanda Drive	US
S1-409674328	Grand Infrastructure Services	641 Arrowwood Way, AZ, Mesa	US
S1-849671823	Ault Prime LLC	57 Clifton Avenue, Mansfield, OH	US
S1-129593876	36/26 Translational	1801 Levee Road, Kansas City, MO	US
S1-514680373	Grantsville Peak Alternative, Inc	814 Saddle Road, Grantsville, UT	US
S1-129863265	Joanna Fox Trusted Spire	801 Main Avenue, Unit Unit 303, Moorhead, MN	US
S1-849745745	Frederica's Trusted Dental	4 Greenridge Drive, Clifton Park, NY	US
S1-111453228	Carley P. Gerardi, DMD Associates	1005 St Anne Street, Unit Unit 107, City Of Sparta, WI	US
S1-863234876	Elysia Diaz, Esq.	390 Hazelnut Circle, AR, Mountain Home	US
S1-327933501	Laxmi Trading Private Limited	Telangana, Plot No 36 Flat No 103 Vivek Villa Apartment Alkapuri, Rangareddy, Hyderabad	India
S1-804986554	Brown, Brooke and Langan Altisource LLC	34 Main Street, Haverhill, MA	US
S1-331874466	American Horse Inc.	800 Broadway Street, City Of Baraboo, WI	US
S1-451218786	Paa Mortgage LLC	305 Pearson Avenue, Mckinney, TX	US
S1-86917753	Aditya Builders Limited	A/2-61, Orchid Greenfield, Apple Wood Township, Shela, Daskroi, Ahmedabad, Gujarat	India
S1-240350471	Total Asset Corporation	11985 Ida Drive, Dakota Ridge, CO	US
S1-402623744	Reid, Radcliff & Trujillo Homes Care	431 950, Centerville, UT	US
S1-398699681	Rosabella Park Superior Myers	3845 Meridian Street, Indianapolis, IN	US
S1-947830884	Patriot Evolution, LLC	227 Millwell Drive, Maryland Heights, MO	US
S1-997435765	W/E Critical, Inc	OR, 725 Terra Avenue, Unit 4, Ashland	US
S1-339206457	Gulf Select Horse LLC	211 Wagner Street, Alger, OH	US
S1-530828225	Star Business Innovations LLC	27W 158 Breme Drive, Warrenville, IL	US
S1-746549807	General Realty Labs Inc.	50 Franklin Street, Unit 7D, Worcester, MA	US
S1-964698667	Foot & Ankle Clinic LLC	271 Hurst Street, Newport, TN	US
S1-19036752	Sree Business Private Limited	B1201Coevolvenorthernstar, Sy86, Sampigehalli Rd, Bangalore North, Bangalore, Karnataka	India
S1-801740190	Mortimer Classic Sunrise LLC	12420 Kendall Ridge Court, Raleigh, NC	US
S1-917599016	City Hospitals Partners	Plot No-252 Under Khata No-376/122, Garhsahi Rairangpur, Rairangpur, Mayurbhanj, Orissa	India
S1-397108399	Doque	2518 49, Asheboro, NC	US
S1-312231929	Unified Australian LLC	31498 United States Highway 75, Washington County, OK	US
S1-474944056	G/W Spartacus PLLC	20695 Town Drive, Bend, OR	US
S1-62830983	Precision Automation Systems, Inc	2320 Leeann Drive, Waukee, IA	US
S1-77632958	Eastern Preferred Permian	127 High Street, VA, Amherst County	US
S1-254588801	Candi's Nails Inc.	4486 Village Green Drive, Birmingham, AL	US
S1-687982957	West, Frank & Reeves Realty LP	1425 Chapin, Evans, WA	US
S1-469696633	National Best Berto	824 Patty Drive, Unit E, Maryville, IL	US
S1-349256542	All Freight Labs LLC	12677 156, Florence, IN	US
S1-648784420	Harkless Centers PC	3542 Peterson Avenue, Chicago, IL	US
S1-43261148	SY Great Towing Corp	161 John W Berrier Drive, Lexington, NC	US
S1-760475205	Litmus & Co	Dr.No.7-18-14/29, Flat No.309 Shripal Towers, Plot No.44 & 45, Kirlamp, Udi Layout, Vishakhapatnam, Andhra Pradesh	India
S1-147258909	Span Animal Hospital	904 Holland Street, Archbold, OH	US
S1-126842039	Behavioral Health Specialists LLC	10224 11th Street, Independence, MO	US
S1-588601476	Diamond Sea	447 Cedar Mountain Drive, Marble Falls, TX	US
S1-826801092	Moya Horizon Eco LP	130 Venezuela, Rio Rico, AZ	US
S1-109057893	Everest LLC	53 Joel Drive, Mogadore, OH	US
S1-875477798	Ism Brothers Private Limited	Telangana, Hyderabad, 15-24-192 & 193/301/Nr ( Mig 192 & 193) Flat 301 Krishna Apartments Road No. 1 Kphb Colon, Y, Hyderabad	India
S1-932827501	Isabelita Bishop, O.D.	8366 Greenwood Lane, Chino, CA	US
S1-56883510	Kurtz Property Solutions	16310 Lydia Hill Drive, Unit APT 2325, Chesterfield, MO	US
S1-977327699	Lelio Farms Inc	3580 Bermuda Drive, Irondale, AL	US
S1-48860629	Meridian Smart LLC	76 Washington Avenue, Unit 1, Waltham, MA	US
S1-141384581	Silver Worldwide LLC	13503 97th Avenue, Unit #105, Puyallup, WA	US
S1-265884973	Pediatric Dentistry Clinic Sherwood	8305 Woodview Drive, Unit Unit A, Sherwood, AR	US
S1-195167295	Clear Frontier Semiconductor Corp	677 Bement Avenue, Staten Island, NY	US
S1-806634681	Big International Private Limited	C/O Bhuvnesh Kumar, Dadri, Uttar Pradesh, Kulesa, Greater Noida, Gautam Buddha Nagar	India
S1-111328724	Southern Ishares, Inc.	1730 Jennifer Drive, Amarillo, TX	US
S1-129542007	Sunrise Products Private Limited	Ganjam, Nigamananda Marg Square, Plot No 172 Room No 1, Orissa, Bhanjanagar	India
S1-271264405	Tucker Metro Transalta	Fostoria, OH, 534 Stinchomb Drive	US
S1-807891191	Timber Thunder L.L.C.	24 Guardian Drive, NY, Brookhaven	US
S1-766306929	Axes Global	652, Kailash Ghosh Road, Kolkata, Kolkata, Howrah, West Bengal	India
S1-761600416	Blue India Private Limited	1 & 6 Jambheshwar Complex, Gandhi Nagar, Bhilwara, Rajasthan	India
S1-443498416	Erminia Lynch Signature Huntington	2202 9th Avenue, Albany, OR	US
S1-46022147	Preferred Regional Securities	190 Mansfield Avenue, Unit 312, Norton, MA	US
S1-675760662	Chiropractic Interstate Group	6431 Hoover Road, IN, Unit APT F, Indianapolis	US
S1-360396137	Aditya Constructions Private Limited	Village Salempur Bhukdi, Pargana, Salempur Bhukheri, Saharanpur, Saharanpur, Uttar Pradesh, India, Saharanpur, Uttar Pradesh	India
S1-650245848	Star Tech Projects LLP	C -802, Samved Green Valley, Nr Akshat Icon, Gandhinagar, Gandhi Nagar, Gujarat	India
S1-704776531	Kapiraj Int Private Limited	North West, 118, 2Nd Floor, Pocket 10 Rohini Sector 20, Delhi, New Delhi	India
S1-856714851	Anissa Joslin, MD	118 Poplar Drive, Unit UNIT A, Kalispell, MT	US
S1-979150189	Veterans Project	20 Garth Road, Unit Apartment 5, Scarsdale, NY	US
S1-198353597	Prime Services Private Limited	128, Vasundhra Colony Tonk Road, Jaipur, Rajasthan	India
S1-606938203	Staci Jacobo Allied Construction Clinic	800 2 Street, City Of Alma, WI	US
S1-623311548	Aristo Nursing Home Ltd	480, Mantola, Pahar Ganj, New Delhi, Central Delhi, Delhi	India
S1-559283311	Melinda Lee Liberty Floating LLC	1625 Stephens Lane, OH, Zanesville	US
S1-436338459	Steelworkers Union Local No 393	4310 Paseo Del Norte Eb, Albuquerque, NM	US
S1-629278507	Peak Horizon Debt Co	2000 S Pointe Drive, Raeford, NC	US
S1-545186858	Hitech Estate Private Limited	2, Floor 2, Plot772, Shree Ram Bhavan, Parsi Colony 4Th Road, Parsi Colony, Dadar (E), Mumbai, Mumbai City, Maharashtra	India
S1-342966896	Physical Therapy Better Clinic	Bena, MN, 15014 Nodak Drive	US
S1-76993607	Citadel	23750 91st Street, Broken Arrow, OK	US
S1-539964334	Pris's Integrated Cafe	Montgomery, AL, 1568 Westcott Street	US
S1-149851114	Maa Engineering Private Limited	Flat No. 508, Siri Pratap Residency, Rajendranagar, Hyderabad, Telangana	India
S1-188289078	Desantiago Printing Inc	7732 Chapman Drive, Ontario, NY	US
S1-84134564	Urban Technologies Pvt Ltd	92A, Pratap Nagar, Khatipura Road, Vaishali Nagar, Jaipur, Rajasthan	India
S1-467505409	Eastern Galaxy Construction Private Limited	F-308, 3Rd/F, Plot No. 12, Cbse Building, Preet Vihar, East Delhi, Delhi	India
S1-883318258	Ayala Alpex LLC	2621 Laurel Valley Garth, Abingdon, MD	US
S1-172153263	Map Holidays LLP	Flat No.502, Tower Pearl, Vihaan Haritage, Sector-1 Greater Noida West, Noida, Gautam Buddha Nagar, Uttar Pradesh	India
S1-96149356	Rapid Robotics Union Inc	3490 Kiehl Avenue, Unit Apt 9012, Sherwood, AR	US
S1-700029057	Express Wireless Worldwide	3630 Lukes Court, Elon, NC	US
S1-901720435	Akhand Oil Pvt. Ltd.	1901, Shree Ganesh Apartment, Bldng No.12, Shastri Nagar, Goregaon Wes, T, Mumbai, Maharashtra	India
S1-859016148	Ivenent Industries Inc	1840 Newton Avenue, Springfield, MO	US
S1-749005074	Singh Equipmentsprivate Corp	No. 183, K H B Colony, Bangalore South, Bangalore, Karnataka	India
S1-327048988	Ram Foundation Private Limited	1, Kamadhenu Nagar, Samuthiram Village, Tiruvannamalai, Tamil Nadu	India
S1-209744961	Shakti Services Pvt Ltd	Unit No. 411, Chokhani Square P-4, Sector-18 Noida Gautam Buddha Nagar Up, Noida, Gautam Buddha Nagar, Uttar Pradesh	India
S1-810750093	Maheshwari Traders Private Limited	Shop-5, Sangi Flat, Nr., Parasmani Soc., Vadodara, Gujarat	India
S1-206065394	Rangel and Carbone, LLC	15321 Garden Street, Bennet, NE	US
S1-6817101	Bruns, Duarte & Gallo Inc	3741 May Street, Sacramento, CA	US
S1-544511966	Samridhi Detective Private Limited	96, Dr Mh Marigowda, Madiwala, Bangalore South, Bangalore, Karnataka	India
S1-248055401	Cedar Processing Private Limited	Flat A, Floor 2, 251/A, Samarpally, Devagarva Devi Apartm, Kolkata, Parganas North, West Bengal	India
S1-185171706	Harbor Wireless Inc	IL, Springfield, 2208 Madeline Court	US
S1-683387280	Innovative Costamare Inc.	3916 Hollister Avenue, Carmichael, CA	US
S1-313592921	Sahil Foods Private Limited	10/19 West Patel Nagar, New Delhi, West Delhi, Delhi	India
S1-568442225	Sunrise Consultants Private Limited	Thane, 601/602 D Wing Abhilasha, Residency Penkarpada, Maharashtra	India
S1-596703606	Maa Clear Bynordic Clinic	MA, 109 Belleville Road, New Bedford	US
S1-595846502	VJ Dynamic Navigation LLC	MT, Hobson, 54 Agate Drive	US
S1-894934356	Mavue Synchrony LLC	740 Hot Springs Road, Santa Barbara, CA	US
S1-458701934	Knowles Enterprises LLC	11390 Parkside Avenue, Alliance, OH	US
S1-714122191	Heinz Best Biopharmaceuticals	1108 Spring Creek Road, Chapmansboro, TN	US
S1-398509124	Cartwright Wen Inc	1825 Calebs Way, Unit Unit B5, Southold, NY	US
S1-603679246	Green Maa Technologies Private Limited	H/O Kishor Kumar Sahoogamadia New Colony Bajrakabati Road, Cuttack, Orissa	India
S1-538436104	St. Catholic Church	VA, Virginia Beach City, 5963 Edgelake Drive	US
S1-319351338	Malloy Hcm Inc	226 Millstone Run, Churubusco, IN	US
S1-375593072	Pellegrini Noble LP	2186 Dallas Drive, Unit STE 6, Baton Rouge City, LA	US
S1-202962678	Technologies India Mart Private Limited	Pune, Maharashtra, 1302 Three Jewels, Pune City, Sr No-45;43&44(P)Fl.No-N	India
S1-109098189	Star Total Thunder Inc	32150 Modoc Point Road, Chiloquin, OR	US
S1-853478125	Harnden Smart Rush	517 Lake Avenue, Eagle Lake, TX	US
S1-389503868	Well Design Private Limited	Plot No. 10, Ward No 36, Karnataka, Vajara Hanuman Nagar, Bijapur	India
S1-948004182	Verity Industries Group	1-54-A, Nalgonda, Main Road, Nelamali Puri Village R & R Centre, Pcp-381, 382, Dorakunta, Kodad, Telangana	India
S1-89013769	Manhattan Servics Private Limited	8125.A, Alagrigoundnoor, Dindigul, Tamil Nadu	India
S1-757303611	Eastern Systems Limited	C/O Umashankar Plot No S 100 I Phaje Riico Jhunjhunun, Jhunjhunun, Rajasthan	India
S1-148206771	Atlantic Resources Partners	9295 Courtland Drive, Niles, IL	US
S1-474696683	Rosy Brothers LLP	Plot Khasra No. 2038, 2039, Haiwatmau Mavaiya, Sec.-3, Vrindavan Yojna, Lucknow, Uttar Pradesh	India
S1-429104835	Eastern Direct Manulife Inc	21236 M Street, DE, Rehoboth Beach	US
S1-662980812	IH Biracilik LLC	12900 Penn Avenue, Unit Unit 257, Burnsville, MN	US
S1-292459911	Fayette Chiropractic Center	1917 Main Street, Fayette, ME	US
S1-151028854	Findley Advanced Medicine Corp	33650 Moore Drive, Lone Rock, WI	US
S1-689489912	Coromandel Academics Private Limited	Br-02, Maruti Residency Raghunathpur, Bhubaneswar, Khordha, Orissa	India
S1-308947935	Kakumanu Power Limited	Karnataka, Bangalore South, Bangalore, Shipra Sapphire, Gubbalala, No. 101 & 102	India
S1-804207657	Raa Better Parts PLLC	601 2nd Avenue, Ashley, ND	US
S1-61581230	Andrade Federal Harbor, Inc	13600 Mansfield Road, Athens, OH	US
S1-259030464	Womens Health Partners	813 Old Mcdade Road, Elgin, TX	US
S1-809276804	HDD Modern Alliancebernstein Associates	304 Panorama Loop, Waxahachie, TX	US
S1-947664928	Bright Products	548/ C-194 Chandroyaday Nagar Rajajipuram, Avas Vikas Colony, Lucknow, Uttar Pradesh	India
S1-961854088	Vibrant Services Private Limited	Unit No. 1007, Klj Tower, 10Th Floor, Neetaji Subash Place, Pitampura, Delhi, North West, Delhi	India
S1-665413578	Intermodal Agro Company	C/O Sunil Bhaurao Ajnalka, Police Station K Samne, Akola, Maharashtra	India
S1-591403922	Preston Research	886 Flint Creek Lane, Yorkville, IL	US
S1-908945292	Indian Law Chambers	6/1 Alipore Rd, Kolkata, Calcutta, West Bengal	India
S1-516660126	East Delhi Water	14/ 435 2Nd Floor, Trilokpuri, East Delhi, Delhi	India
S1-647409110	Shaw Insight Inc	CT, 154 Shield Street, West Hartford	US
S1-788096104	XR Developers Private Limited	Shop No. 9, Mh Group Laxmi Nagar Tonk Road, Jaipur, Rajasthan	India
S1-27513313	Nexnet Group	16 Acorn Way, Ellsworth, ME	US
S1-900351430	Dori's Capital Pet Care, Inc	290 Civil Bend Avenue, Winston, OR	US
S1-877956804	Duran Value Property, LLC	2917 Wolcott Avenue, Chicago, IL	US
S1-316813789	O+ Ses Inc	118 Washington Street, Waynetown, IN	US
S1-216421767	Direct Supply Worldwide	7311 Enchanted Rock Lane, Missouri City, TX	US
S1-32487319	Apex	2600 Northwestern Drive, Lima, OH, Unit 3	US
S1-381829178	Meenva Sewa Center	4-21-56/16, 2Nd Lane, Vishnu Nagar, Guntur, Andhra Pradesh	India
S1-262812078	Osprey, Inc	1612 Ridge Avenue, Steubenville, OH	US
S1-121255766	Allied Treasure Pvt. Ltd.	A 304, Adit, 1St Cross Road Lokhandwala Complex, Andheri (West), Mumbai, Maharashtra	India
S1-953104212	Technologies Expert Resorts Private Limited	Bangalore, 13Th Main Vajramuni Road Kumarswamy Layout, #3870, Bangalore, Karnataka	India
S1-619592593	Jai & Associates Co	C/O-Rupak Paul, Hindustan, Colony, Bidyadharpur(E), Barrackpur - I, North 24 Parganas, West Bengal	India
S1-465402754	Super Care Limited	Gujarat, Shantivan Society Plot No.52, Kamrej, Block No.518/B, Surat	India
S1-611427323	Physical Therapy Group	110 Deer Hill Road, MA, Tisbury, Bldg STUDIO	US
S1-400583860	Kopal & Co Center	253 - D1 Shahpur Jat, New Delhi, Delhi	India
S1-400124556	Tinion	27W 645 Washington Avenue, Winfield, IL	US
S1-284602116	Eastern Certified Strategies Inc	225 Broadway Street, Pendleton, IN	US
S1-946473296	Nova LLC	4212 Norwood Avenue, Unit A, Sacramento, CA	US
S1-378742019	Pandharpur Solar Pvt Ltd	465/3B/Plot No 26 Gokulnagar Pandharpur, Pandharpur, Solapur, Maharashtra	India
S1-564560375	Vision Infra Private Limited	C-1, New Delhi, South Delhi, 1151, Vasant Kunj, Delhi	India
S1-544345907	Lotus It Private Limited	A-05, N/S Nehru Ground Neelam Bata Road, Faridabad, Haryana	India
S1-115001563	Eye Group, Inc	536 Ellington Road, South Windsor, CT	US
S1-24162512	Foundry First Inc	28840 Hedge Lane Road, Paola, KS	US
S1-162327793	CIB Rothschild	55008 Mallard Drive, Bend, OR	US
S1-277008751	Studio (india) LLP	Plot No.55, Door No.05-055/55/Nr Sy No.285, 286, 287 & 288, Jeedimetla, Qutbullapur, Rangareddy, Telangana	India
S1-43032065	Severson Fortunex Inc.	14193 Gregg Neck Road, Galena, MD	US
S1-857979529	Amritdhara Solutions Private Limited	P.O.Box No. 47, Ajanta Motors, 3-B, Avantika Complex, Opp. Cricket Bumglow, Jamnagar, Gujarat	India
S1-693659918	Eastern Trading Private Limited	Shop No. 4, Sterling Complex Shahpura, Bhopal, Madhya Pradesh	India
S1-779361207	Courville Atlantic Rithm LLC	1011 Seeley Road, West Harrison, IN	US
S1-542313001	Jingle Welfare Society	01, Palms Appartment, Plot 13-B, Sector 6, Dwarka, New Delhi, Delhi, South West Delhi, Delhi	India
S1-884343082	Hari Properties Pvt Ltd	Mittal Court A Wingnariman Point, Mumbai, Maharashtra	India
S1-237149320	Koester and Webb Inc	242 Davis Road, Pleasant Valley, NY	US
S1-547182237	Ss Foundation	Flat No. B1-702, The Pranayam Appartment, Sector-82, Near Divine Ashram, Ballabgarh, Faridabad, Haryana	India
S1-808897189	Coastal Pediatrics Corp	5648 19th Street, Arlington County, VA	US
S1-101570991	Bangerter, Smith & Credit Inc	18 Larkspur Drive, Cromwell, CT	US
S1-34216899	Livy Plumley Desert Hill Inc	IN, 5901 Dartmouth Court, Kokomo	US
S1-765629078	Techno Health Pvt Ltd	S. No. 294/4/5, Trimbekeshwar, Flat No. 17, Raj Park, Moryaraj Park, Chinchwad, Pune, Maharashtra	India
S1-626922589	Gregg Investments PLLC	2750 Williams Way, Santa Barbara, CA	US
S1-453598818	Sunanda Estate Pvt. Ltd.	5/532 Viram Khand Gomti Nagar, Lucknow, Uttar Pradesh	India
S1-426341000	First Finance Private Limited	Calcutta, Kolkata, C-454 Bagree Market71 B R B Basu Road Burra Bazar, West Bengal	India
S1-710298315	Svm Build (India) Private Limited	Gno 418 Shreepati Nagar, Bhor Pune, Bhor, Pune, Maharashtra	India
S1-553868909	Shree Traders Pvt Ltd	Virudhunagar, Railway Feeder Road, Virudhunagar, 79, Tamil Nadu	India
S1-102841697	Run Clinic Care	C/O - Shayam Singh, Room No. 306, Vill - Aima, P.O - Jankhat, Kannauj, Uttar Pradesh	India
S1-20864039	Ganitech L.L.C.	26 Prairie Rose Court, Gaithersburg, MD	US
S1-546052655	Bhs Foundation (India) Private Limited	Additinal Midc Area, Amravati, Maharashtra, C/O Mangesh Wamanrao Petale A-89, Amravati	India
S1-534998357	Ahmedabad India Private Limited	Ratnadeep Complex Old High Court, Ashram Road, 309, Ahmedabad, Gujarat, Ahmedabad	India
S1-843248697	Ahs & Associates Ltd	488/5 Merauli, New Delhi, South Delhi, Delhi	India
S1-105951912	Dehler Medical Center	2682 Gold Dust Trail, Show Low, AZ	US
S1-612181449	Ramrajya Charitable Trust	C-1/509, Vashith Path Near Akshardham Chitrakoot, Vaishali Nagar, Jaipur, Rajasthan	India
S1-130523163	Classic Consultants Private Limited	Survey No:389/1, Padasalai Street, Poonamallee, Tiruvallur, Tamil Nadu	India
S1-870690996	Siddarth Basket LLP	273, Arjun Nagar, Safdarjung Enclave, New Delhi, Delhi	India
S1-594916313	Apex LLC	515 Madison Street, Unit 135, Nashville, TN	US
S1-2710738	Saint Zion	1632 Henderson Street, Fort Worth, TX	US
S1-770299182	QSI Techno Private Limited	Plot No. D-36, Midc Industrial Area, Butibori, Maharashtra	India
S1-850835706	Frontier Quartzsea Corp	Elburn, 151 Route 38, IL	US
S1-635284339	Shyam Agro Private Limited	5, Vrindavan Apartments, Brahmin Society, Naupada, Thane, Maharashtra	India
S1-71559728	DXA Logistics Pvt Ltd	West Bengal, Rabindra Sarani, Poddar Court, Gate No.4, Howrah, Kolkata, 18	India
S1-434611818	Burnette Diamond Index LLC	421 Creekside Way, Unit A, Talent, OR	US
S1-350231086	Advanced Network International Co	N11232 Jamie Lane, Town Of Stephenson, WI	US
S1-640357148	Shree Public School Pvt Ltd	3/911, Tf-4, Sector 3, Vaishali Ghaziabad, Ghaziabad, Uttar Pradesh	India
S1-234385790	Cardiology Piedmont Care Associates, LLC	813 Grantham Road, Upper Allen Township, PA	US
S1-873385528	Watson Associated	8908 Preston Hill Road, Vienna, NY	US
S1-821543209	Mineola Cultural Desert Center	323 Wellington Road, Mineola, NY	US
S1-458808127	Future Ace Construction	Devender S/O Satpal, Village Dhunela, Sohna, Sohna, Gurgaon, Haryana	India
S1-348287021	L/K Bancorporation Partners	158-51 80 Street, Howard Beach, NY	US
S1-253268640	Premsagar (India) Marketing Limited	F-19/A First Floor, Ganesham Tower, Amrapali Circle, Vaishali Nagar, Jaipur, Rajasthan	India
S1-856075086	Primary Care Creative Center	WI, City Of Sun Prairie, 1610 Rustic Drive	US
S1-780048430	Phoenix Baptist Association Inc	4351 Lariat Lane, Phoenix, AZ	US
S1-502089457	Central Green Pvt Ltd	83-C Mittal Court Nariman Point, Mumbai, Maharashtra	India
S1-381364823	Physical Therapy Pioneer Physicians LP	115 King Fisher Road, Shiloh, NC	US
S1-678396634	Technologies Iskon Physical Private Limited	Hyderabad, H No: 8-3-229/S/3/5 Rahamathnagar Road, Hyderabad, Yousufguda Checkpost, Telangana	India
S1-728637222	St. Lutheran Church	NY, 67-72 Exeter Street, Forest Hills	US
S1-980222090	Fuel Rise Corporation	Mukund Sadan, H.No.657/Office No.2, Bamandev Nagar Kalyan-Shil Road, Golivali, Dombivali Ea, St, Thane, Maharashtra, Thane	India
S1-118816361	Bevue	410 26th Street, City Of Monroe, WI	US
S1-193082629	Pioneer Property Worldwide LLC	Columbus, OH, 360 Innis Avenue	US
S1-719058864	Zanet Holding Company LLC	5990 32nd Street, Unit 106, Yuma, AZ	US
S1-415000616	Olanis Precious LLC	1004 Promenade Parkway, Unit 108, Casa Grande, AZ	US
S1-677299632	Peak Transport Inc	427 4th Street, Columbia, TN	US
S1-49960291	Miller, Lockridge and Gutierrez LLC	1675 N Lancaster Road, South Elgin, IL	US
S1-660298497	East Kogyo	2304 Margybeth Avenue, Evansville, IN	US
S1-460233429	Ts Appliances Private Limited	159/11, Amar Industrial Estate Premises Chs Ltd., Amar Brass Compound, Vidyanagri Marg, Kalina, Mumbai, Maharashtra	India
S1-133231371	International Care Private Limited	Plot No 30, Kadolkar Colony, Talegaon Dabhade, Pune, Maharashtra	India
S1-984141389	Mckenney Antimony Inc	226 Copeman Road, Elkins, WV	US
S1-726595067	Industries Goldfinch Infrastructure LLP	Maharashtra, Shinde Biotech, Solapur, 106/3/A, At Shinde Wasti, Khadaki, Karmala	India
S1-241934294	Med Evaluation Pvt Ltd	Flat No. 15, Gurukrupa Co-Op Hsg Soc. Trimurti Marg, Mulund West, Mumbai, Mumbai City, Maharashtra	India
S1-168224249	Hitech Logistics Private Limited	Kila No. 17/7/1/2, 7/2, 7/3, 8/1/2, 8/2, 8/3, Khewatno. 766, Khata No. 818, Nathupur, Rai Industrial Area, Sonipat, Haryana, Sonipat, Haryana	India
S1-839973591	Elisa Millan Santander, Inc.	1058 Hyannis Circle, Carol Stream, IL	US
S1-122993087	Matashree India Private Limited	Ram Ratan S/O Khemkaran R/O 129, Navada Indepur Near Chandapur, Shahjahanpur, Uttar Pradesh	India
S1-752876482	Brown, Applegate & Tripp LLC	140 Wyan Road, London, KY	US
S1-10167725	Waltham Youth Custom Association	7 Spruce Street, Unit 8, Waltham, MA	US
S1-617934212	Pulido and Contreras LLC	3305 Old Town Road, Bridgeport, CT	US
S1-951417684	Bright Seafood	14721 Avalon Avenue, Dolton, IL	US
S1-506913100	N V & F Scientific LLC	OH, Unit B, Toledo, 2431 Revillo Court	US
S1-876403605	Poonam Projects (India) Private Limited	6/322, Jaipur, Rajasthan	India
S1-677738607	Corporate Robotics Concepts	68578 Miami Highway, Bremen, IN	US
S1-154515508	Yalonda Ware Logistics	1114 Edgewood Drive, Richmond, TX	US
S1-791354033	Cornerstone Token Inc	12404 58th Terrace, Kansas City, MO	US
S1-312270300	Family Health Corp	5919 Eric Drive, Kingman, AZ	US
S1-65996576	Hoffman Estates Orthopedic Associates	2112 Stonington Avenue, Hoffman Estates, IL	US
S1-594727597	Taratech Unit Pvt Ltd	302/A Pranik Chambers, Cts No 701 Saki Viharroad, Mumbai, Maharashtra	India
S1-829166353	Innovative Infrastructure Private Limited	Kendrapara, Orissa, At-Sanamangarajpur, Dhola, Kendrapara, C/O Udaya Nath Samal	India
S1-20260608	Boom Law Chambers Private Limited	A-29, Sector-23, Noida, Gautam Buddha Nagar, Uttar Pradesh	India
S1-115962582	Jai Agro Limited	Flat No. C1 S/F, Plot No. 11 Block-Z, Uttam Nagar, New Delhi, West Delhi, Delhi	India
S1-192380301	Sai Enterprise Ltd	Chennai, Tamil Nadu, Ii Floor, Velliyan Road, No : 12/6, Kotturpuram	India
S1-29850001	Sree Trading Limited	Plot No.8-2-293/82/A/732, Plot 732-A, Sasi Icon Building, Beside Madhapur Metro Station, Road No.36, Jubilee Hills, Hyderabad, Shaikpet, Hyderabad, Telangana	India
S1-681127534	Gulf Omega Inc	1925 35th Street, Missoula, MT	US
S1-786512036	Lakshmi Finance Private Limited	C-8, Street No. 3, Poddar Colony Khetrajpur, Sambalpur, Orissa	India
S1-252044926	Laxmi Maa Marketing Private Limited	16, Uttar Pradesh, Mansarovar Colony Delhi Road, Moradabad	India
S1-967673744	Tricolour Polytechnic	Flat No.502 Avantikas Tulip Plot No. 838/839/840, Behind Dav School, Hyderabad, Rangareddy, Telangana	India
S1-252913795	Pratham International School	Gf 40 C Wing Trident Complex Opp St Workshop Race Course, Vadodara, Gujarat	India
S1-223423727	Dermatology Care Inc	2 Gaydon Circle, Bella Vista, AR	US
S1-561238264	Ocean Agri Private Limited	Gut No. 128/B, H. No. 890, Karnoor, Tal - Kagal, Kagal, Kolhapur, Maharashtra	India
S1-532032222	Colligan Star Ocean Inc	333 Thomas More Parkway, Bldg BUILDING CONNOR CONVOCATION CENTER, Crestview Hills, KY	US
S1-351744895	Athira & Co	507, Gold Petal, 16/2 South Tukoganj, Indore, Madhya Pradesh	India
S1-653589110	Williams and Disney Aluminum	513 Whitpain Hills, Whitpain Township, PA	US
S1-45216783	Aditya Tech Pvt Ltd	C/O Sunita Devi, 1St Floor, Akash Plaza, Bijnor, Bijnor, Bijnore, Uttar Pradesh	India
S1-223490980	Studio 69 Book Store	44 Magnolia Street, Boston, MA	US
S1-300797188	Lynx	Liberty, NY, 3463 52	US
S1-687628224	Falah Trading Private Limited	No.6, A.R.Road Koothanallur Lakshmangudi(P.O), Tiruvarur, Thanjavur, Tamil Nadu	India
S1-948590363	Intelligent Trading	595/A, Beach Road, Pt Usha Road, Kozhikode, Kerala	India
S1-932081654	Thane Global Private Limited	Land Mark Bunglow No 4, Land Mark Complex Louis Wadi, Land Mari, Service Road, Thane, Maharashtra	India
S1-477787666	Ramavtar Brothers Private Limited	Chennai, Tamil Nadu, Leelavathy Nagar, Chikkarayapuram, Chennai, No.19	India
S1-563393552	East Delhi Farmers Public Limited	L-36/C, Kh No 684, Gali No 4, Gautam Vihar, East Delhi, Delhi	India
S1-691154522	Map Commerce Ltd	4 Baroda Basack Street Lp-72/5, Kolkata, Howrah, West Bengal	India
S1-49483954	Krishna Agro Pvt Ltd	101, Kshitij, Sena Bhavan Path Dadar West, Mumbai, Maharashtra	India
S1-654475899	Arts Committee	TN, 2266 Windswept View Way, Sevierville	US
S1-630202990	East Ridge Heritage Yhn	4333 Spriggs Street, East Ridge, TN	US
S1-54985115	Meilleur India Private Limited	2/1032, Near Govt. School Rasagoundanpalayam, Kalivelampatti Po, Palladam, Coimbatore, Tamil Nadu	India
S1-548256867	Pearson, Castro and Manoukian LLC	15407 Vincennes Oak Street, Cypress, TX	US
S1-927709843	Sone Tannery	514 Dalamal Tower, 211 Fpj Marg Nariman Point, Mumbai, Mumbai City, Maharashtra	India
S1-89260343	Momentum Chit Private Limited	Kondathu, Kanjiramattom, Thodupuzha, Idukki, Kerala	India
S1-724467638	Shivansh Services Private Limited	15, Central Theatre Buildings Veterinary Hospital Road, Erode, Tamil Nadu	India
S1-747395598	Arlen Alvarez Horizon Properties Inc	709 Kerschner Drive, Unit APT B, Mcpherson, KS	US
S1-693282155	Banda Infrastructure Private Limited	C/O Meera Devi, Karwi Mafi, Banda, Chitrakoot, Uttar Pradesh	India
S1-766026767	Rajasthan Estates Group	Shop No. S-5, Second Floor, Manish Global Mall, Plot No.2, Sector-22 Dwarka, New Delhi, South West Delhi, Delhi	India
S1-25142833	Hat Academy Pvt Ltd	Vapi, 1St Phase, Gidc, Vapi, Plot No. 57-1, Valsad, Gujarat	India
S1-719823773	North Navigation Inc	275 Dartmouth Street, Unit 6G, Boston, MA	US
S1-384416512	ML Mechatronics Corporation	Flat No 11 A3, West Bengal, Kolkata, Parganas South, Block-A 11Th Floor, Elgin Tower-1 1, New Bata Nagar Road	India
S1-5055994	Sree It Pvt Ltd	C/O Anita Yadav, Singar Choli Airport Road, Huzur, Bhopal, Madhya Pradesh	India
S1-772382267	Rock Aviation Private Limited	2-4-68/26, Plot No. 26, Sogbowli Village Rajender, Rajendranagar, K.V.Rangareddy, Telangana	India
S1-946293156	Hill Valley Travel LLC	KY, 5904 Stockton Place, Crestwood	US
S1-114508299	Silous Bright Food LLC	1121 32nd Avenue, Minot, ND	US
S1-968199638	Green & Co	No.1-8, Pathuvuru, Adadakulapalli Village Po, Somandepalli, Ananthapur, Andhra Pradesh	India
S1-910497283	Mccary, Vallecillo & Ramon Group	847 9th Street, Hickory, NC	US
S1-704967016	Pointer Fitness Inc.	9020 Soquel Drive, Unit 200, Aptos, CA	US
S1-346714925	Mumbai Consultancy Corporation	706, 79A, Shivai Plaza Premises Co-Op Society Ltd. Marol Industrial Estate, Marol, Andher, I East, Mumbai, Mumbai City, Maharashtra	India
S1-966207761	Oncology Pinnacle Partners	2528 Montebello Drive, Sandy City, UT	US
S1-99458358	Annapurna Safety (India) Limited	I. Bond Govt. Plot, Khandagiri, Bari Bond, Bhubaneswar, Khordha, Orissa	India
S1-801017797	Innovative Environmental Networks LLC	874 40th Avenue, Goodview, MN	US
S1-583150408	WNU Shot Pvt. Ltd.	Office 2Nd, Gf, 3C/452, Avas Vikas Buddhi Vihar, Moradabad, Uttar Pradesh	India
S1-274157092	Prentiss, Ortiz & Dembinski	75 Sweetwater Way, Farmington, AR	US
S1-851091051	QFO Designs Private Limited	116A, Maharashtra, 11Th Floor, Maker Chambers Vi, 220, Mumbai	India
S1-602413356	Bnj (India) Barter Private Limited	Flat No.301, Panaroma Apartment, Renuka Enclave, Beside Governor'S Bunglow, Raj Bhavan Roa, D, Somajiguda, Hyderabad, Telangana	India
S1-809729967	ZE Holidaysprivate Company	Parinee- I, Shah Industrial Estate, Nr. Ghanshyam Industrial Estate, Off. Veera Desai Road, Mumbai, 1205, Maharashtra	India
S1-500551770	Oceana Group	A-1201, Ekta Festival, 132 Ring Road Nr. Shastrinagar Brts Bus Stop, Naranpur, A, Ahmedabad, Gujarat	India
S1-343540638	Premier Rivernorth LP	7485 Greenhouse Road, Rockingham County, VA	US
S1-150939314	Global Odyssey	East Cleveland, 12717 Superior Avenue, OH	US
S1-72962057	Red Pilates	14 Woodland Hills Drive, Unit UNIT 14-07, Southgate, KY	US
S1-821825176	Ratnagiri Narang Private Limited	H No 1/B Haliyal Layout, Behind Infant Jesus Church Shanti Nagar, Hubli, Dharwad, Dharwar, Karnataka	India
S1-48527120	Dynamic Ram Producer Private Limited	A-842 Sushant Lok-I Gurgaon, Gurgaon, Haryana	India
S1-743881381	Strategic Anchor Trading Inc	121 Main Street, Livingston, MT	US
S1-554136514	Consulting Unicorn International Private Limited	J-19 Ground Floor, Mehrauli Road, Hauz Khas, New Delhi, South West Delhi, Delhi	India
S1-980653247	B/B Bold	1288 St Johns Avenue, Highland Park, IL	US
S1-166808893	Womens Health Partners Inc	1216 Sandia Drive, Clovis, NM	US
S1-510554913	Peridium Melar, LLC	8959 Griffin Way, Pikesville, MD	US
S1-14606900	Summit Project	Unit BASEMENT, Fall River, MA, 109 John Street	US
S1-752416952	PP Mobility Private Limited	Agra, Sadar, 42 Sector 9, Uttar Pradesh, Avas Vikas Sikandra Bodla	India
S1-999599204	Collins's Colonial Seafood	3810 2775, West Haven, UT	US
S1-47897323	Om Technologies Private Limited	403, 3Rd Floor, Orchid Road Mall, Wing B, Royal Palm, Goregaon East, Mumbai, Maharashtra	India
S1-119892038	Dorise Hernandez Floating LLC	17028 Pennington Drive, Huntersville, NC	US
S1-961050262	Womens Health Associates P.C.	31643 Turel Drive, North Plains, OR	US
S1-812486784	My Infotech Private Limited	East Delhi, New Delhi, Pvt Flat No B-2, Delhi, Property No 90 New Rajdhani Enclave	India
S1-465493933	Laify Tge	10628 Newbury Street, Westchester, IL	US
S1-363937767	First Heartland Arrived	14 Kensington Court, City Of Appleton, WI	US
S1-254984121	Global Solar	451 Conifer Place, Sublimity, OR	US
S1-611501743	North Energy Pvt Ltd	No.6, 15Th Cross Streeteast Club Road Shenoy Nagar, Chennai, Tamil Nadu	India
S1-471501780	Kendall & Rich Management, LLC	40 County Road 3565, Cleveland, TX	US
S1-260671568	Steinmetz Capstone of Fairfax City LLC	3140 Flintlock Road, Fairfax City, VA	US
S1-874079809	Beacon LLC	10591 Hornaday Avenue, Happy Valley, OR	US
S1-865856927	Primary Care Partners LLC	78 Clark Street, New Bedford, MA	US
S1-151278742	Behind Sainikpuri Yapral Village Engineering Private Limited	158, Shaili Gardenia, Behind Sainikpuri Yapral Village, Secunderabad-87., Telangana	India
S1-76985366	Dowling Mellon	New Haven, NY, 4280 104	US
S1-114921278	101 Cleaning	1175 Blacks Slip, Gilchrist, TX	US
S1-908901177	West Custom Select LLC	7825 228th Street Court, Graham, WA	US
S1-238377953	Shelba Meli Wellness Inc.	1717 Nixon Mountain Road, Clinton, AR	US
S1-823751418	MW Business Private Limited	Keesara Road Nagaram, Hyderabad, Telangana, Plot No 45-60	India
S1-223875995	Big Foundation Limited	S No. 113/2/1, Hari Om Plaza Nadhengr, Main Rd. Shop-02, Pune, Maharashtra	India
S1-517453825	Genetic League Company	593- Sst Nagar, Patiala, Punjab	India
S1-692343309	Leilah Brandon, P.A., M.D., P.C. PC	11437 Waterview Cl, Fairfax County, VA	US
S1-52772877	Beacon Prairie Music	1346 County Road A, Lexington, TX	US
S1-814825063	Tabbitha Macaulay Smart Technologies LLC	1414 13th Street, Glencoe, MN	US
S1-953021004	Silver Marketing Studios LLC	8684 Dover Drive, Leeds, AL	US
S1-793768461	W/X Oncology L.L.C.	304 Gregg Avenue, Augusta, KS	US
S1-912808832	Surgical Partners Inc.	1823 Askew Avenue, Kansas City, MO	US
S1-537088795	Education Project Inc	1716 Meadow Place, Gresham, OR	US
S1-215063894	Orelle Harrison Keystone Landscaping PLLC	1651 Scotland Drive, Centerton, AR	US
S1-171722657	Empire College PLLC	108-69 52 Avenue, Corona, NY	US
S1-375135017	Dl (India) Power Limited	A 1101, Waterfront Apartments, West Avenue ( Near Gold'S Gym), Kalyanin, Agar, Pune, Maharashtra	India
S1-25403814	United Infotech Limited	No. 11/8, 8Th Cross Anepalya, Neelasandra, Bangalore, Karnataka	India
S1-733862897	Hotel Real Software Private Limited	Sr. No. 10/19 Kasarkolvan, Sangmeshwar Ratnagiri, Sangmeshwar, Ratnagiri, Maharashtra	India
S1-885944330	Vang, Desir and Ho	OH, Cleveland, 3557 131st Street	US
S1-685228927	Peor Supreme Electric Inc	40 Ledgetree Road, Medfield, MA	US
S1-268194656	Value Properties Corporation	241 Ophelia Drive, Mooresboro, NC	US
S1-21535700	Ariadne Webster Coastal Canadian	999 Bronson Road, Fairfield, CT	US
S1-330431233	Chinar To	2Nd Flr, Plot No 74-B&75-A, Kh No 148/3, Laxmi Vihar, New Delhi, South West Delhi, Delhi	India
S1-496482572	Miller Partnership	Fl 1, Chandler, AZ, 1302 Estrella Drive	US
S1-72725531	Saraswat Interactive Ltd	Office No.211, Plot No.66A, Concorde Sector-11, Cbd Belapur, Navi Mumbai, Thane, Maharashtra	India
S1-641010173	Bhopal Development Ltd	Hig-71 Shankaracharya Nagar Bagsewniya, Bhopal, Madhya Pradesh	India
S1-643091368	Rosewood Farmer Private Limited	Maharashtra, Pune, Cts O 4715 Umed Bhavanpimpri Chainchwad Station Road	India
S1-260952051	Nilao Home Improvements LLC	11622 Royal Oaks Crossing, TX, Houston	US
S1-934110606	Little Auto Body	14265 Parkview Drive, Fontana, CA	US
S1-737350857	Direct Packaging Networks	669 Woodland Church Road, Albertson, NC	US
S1-88705477	Yk Holdings	404, Raheja Height-E, Malad East, Off Gen A. K. Vaidya Marg, Mumbai, Mumbai City, Maharashtra	India
S1-2272351	My Care Limited	61/62, C Ganj Gardens, Chandganj, Lucknow, Uttar Pradesh	India
S1-619752587	Nexio Pearl LLC	4510 Ridgewood Road, Springfield, OH	US
S1-502620678	Chanana Security	House No-90, Ground Floor Pkt-24, Sector-24, Rohini, Delhi, North Delhi, Delhi	India
S1-810614693	J+ Biotherapeutics LLC	9718 Phinney Avenue, Seattle, WA	US
S1-137607724	Eye Quality Center	144 Center Street, Caledonia, OH	US
S1-468895981	Maniratnam Ecommerce Private Limited	4 Bharat Mahal86 Nateji Subhash Road, Mumbai, Maharashtra	India
S1-714749904	Md Plus Limited	Uttar Pradesh, Meerut, 129, Sector - 6, Shastri Nagar, Meerut	India
S1-386116090	Hesson Lifesciences LLC	1014 Delores Drive, Garland, TX	US
S1-534511080	Family Silver Group	AZ, Phoenix, 9121 Coolidge Street	US
S1-670368630	Smart City It Private Limited	No.12, Achaiah Shetty Layout, Rajmahal Vilas Extension, Bangalore North, Bangalore, Karnataka	India
S1-338552276	K Q Morgan Spdr	104 Carruthers Pond Drive, Cincinnati, OH	US
S1-375744271	Ace Investment Private Limited	333 Gali No 10 Jyoti Nagar Kardampuri Extention Near Kasmiya Maszid, New Delhi, Delhi	India
S1-6375453	Novium Launch	5240 170th Street, Battle, IA	US
S1-541654252	One Construction Private Limited	Plot Bearing No. 116/Part, Telangana, 1St Floor, Marva Township, Rangareddy	India
S1-126979019	Sai Ventures	51, Harsukh C G H S, Plot No-4 Sector-7, Dwarka, South West Delhi, Delhi	India
S1-327140974	Summit Piedmont Aviation LLC	3853 Lyndale Avenue, Baltimore, MD	US
S1-321377741	VR Royal Spartacus	4600 Annhurst Drive, Unit D, Belcamp, MD	US
S1-294818071	Armada Singh Ltd	312 Naroda Business Hub, Opp Satavgreen Party Plot, Ahmadabad City, Ahmedabad, Gujarat	India
S1-98443813	Ensemble Plastopack Limited	Uttar Pradesh, Marutipuram, Faizabad Road, Lucknow, 39	India
S1-817600784	Reliable Mission LLC	3637 Center Street Road, NY, Sennett	US
S1-91257733	KC Index Inc.	3116 Ambassador Drive, Geneseo, NY	US
S1-287328769	Fortune Solutions Private Limited	Mumbai, Maharashtra, Mumbai, 103 S J House, 1St Floor, Sitaram Mill Compound	India
S1-484550602	Atlantic Academy LLC	OH, Akron, 1696 East Avenue	US
S1-360220456	Main Street Hair Studio	9220 Pacific Avenue, Unit #24, Tacoma, WA	US
S1-542342301	Innovative Frontier Transport	40 Mariner Circle, Trumbull, CT	US
S1-67118728	Prosser Total Tidewater Centerville LLC	1909 Center Street, Centerville, MN	US
S1-745245019	Corissa's Health	69 Circle Drive, New Martinsville, WV	US
S1-497553639	Premier Power	No.10, First Floor, Pammal Main Road, Pallavaram, Chennai, Tamil Nadu	India
S1-957389642	Morganne Jones, M.D.	4006 Arlington Circle, Phoenix, AZ	US
S1-972216813	KC Ethereum Inc	4195 School Street, Owasco, NY	US
S1-938198501	Jai Institute	Flat No-302, Haima Niwas, Plot No-510, Sahidnagar, Bhubaneswar, Khordha, Orissa	India
S1-250649505	Lerma Mountain Live Inc.	1110 H Avenue, Milford, IA	US
S1-447241485	Bangalore Investments Pvt. Ltd.	Flat - 110, Ars Greenshire, Trinity Complex Sarjapura Main Road, Sompura Gate, Bangalore, Karnataka	India
S1-182642261	Golden Industrial Works PC	580 Kansas Road, Bridgton, ME	US
S1-661017628	Chiropractic Health LLC	833 Mulberry Street, Springfield, OH	US
S1-741609235	Sakthi Platforms LLP	7/1A Grant Lane Shree Sati Business Centre, 1St Floor, R, Oom No.10A, Kolkata, Howrah, West Bengal	India
S1-196434490	Carlos & Grinder Inc.	595 600, Unit 5, Provo, UT	US
S1-865720315	Solutions Intime India Limited	House No. - 308, East Ashok Nagar Road No. 14, Kankarbagh, Patna, Bihar	India
S1-591096967	Surgical Center LP	4753 Este Avenue, Cincinnati, OH	US
S1-199693288	Narayan Mind Private Limited	67C Southern Avn, Kolkata, Calcutta, West Bengal	India
S1-644550539	White, Hall and Guzman Argentina LLC	4167 Sharon Drive, Brooklyn, IA	US
S1-587528403	G 4 Heritage Healthy LLC	121 Rutland Street, Wilkesville, OH	US
S1-437858525	Caldos Summit Inc.	4030 Cardinal North Hills Street, Unit 215, Raleigh, NC	US
S1-102856774	Toussaint Snow	922 Hanover Drive, Montgomery, AL	US
S1-205437646	Cultural Project	14643 Gib Mills Place, El Paso County, TX	US
S1-452154699	Arts League	620 Latimer Way, Monroe, NC	US
S1-913173577	Reese Integrated Digital Corporation	9025 Penny Lane, Fort Worth, TX	US
S1-266044721	South Allied Audio Installation LLC	446 Coosa Island Road, Cropwell, AL	US
S1-217343100	Z & F Scuti Inc.	3410 Beaverton Hillsdale Highway, Portland, OR	US
S1-308136160	Gallegos, Spegal & Hooker Arrow LLC	100 Cumberland Circle, Russellville, KY	US
S1-857098080	Precision Equitable LLC	1602 Cherokee Avenue, Dothan, AL	US
S1-422887304	Star Investment LLP	Hyderabad, Flat No 511, Telangana, Hyderabad, 6-3-789/51, Pavano Prestige, Ameerpet	India
S1-987631119	Solutions Dynamic (india) Limited	1856/B/1, 8 Polen Peth, Jalgaon, C/O Ashok Chaudhari, Jalgaon, Maharashtra	India
S1-819246115	Kolkata Transport Private Limited	Office No. 706, 7Th Floor, Om Tower, Chowringhee Road, Little Russel Street, Kolkata, Kolkata, Howrah, West Bengal	India
S1-896612468	Autism Assistance League	405 Birchwood Drive, Village Of Francis Creek, WI	US
S1-47115635	Staggs and Chen Factory	2471 Edgewater Way, Unit 1051, Chandler, AZ	US
S1-428945925	Obrien Clear Optics Inc	333 Wegner Road, Lakemoor, IL	US
S1-200462393	Cleary Rocky Metal LLC	629 Ouida Street, Grand Prairie, TX	US
S1-296311929	Pavla Johnson Stock Inc	8060 Westcape Drive, Denver, NC	US
S1-823969594	Andes Bus Pvt Ltd	House No. 73, Ground Floor, Sector-43, Basai Road, Gurgaon, Haryana	India
S1-221477985	United Enterprises Private Limited	Md Yasin Ansari S/O Late Dost Mohammad, Vill- Pakahi Khas, Tola- Pakahi Khas, Panch-Pakari Pakohi, Muzaffarpur, Bihar	India
S1-179148277	Federal Alliance LLC	306 12th Street, Killeen, TX	US
S1-588714407	Meridian LLC	101 Catalpa Avenue, Wilmington, DE	US
S1-826535271	Shiva Marketing LLP	Mumbai, 101 'B' Wing Mittal Court10Th Floor Nariman Point, Mumbai, Maharashtra	India
S1-766756746	Rosabelle Quintana, MD, DDS PC	101 Margrave Drive, Harriman, TN	US
S1-685125809	Capital Harbor Hydro LLC	4151 Bohn Road, Cleveland, OH	US
S1-512522397	Ingrid Gonzales Hologram	214 Huntington Place, Gurdon, AR	US
S1-117040220	Edwards Brookfield Center	1451 San Bernardino Road, Unit UNIT N, Upland, CA	US
S1-171446981	3944 Ocean Ave Company Corp	CT, Fairfield, 807 Riverside Drive	US
S1-932120730	Hyacinthe's Superior Bakery	10 Arizona Terrace, Unit 4, Arlington, MA	US
S1-165970622	Ferguson, Thea A., DMD	4059 Stoney Creek Drive, Lincolnton, NC	US
S1-676300038	Strategic Transport	338 Red Oak Drive, Fentress County, TN	US
S1-60097995	Krishnaganj Era Co	Bhimpur, Uttar, Paschim Parabhimpur, C/O Basudeb Ghosh, West Bengal, Nadia, Krishnaganj	India
S1-910281263	Dyna Metals Associates	105 Chadralok Complexbirhana Road Kanpur, Uttar Pradesh, Kanpur, Uttar Pradesh	India
S1-872034642	ZQ Express Companies Corp	2738 Buckwheat Road, Onondaga, NY	US
S1-712004613	Asha Realtors	3-16-12/1/A, Ramanthapur, Hyderabad Andhra Pradesh, Andhra Pradesh, Telangana	India
S1-836835831	Sree Hari Solutions Private Limited	3 Wood Street 5Th Floor, Room No. 5, Kolkata, Howrah, West Bengal	India
S1-862596950	Morrow, Garcia and Contreras Multimedia Group	1809 Tisinger Avenue, Dallas, TX	US
S1-533027253	Trusted Fresenius LP	876 205th Avenue, WI, Town Of Star Prairie	US
S1-66091908	West Multimedia Inc	63685 Ob Riley Road, Bend, OR	US
S1-1196371	Burt Peace Inc	385 Halsey Avenue, Saint Michael, MN	US
S1-866999924	Industries Anju Manufacturing Private Limited	76 F/F, Flat No. B-3 Kh No. 592, Block A-1, Chhattarpur Extn., Delhi, South Delhi, Delhi	India
S1-118211735	Physical Therapy Valley Clinic LLC	15528 42nd Drive, Bothell, WA	US
S1-385673142	Brinn's Cleaning Service	4517 7th Street, Columbia Heights, MN	US
S1-422240986	Red Consulting Pvt Ltd	530-A Talwandi, Kota, Rajasthan	India
S1-468320659	Kalyan Liability Pvt Ltd	Pala-006, Empire Industrial Hub, Plot No. 22R, Midc, Chikhloli, Kalyan, Thane, Maharashtra	India
S1-688859485	Aravind Financials Pvt Ltd	C/O Shukhveer Meherabad, Shikohabad, Firozabad, Uttar Pradesh	India
S1-817931421	Kansas City Internet Inc	7205 Coventry Avenue, Kansas City, MO	US
S1-622152749	Tirupati Super Services Pvt Ltd	A 412 4Thf Gali No 1 Ganesh Nagar Ii Shakarpur, Delhi, East Delhi, Delhi	India
S1-920465440	Siusan Williams Wave Corp	636 Coleman Road, New Market, AL	US
S1-924397514	Urban Tech Private Limited	Flat No 101, Tower F, Megapolis Springs, Maan, Mulashi, Pune, Maharashtra	India
S1-356736802	Sk (india) Private Limited	201 B-Wing Goel Shoppingarcade Borivali (West), Mumbai, Maharashtra	India
S1-738693088	Orthopedic Physicians LP	12066 Hillcrest Drive, Lemont, IL	US
S1-899387687	Saad Ore Private Limited	M.No 2-91/77/2/St/3, 3Rd Floorsignature Towers, Opp Botanical Garden, Serilingampally, Hyderabad, Telangana	India
S1-769800086	Rrj Products Private Limited	1 Bonfield Ln3R Floor, Kolkata, Calcutta, West Bengal	India
S1-661772775	Peridium Harbor Inc	Fauquier County, 6310 Beverleys Mill Road, VA	US
S1-207194851	Rv Trading	3 - Pritam Nagar Nirmal Aprts, Ellisbridge, Ahmedabad, Gujarat	India
S1-77330585	Federal Project Inc	W8311 O, Town Of Wautoma, WI	US
S1-277738417	Heritage Talent Products LLC	3 Park Lane, Unit Apartment 1E, Mount Vernon, NY	US
S1-139662163	Management Rgi Park	B3, Yog Inn, No 88, 15Th Cross Neeladri Nagar, Bangalore South, Bangalore, Karnataka	India
S1-359018336	Foundation Anb Apparels Private Limited	Shop No-12 Zameer Compound Canal Road, Raebareli, Rae Bareli, Raibareilly, Uttar Pradesh	India
S1-188949190	Harbor Alliance IV	99 Knothe Hill Road, Westbrook, CT	US
S1-283063594	Bangalore Services Pvt Ltd	No. 219, First Floor, 27Th Cross Poorna Prajna Layout, Bangalore, Karnataka	India
S1-807354440	Harper Regional Saul, LLC	13053 12, Ryegate, MT	US
S1-328732842	Arledge, Horan & Black	816 Camino Del Prado, Albuquerque, NM	US
S1-979803381	Tiify Clean Gores LLC	3719 Clabo Mountain Lane, Sevierville, TN	US
S1-701921072	Creative Marketing, Inc	6215 Hosmer Avenue, Cleveland, OH	US
S1-235774552	Vision Interiors Limited	Sakthi Bhavanam, # 224/288, Konoor High Road Ayanavaram, Chennai, Tamil Nadu	India
S1-118216985	Vivify Hospital	11/534 Maniakaranchallagovinda Puram Chitoor Taluk, Palakkad, Kerala, Thrissur	India
S1-464441584	Dermatology Physicians, LLC	2098 B Immel, Chewelah, WA	US
S1-474359110	Software Om Bricks Private Limited	Hauz Khas Enclave, New Delhi, P-4, Delhi	India
S1-199205840	H & N Vista L.L.C.	711 State Street, Jerseyville, IL	US
S1-925522126	Jeen Traders Private Limited	Room No. 17, 2Nd Floor, Kabibai Building, Plot No. 70/72, Narayan Rao Kohli Marg, Chakala, Mumbai, Mumbai City, Maharashtra	India
S1-166973053	Supreme Environmental Services LP	4602 Fullerton Avenue, Chicago, IL	US
S1-320807257	Technologies Om Cold Private Limited	A 21 Sai Apartments, 7 Bunglows, Off J. P. Road, Andheri (W)., Mumbai, Mumbai City, Maharashtra	India
S1-659351215	East Technology Pvt Ltd	808, L&T Building Flats, Sector-18B, Dwarka, Delhi	India
S1-370231118	Supreme Enterprises Private Limited	B/604, Garden Tower, Lokhnadwala Cmx, Akurli Rd, Kandivali East, Mumbai, Maharashtra	India
S1-902329559	Cobalt of Reeds	9289 County Road 70, Reeds, MO	US
S1-667181162	A Pioneer Restaurants	601 Highway 89, Cabot, AR	US
S1-705932914	Richardson Dental Associates	79 Sycamore Lane, Reader, WV	US
S1-735785240	WUD Industries Private Limited	Deepu Kh No 205Pl No 25, 26 27 Shahberi, Gautam Buddha Nagar, Uttar Pradesh	India
S1-989118501	Gold Global Limited	Plot No-C1/34 Sector-10, Markat Nagar, Cda, Cuttack, Orissa	India
S1-809814486	Deak Better Odyssey Inc	20708 107th Avenue, Vashon, WA	US
S1-286094589	J 3 E Housing	5270 Indiana Avenue, Winston-salem, NC	US
S1-844154581	Cannon Harbor Fortress PC	1216 Martha Street, Texarkana, AR	US
S1-23147067	Super Developers Private Limited	E-1/101, Arera Colony, Huzur, Bhopal, Madhya Pradesh	India
S1-735515335	Behavioral Health Care	Unit 9, Knoxville, 620 Cedar Lane, TN	US
S1-125283575	Preferred Boutique Partners	5430 Malibu Road, Unit UNIT B, Bascom, FL	US
S1-287421711	Routh, Romero and Giordano Jackson	7511 113, Dixon, CA	US
S1-706470778	Paniify LLC	8541 Palmetto Drive, Fl 0, Saint Louis, MO	US
S1-438921916	Liberty Bitcoin LLC	43 Bloomingdale Street, Chelsea, MA	US
S1-240954633	Chennai Retail Private Limited	6, 2A/2C, Ist Main Road Gandhi Nagar, Adyar, Chennai, Tamil Nadu	India
S1-470160068	Bhilai Trading Pvt Ltd	No 57A, 7Th Street Muthamizh Nagar, Kallikuppam, Ambattur, Tiruvallur, Chennai, Tamil Nadu	India
S1-938835724	Cancer Institute LLC	520 Davis Lake Road, Owenton, KY	US
S1-840002572	Rocha Village Inc	1602 Pratt Avenue, Huntsville, AL	US
S1-548093629	Cure Coffee	1750 Murphey Lane, Stockport, OH	US
S1-611239755	Yoshida & Lang	NC, Willard, 685 N Chubb Road	US
S1-704095958	Phulwari Bengal Private Limited	Bihar, Phulwari, Patna, Kedar Kunj Budha Colony, C/O Kamla Pandey F No 102	India
S1-446812794	Ghaziabad Support Private Limited	C/O Pawan Tiwari, S/O Ramesh Tiwari Kh Budh Vihar, Akbarpur, Behrampur, Ghaziabad, Uttar Pradesh	India
S1-53693056	Ysabel's Coffee	2222 Schuetz Road, Unit SUITE 103, Saint Louis, MO	US
S1-406803208	Smart Spdr	OH, 695 Gallia Pike, Ironton, Unit C	US
S1-784043495	Lucknow Clean Private Limited	9, Church Building, Lucknow, Uttar Pradesh	India
S1-557436300	Max Associates Private Limited	Unit-207, Twinarcade, Dwing, Militaryroad, Marol, Oppblosomsoc, Andheri(East), Mumbai, Mumbai City, Maharashtra	India
S1-897323038	Little Coffee Inc	IN, Fredericksburg, 11974 Cross Road	US
S1-507025912	Liex Zeo LLC	2735 Sweetwater Avenue, Unit 138, Phoenix, AZ	US
S1-471960571	Summit	715 Markham Place, Unit Unit 302, Corvallis, OR	US
S1-857259332	Tri-State Bright Metal Works Inc	1020 Sibley Boulevard, Calumet City, IL	US
S1-275392870	Rodriguez Peak Universal Inc.	8043 Peppercorn Street, Magnolia, TX	US
S1-525486545	Taraika Construction	7, Daulat Sagar Chsl, 1St Floor, Nehru Road, Santacruz E, Mumbai, Maharashtra	India
S1-336407927	Mosey Atlantic Flag PLLC	23 220th Trail, Upper Amana, IA	US
S1-732593254	Jain Ventures Private Limited	20/1, Taltola Bazar Street, Kolkata, Kolkata, Howrah, West Bengal	India
S1-219741337	Bombay Trading Pvt. Ltd.	Punjab, 1St Floor, Tdi South Ex-2, Sector-117, Mohali, Rupnagar, Kharar, Sco-477-478	India
S1-264578768	Perfect Food Private Limited	Uttar Pradesh, Meerut, Kanker Khera Meerut, H.N-C-69 Ark City, Meerut	India
S1-112620926	Ramirez Custom Premium Inc.	337 Montclair Tower Drive, St Charles, MO	US
S1-520162872	Creo Seva Samiti	156, Neb Valley Neb Sarai, New Delhi, Delhi	India
S1-249894015	Green Consultancy	331, Ashish Industrial Estate, Gokhale Road, Dadar (West), Mumbai, Maharashtra	India
S1-499765206	Behavioral Health Quality Associates LLC	2417 Executive Drive, Garland, TX	US
S1-907183944	Firefighters Local Union 973 LP	4302 Cider Barrel Court, Spotsylvania County, VA	US
S1-914225571	Suryansh Services Private Limited	Office 15, Pune, 3Rd Floor, Prime Rose, The Mall, Baner Road, Baner, Maharashtra, Pune	India
S1-45176074	Upper Marine Clinic	8845 Magna Main Street, Magna City, UT	US
S1-134563638	Foundation Shree Projects Private Limited	Shop No. 1, Ground Floor, Shiv Shakti Apprtment B/H Bahcharaji Mata Mandir, Ved Road, Surat, Gujarat	India
S1-423166854	TSK Piedmont Newbridge LLC	2035 Goldspring Lane, Spring, TX	US
S1-541398091	Apra Sciences (India) Private Limited	48, Park Area 4Th Floor, 10Th Cross Wilson Garden, Bangalore, Karnataka	India
S1-643727218	Raghav (India) Assignment Private Limited	40 Strand Road 2Nd Floorroom No 49, Kolkata, Calcutta, West Bengal	India
S1-751424747	Corinne Barraza, D.C.	1125 Edmond Road, Unit 12307, Edmond, OK	US
S1-456983616	Cascade Ventures	7135 Alleghany Street, Fauquier County, VA	US
S1-716299854	Kohl Integrated Auto Repair Inc	5106 Wilson Road, Unit 1308, Radcliff, KY	US
S1-191836097	Custom Trading Enterprises Inc	LA, 250 Beverly Drive, Baton Rouge City	US
S1-129170406	Peterson Delta Seas	7885 Tall Pines Court, Unit F, Glen Burnie, MD	US
S1-365257977	Harbor Great Systems LLC	23466 131st Avenue, Rogers, MN	US
S1-625936982	Cooper Alpha	33 Terry Lane, Fall River, MA	US
S1-958594191	Midwest Therapeutics L.L.C.	41 Cass Road, Rensselaerville, NY	US
S1-870202299	Bernstein Pipeline LLC	3801 Meridian Street, Unit APT 1302, Indianapolis, IN	US
S1-394796649	Cyndie Sexton, DDS	254 Addison Avenue, Chapel Hill, TN	US
S1-727449113	Tapasya Infotech Pvt Ltd	C/O Siddhartha Sankar Jana, Vill &P.O- Reapara, P.S-Nandigram, Purba Medinipur, Tamluk, Midnapore, West Bengal	India
S1-645389017	Select Education Corporation	3335 Halsted Street, Chicago, IL	US
S1-425014441	All Foundation Pvt Ltd	1020 Shelke Hospital Shivaji Nagar Tal Niphad Dist Nashik Pimpalgaon, Nashik, Maharashtra	India
S1-668007203	Builtech Sons Private Limited	47/23, 6Th Main Road, Nanganallur, Chennai, Tamil Nadu	India
S1-730336736	Grande (India) Estate	24/12, Iv Main Road, Gandhi Nagar, Adyar, Madras, Tamil Nadu	India
S1-612274952	New Life Ministries	VA, Rappahannock County, 12323 Grindstone Lane	US
S1-135479641	Pune Technologies Private Limited	Shikrapur Pune Nagar Road, Tal-Shirur, Pune, Maharashtra, Pune, G No-1416	India
S1-681499176	Super Galaxy Enterprises Private Limited	# 2-1-40/44, Plot No.44, Venkateswara Colony, Uppal Ring Road, Uppal, Hyderabad, Telangana	India
S1-491134687	Desert Bay Ellington, LLC	7 Patton Avenue, Unit 1603, Asheville, NC	US
S1-143101796	MB Servicesprivate	102/5 Anmol, Sir M. V. Road, Marol, Andheri (E), Mumbai, Maharashtra	India
S1-685910315	Ghaziabad India Private Limited	C-34, Ground Floor Rdc Rajnagar, Ghaziabad, Uttar Pradesh	India
S1-73016567	EW Pinnacle Metal LLC	132 Chelsea Street, Unit 38, Everett, MA	US
S1-367234810	Coastal Program Inc.	148 Leslie Lane, Shelby, OH	US
S1-913342539	Prairie Era, Inc	27 Anthem Street, Ranson, WV	US
S1-948653649	Shiva Eastern Business Private Limited	Opp Champa Lal Jain Ki Bagichi Udaipur Road, Beawar, Ajmer, Rajasthan	India
S1-516385146	Board of Parks and Recreation	496 Alexander Loop, Unit Unit 2204, Eugene, OR	US
S1-529463375	Christ Synagogue	9832 Old Field Drive, Mckinney, TX	US
S1-482830845	Silver Royal Petroleum	1323 41st Place, Unit APARTMENT  100, Tulsa, OK	US
S1-63077292	Memorial League II Inc	708 31st Street, Nederland, TX	US
S1-91731605	Golden Staffing Group Care	5521 Southfield Drive, Unit APT H, Saint Louis, MO	US
S1-960667861	Arihant Energy Private Limited	B - 16, Om Arcade ( Nandgopal ), Massjid Gally Bhawani Shankar Cross Road, Dadar (W), Mumbai, Maharashtra	India
S1-90304962	International Technology Private Limited	Thanamakua, Panchanantala, D. S. Lane, Bally Jagachha, Howrah, West Bengal	India
S1-974826860	Mega Servicesprivate Pvt Ltd	B-115, Vardhaman Complex Prmises Lbs Marg, ( Lal Bahadur Shastri Marg) Vik, Hroli West, Mumbai, Mumbai City, Maharashtra	India
S1-871655033	Geex Horizon Vernal LLC	221 Woods Avenue, Evansville, IN	US
S1-215044363	First Infrastructure Private Limited	Plot No. A- 781, T. T. C. Industrial Area Midc Khairane, Navi Mumbai, Khairane, Mumbai City, Maharashtra	India
S1-989848490	Yashika Technology Limited	P. No.13-A, F.No.301, Mahalaxmi Appt Anand Nagar, Nagpur, Maharashtra	India
S1-571211726	Satya Brothers Private Limited	Promoter E-137, Masjid Moth (G. Ki. - Iii), New Delhi, Delhi	India
S1-280244200	Neelkanth Minerals Pvt. Ltd.	Swami Narayan Nagar Soc., Plot No. 209-210, Surat City, Gujarat, Surat	India
S1-87132558	Infrastructure Marc Foods Limited	Kolkata, West Bengal, Howrah, Rajarhat(North 24 Pgs) Near Rajarhat Charmatha Industrial Area, Bhatenda Khalpar Khamar	India
S1-981385250	Gold Red Care Private Limited	Plot No. 5-242, Flat No. 303, Veda Residency, S.R.Naik Nagar, Jeedimetla, Hyderabad, Telangana	India
S1-65926801	Lequire, Morehead & Strickland	137 Petes Place Road, Mooresboro, NC	US
S1-581968154	Jai Educational Private Limited	Kolkata, Hindusthan Park 1St Floor, Kolkata, Howrah, West Bengal, 59/1B	India
S1-274437184	Drummond & Thomas Metals Associates	1961 Chain Bridge Road, Unit MALL G6L, Fairfax County, VA	US
S1-873072744	Granada Resource Pvt Ltd	E-10, Marudhar Industrial Area, Phase Ii, Basni, Jodhpur, Rajasthan	India
S1-936349268	Smart Big Finance Private Limited	Mumbai, 134 Ab, Maharashtra, Mumbai City, Government Industrial Estate, Charkop, Kandivali (West)	India
S1-956410967	Urban Tattoo	307 Wisconsin Street, Atwood, IL	US
S1-805963179	Janene Betcher Irenic	7928 Green Lane, Cheltenham Township, PA	US
S1-609523077	Amodeo Championsgate of Asheville	48 Dover Street, Asheville, NC	US
S1-237680970	Brandon Cal Inc	3706 South Drive, Fort Wayne, IN	US
S1-582557163	Rk & Sons	1736 Gandharav City Shirur Pune Ranjangaon Ganpati, Pune, Maharashtra	India
S1-780808579	Kolkata Sports Private Limited	P-1, Block - D Bangur Avenue, Kolkata, Howrah, West Bengal	India
S1-173618924	Total Wholesale International	348 Heber Cove, Grantsville, UT	US
S1-691395660	Shivam Investment Pvt Ltd	Calcutta, 10 Clive Road, West Bengal, Kolkata	India
S1-227103117	Barcena Braves	IL, 32W 874 Hecker Drive, East Dundee	US
S1-534445545	Nichols Continental Third	23175 Joseph Lane, Harbeson, DE	US
S1-947527198	V 2 Reliable Perfect Inc.	3802 Sunrise Way, Louisville, KY	US
S1-182409104	Melgar Animal Hospital, LLC	436 27, Redfield, NY	US
S1-986321961	Zuniga, Youngblood & Dawson L.L.C.	10172 Dedham Drive, Unit CONDO, Indianapolis, IN	US
S1-439552946	Hawkins Superior Research L.L.C.	999 Walter Steph Road, Unit Storage Unit S8, Midlothian, TX	US
S1-920345268	Pan Group	21 A Keshav Kunj Pratap Nagar, Agra, Uttar Pradesh	India
S1-166888316	Triace Trust	Maharashtra, Mumbai City, Mumbai, Kalpataru Aura Bldg No.3B Phase Ii Ghatkopar(W), Cts No.168A Etc, L, Bs Marg, B/194	India
S1-423474406	Parr, Ema, MD	214 Bozarth Avenue, Woodland, WA	US
S1-483655307	Education Coalition Center	Sawmills, 4006 Wilmas Place, NC	US
S1-370361963	Pediatric Partners	1219 Almdale Drive, Fort Wayne, IN	US
S1-833861796	Great Charities	4376 Linchmere Drive, Clayton, OH	US
S1-375023021	Lentz & Wilkerson Tge, LLC	2314 4th Avenue, Port Angeles, WA	US
S1-3115465	Blair Premier Space	2502 Cr 123, Liverpool, TX	US
S1-298601518	Midwest Colonial Earth LLC	4908 Sleepy Falls Run, Knightdale, NC	US
S1-174481657	Bangalore Travels Pvt Ltd	Flat - D1051, Assetz 63 Degree East, 69/1, 69/2, 69/3 Kodathi Village, Varthur H, Obli, Bangalore, Karnataka, Bangalore	India
S1-421761649	Vision Associates	133 Private Road 3135, Clarksville, AR	US
S1-212173930	Anderson Immunopharma Inc	1300 Pleasant Valley Road, Unit 19, Oxnard, CA	US
S1-238221617	Urology Care Associates Inc	344 Crawford Drive, Salisbury, NC	US
S1-916721197	National Society LLC	59 Circle 2, Shelby, AL	US
S1-80447222	Colaba Constructions Pvt Ltd	16, Sasoon Dock, Colaba, Mumbai, Maharashtra	India
S1-477777196	Heritage Premium Group	9786 Old Oregon Trail, Redding, CA	US
S1-373826779	Barron's Group	1144 Lock 4 Road, Unit E4, Gallatin, TN	US
S1-416962303	Peer Hotels-Kolkata	Park Street 1St Floor, Kolkata, 75-C, Kolkata, West Bengal, Howrah	India
S1-433787666	Lake Havasu City Heritage Alliance	1887 Nugget Place, Lake Havasu City, AZ	US
S1-266755469	Star Estate Private Limited	Fl No 18, Sudarshan, Residency, Mogalwadi, Khopoli, Raigarh(Mh), Maharashtra	India
S1-492351786	Children's Program	719 North Street, Steubenville, OH	US
S1-884973456	Painters Union Local No 701 LLC	8700 Laurel Canyon Road, Irving, TX	US
S1-297403689	Advanced Colonial Soren LLC	1514 Strickland Drive, Orange, TX	US
S1-872681502	Maa Care Private Limited	04Th Floor Noble Enclave Near Bhai Wala Chowk, Ludhiana, Punjab	India
S1-804940741	Vanguard Defense Networks Inc	Evansville, 1950 Indian Mounds Boulevard, IN	US
S1-312002673	Gautam Buddha Nagar Ventures Pvt Ltd	Gautam Buddha Nagar, Uttar Pradesh, Gautam Buddha Nagar, Unit No. T3 430/431 Block T3, Plot No 11, Golden-I, Tech Zone- Iv Greaternoida West	India
S1-500952885	Anjaniputra Cables Private Limited	3/92B, Chennai, Tamil Nadu, Kancheepuram, Pada Salai Street Vettuvankeni	India
S1-437138864	Way Smart Culture	5043 Paulina Street, Chicago, IL	US
S1-163958979	Synergy Fitness Limited	4/21D, Main Road Colachel, Colachel B, Kalku;Lam, Agastheeswaram, Tamil Nadu, Kanyakumari	India
S1-347196991	Seven Red Systems Private Limited	P No 19, Shed No. 1, Nisarg Ind Estate, Bhavnagar, Gujarat	India
S1-544670077	Fresh Cleaning Service Corp	1741 Dennis Austin Lane, Indian Trail, NC	US
S1-827753996	Properties White Hospitality Private Limited	H.No.2911, Devnagar, Talaabshahi, Chhata, Mathura, Uttar Pradesh	India
S1-891397050	Paa Assets, LLC	109 County Rd 146, Riceville, TN	US
S1-220659543	Silver Energy Laboratories Corp	4128 Masonboro Loop Road, Wilmington, NC	US
S1-433634784	Bombay All Power Private Limited	Plot No. 33A, New No.B689, Mahavir Enclave Part-3, New Delhi, West Delhi, Delhi	India
S1-218291303	Green & Co	Shop No 51, Huda Shopping Complex Vikas S/O Rajbir Singh, Gohana, Sonepat, Haryana	India
S1-291816410	Christensen Acquisitions LLC	Chicago, 66 114th Place, IL	US
S1-680097133	Atlantic Granite L.L.C.	17 Starks Place, Lynbrook, NY	US
S1-448593786	Classic Global Private Limited	Fl-B/503, Shree Punit Devel, Plot-C69, Sector-21, Kharghar, Mumbai, Mumbai City, Maharashtra	India
S1-301747187	First Printing Associates	3355 Tullahoma Highway, TN, Winchester	US
S1-943107925	Products Basil Packaging Limited	12A/A, Ek Siddhi Chs, Behin, Pratap Theatre, Kolbad Rd, Thane, Maharashtra	India
S1-853686902	Gomez Petroleum	2883 Grand Avenue, Los Olivos, CA	US
S1-317205566	Oconnor Surgical LLC	120 Edgeway Drive, Unit #248, Hillsboro, OR	US
S1-960011777	Allied Fifth	13626 19th Avenue, Unit A, Marysville, WA	US
S1-963420327	Vision Blue Care Associates LLC	3503 Lost Village Lane, Tucson, AZ	US
S1-845378456	Elise's Capital Contracting	AR, Bentonville, 3202 Alberta Street	US
S1-481261727	Gasavue P.C.	1827 Nagle Avenue, Chicago, IL	US
S1-393273162	Galaxy Marketing Private Limited	Tamil Nadu, Chennai, 6Thfloor, Eachamber Tower2, 49/50L, Whites Road	India
S1-876338249	Urgent Care Group	1060 Showalter Drive, Unit APT 211, Montgomery County, VA	US
S1-140041669	Perfect Al International Private Limited	Mumbai, Maharashtra, 2Nd Floor, Link Square Mall, Opp Kfc, Linking Road, Bandra West, Mumbai City, S2	India
S1-428715601	Ora Dudley Ace Aldel	VT, 75 Floating Acres Place, Rutland Town	US
S1-203647690	Levine, Perez and Shade Co	100 Caswell Beach Road, Unit 37, Oak Island, NC	US
S1-128619019	Amazon Hospital	No. 10, Nandini Enclave, 2Nd A Main Road Kalpana Chawla Road, Rmv 2Nd Stage, Bengaluru, Bangalore, Karnataka	India
S1-352266466	Real Institute of Technology Ltd	Bldg5- 105 Sundar Sarovar Chs, Mira Bhaindar Road Near Silver Park, Thane, Mumbai, Thane, Maharashtra	India
S1-485764583	Central & Sons Private Limited	1168/F, 18Th C Main, 5Th Blockrajajainagar Bangalore-10, Bangalore, Karnataka	India
S1-935253319	Bright Producer Private Limited	New Delhi, 79 Sukhdev Vihar, Delhi, Mathura Road	India
S1-854741040	South Hyperliquid Inc	1966 Gondert Avenue, Dayton, OH	US
S1-37668092	Laxmi Developers Private Limited	Unit Ii, A/1, M.I.D.C. Phase Ii, Near Aayapa Temple, Dombivli East, Dombivli, Thane, Maharashtra	India
S1-613247103	Grand World LLC	138 Haley Street, Watertown, NY	US
S1-790869588	Advanced & Brothers Limited	Pl No 8Ab Sr No 70A/1615, Near Kasture Floor Mill, Dindori, Nashik, Maharashtra	India
S1-57064761	Industries Yuvi Industries Pvt. Ltd.	5/704, 2Nd Floor, Penta Plaza, North Paravur Ernakulam, Kerala, North Parvur, Ernakulam, Kerala	India
S1-732692237	Shay Dickinson Farms Associates	VA, Sussex County, 7221 Baxter Road	US
S1-390565888	Dermatology Medicine LLC	305 9th Street, Abilene, KS	US
S1-45214704	Chojnacki Value Blockchain L.L.C.	1817 Cindylee Lane, Anchorage, AK	US
S1-631156686	Colonial Interests	San Manuel, AZ, 113 Park Place	US
S1-344599098	Royal Custom Automobile LLC	3101 Limekiln Street, City Of Madison, WI	US
S1-18354297	Albeli Business (India) LLP	Karnataka, Sri Ramamandhira Road, Ravindra Nagar Near Pwd Quarters, Hassan, House No. Rhs 01	India
S1-797416216	Ha, Black and Duffey Care	2231 Javelina Avenue, Mesa, AZ	US
S1-894777407	Indian Properties Private Limited	H.No.1-2-597/36To41 &42, Flat.No.101, C-Block, Svss Sankalp Apts, Opp: Ramakrishna Mutt, Lowe, Rtank Bund, Hyderabad, Telangana	India
S1-467955745	Saffron Laxmi LLP	East Delhi, A-257/3 Sonia Vihar, Delhi, New Delhi	India
S1-644777362	Autism Assistance Committee III Inc.	60 Abbott Mobile Home Park Dr, Craig County, VA	US
S1-338426231	Indo Constructions Pvt Ltd	11/1, West Patel Nagar, New Delhi, West Delhi, Delhi	India
S1-135304088	Sheesh (India) Constructions Ltd	Lucknow, Kamlabad Badhauli, 01 Village, Uttar Pradesh	India
S1-166534625	Pediatric Clinic	AZ, 333 May Avenue, Yuma	US
S1-989175138	Harris and Scott, LLC	20 Woodstock Circle, Lower Providence Township, PA	US
S1-107383974	Bingham & Mckinnie LLC	14775 Eagle Drive, Douds, IA	US
S1-216048208	Trinity Baptist Church	1907 Adams Street, Marion, IN	US
S1-537814779	Surgical Center Associates	422 Central Avenue, Unit Apartment 206, Dunkirk, NY	US
S1-218649150	Valley Holding Company Inc	1242 White Lake Drive, Duluth, MN	US
S1-481321448	Fudge, Shaw and Warren	NY, 90 Saratoga Avenue, Rochester	US
S1-277858720	Mumbai Factors LLP	A/201, Sonam Akash Chs Ltd., New Golden Nest Phase Viii-A-Al-B, Near C, Anara Bank, Mumbai, Thane, Maharashtra	India
S1-311149134	Nunez's Consultants	720 Eagles Landing Way, Knoxville, TN	US
S1-270399102	Laxmi Galaxy Constructions Private Limited	701, Pride Purple Accord, Next To Hotel Mahabaleshwar, Haveli, Pune, Maharashtra	India
S1-296186247	Megasoft Clearing LLP	90/38, Flat No:2, First Floor 2/38 Yogendra Nath Pathak Road, Yadunath Sanya, L Ward, Lucknow, Uttar Pradesh	India
S1-342775515	Metropolitan Council LLC	MA, 316 Brookside Circle, Northampton	US
S1-127703824	LQH Rare LLC	3249 140th Avenue E, Tulsa, OK	US
S1-952246830	Richardson Grading	304 8th Street, Herington, KS	US
S1-992423639	Womens Health Medicine P.C.	200 Crestview Drive, OR, Newberg	US
S1-357834171	Family Custom Partners Inc	9150 Winchester Avenue, IL, Chicago	US
S1-79770868	Serrano's Yoga LLC	1303 Marsh Road, Perinton, NY	US
S1-738610280	Lyndon Barclays Inc	2112 Millside Dr, Lyndon, KY	US
S1-2495080	Value Cloud Systems LLC	Lake Stevens, WA, 10615 Vernon Road	US
S1-309589492	Rev It Up Pub	5800 White Avenue, Cleveland, OH	US
S1-236923676	Zephyr Bread LLC	901 Kilarney Drive, Spotsylvania County, VA	US
S1-725610903	Snead and Brazier International	103 River Park Cove, Georgetown, TX	US
S1-15870224	Kay & Co	14-4-270/272 4Th Floor Joshiwadi Multanipura Deepa Hospital Lane Begum Ba, Zar, Hyderabad, Telangana	India
S1-387520414	Family Center Inc.	TN, 3660 Blue Spring Road, Decherd	US
S1-183192436	Ugarte's Property Solutions	17715 Ridgeland Avenue, Tinley Park, IL	US
S1-299197145	Creative Environmental Networks LP	Carver, MN, 129 Highland Drive	US
S1-824165535	International Consulting Private Limited	5-Cc, 11Nd Floor Additional Mandi, Sirsa, Haryana	India
S1-544184189	Super Estate Limited	Shop In H No- 557, G/F Post Office Wali Gali, Bijwasan, New Delhi, South West Delhi, Delhi	India
S1-930328358	Valley Trust	5288 725 E, Straughn, IN	US
S1-409620469	Sai Life Marketing Pvt Ltd	House No: 2446 Sector - 8, Faridabad, Haryana	India
S1-273764547	Route 21 Book Store LLC	786 Mount Auburn Street, Watertown, MA	US
S1-629529601	Spriggs Innovative Pampa Inc	7851 415, Avoca, NY	US
S1-65767242	ETM Legacy Semiconductor Inc	5778 Tilghman Island Road, Tilghman, MD	US
S1-87246282	Peak Anchor Dime L.L.C.	1 Diana Trail, Staten Island, NY	US
S1-322955844	Supreme Systems Private Limited	No 116/6 1St Floor 11Th, Cross Near Union Bank, Bangalore North, Bangalore, Karnataka	India
S1-118274244	All Infrastructure Private Limited	Maharashtra, Mumbai, 4304, Kohinoor Square B, N C Kelkar Marg, Opp Shivsena Bhavan, Dadar(West), Plot No. 46	India
S1-272820285	Brand Seva Samiti	2/339, Deoria, Uttar Pradesh, Deoria, Behind- Heidel Ramnath Deoria (South)	India
S1-138544820	4786 Fourth Street Owners Corp	59 Hidden Knolls Circle, Monroe, CT	US
S1-667383610	Keystone Cartesian LLC	89 Echo Lake Drive W, Mooresville, IN	US
S1-878867489	Veis LLC	103 Matte Lane, Havre De Grace, MD	US
S1-686576487	Life Producer Private Limited	Plot No. 22, Flat No. 6, Dhup Chawn Apartment, Ii Floor, Dhuleshwar Garden, C-Scheme, Jaipur, Rajasthan	India
S1-339763598	Chavez, Gallaher and Phillip High Inc.	1009 Buckingham Street, Toledo, OH	US
S1-690234755	Paus Art LLC	4599 150, Kokomo, IN	US
S1-22418738	Smart Power Private Limited	Shop No.5, Building No. 7, Ruby Trade Centre, Kohinoor Road, Varachha, Surat, Gujarat	India
S1-344199361	Ward Superior Pbc LLC	26914 93rd Street, Buckman, MN	US
S1-74567168	Castine's Massage	111 Mariners Circle, Unit APT H, Sheffield Lake, OH	US
S1-389541294	Peak Learning Digital LLC	291 Ocotillo Road, Unit 13, Chandler, AZ	US
S1-729440024	City Dream Products Private Limited	Shop No. 308, Plot No. 2, Sector-5 Aggareal Tower, Mlu Plaza, Dwarka, Delhi, South West Delhi, Delhi	India
S1-438710321	Gujarat Constructions Private Limited	328 Sobo Center, South Bopal, Bopal, Ahmedabad, Gujarat	India
S1-149555724	Northern Futurecrest LP	1436 66th Avenue, Sacramento, CA	US
S1-210103	Dream Marketing Private Limited	3Rd Floor Block B, Nanhey Park, Uttam Nagar, Newdelhi, Delhi, 160 B, West Delhi	India
S1-103368644	Ventures Eminence Horizons	Delhi, C-9/35, Sector-8, Opp.Saroj Hospital, Delhi, Rohini	India
S1-55323399	Cindy Clouse, CPA	2149 Camber Drive, Gastonia, NC	US
S1-104032348	Kailashdham (India) Services Limited	House No. 14 Bilaunji Near Sachi Dairy Waidhan Singrauli, Singrauli, Madhya Pradesh	India
S1-289894607	Steel Technologies Private Limited	Maharashtra, Pune, 261 Rasta Peth Opp K E Mhospital	India
S1-642936922	Darsie's Total Tire Shop	20771 Thompson Terrace, Fairview, OR	US
S1-734700559	Reese & White Liberty	2809 York Street, Springfield, OH	US
S1-399355584	Ace Consultants Private Limited	Lucknow, Kamla Nehru Nagar Vikas Nagar, C - 24, Uttar Pradesh	India
S1-364845786	Global Animal Hospital	4720 52, Jeffersonville, NY	US
S1-3328182	N/Y Pelican Inc	Paducah, KY, 415 College Avenue	US
S1-392292037	Caro Coastal Hills, LLC	6519 133rd Street, Savage, MN	US
S1-438990873	Douglas Technologies LLC	1304 Lake Drive, Newport News City, VA	US
S1-147809995	Womens Health Care of Bentonville LLC	AR, 3800 8th Street, Bentonville	US
S1-139467125	Gori Law Chambers Clinic	4, Humayun Palace, Near New Market Shreeram Arcade, Shop No- 209, Ground Flo, Or, Kolkata, Howrah, West Bengal	India
S1-157850189	Jarlari Highview, LLC	26650 42nd Street, AZ, Phoenix	US
S1-962548459	South Investment Private Limited	House No. 18 & 19, Ground Floor, Blk-A Pkt-3, Sec-16, Near Ryan School, Rohini, North West, Delhi	India
S1-729280916	Arjun Projects Private Limited	New Delhi, Delhi, Office No 1A, 2, 3, 6, 7-A, 2Nd Floor, Indure House, Savitri Cinema Complex Greater Kailash -2, New Delhi, South Delhi	India
S1-906212809	First It Private Limited	8Th Floor, Plot No. A-42/6 Pinnacle Tower, Sector-62, Uttar Pradesh, Noida, Office No. 802, Gautam Buddha Nagar	India
S1-310591042	TQC Oneim	567 Brunswick Road, Brunswick, NY	US
S1-647580999	Highland Better Advanced LLC	OH, Unit 16, Akron, 4450 Rex Lake Drive	US
S1-739889681	Grand Vanguard Electronics LLC	531 River Island Road, NC, New Bern	US
S1-21743185	Leon Johnson, Inc	13739 Kingsride Lane, Houston, TX	US
S1-493667845	Arihant India Private Limited	Karnataka, Unit 101Oxfordtowers 139, Bangalore North, Bangalore, 88Old Airportrd Kodihalli	India
S1-999609363	Ballard & Franklin	15 Wayne Avenue, Ticonderoga, NY	US
S1-162380539	Buloum	119 Hickory Hollow Place, Bldg F, Nashville, TN	US
S1-990028705	Urban Urban Energy Private Limited	C/O Manish Kumar Dubey Ba, Uttar Pradesh, Varanasi, Vanranasi, Batpur Vns Sheonath Dubey	India
S1-788305388	RX Bancshares LLC	2177 Mcqueen Road, Unit 3029, Chandler, AZ	US
S1-664823586	Al Shakti Foods Pvt Ltd	No.949, Village Padam, Roha Raigad, Roha, Raigarh(Mh), Maharashtra	India
S1-42253557	Sewell Institute of Technology	2372 Statesville Boulevard, Unit 309, Salisbury, NC	US
S1-520202543	Cascade Valley Education	4815 Taylorsville Road, Huber Heights, OH	US
S1-453460275	Sunrise Brothers Private Limited	E-707, Livingston, Ghaziabad, Ghaziabad, Uttar Pradesh	India
S1-730748742	Madhubani Agro Pvt. Ltd.	Malmal Kaluahi, Madhubani, Bihar	India
S1-955381791	National Technical Solutions LLC	7736 Barker Woods Cove, Bartlett, TN	US
S1-822152683	Human Rights Association	108 Lexington Avenue, Asheville, NC	US
S1-113045140	Royal Impex Private Limited	No 60, Rajiv Gandhi Road, Old Mahabalipuram Road, Kanchipuram, Tamil Nadu	India
S1-407628305	Shiva Estate Private Limited	526 Fie Patparganj, New Delhi, East Delhi, Delhi	India
S1-474767604	Prime Projects	8-6-113/149/P, Fci Colony Phase Ii, Behind Radio Station, Vanasthalipuram Ra, Ngareddy, Hyderabad, Telangana	India
S1-726523808	Harbor Medical Center	2334 River Run Trace, Bldg 6, Columbus, OH	US
S1-792898805	Pune City Fresh LLP	Fl-8 Silver Birch S Ngr, Model Colony, Shivaji Ngr, Pune City, Pune, Maharashtra	India
S1-390107855	Jaunpur India Limited	C/O Usha Misra 244A, Jaunpur, Uttar Pradesh	India
S1-616625104	Lilyan Vang Chile Group	116 Theresa Drive, Stafford County, VA	US
S1-925671885	QX Atlanticus, LLC	6852 Baker Road, Somerville, OH	US
S1-877392128	Dynamic Constructions Private Limited	Gat No343/344/345/346/347, Plot No 271 At Post Varve, Bhor, Pune, Maharashtra	India
S1-500285593	Meridian Cannabis LLC	8837 Luella Avenue, Chicago, IL	US
S1-608854391	Vaayuita Technology Ltd	H No 4397, Karanja, Near Dronagiri Highscho, Uran, Raigarh(Mh), Maharashtra	India
S1-149735676	Universal Technology LLP	Gat No91, Near Water Tank, Hatkanangle, Kolhapur, Shirol, Kolhapur, Maharashtra	India
S1-499533142	Shivam Media Private Limited	H. No. 58/295 F/3/2 A/1, Ayodhya Kunj A, Kheria Mo, Agra, Uttar Pradesh	India
S1-473155706	Advent (India) Travel Private Limited	C/O Vijay Mahto, Bhediharwa, Sikta, Sugaha Bhawanipur, Bettiah, West Champaran, Bihar	India
S1-885826236	Urban Builders Private Limited	21 Gauri Kunj, Gailana Road, Agra, Uttar Pradesh	India
S1-198232087	WO Automobile, LLC	NY, Greenburgh, 212 Woodland Hills Road	US
S1-390560375	Pierce Marshall Corp	N2369 Trails End Road, Town Of West Point, WI	US
S1-434856172	Kaveresh Metal Private Limited	C/O Pawan Kumar, Om Vatika Bhulla Ka Bas, Alwar, Rajasthan	India
S1-152131364	Unique Developers Private Limited	F- 247, Sarita Vihar, New Delhi, Delhi	India
S1-536619693	Gulf Efes LLC	Reynoldsburg, OH, 7362 Wollam Avenue	US
S1-352456540	Pioneer Prime Studios P.C.	1915 Cowden Avenue, Memphis, TN	US
S1-497265204	Evergreen (India) Aqua Private Limited	5/352G, Rajiv Gandhi Nagar Ponnupillai Thoppu, Annupanadi, Madurai, Tamil Nadu	India
S1-437982394	Surgical Capital Associates Inc	105 Wilbern Street, Runge, TX	US
S1-569017113	Kochi Technologies Limited	Kerala, Ground Floor, Building No. A-35, Gs Business Park, Kalamassery, Ernakulam, Kochi	India
S1-828861332	Foundation Bombay Solutions Private Limited	306A-307 C-58 Shahpuri Tirath Singh Tower Janakpuri New Delhi, Delhi, West Delhi, Delhi	India
S1-630977954	City Ventures	Unit No. 116, Mittal Industrial Estate, Sir M Vasanji Road, Andheri East, Mumbai, Mumbai City, Maharashtra	India
S1-693005947	Space Brothers Private Limited	Plot 240 Kalapanchan, Madhibrahmapur Po Nuapatana, Puri, Orissa	India
S1-8409795	Foster Clean Entertainment	3817 Rustic Forest Trail, Arlington, TX	US
S1-152184008	RYE Prefab Private Limited	K E-15, Kamla Nagar, Agra, Uttar Pradesh	India
S1-445865018	Glaspie Partners Inc.	7140 Winery Lane, Charlotte, NC	US
S1-208591535	Vadodara Logistics Private Limited	205, Blue Bell Complex, Atmajyoti Ashram Road, Ellora Park, Vadodara, Gujarat	India
S1-47086699	Nelson Futurecrest	718 Valley View Road, Benton, AR	US
S1-530335720	C+ Village LLC	7850 Split Oak Drive, Houston, TX	US
S1-634417882	Adams Veterinary Clinic	18W 70 Willow Lane, Darien, IL	US
S1-815033106	Newton Btc LLC	2030 Paisley Drive, Haw River, NC	US
S1-894693116	Vision Hitech Hospitality	Gandhinagar, Gujarat, Keshav Park Society, At & Post- Vavol, Gandhinagar, Gandhi Nagar, Plot No-116	India
S1-556223533	Hinds Orange	18724 Burlingame Road, Little Rock, AR	US
S1-95989201	Magic International School	H No 3-5-45/6/A, Shiva Nagar, Hyderguda, Hyderabad, Telangana	India
S1-174567819	Ram Digital Food Private Limited	Room No. 308, 3Rd Floor, Sai Chambers, Plot No.44, Sector-11, C.B.D Belapur, Navi Mumbai, Thane, Maharashtra	India
S1-737732833	Mountain Tokyo	MO, 10671 Foxpath Drive, Saint Louis, Fl 0	US
S1-674250113	Lower Total Ngl LLC	7016 187th Place, Lynnwood, WA	US
S1-742432241	Dede Luse Planet	2040 32nd Street, Baltimore, MD	US
S1-501028688	Zeia Pet Care	172 Central Avenue, Lancaster, NY	US
S1-302115041	Interfaith Coalition, Inc	IA, Unit Apt 9100, West Des Moines, 6409 Vista Drive	US
S1-816231976	Ironworkers Local Union 45	3384 Sable Avenue, Apache Junction, AZ	US
S1-313747196	Morgantown Youth Association	544 Progress Drive, Unit 1, Morgantown, WV	US
S1-151345831	Deteify Insight LLC	5122 Shea Boulevard, Unit 1009, Phoenix, AZ	US
S1-595184763	Direct Taxable LLC	48 Feeder Dam Road, NY, Moreau	US
S1-83253723	Digital Infrastructure	Alapur, Kabirpurbhori, C/O Malti Devi, Ambedkar Nagar, Uttar Pradesh	India
S1-425693640	Nofloex LP	8197 Thomas Nelson Highway, Nelson County, VA	US
S1-748581494	Miahat Telecommunication Private Limited	C/O.Mazharul Gous. Vill., Rashidpur Mihahat H C Pur, Miahat, Malda, West Bengal	India
S1-12787662	Pinnacle Stores, LLC	2208 Pintail Street, Stillwater, OK	US
S1-496813687	Padidyne Capital LLC	96 Windy Hill Lane, NC, Newland	US
S1-165389484	Lakshmi Food Limited	Jhaver Plaza, 2Nd Floor 1A Nungambakkam High Road, Chennai, Tamil Nadu	India
S1-233288110	Marwa Counsel (India) Private Limited	Door No.62/6871, Shop No.A11, 4Th Floor, Jos Annexe Building, Jos Junction, M.G.R, Oad, Cochin, Ernakulam, Kerala	India
S1-366333864	Crystal Banco	Nashville, TN, 3115 Belwood Street	US
S1-172085822	Barker Metals LLC	2177 Crawford Street, Terre Haute, IN	US
S1-382323403	Josephina Mcbride Integrated Boutique	60520 Elkai Woods Drive, Bend, OR	US
S1-706810594	DE Land	MO, Kansas City, 700 Meyer Boulevard	US
S1-827165128	Y R Tapp Atlanticus Inc	205 Tegner Street, El Campo, TX	US
S1-734305079	Vannostrand Corporation	MO, Cedar Hill, 6544 Jenny Court	US
S1-538433360	Pediatric Dentistry Reliable Health Inc	2790 Tanner Ranch Road, San Tan Valley, AZ	US
S1-241223701	Askew and Roden Inc	52 Sarah Circle, Ogden, NY	US
S1-341819157	Star My Technologies Limited	Plot No. 13, Sucheta Gruhnirman Sahakari Santha, Panjari, Nagpur Rural, Nagpur, Maharashtra	India
S1-427205455	YG Research Ltd	52 Shyam Nagar, Main Sukhliya, Indore, Madhya Pradesh	India
S1-721533377	Vahey Signature Vornado Inc	405 Crabapple Court, La Plata, MD	US
S1-989308378	Technology Chemicals Limited	404, Naurang Hosue, 21 K G Marg Connaught Place, New Delhi, Central Delhi, Delhi	India
S1-210279942	Fortune Developers	Vijay Tower, 1St Floor, Flat No 103, Sector 21, Nerul(E), Navi Mumbai., Navi Mumbai, Thane, Maharashtra	India
S1-44006423	6-Legged Dog	87 Lamberts Lane, Cohasset, MA	US
S1-642985594	Primary Care Physicians	111 Carson Boulevard, Unit 1810, Charlotte, NC	US
S1-180226405	Great Star Energy Private Limited	D-3/168, Chitrakoot Marg, Sector-3, Ajmer Road, Jaipur, Rajasthan	India
S1-600695183	Board of Public Works	3 Lilac Avenue, Unit APARTMENT 118, Fox Lake, IL	US
S1-847622468	Shyam Foods Pvt Ltd	Faridabad, Sector 15, Haryana, Faridabad, 509	India
S1-699856726	Cunningham Braves Inc.	2715 Colony Park Drive, Sugar Land, TX	US
S1-992698961	Tirupati Food	Nellimoottil House Kozhencherry East Po, Kozhencherry, Pathanamthitta, Kerala	India
S1-88607992	Robards Animal Hospital	8005 Woodgate Court, Unit APARTMENT A, Windsor Mill, MD	US
S1-530880161	Cure Auto Body LLC	Everett, Unit 3248, WA, 1318 37th Street	US
S1-257838651	Intercity Traders Limited	Plot No 7, Bodhare Layout, Pipla Besa Road, Opp. Ensara City Gate, Nagpur, Maharashtra	India
S1-348524337	Darwin Infoway Private Limited	K Vasu S/O Late P Kondappa, No.1772, Chowdeshwari Layout, Yelahanka Old Town, Bangalore, Karnataka	India
S1-888963099	Hall Utility	11231 Swallow Street, Coon Rapids, MN	US
S1-377833505	Daleon Optimal Century Inc	3737 Schneider Road, Toledo, OH	US
S1-14729109	Johnson, Nellie, P.A.	10050 Baldwin Street, Rosedale, IN	US
S1-169762809	K O Abraham Sim Inc	1824 Tamworth Drive, Charlotte, NC	US
S1-671260881	Trident Tradelink Private Limited	H.B.R. Complex, 328/12, 14Th Cross, 2Nd Block, Jayanagar, Bangalore, Karnataka	India
S1-827391415	Hp Public School	612, Goyal Trade Centre, Shantivan, Borivali (East), Mumbai, Mumbai City, Maharashtra	India
S1-300361821	Vikrant Solutions LLP	H. No. 612, Pragati Nagar, Kotra, Ajmer, Rajasthan	India
S1-806738880	SL Twin LLC	743 Caspian Lane, Fl 0, Saint Louis, MO	US
S1-318824906	Wright Automotive, LLC	14804 Sea Holly Court, Fort Wayne, IN	US
S1-14297216	Ram Exports Private Limited	4 Gf Mig Pocket 11B, Sector-23 Rohini, New Delhi, West Delhi, Delhi	India
S1-777470596	Carry Welfare Society	C/O Rakeshkumar Solanki, B-902, Parmeshwar Trident, Ahmedabad City, Ahmedabad, Gujarat	India
S1-201156953	CSV Retail	Washington, 109 Urell Place, DC	US
S1-101382761	Electricians Union Local No 871	12502 Adobe Alley, Beltsville, MD	US
S1-837747575	Riegel Estate Inc	2746 Borkshire Lane, Aurora, IL	US
S1-273128090	Ess Cargo Corporation	Room No.37/170-A, First Floor A. K .Towers, South Kalamassery Post, Kanayannur, Ernakulam, Kerala	India
S1-798987490	Software Shree Works Ltd	Iswarpur, Tantigeria P.O. Midnapore, Midnapore, West Bengal	India
S1-651717089	Georgianna's Precision Ice Cream	NY, 20 Village Park Drive, Fishkill, Unit Unit 2A	US
S1-215206370	Tee Management (India) of Hyderabad	8-2-575/R/3B, 3Rd Floor Naths Reliance Kutir, Road No, 7, Banjar, A Hills, Hyderabad, Telangana	India
S1-965212275	Chamatkar Linens Private Limited	Plot No. 39, C32, Govandi, Nr Tamire Millat Masjid, Mumbai, Maharashtra	India
S1-656768331	Royal Electronics Innovations LLC	UT, Unit 1403, Draper City (sl Co), 13521 Park Presidio Way	US
S1-390661084	Helping Style Private Limited	Unit No-901-902 9Th Floor Tower-C, Gurgaon, Haryana, Gurgaon, Unitech Business Zone Sector-50 Nirvana Country	India
S1-288399879	Real Properties Limited	Patna, Khagaul More, Behind Sbbj Bank Danapur, Bihar, Saguna More, Patna	India
S1-785610559	Jai Investments Private Limited	38/B, 18Th Main, 18Th Cross Sector -3, Hsr Layout, Bangalore South, Bangalore, Karnataka	India
S1-46356564	Pinnacle Wireless Corporation	Fayetteville, Unit Apt 107, AR, 1649 Conway Place	US
S1-672023519	Renew Engineers Private Limited	Ghaziabad, 1054, Sector-3 Vasundhra, Uttar Pradesh, Ghaziabad	India
S1-147707558	Duro Foods Private Limited	Inox Group, 612-618, Narain Manzil, 6Th Floor, 23, Barakhamba Road, New Delhi., Delhi	India
S1-100468553	OCR Entertainmentprivate Private Limited	F-3/34, Krishna Nagar, Shahdara, Delhi	India
S1-587373462	Sherry Libman Municipal LLC	17313 Devall Road, Spencerville, IN	US
S1-850725985	Faclarify Patriot Lodging, LLC	5712 35th Street, Omaha, NE	US
S1-28568031	Silver Social (India) Private Limited	Ff-6 Pink Buildingmangal Bazar Laxmi Nagar, New Delhi, East Delhi, Delhi	India
S1-668154377	Sunita (India) Consultants Pvt Ltd	B-30, Kendriya Vihar Sector 51, Noida, Noida, Gautam Buddha Nagar, Uttar Pradesh	India
S1-552722672	New Delhi Global Private Limited	Flat No. 205, Pocket-D, Sector-7, Rohini, New Delhi, Delhi	India
S1-169937431	Grand & Co LLP	622/V, Thiyya Yuvajana Samajam Sringapuram, Nalukandam, Kodungallur, Thrissur, Kerala	India
S1-918570786	Reynolds Preferred Churchill Inc.	AL, 76 Long Street, Tarrant	US
S1-943929064	Margret's Homecare	451 Westbrook Hills Drive, Onondaga, NY	US
S1-657516752	Smith and Saxton LLC	4101 Desert Cactus Street, Phoenix, AZ	US
S1-633129591	Vijay North Construction	Flat No.106, Chayamina Enclave Beside South India Shoping Mall, K.P.H.B, Kukatpally, Hyderabad, Telangana	India
S1-160848079	Meenora Travels Pvt. Ltd.	S.N.64/2B, Fl.No. 09, Tor, Wadgaon Bk, Pune, Pune City, Pune, Maharashtra	India
S1-601407243	Hunger Sterling Third LLC	1214 Kings Highway, Brooklyn, NY	US
S1-890468625	Right Transport Pvt. Ltd.	S.F No 2/241 Thirunagar, Pakkam, Thiruvallur, Tamil Nadu	India
S1-894233060	Akg Seva Samiti Corporation	Central Delhi, New Delhi, G-14A, Delhi, G F 1/2 4736, Emca House 23, Ansari Road, Darya Ganj	India
S1-54747967	Logan Certified Industrials	123 Roosevelt Road, Jacksonville, AR	US
S1-859042738	Integrated Select Brighthouse PC	1122 Lower Crooked Creek Road, Lobelville, TN	US
S1-10724930	Subam Clinic Co	Mutturuthil House, Azad Rd, Travancore Towers, Ernakulam, Kerala	India
S1-818148547	Plasto Tech Ltd	4 (5A) Second Avenue Extension Road D Block Anna Nagar East, Chennai, Tamil Nadu	India
S1-885623834	A Choice Convertible LLC	1291 Worcester Road, MA, Framingham	US
S1-527660944	Raj Power Private Limited	Karnataka, Bangalore, 12Th Cross 4Th Main, Indiranagar Ist Nagar, No. 849	India
S1-738593195	Obsidian Corp	10770 Ashcake Station Place, Hanover County, VA	US
S1-749612760	Golden Jai Energy Private Limited	Guru Ganesh Chsl, 402 Behind Deshmukh Garden, Mumbai, Mumbai City, Maharashtra	India
S1-448882009	All Estate Limited	Delhi, New Delhi, K-39 Connaught Place, Central Delhi	India
S1-977651078	Urgent Care Medicine LLC	1921 Bramblett, Ofallon, MO	US
S1-397460139	Encinias, Lisabeth J., O.D.	9 Dry Creek Road, Erlanger, KY	US
S1-147456569	Valley Medical Center	1200 Smith Trail, Weatherford, TX	US
S1-744191273	MB Brighthouse LLC	190 Main Street, Lewisburg, KY	US
S1-791373710	Perkins Advanced Spire Inc	110 Pine Street, Weymouth, MA	US
S1-667020488	Tranet Inc.	3115 B Linda Drive, Unit B, Amarillo, TX	US
S1-26833765	Juanita Hughes Ithax, Inc	Whitestone, 15-05 149 Street, NY	US
S1-126065677	Rodriguez Continental Spire LLC	115 Oak Street, North English, IA	US
S1-611136788	Kaveranth Brain Private Limited	502, Maplewood, Front Agakhan Palace Nagar Road, Kalyani Nagar, Pune, Maharashtra	India
S1-609714480	Liberty Committee	MA, 16 Preston Road, Boston	US
S1-96791977	Vu & Robertson Clinic	179 Bullock Street, Fall River, MA	US
S1-744179021	Boyajian & Maldonado Biomedical	175 Huguenot Street, Unit Unit 2904, New Rochelle, NY	US
S1-293747037	Mccreary's Coastal Management	601 Atlantic Beach Causeway, Atlantic Beach, NC	US
S1-674824993	H 4 Keystone Enterprises LLC	33 Christopher Street, Bristol, CT	US
S1-118450030	Orbola Titan Inc	Chelsea, MA, 57 Library Street, Unit 2	US
S1-563133464	Future Enterprises Private Limited	Office No-405, Bhoomi Landmark Chs Plot No 34/35 Panvel, Navimumbai, Raigarh, Maharashtra	India
S1-738224930	Fancie Daniels Devices Inc	OH, Wheelersburg, 157 Harrison Avenue	US
S1-640123500	Life Services	C/O Ram Chandra Singh, 43/10/10, Swarnpath, Mansarover, Jaipur, Rajasthan	India
S1-999284037	Golden Investments	Ahmedabad, Gujarat, Samedh, Near Agrawal Plaza, C.G. Road, Ellisbridge, Ahmedabad, 106	India
S1-343552111	Satterwhite and Massengill, Inc.	987 Kenmore Crossing, Unit 303, Marysville, OH	US
S1-511668265	Ridge Guild	531 Mcknight Road, Smyrna, SC	US
S1-831685836	Shop Wing (India) Private Limited	House No 264/4K Saidmer Jhinjhana, Shamli, Muzaffarnagar, Uttar Pradesh	India
S1-809731415	Metta Transformations Private Limited	H No. 147, Situated At Green City, V, Rajpura, Mohali, Punjab	India
S1-158920740	Marcy's Eye Care	117 Noriam Way, Westmoreland County, VA	US
S1-600553466	Kongu & Co	G/F, Kunwar Singh Nagar Nangloi, West Delhi, Plot No H-3/424-A, New Delhi, Delhi	India
S1-475157474	Vogel Resilience	666 Birch Street, Unit 2, Fall River, MA	US
S1-455467454	Raasi (India) Yarns Private Limited	Plot No.184 And Parts Of Plot No.183 & 185, Sector A, Mandideep Industrial Area, Rais, En, Bhopal, Bhopal, Madhya Pradesh	India
S1-165564552	Internal Medicine Innovative Physicians Inc	3628 Keystone Place, Unit 5, Durham, NC	US
S1-326250786	DBX Technologies Corporation	Behind Ashoka Park, Delhi, New Delhi, South Delhi, 27B S-7 S/F Khizrabad	India
S1-216483939	EZ Pro	Spring Valley, NY, Unit Unit 102, 17 Valley View Terrace	US
S1-397009708	Winsor & Ali	92 Annette Avenue, Newark, OH	US
S1-686917380	Silver Mobility Group	1002 Ravine Street, City Of Janesville, WI	US
S1-111952122	Southern International Pvt Ltd	Dharamkanta, Lko Brh Road, Uttar Pradesh, Bahraich, Kaiserganj, Chakpihani Near Sonu	India
S1-713101169	Keystone Quality Jab Inc	595 Farrar Street, Keysville Town, VA	US
S1-108906312	Montes Reliable Willow LLC	Sacramento, CA, 1947 South Avenue	US
S1-739032732	Megen Griggs, Esq., DDS PC Corp	1425 Layven Avenue, Florissant, MO	US
S1-933002251	Hackett's Painting	19943 Franconia Trail, Shafer, MN	US
S1-363999943	Womens Health Frontier Clinic Inc	3497 Johnstown Road, Juniata Township, PA	US
S1-583324918	Garnica Pacific Growth LLC	5411 Long Creek Lane, Houston, TX	US
S1-202085136	Mae Miller, DMD PC	787 Bohannon Road, Louisa County, VA	US
S1-309539520	Kimmi Glanz Ship	11369 Ashton Road, Burgaw, NC	US
S1-627572416	A Cure 2 You	24397 U, WA, Mattawa	US
S1-620319652	Filia William, MD, DDS PC LLC	7033 Migliori Court, District Heights, MD	US
S1-58611140	Dermatology Apex Care Associates LLC	6837 Crosstimber Drive, Orange, TX	US
S1-747357845	Cardiology Harbor Partners Inc	6130 State Route Ff, Adrian, MO	US
S1-933185719	Dharapuram Medical Limited	No.9/772/A, Erode, Dharapuram, Kamarajapuram, Velampalayam, Muthur, Tamil Nadu	India
S1-652718259	Augment Properties (India) Private Limited	No. 235, 2Nd Floor, 13Th Cross Road, Binnamangala, Indiranagar Ii Stage, Bangalore North, Bangalore, Karnataka	India
S1-231044760	Bechtol Management Inc	2009 Mockingbird Lane, Enid, OK	US
S1-546302700	Mendenhall, Cotton & Trinidad Inc	1440 4th Street, Ontario, CA	US
S1-301709883	Alessandra Ramirez Illinois Co	7661 Walnut Street, East Lynn, IL	US
S1-807928107	Sct Academy (India) Ltd	R No 274, Katodi Pada Saipan Chowky, Bhatwadi, Ghatkopar (West), Near Kajrolkar Society, Mumbai, Mumbai City, Maharashtra	India
S1-974303190	Hamill Mountain Grid Corp	5847 48th Drive, Glendale, AZ	US
S1-200098025	Trinity Synagogue	Springfield, OR, 40156 York Lane	US
S1-569769726	Varona & Criswell Inc	2388 960, Provo, UT	US
S1-907559985	Sindee's Piedmont Enterprises Center	19433 Camina Plata, Queen Creek, AZ	US
S1-45290819	Mullins, Packard and Marvin Inc	4417 20, Bldg Building 1400, Devils Lake, ND	US
S1-561611901	Super Hospitality Private Limited	Block - 8/277, Sunder Vihar Paschim Vihar, New Delhi, West Delhi, Delhi	India
S1-10954790	Piedmont Horizon Therapy PC	1224 E Ave Court, Hickory, NC	US
S1-199633171	Lynx LLC	1801 Brunswick Meadows Way, NY, Brunswick	US
S1-251134194	Wyers Midcap LLC	AZ, 7782 Mcgee Ranch Road, Sahuarita	US
S1-505299432	Creative Bumrungrad Inc.	2166 Grand Avenue, Unit Apartment 203, Saint Paul, MN	US
S1-712298656	Green Payment Advisors L.L.C.	125 Brierly Spring Lane, Shepherdstown, WV	US
S1-974406565	Gwenora Richert Tech	11505 N Lake Shore Drive, City Of Mequon, WI	US
S1-434973289	Zephay Armour LLC	2422 Jarratt Avenue, Austin, TX	US
S1-940345339	Arma Dairy LLP	No 44/1 Fairfieled Layoutbangalore, Bangalore, Karnataka	India
S1-41447196	Messiah Association Private Limited	Plot No. Rl 15 Butibori Industrial Area, Nagpur, Maharashtra	India
S1-927102214	Nv Services Limited	Office No. B-1, 2Nd Floor, B-156, New Ashok Nagar, East Delhi, Delhi	India
S1-144217975	Decker Equity Partners Inc	1094 Massachusetts Avenue, Arlington, MA	US
S1-196917015	Trusted Supreme Payments LLC	27 Kinnaird Street, Unit 6, Cambridge, MA	US
S1-579428736	Ed Servicesprivate Private Limited	C/O Surender Singh Banipu, R Chowk, Bikaner Sweets, Bawal, Mahendragarh, Haryana	India
S1-2657619	Mmb Medical Centre Pvt Ltd	C/O Wework, Hd-119, Prestige Atlanta, Industrial Layout, Koramangala, Banglore, Bangalore, Karnataka	India
S1-600346558	Bandaru Fisheries Limited	48/108, Rajat Path Mansarovar, Jaipur, Rajasthan	India
S1-578740215	Amyx and Ramirez L.L.C.	192 Bryant Road, Hot Springs Village, AR	US
S1-787772980	Summit Institute	4060 Tory Creek Ridge, Highlandville, MO	US
S1-65462672	Perez & Jackson Inc	4114 Lee Drive, Jasper, IN	US
S1-532339571	Perfect Systems Private Limited	Tegharia Sarada Park Ramkrishna Pally, Kolkata, Parganas South, West Bengal	India
S1-668450237	A Diamond Payment	2251 Florin Road, Unit STE 121, Sacramento, CA	US
S1-508980113	RCD Krushi Pvt Ltd	10/321 D Divaniketan, Dr.B.A.Road, Mumbai, Mumbai, Mumbai City, Maharashtra	India
S1-133355438	Mahmud Premier Farms Group	224 Goodward Road, Chesterfield County, VA	US
S1-547317030	Fiify Classic Canary	565 Cornwall Avenue, Tonawanda, NY	US
S1-897797538	Cozy Pilates!	140 B Ojo Encino Road, Naneelzhiin, NM	US
S1-562863555	Valley Network	820 Washington Street, Winchester City, VA	US
S1-139554996	Keystone	512 Laredo Street, Carlsbad, NM	US
S1-944298845	Kameko's Clean Transport	3118 66th Street, Vancouver, WA	US
S1-328270825	Fleming Grade Inc	16748 Asterbilt Lane, Lakeville, MN	US
S1-90904010	Malabar Cups	1 India Exchange Place 1St Floor Room No 107, Kolkata, Calcutta, West Bengal	India
S1-195891476	Blue Education Pvt Ltd	B-101, Industrial Area Phase -1, New Delhi, South West Delhi, Delhi	India
S1-724480703	Slate Quasaredge LLC	5237 Little Mountain Road, Catawba, NC	US
S1-404904197	Zoya Critical Limited	36-A, West Ponnagaram8Th Street Madurai-625 010 8Th Street Madurai-625 010, 8Th Street Madurai-625 010, Tamil Nadu	India
S1-540720425	ES System LLC	2920 Southern Avenue, Memphis, TN	US
S1-8922716	Chiropractic Physicians Group	19831 Knox Lake Road, Fredericktown, OH	US
S1-175515837	Bombay Season Private Limited	Blsg No 103/1707, Kokan Hsg Board Birla College Rd, Chikanghar, Kalyan, Thane, Maharashtra	India
S1-396624273	India Brothers Associates	C-301, Aishwaryam Comfort, Near Khandoba Mandir, Akurdi Pimpri-Chinchwad, Pune, Maharashtra	India
S1-354739064	Barber and Dudley LLC	850 Tally Ho Drive, Unit B, Knoxville, TN	US
S1-624205381	Guru Hotel Producer Private Limited	Shop No E/3, 5Th Floor, R R Building, Sutar Chawl, Mumbai, Maharashtra	India
S1-962034662	Perez's Peak Massage	3808 Prices Lane, Wilmington, NC	US
S1-613131725	Plan Investment Ltd	At Post Loni Bk, Rahata, Ahmednagar, Maharashtra	India
S1-278826576	West Etf Inc	Unit LOT 154, Mount Washington, 475 Landis Lane, KY	US
S1-761668123	Ram Investments Private Limited	Xii/169, Kiliyanniyil House, Pazhayannur Po, Vadakkethara, Thrissur, Kerala	India
S1-554357417	Digital Technologies Limited	8Th Km Stone, Delhi Road, Near Gulab Resorts, Moradabad, Uttar Pradesh	India
S1-899662833	Balaji Foods Private Limited	Rz-61A/8A Ground Floor Street No 18 Vashisth Park, New Delhi, West Delhi, Delhi	India
S1-642499589	All It	P No 146A, Shanti Nagar Joshi Marg, Jhotwara, Jaipur, Rajasthan	India
S1-614119776	Neyveli Micro Limited	Tamil Nadu, Mrk Salai Indira Nagar, Vadakuthu, Neyveli, Cuddalore, No.332 A	India
S1-436947548	Shiv Up Private Limited	Karnataka, Bangalore North, Dhruvika Mogra Apartment, Hoodi Main Road, Bangalore, A-201	India
S1-312581523	Vav Marketing Pvt. Ltd.	Plot No. 2288, First Floor, Door No. Ae18/1, Ae Block 2Nd Street, Anna Nagar, Egmore Nungambakkam, Chennai, Tamil Nadu	India
S1-986367347	Noida Knitting Private Limited	C/O. Ess Jay Engineers Pl, Sector- 3, Noida, Noida, Gautam Buddha Nagar, Uttar Pradesh	India
S1-812987772	Candy's Spa	514 Regional Park Drive, Houston, TX	US
S1-307012871	Ram Infra Pvt Ltd	1St Floor Ms Arcade, No.21, Seaport Airport Road, Vadacode P.O, Kaipadamugal, Kalamassery, Ernakulam, Kerala	India
S1-994710994	Fasoft Presidio Inc	2732 48th Terrace, Kansas City, KS	US
S1-926087822	Infracity Trading Pvt Ltd	Mumbai, E-405/505, Zarna Enclave, W.E. H, Thakur Complex, Kandivali East, Maharashtra	India
S1-669161542	Nickerson and Bidwell LLC	308 General Andrews Drive, Charles Town, WV	US
S1-465607398	National Golden Entertainment LLC	2017 Elm Street, Paris, AR	US
S1-992591937	Blue Logistics Private Limited	19 Dedhia Niwasr R T Road Mulund West, Mumbai, Maharashtra	India
S1-634688058	Ear Nose & Throat Frontier Associates LLC	207 Washington, Mansfield, IL	US
S1-698095949	Warren, Cordi, Esq.	7447 Bucks Road, Castalia, NC	US
S1-523676461	Sanders Jones LLC	712 Polly Avenue, Azle, TX	US
S1-802554235	YV Marketing Private Limited	Naugarh, Siddharthnagar, Uttar Pradesh, Co Arjun Mishra, H.No 26, Rehara, Gaurakshpuram	India
S1-652754366	New Exports Private Limited	C/O Sadananda Ghosh, Krishnapur, Ghoshpa Barowaritala, North 24 Parganas, Kolkata, Parganas North, West Bengal	India
S1-190303170	Duchene, Casias and Dekle	550 Glenwood Avenue, Plentywood, MT	US
S1-736182852	Stevens Utilities LLC	9009 Ransom Road, Monroeville, OH	US
S1-892146290	Hari Engineering Private Limited	7/1A Grant Lane2Nd Floor, Kolkata, Calcutta, West Bengal	India
S1-75486035	Maid Bike Shop	103 G Street, Unit B517, Washington, DC	US
S1-578277228	123 Crown	504 Mountain Drive, Hungry Horse, MT	US
S1-282505819	Glyphial Shipping Inc	14 Green Meadows Road, Stockholm, NY	US
S1-597891198	Custom Star Fortunex	310 Maria Court, Wilmington, NC	US
S1-316510011	Super Real Consulting Private Limited	Survey No.21, Plot No.2/19, Near Dunex, Opp. Meera Casting, Vavdi Industrial Area, Gonadl R, Oad, Vavdi, Gujarat	India
S1-307535346	South Foundation Private Limited	C/O Patel Ratubhai Galbabhai Village-Vadgam, Post- Vadgam, Banaskantha, Banas Kantha, Gujarat	India
S1-788136387	Hotel Management Private Limited	Uttar Pradesh, Lucknow, 2/35 Vishwas Khand, Lucknow	India
S1-771736399	Schwartz College LLC	5401 Pereza, Tucson, AZ	US
S1-443203739	Rose & Brothers Private Limited	Jaipur, Ok Plus Square, Madhyam Marg, Rajasthan, 701, Jaipur	India
S1-44678757	Kumkum Constructions Private Limited	Mumbai, Maharashtra, E Block Ranjit Studiocompound Dada Saheb Phalke Road Dadar East	India
S1-308342926	Diamond Quest Group	341 76, Danville, AL	US
S1-385150945	Aul Schwab Co	NY, Lysander, 7189 Farnham Road	US
S1-62724908	Patanjali & Co Corporation	Shop No- Ug-6A, Sanghvi Tower, Adajan, Surat City, Surat, Gujarat	India
S1-278845792	Dolinis Pan LLC	1502 Carolina Drive, Fl 1, Columbia, MO	US
S1-732355237	Shyam Technology Limited	11-6-392 To 397/B/7, Nampally, Gandhi Bhawan, Secunderabad, Hyderabad, Telangana	India
S1-207847030	Frontier Gulf Portfolio	3088 Whitefish Stage, Kalispell, MT	US
S1-779960894	Island Trading LLP	Bangalore Anekal Taluk, Shop No.1, Property No.96/3, Thigala Choudadenahalli Village Sarjapura Hobli, Anekal, Karnataka, Bangalore	India
S1-192310547	Cac Nidhi Private Limited	H. No. 24 Swami Vivekanand Path, Jogsar, Bhagalpur, Bihar	India
S1-810349407	Legacy Spade LLC	191 Linden Street, Winnetka, IL	US
S1-629020605	Value Wealth Corporation	DE, Wilmington, 1525 Maple Street	US
S1-76051707	Raj Institute Clinic	C/O Sunil Kumar, E2, Ft No-21, S.No 80 H.No1234/4, Ganga Orchard, Pingale Wasti, Mundhwa Road, Pune, Maharashtra	India
S1-954745763	Prime Diagnostic Global	1803 C St, Iowa City, IA	US
S1-751801428	Better Software LLC	30023 97th Street, Baldwin, MN	US
S1-996867813	Little Cleaning Service Inc	105 Amis Street, Rison, AR	US
S1-210450780	Altius Productions	Industry House 159 Churchgate Reclamation Mumbai, Mumbai, Mumbai City, Maharashtra	India
S1-242493580	Star Shivam Producer Private Limited	2035/191, Near Ayurvedic Medical College Anjaneya Badavane, Davangere, Davanagere, Karnataka	India
S1-956508641	Zidaix Fresh Cloud LLC	152 Cheyenne Road, Springfield, MA	US
S1-732000725	Developers Raja Marketing Company	Bangalore, G-2, Ground Floor, 4Th Main Vyalikaval Hbcs Layout, Nagavara, Karnataka, Bangalore, No 810	India
S1-630127203	Om Life Industries	Manamadurai, E8, 15 Sipcot Industrial Complex Manamadurai, Sivaganga, Tamil Nadu	India
S1-689947549	Custer Pinnacle Resolution P.C.	16801 Radium Street, Ramsey, MN	US
S1-229731664	Andi's Frontier Occupational Therapy	Georgetown, Unit 104, TX, 3008 Dawn Drive	US
S1-214934998	Biswa Consulting Private Limited	501, Telangana, 5Th Floor, Gharondamaya Complex, Hyderabad, Himayathnagar	India
S1-821589484	Behavioral Health Legacy Care Inc	37 Floss Avenue, Unit Apartment 1, Buffalo, NY	US
S1-956033622	Shimmer Solutions Company	Gf-001, Gm It Park 32-33, Noida, Gautam Buddha Nagar, Uttar Pradesh	India
S1-358917050	Cascade Montessori School LLC	1105 1st Street, Lovington, NM	US
S1-192342154	Elan Power Private Limited	P.No 444, 445, Srinivasa Nagar Ram Nagar North Madipakkam, Chennai, Kancheepuram, Tamil Nadu	India
S1-240505255	Guru Products Private Limited	Mk Point, 27 Bentinck Street 5Th Floor, Suit No 503, Kolkata, Kolkata, Howrah, West Bengal	India
S1-433513860	Hedda Nathe Classic Wireless, Inc	5 Cowperthwaite Street, Unit 106, Cambridge, MA	US
S1-964704174	Cammi Foster Grade	W2552 Ridgebrook Court, Town Of Buchanan, WI	US
S1-204528893	Internal Medicine Certified Health Inc	5 Count Fleet Circle, Florissant, MO	US
S1-64377203	Future Global Private Limited	Plot No 170 Bajaj Nagar Near Play Ground Nagpur, Nagpur, Maharashtra	India
S1-695252025	Botsford Classic Telefonica	389 Charles Avenue, Saint Paul, MN	US
S1-382417849	Mangaldeep & Brothers Pvt. Ltd.	10, Lakshmi Bldg 17Th Road, Chembur, Mumbai, Mumbai City, Maharashtra	India
S1-681426526	Beulah Dye, D.O.	6283 401, Hudson, KY	US
S1-29139402	OKU Tobacco Private Limited	Dilsukhnagar, Telangana, Hyderabad-60., 102, Larvin Complex, Chytanyapuri	India
S1-801319657	Horizon	20 Eagle Nest Drive, Acoma, NM	US
S1-970185769	Audrie Simmonds Bright Light LLC	209 Dogwood Place Drive, Bryant, AR	US
S1-808874385	Anilya Infra Pvt Ltd	Opp. Govt Girls Sr Sec School, Jacubpura, Sadar Bazaar, Sadar Bazar, Gurgaon, Haryana	India
S1-106010689	Technologies Scribe Technologies Private Limited	4/616, Tnhb Colony, Ettayapuram Road, Tuticorin, Tamil Nadu	India
S1-189351380	Indo Enterprises Private Limited	Secunderabad, Hyderabad, Plno30&31, Patwari Enclave, Gandhi Nagar, Telangana	India
S1-198977768	Internal Medicine Clear Clinic	1639 Monroe Avenue, Memphis, TN	US
S1-58909331	Ziraraj Sinha Limited	146 Beevoro, Channapatna, Karnataka, Ramanagar, Near Temple Channa Patna	India
S1-525283707	Twisted Auto Body LLC	3204 Ch 96, Carey, OH	US
S1-489697032	Royal Federal Surgical LLC	3851 Red Hawk Court, City Of Janesville, WI	US
S1-77970365	Arliene Graf Dynamic PLLC	1940 Greensboro Chapel Hill Road, Graham, NC, Unit C	US
S1-182174660	Stines Staffing Corp	7194 Fairfax Drive, CA, San Bernardino	US
S1-745371296	Medina & Demayo	359 Hemlock Avenue, Enid, OK	US
S1-57562751	Aprilette B. Jamison, L.C.S.W.	456 111, Carthage, TX	US
S1-437589856	Porus Wood Center	C-1/21 New Kundli, New Delhi, North Delhi, Delhi	India
S1-656064620	Human Rights Network	7756 Shorthorn Way, Fort Worth, TX	US
S1-270030988	Delta High, LLC	401 Kenyon Street, Unit 10, Olympia, WA	US
S1-873969564	Mccoy & Belmares Eye Care L.L.C.	7770 Midtown Market Avenue, Unit 201, Raleigh, NC	US
S1-244733485	Complete Learning Industries, LLC	1110 Falls River Avenue, Unit 502, Raleigh, NC	US
S1-302946998	Hiranya Academy	Khasmallick, Gobindapur (S), Baruipur, Kolkata, Howrah, West Bengal	India
S1-139043471	Peridus Sizzle	139 Woolley Avenue, Staten Island, NY	US
S1-216601221	Indian Trust	No.3/455A, Kdp(Po), South Kalamassery, Kanayannur, Ernakulam, Kerala	India
S1-442538047	Gujarat Enterprises Pvt Ltd	New Delhi, West Delhi, Delhi, Flat C-17Om Apartments 33/77 West Punjabi Bagh	India
S1-465926616	Jai Illumination Private Limited	H. No. 10-4-771/A/2, First Lancer Road, Sriram Nagar Colony, Masabtank, Hyderabad, Telangana	India
S1-655719170	All Logistics Collective	161 Berea Road, Montgomery, NY	US
S1-141838738	Smart Recruiting Inc.	1300 Schillinger Road, Unit C37, Mobile, AL	US
S1-49109471	Gabi Allard Solid LLC	2711 Gertrude Avenue, Dallas, TX	US
S1-415256171	Bombay Ventures Private Limited	C/O Ravi Shankar Singh, Bishunpur Saraiya, Muzaffarpur, Bihar	India
S1-502726892	Hester Sherrell, DMD, P.C.	90 Evelyn Drive, Nashville, TN	US
S1-20092890	Fort Services Private Limited	House No. 15, Shegaon Road, Khamgaon, Buldhana, Maharashtra	India
S1-14574135	Continental Peak Briacell PLLC	1601 Harvest Lane, Unit Apartment 326, Shakopee, MN	US
S1-132919938	Womens Health Care of Romney L.L.C.	1 Depot Street, Romney, WV	US
S1-955013411	VW Dynamic Rmg	4316 Loma De Brisas Drive, City Of El Paso, TX	US
S1-653016044	Neha Services Limited	Bhive Premium White Field Campus Plot No. 77, Jbr Tech Park, 6Th Rd, Whitefield, Epip Zone, Bangalore South, Bangalore, Karnataka	India
S1-691395159	Technologies Bpr Alloys LLP	Hd-270, We Work Vaswani, Chamber 2 Floor, 264-265, Mumbai, Maharashtra	India
S1-801833450	White Foundation Care	H.No. 22-4/1/3, Apiic Colony, Jeedimetla, Tirumalagiri, Hyderabad, Telangana	India
S1-512014964	Arts All Initiative	2101 O Ave NW, Cedar Rapids, IA	US
S1-181662703	Unitop Vidya Co	Flat No. 701, Gh-09, Sec 52 Gurugram, Sector -45, Gurgaon, Haryana	India
S1-73190313	Oncology Ridge Care PLLC	32 Clifford Street, Unit 1, Boston, MA	US
S1-126420707	Seven Universal Logistics Private Limited	Building No.- 55, Panchkuian Road, Connaught Place, Near Rk Ashram Metro St, Delhi, Central Delhi, Delhi	India
S1-241332876	Lotus Shakti Enterprises Private Limited	38 Ambasamuthiram Govindanagaram(P) Theni(Tk) Theni(Dt), Theni, Tamil Nadu	India
S1-330750848	Prairie Prairie Cohen	Orland, 19 Gott Brook Heights, ME	US
S1-584325382	Sai Construction Pvt Ltd	Sreeshylam Building Ettumanoor, Kottayam, Kerala	India
S1-272652386	Pediatric Dental Ridge Care Associates	9993 Alleghany Road, Unit Site 324, Darien, NY	US
S1-363167018	Guzman and Scruggs LLC	331 Feed Mill Road, Advance, NC	US
S1-104977751	Cripe's Publishing	314 Jenso Drive, Knoxville, TN	US
S1-738067041	Devbhumi Sales Private Limited	101 Park Street 2Nd Floor P S - Park Street, Kolkata, Calcutta, West Bengal	India
S1-642249621	Fior LLC	64 Greenpark Drive, Mobile, AL	US
S1-841834107	Tech Shree Software Private Limited	Apte Building Court Road, Ramdurg, Belgaum., Karnataka	India
S1-691752696	Silver Golden Guaranty, L.L.C.	519 Bear Lake Boulevard, Garden City, UT	US
S1-670300382	Primary Care Modern Group	3404 Grassfort Drive, Huntsville, AL	US
S1-483470638	Binni Sussman Royalty	5359 Laurie Lane, Memphis, TN	US
S1-572317494	Shivam Software Private Limited	Unit 1401, 4Th Floor, Ett Tower 2, B 36, Sector 132, Noida, Gautam Buddha Nagar, Uttar Pradesh	India
S1-992171555	The Dent Pilates	1025 Eagle Pass, Bardstown, KY	US
S1-529726982	Chiropractic Care Inc	IN, Indianapolis, 7137 Gavin Drive	US
S1-112825111	Campbell, Perkins and Atteberry Dte	3925 Olympia Drive, Sioux Falls, SD	US
S1-539501269	Sky Builders Private Limited	Araji No. 9, Araji No.-927, Dharmveer Nagar, Varanasi, Uttar Pradesh	India
S1-46577189	Total Media Networks LLC	1537 Brumlow Avenue, Southlake, TX	US
S1-349247121	Vision Energy Private Limited	00, Garhi Bhoopal, Mujaffarpur, Shamshabad, Fatehabad, Agra, Uttar Pradesh	India
S1-996444369	Sandhya Tracom Limited	Orissa, Madhusudan Nagar, Sabar Sahi, Nayapalli, Bhubaneswar, Khordha, Plot No- 134/B	India
S1-324549057	Standard Wireless Labs	106 Creekside Drive, Elwood, IL	US
S1-655456151	Integrated Defense Corporation Inc.	59 500, Hyrum, UT	US
S1-98494068	Helyn Tramel Clean Lane PLLC	4555 Gold Dust Trail Street, Enoch, UT	US
S1-212591466	Anita Sanfilippo Berto LLC	74 300, Salt Lake City, UT	US
S1-461321332	Meenan Service Private Limited	No.25, Puliyur 2Nd Main Road, Trustpuram, Chennai, Tamil Nadu	India
S1-956249943	Lakshmi Services Private Limited	C-216-B, New Ashok Nagar, Delhi, East Delhi, Delhi	India
S1-622384842	Naranjo, Katya G., DPM	2610 Cash Canyon Road, Chattanooga, TN	US
S1-338810402	Price and Dalrymple LLC	1826 1/2 Slaughter Lane, Austin, TX	US
S1-337395456	Legrand Diamond National	Knoxville, 2733 Jersey Avenue, Unit A201, TN	US
S1-222849705	Diamond Grand Advantage, Inc.	1204 Lexington Street, Baltimore, MD	US
S1-818925573	Avenues Steel (India) Private Limited	33-A, First Floor, New Delhi, South Delhi, Delhi	India
S1-264089428	International Consultancy Pvt Ltd	No 156 1St Floor Anugraha, Virupakshapura Main Road Kodigehalli, Bangalore North, Bangalore, Karnataka	India
S1-650645543	Chiropractic Care LLC	7563 Mudd Street, Ohatchee, AL	US
S1-770992882	Agri Producer Private Limited	Ward No.03, Ravishankar, Thakur Colony, Kolua Road, Ashoknagar, Guna, Madhya Pradesh	India
S1-21436171	Blue Investments Private Limited	C-2/116 Sector-5, Rohini, New Delhi, Delhi	India
S1-208876573	Star Finance	Astra Towers, Survey No:12 (Part), Opp. Cii Green Building, Hitech City, Kon, Dapur, Hyderabad, Telangana	India
S1-715963153	Positive Services Pvt. Ltd.	Krishna, Jehova Shammah, Sharon Gardens V G Nagar Road, Collectarate, 26-41-119, Guntur, Andhra Pradesh	India
S1-169812952	Oncology Group	1111 Lac Deville Boulevard, Brighton, Unit Unit 404, NY	US
S1-985328356	ZJQ Hotels Ltd	New Delhi, Delhi, Phase-I, B-82 Okhla Industrial Area, South Delhi	India
S1-972649793	Safe Elite Invest Inc	5901 John F Kennedy Boulevard, Unit Apt 524, North Little Rock, AR	US
S1-517876854	North Producer Private Limited	401, 4Th Floor, New Rajaram Niwas, 131/C, D.S.P. Road, Dadar (E), Mumbai, Mumbai City, Maharashtra	India
S1-171858300	Ganesh Organic	A-30Naraina Industrial Area, New Delhi, West Delhi, Delhi	India
S1-656838946	Harbor Academy	3238 16th Avenue, Unit Apartment 301, Fargo, ND	US
S1-511859669	Dynamic Solutions Private Limited	Nr. Hotel Maan Residency, Neharunagar, Ahmedabad, Gujarat, B-102 Gopal Palace	India
S1-695345965	Pediatric Dental Creative Center	2349 Fraktur Road, Phoenix, AZ	US
S1-30466038	Ujjain (india) Private Limited	H.No. 140, W. No.5, Kurha, Amravati, Maharashtra	India
S1-812715693	Brindavan Purchase Ltd	Shop No Ugf-01, Signature Global Park 2&3, Sector-36, Sohna, Gurgaon, Haryana	India
S1-6231204	Pediatric Dental Associates LLC	4139 Colmas Way, Rancho Cordova, CA	US
S1-841317572	Mumbai Overseas Private Limited	27, Floor - 2, 6, Khoja Kasam, Manaji Building, Jahangir, Merwanji Street, Nr K E M Hosp, Ital, Parel, Mumbai, Mumbai City, Maharashtra	India
S1-662217344	Mumbai Delhi Company	114, Marine Chambers, 11, New Marine Lines, Mumbai, Mumbai City, Maharashtra	India
S1-36814156	QXC Consulting Private Limited	C/O: Chabilal Yadav, Dhashka Kauriram, Bansgaon, Gorakhpur, Uttar Pradesh	India
S1-166814669	Kamachi Educational Society Company	C/O Vikash Kumar Yadav, Amarpur Road Ward No 8, Banka, Bihar	India
S1-885595801	Hosack Tungsten	3326 Santa Rosa Drive, Millcreek, UT	US
S1-477949990	Bangalore Piles Private Limited	No.43, Ashirwad Ii Cross, Ii Block, Koramangala, Bangalore, Karnataka	India
S1-580611112	Sterling Asset Consultants	6906 Deer Horn Trl NE, Cedar Rapids, IA	US
S1-394186628	Life Infotech Private Limited	Shop No 3, Door No 3 & 4, Alam Mall Allimal Street, Tirichirapalli, Tiruchirappalli, Tamil Nadu	India
S1-230185493	Silver Commercial Enterprises	Samson, 3880 87, AL	US
S1-932136999	Aitken Taiwan	42 Greenfield Avenue, Hampton City, VA	US
S1-903537805	Srt Tubular Private Limited	Little Heights 6Th Floorchimbai Road Bandra West, Mumbai, Maharashtra	India
S1-869063349	Sriganganagar Nath Private Limited	86 Manan Vihar, Near Khatu Shyam Mandir, Sriganganagar, Ganganagar, Rajasthan	India
S1-760640256	Olanium Fuse Inc	435 Goose Pond Road, Lonsdale, AR	US
S1-334877847	Dream Properties Private Limited	C/O Rupesh Pradhan, 9/3 Chowrastha Road, Indreni Lodge, Darjeeling Pulbazar, Darjiling, Darjeeling, West Bengal	India
S1-783235385	Red One Global	A-167, Suraj Mal Vihar, New Delhi, Delhi	India
S1-607719259	Malia Lindsey, DMD	3607 Gwenmill Drive, MO, Fl 0, Saint Louis	US
S1-179105069	Wright's Patriot Electric Center	926 5425, Enoch, UT	US
S1-706144482	Koo Wallace, MD PLLC	15306 13th Avenue Court, Tacoma, WA	US
S1-728237381	Ram Impex Pvt Ltd	Plot No.25 Pwd Lane, Nayagarh, Orissa	India
S1-974442015	Ace Wholesale LLC	West Stockbridge, MA, 3 Robin Road	US
S1-631467485	Morna Lister, Ph.D.	316 Rutherford Drive, Nebo, NC	US
S1-117060460	Foot & Ankle Beacon Care Associates LLC	La Plata, MD, 5005 Shugart Valley Place	US
S1-494122971	Cunningham Systems	203 Charleston Mills Drive, Dothan, AL	US
S1-824980861	Peridyx Cosmetics	TX, Thrall, 104 Alva Street	US
S1-610529771	Pcl Medical Centre	B-1/451, Nand Nagri, North East Delhi, Delhi	India
S1-889663935	Bell G. Weaver, CPA, M.D., P.C.	1493 Carlton Drive, Unit 1493, Denver City, TX	US
S1-276540724	Perfect Hitech Business Private Limited	Flat No -108, Ireo Skyon Ews Tower, Sadar Bazar, Gurgaon, Haryana	India
S1-216562313	United Rapid Bulkers LLC	3113 Washington Avenue, Unit 214, Alton, IL	US
S1-990378978	Brighteon Logistics, PLLC	Huntington, 148 Darrow Lane, NY	US
S1-14549940	Apex Block	TX, Tyler, 128 Vaughn Avenue	US
S1-879706801	Highland Foundation V	3331 Katrina Run, Midlothian, TX	US
S1-831325783	Anilita Rocks Private Limited	2/1 Nandi Street, 1St Floor, Kolkata, Kolkata, Howrah, West Bengal	India
S1-427424076	Downtown Auto Body Inc	1110 Lathrop Drive, Fl 1, Central Point, OR	US
S1-978649785	HPR Packaging Inc	174 Wyndgate Valley Drive, O'fallon, MO	US
S1-381241116	Safe British	N10931 Hixton Levis Road, Town Of Garden Valley, WI	US
S1-310204582	Lilah Beiler Piedmont Sumitomo Inc	5304 Acoma Road, Glendale, AZ	US
S1-675588443	Global Hospitality Private Limited	C/O Smt Shanti Devi, P.O- Anisabad Near Irrigation Office, New Bypass, Patna, Bihar	India
S1-849488295	Penelopa Vanwagner National Technologies, LLC	7119 Pumpkin Lane, IN, Fort Wayne	US
S1-880198728	Blue Logistics Private Limited	C/O Ramsunder G Ii-18/472, G/F Sangam Vihar, New Delhi, South Delhi, Delhi	India
S1-472683154	Kk Yarns Private Limited	206, Ava Court, Near Park Hospital, Sector-47, Gurgaon, Haryana	India
S1-186912371	Warm India (India)	Shop No.C-20, Mayur Kushal Complex, Mch No-5-9-273 To 283, 5-9-284/1 & 285 To 291, Gunfound, Ry, Abids, Hyderabad, Telangana	India
S1-925404518	Fresh Book Store	18 Mundy Cove Road, Weaverville, NC	US
S1-335538499	Catherine's Pub	Cleveland, OH, 13604 Carrington Avenue	US
S1-752786184	Womens Health Associates LLC	7409 Mason Landing Road, Wilmington, NC	US
S1-33944829	Clear Education Concepts Inc	10432 Springfield Avenue, Chicago, IL	US
S1-434621372	Blanton Painting Bristol City LLC	230 19th Street, Unit APT 102, Bristol City, VA	US
S1-143051513	Glyphyx Industrial	6224 Wilmarbee Drive, Fort Wayne, IN	US
S1-48779898	Twinkle & Associates Limited	4/180. Kalaivanar Nagar, 1St Street Kattur Post, Trichy, Tiruchirappalli, Tamil Nadu	India
S1-680071847	Summit Coalition	1666 Ogden Avenue, Warren, OH	US
S1-345431066	Shaner Bumrungrad Corp	223 Sydney Drive, Goodlettsville, TN	US
S1-219088851	Meads Standard	219 Bedford Street, Stamford, CT	US
S1-680869826	Corner Tavern	9605 Route 1, Chesterfield County, VA	US
S1-379572264	Corner Pizza!	11 Center Street, Unit 2, Methuen, MA	US
S1-811755617	Rhetta's Health of Scarsdale	NY, 21 Windmill Lane, Scarsdale	US
S1-573921903	Foot & Ankle Partners	106 Rosewick Road, La Plata, MD	US
S1-778406217	Perideon Renaissancere LLC	2711 127th Street, Omaha, NE	US
S1-909679986	Anshuman Logistics Private Limited	A-602 Omkar Chs Ltd N M, Joshi Marg Lower Parel, Mumbai, Maharashtra	India
S1-218947527	Tech Agro Pvt Ltd	Kailash Colony New Delhi, Delhi, New Delhi, South Delhi, A-53	India
S1-79853748	Patriot International Care	10317 Oakley Avenue, Chicago, IL	US
S1-829072921	Astabhuja Automation Ltd	203, Gupta Arcade Shrestha Vihar Market, Delhi	India
S1-730645384	Metro Atlantic Joint P.C.	7 Richard Lane, NY, Kinderhook	US
S1-605155421	Suratgarh Sciences Private Limited	Shop No.109, Farm Complex Near Moomal Photostate, Suratgarh, Sriganga Nagar, Rajasthan	India
S1-859708445	Shakti Bharat Energy LLP	118 Jagriti Enclave, Delhi, East Delhi, Delhi	India
S1-640469267	Vernon, Tripp & Harris Bitwise	5 Sienna Lane, Whitemarsh Township, PA	US
S1-565971	Yates & Banderas Packaging Inc	6520 Heritage Park Boulevard, Dayton, OH	US
S1-522528895	Jodhpur Biotech Pvt Ltd	H. No. 165 Bandil Medical Ki Gali Sanichara Mohalla, Townhall Ke Pass, Datia, Madhya Pradesh	India
S1-86393607	Sneed Village Inc	6628 Bankert Road, Western, NY	US
S1-602084657	Eastern Sterling LLC	260 Walking Horse Trail, NC, Davidson	US
S1-973961401	Primary Care Medicine LLC	MD, 6139 Rainbow Drive, Elkridge	US
S1-564464881	Group Market Pvt Ltd	16/226, Ch. Hsg.Board, Jodhpur, Rajasthan	India
S1-823233403	Vanguard Secure Biosciences Company	455 1800, Lehi, UT	US
S1-688522292	Jaunpur Developers	Vajidpur Tiraha, Kahanipur (C. T. Tower), Jaunpur, Uttar Pradesh	India
S1-950722751	New Traders Private Limited	No 65/ 46/B 36Th A Cross East End Main Road Jayanagar 9Th Block, Karnataka, Bangalore	India
S1-401554503	Memorial Fund LLC	6745 Fm 2114, Penelope, TX	US
S1-457189501	Gerrilee's Peak Coffee Clinic	1020 Westwood Village Way, Unit STE 201, Chesterfield County, VA	US
S1-435458993	King & Hughes	118 B Pinewood Crescent, York County, VA	US
S1-819025823	Rivera Fresh Aviation Inc	13227 Maplecrest Drive, MD, Potomac	US
S1-52567889	Kendall Myers LLC	602 1st Ave, Springville, IA	US
S1-891819180	Excellent Gases Private Limited	461, Sai Sobagu 3Rd Floor Hsr Layout Sector 5 Outer Ring Road, Besides Ar, Banglore, Bangalore, Karnataka	India
S1-528025277	Shiv Industries	Pl.12, Gangotri Vaibhav, Niwas, Ram Ngr, Jail Rd, Nashik, Maharashtra	India
S1-26399363	Delta Automobile LLC	59148 Martha Drive, Byesville, OH	US
S1-497326150	Sree Marketing Private Limited	Rh: E-5, Omega Heritage Dsk Vishwa Road, Dhayari, Pune, Maharashtra	India
S1-333715004	Olivette's Insurance LLC	1645 County Road 662, Kosse, TX	US
S1-457459519	Future Retails	Gandhi Puram Khajpura, C/O- Ram Chandra Prasad, Patna, Bihar, Patna	India
S1-613662866	T/B Braves	978 Boyd Lake Road, Hamlet, NC	US
S1-246000051	Burke Pioneer	165 New Boston Street, Unit C, Woburn, MA	US
S1-38738376	Williams Frontier Meshflow	7405 Leland Street, Mesa, AZ	US
S1-344822496	Ahmadabad City Media Limited	Plot No 33 S No 37/87, Bunglow Area, Ahmadabad City, Ahmedabad, Gujarat	India
S1-386564017	Mangla Steel Private Limited	1 Satadhar Tenaments, Nr. Baroda Express Highway Indrapuri Township, Vatva Gidc, Vatva, Ahmedabad, Gujarat	India
S1-78564698	Sivam Hr Limited	Flat No-11, S/Floor, Pro No-111/9N Mehrauli, Kh No-1151/3, Min Santi Appt K, Ishangarh, New Delhi, South Delhi, Delhi	India
S1-411320445	New Healthcare Private Limited	A/701, Building No. 76 A Wing, Cts No- 185(Pt), Bhagirath Chs Ltd, Pantnagar, Ghatkopar East, Mumbai, Maharashtra	India
S1-173967599	Noida Hatcheries Private Limited	P 27, Princep St, Kolkata, Kolkata, Kolkata, Howrah, West Bengal	India
S1-334536538	Broad Materials Ltd	7B, Ground Floor, 12 Sham Nath Marg Block B, Civil Lines, Delhi, North Delhi, Delhi	India
S1-761399509	Sun Systems Pvt Ltd	Bangalore, No. 61/2 8Th A Main Road 3Rd Block, Jayanagar, Block 1, Karnataka, Bengaluru	India
S1-510035721	Norean's Tax	1418 Bradley Drive, Unit E311, North Middleton Township, PA	US
S1-839584515	Bureau of Sanitation	19468 Livingston Road, Marshall, IL	US
S1-858360329	P/J British PC	2110 Frey Road, Houston, TX	US
S1-589327224	Nikita Construction Private Limited	14, India Exchange Place, 2Nd Floor, C/O. Reedward & Co., Kolkata, Howrah, West Bengal	India
S1-450288010	Cardiology Associates of Sonora	302 Riverside Lane, KY, Sonora	US
S1-112310028	Tao Designs	Nubrofit Private Limited Opp. Sarvhitkari School, Sangrur, Punjab	India
S1-280031628	Total Signature Quantumsphere, LLC	3414 Hiram Avenue, Fl 0, Wichita, KS	US
S1-925076946	Moonstar Orange Limited	39, 3Rd Floor, Plot - 48/50, Janardhan Building, V A Patel Marg, Grant Road, Mumbai, Mumbai City, Maharashtra	India
S1-782661781	North Secure Monte	2617 Oaks Drive, Acton, TX	US
S1-66905544	Aadesh Cyber Private Limited	147, Mahapatra Para, Bisnhupur, Bankura, West Bengal	India
S1-337083662	Markel, Reuther & Wells Inc	4914 Bond Avenue, Alorton, IL	US
S1-297266553	Henrietta Lopez Quality Wealth LLC	12470 Hickory Road, City Of New Berlin, WI	US
S1-14733351	Rahi Trading Private Limited	No.1, Adhiammal Thottam Villivakkam, Chennai, Tamil Nadu	India
S1-508426176	Novon Energy	1117 Bluegill Street, Nixa, MO	US
S1-492561561	Catanzarite's Tax Service Care	14535 Orchard Knob Road, Polk County, OR	US
S1-795107559	Value Microelectronics	3905 Windsor Drive, Garland, TX	US
S1-400903071	Shan Dealcomm LLP	Shop No. 1, Jytoi Tower Chs Ltd. Rahul Park, Bhayandar (East), Thane, Maharashtra	India
S1-655472820	Qunet PLLC	61 Ellis Lane, Winthrop, ME	US
S1-108276021	Jensen Services LLC	650 Lincoln Trail Boulevard, Unit 102, Radcliff, KY	US
S1-745421011	West Optimal Forefront LLC	240 Legends Drive, Bowling Green, KY	US
S1-10805418	City Enterprises Private Limited	Unit No. 308, Unitech Trade Center, Sushant Lok- I, Dlf Qe, Gurgaon, Haryana	India
S1-38001879	Kelly's Homecare	1114 Albany Avenue, Chicago, IL	US
S1-353915930	Unique Consultants LLP	No.1365, High School Road, Kannamangala Village Kadugodi Via, Kannamangala Post, Bangalore, Bangalore Rural, Karnataka	India
S1-999951028	Vijay Impex Limited	36/1942 A, 1St Floor, Kerala, Cochin, Mundeth Buildings Kaloor Kadavanthra Road	India
S1-136460363	Allied Orion	17 Skytop Road, Eustis, ME	US
S1-465244821	Bala Consultants Private Limited	Dhanera Highway Road, Akhol Chokdi, Deesa, Banaskantha, Deesa, Banaskantha, Gujarat	India
S1-836708918	American Reliable Ocean	134 Cayuga Trail, Gainesville, TX	US
S1-78183384	Ams Health Limited	Fl 1076/5, S No 428, S Ngr Nr Firodiya Garden, Pune, Maharashtra	India
S1-69560994	Prit Projects Private Limited	P.O:Joka 24 Parganas South, Kolkata, Howrah, West Bengal	India
S1-902847834	New Technologies Private Limited	Teak-116, Rain Tree Park Opp:Nagarjuna University Via Kantheru Post Nambur Guntur Ap 52250, 8 In, Guntur, Andhra Pradesh	India
S1-328241033	Lakeshore Infra Private Limited	28/201 Ratanpura, Agra, Uttar Pradesh	India
S1-762867787	Brh Exim Pvt. Ltd.	407, Aggarwal Prestige Mall, Plot No 2 Road No 44, Pitampura, Delhi, West Delhi, Delhi	India
S1-217271109	Desert Safe Virginia LLC	46 Berry Blossom Drive, Spring, TX	US
S1-277730819	Seline's Patriot Grading Associates	202 Stoney Brook Lane, Lake Lure, NC	US
S1-193056269	Bombay Consulting Private Limited	S.F No. 1147/1A, Vattamalai Village, Avinashipalayampudur Post, Tamil Nadu	India
S1-459262366	Royal Media Private Limited	14/309-4, 1St Floor, Aishwarya Gardens Kottaram Lushes, Koorkencherry, Thrissur, Kerala	India
S1-109091244	Interstate Association	3621 Wright Road, Portsmouth City, VA	US
S1-105969361	Aerospace India-Mumbai	602 B Dhantak Plaza, Makwana Road, Behind Star Tv Office, Marol, Andheri E, Mumbai, Mumbai City, Maharashtra	India
S1-231323454	Quor Clean Interiors Associates	2206 Paso Rello Drive, Houston, TX	US
S1-766235866	Salasar Sangh Co	Gat No 540, Plot No. 11, At Post Pusegaon; Tal Khatav Dist Satara, Satara, Maharashtra	India
S1-765288358	Cardiology Clinic Inc	3475 Rhea County Highway, Dayton, TN	US
S1-870082485	Real Food	34, Saket Colony Shahganj, Agra, Uttar Pradesh	India
S1-593790614	Bedoya Consumer	1932 Ruben Drive, WI, City Of Waukesha	US
S1-995978396	Kristina Richie, D.O. Care	AR, 414 Pine Street, Fordyce	US
S1-183183603	Inge Miller Appliance Partners	6786 Hwy 19E, TN, Roan Mountain	US
S1-207619777	Cthrine Sharp Mountain Douglas LLC	1927 S Street, Washington, DC	US
S1-706442224	King & Rodriguez Pyrophyte Inc	132 Parker Street, Brewer, ME	US
S1-890555521	Products Real Pharmaceuticals Corp	Flat No. 2002, Wing B, Chaitanya Towers Chsl, Appa Saheb Maratha Marg, Opp Mamta D Bldg, Pr, Abhadevi, Mumbai, Mumbai City, Maharashtra	India
S1-929813965	Tiffani's Data	783 Hathaway Drive, Cimarron Hills, CO	US
S1-757945054	Shree Welfare Society	Plot 7, Jamnadas Prabhudas Chawl, Dr. Mascarenhas Road, Sitafalwadi, Arambaug Cemetry, Mazgaon, Mumbai, Maharashtra	India
S1-824164218	Apex L.L.C.	344 Stamper Circle, Suisun City, CA	US
S1-105325031	Keystone Harbor Dime	7640 Stockton Boulevard, Unit APT 390, Sacramento, CA	US
S1-705142645	Deas View LLC	312 10th St, Ames, IA	US
S1-851623148	Lamb Best Era Inc.	1994 Saint Clair Avenue, Unit Apartment 2, Saint Paul, MN	US
S1-107959679	Alpha Solutions Pvt Ltd	Kanpur, 117/H 2/142 Pandu Nagar, Uttar Pradesh, Kanpur	India
S1-478449567	Precision Creative Worldwide Inc	7145 Sweet Gum Road, Beaumont, TX	US
S1-932126986	PC Cancer Private Limited	Gurukripa, Plot No. 1061-C, B P Cross Road No. 3, Mulund West, Maharashtra, Mumbai, Ground Floor, Mumbai	India
S1-746744666	Zurich Surgico Private Limited	11/592, Pezhanal, Cumbummmettu P O, Udumbanchola, Idukki, Kerala	India
S1-676516551	Sree Products Limited	01, Atp.O Ramnagar Purba Medinipur, Purba Medinipur, Midnapore, West Bengal	India
S1-662177722	Omex Transport Private Limited	8-69, Sai Nagar Colony. Peerzadiguda Village, Medipally Mandal, Medchal, Hyderabad, Telangana	India
S1-46126418	Kathryne Scoggins, D.C.	510 9th Street, Jonesboro, IN	US
S1-113941651	Shiv Blue Logistics Private Limited	17-126A, Saravana Panavilagam Killiyoor Village, Kanniyakumari, Kanniyakumari, Kanyakumari, Tamil Nadu	India
S1-808305975	United Star Technology Private Limited	Uttar Pradesh, Office No. 1034, Gautam Buddha Nagar, Dhama Marg Noida, 10Th Floor, The Ithum Tower A Plot No. A-40, Shaheed Hawaldar Padam Si, Ngh	India
S1-469058513	Dental Custom Center Inc	571 Dubois Road, Champlain, NY	US
S1-370117432	Prime Industries	1104, Godavari Building Near Versova Telephone Exchange, Andheri, West, Mumbai, Maharashtra	India
S1-30584853	Avila Cable	116 Rainbow Trout Trail, Fort Mill, SC	US
S1-500660303	Marks, Glass & Colonna L.L.C.	6040 40th Street, Unit Unit 110, Oakdale, MN	US
S1-71501142	International Analytics Advisors Clinic	102 Arthur Court, Radcliff, KY	US
S1-313567860	Duvall Heritage Alliance	14831 1st Avenue, Duvall, WA	US
S1-410221479	Signature Pioneer Debt LLC	32074 Henrys Way, Georgetown, DE	US
S1-43585137	Livvy Dia Desert Cleaning Service LLC	3402 Jeannie Lane, Muskogee, OK	US
S1-605692255	Clear Digital International, LLC	120 100 72nd Avenue, Bldg PLAY/CAFE, Yakima, WA	US
S1-893645184	Cinder Shipping	416 11th Avenue, Hopkins, MN	US
S1-121167672	Universal Media	C/O Sanjay Nanotkar, Plot No. 77, At Karanja -Wardha Mh In, Wardha, Maharashtra	India
S1-601927541	JD Taiwan Inc	70 Marcroft Street, Stratford, CT	US
S1-100765420	Uprising & Sons Private Limited	Flat No. G-1401, 14Th Floor Park View City-1, Sector-48, Gurugram, Gurgaon, Haryana	India
S1-753241413	Olivares Keystone Xsolla Inc.	23901 113th Street, Broken Arrow, OK	US
S1-465948121	Avon Vidyalaya	Sn112, Galli-5, Nr Khairnar, Shop, Mahalaxmi Col, Pune City, Pune, Maharashtra	India
S1-319630898	Riia L.L.C.	121 Fairmount Pvt Street, Gallatin, TN	US
S1-892552328	Crestline, Corp	TX, Houston, 18018 Van Berkel Lane	US
S1-87944363	Cedar Inc	59 Farwell Street, Lewiston, ME	US
S1-952619395	League & Co	P. No-199-202, F. No-G2, Rsr Tower R. No-2, Hi-Rise Colony, Qutubullapur, Hyderabad, Telangana	India
S1-968893335	Tech Consultancy Private Limited	No 37, 2Nd Floor, 2Ndcross, Sri Krishna, Babusapalya, Bangalore North, Bangalore, Karnataka	India
S1-703341577	Modern Sun Media Pvt Ltd	10, Raj Ratna Indus Premi, Village Valnai B J Patel, Malad West, Mumbai, Maharashtra	India
S1-485212696	Jany W. Joyce, P.A., PC	14052 30th Avenue, Seattle, WA	US
S1-461264158	Fiify Interests LLC	87-57 139 Street, Jamaica, NY	US
S1-544867743	LN Horizon Oriental LLC	302 W Shore Drive, Rockwood, TN	US
S1-468522997	Developers Santram Software Private Limited	Appolo House, 2Nd Floor, Bombay Samachar Marg, Maharashtra, 84/11, Mumbai, Fort	India
S1-136345510	Iris & Sons Private Limited	H.No. 1-13-44/2, Balamrai, Secunderabad, Hyderabad, Hyderabad, Rangareddy, Telangana	India
S1-159011477	Cadena Pegasus	912 Dawn Avenue, Glen Ellyn, IL	US
S1-598337370	Raj Builders Pvt Ltd	Khasra No. 312-313, Ground Floor Street No. Phirni Road, Village Mungeshp, Ur, Delhi, North West, Delhi	India
S1-317488814	Board of Sanitation Inc.	11612 Pippin Road, Cincinnati, OH	US
S1-95730121	Sree Builders Private Limited	No.1106/9, A. M. Industrial Estate, Garebhavi Palya, 7Th Mile, Hosur Road, Bangalore, Karnataka	India
S1-386824833	Whang and Conner Municipals LLC	3701 1/2 Comanche Drive, Mineral Wells, TX	US
S1-635965245	Strahl, Melara and Kinsey Hub LLC	6112 Louise Drive, Glendale, AZ	US
S1-377348424	Rozina C. Marshall, L.C.S.W.	1099 Tew Road, Autryville, NC	US
S1-345419069	Nicholas Health Center	5000 Mccall Street, Rockville, MD	US
S1-412205076	Viroify, LLC	813 Sheffield Drive, Unit 18, Siler City, NC	US
S1-895154282	Bm Line Private Limited	Obeya Pulse, 7/1, Halasur Road, (Ulsoor Road), Bengaluru, Bangalore North, Bangalore, Karnataka	India
S1-532181005	Mukund Outdoor (India) Pvt. Ltd.	B-26 Sarita Vihar, New Delhi, South Delhi, Delhi	India
S1-554834407	Medicine & Sons Limited	Hisar, C/O Preeti Suri, Hansi, W/O Sunil Suri, Sub Urban, Haryana	India
S1-3316119	Kemp, Celia, O.D.	344 Summit Street, WI, Village Of Pulaski	US
S1-960196467	Aeriel Sneed Credit	1808 Bernardo De Galvez, Galveston, TX	US
S1-744145506	Laxmi Infotech Pvt Ltd	Hyderabad, Plot No. 82, Telangana, Abburu Heights, Door. No:1-80/40/Sp/82, Shilpa Layout, Gachibowli, Sirilingampal, Ly	India
S1-626706290	Human Rights Foundation IV	256 Della Jones Drive, Lee County, VA	US
S1-526959688	Safe Network Holdings LLC	971 Bruington Road, King And Queen County, VA	US
S1-934314233	Tolson Sierra Center	1701 Gay Evans Road, Winchester, KY	US
S1-666299896	Maas Projects Private Limited	H.No.3-12-218/3/A, Ground Floor Bp Colony, Mallapur, Hyderabad, Telangana	India
S1-390116169	Star Hospital Private Limited	Ews-34, Koushalpuri Phase Ii, Faizabad, Uttar Pradesh	India
S1-271537861	Lyra	1823 Moore Road, Beaumont, TX	US
S1-428919422	Supreme Education Labs Inc	19403 Valletta Green Drive, Hockley, TX	US
S1-399684344	Waiters Petroleum LLC	Unit Unit B, AZ, 810 Mingus Avenue, Cottonwood	US
S1-860078139	Vibrant Enterprises	Khasra No.38, Gali No. 1 Village- Dabri, P. O.-Palam, New Delhi, Delhi	India
S1-949776675	Primary Care Specialists	1741 Covington Lane, Foley, AL	US
S1-85895472	SG Pbc, LLC	WI, N9160 Townhall Road, Town Of Eldorado	US
S1-530905803	Al Surya Enterprises	Jaipur, Sector-2 Vidhyadhar Nagar, R-10 A&B, Rajasthan, Jaipur	India
S1-332965547	Benavides Great Financial LLC	4434 Williamstown Drive, North Olmsted, OH	US
S1-300939959	A Cure 8 All	7 Church Street, Waterloo, NY	US
S1-847367191	Shivam Impex Private Limited	Baiju Singh Market, Main Road Maner Near Post Office, P.O P.S - Maner, Maner, Patna, Bihar	India
S1-940561869	Heartland Platinum Eaton	WY, County, Unit 1, 1088 Brundage Road	US
S1-246923329	CNS Luminaires Private Limited	C/O Arun Kumar Singh Tola, Kaleanpur Panch Kalyanpur, Chapra, Saran, Bihar	India
S1-105721210	Aurex Ftai Inc	689 Ridge Road, Unit Apartment 2, Lansing, NY	US
S1-669100462	Suffield Cardiology Care Associates	1054 Mountain Road, Suffield, CT	US
S1-522726270	Gaffney Preferred Communications	6094 Franconia Road, Unit STE 6094A, Fairfax County, VA	US
S1-297762895	V+ Bleichroeder Inc	1000 Third Street, City Of Watertown, WI	US
S1-507622720	Surgical Care Associates of Topeka Inc	3906 33rd Terrace, Topeka, KS	US
S1-590856786	Brightyx International Inc	AZ, 20439 Terrace Lane, Buckeye	US
S1-630343653	Eastern Coastal Optics LLC	3673 Highview Avenue, Canton, OH	US
S1-699269018	Foot & Ankle Legacy Care LLC	9810 Fernstone Lane, Houston, TX	US
S1-307279853	Rodriguez Braves	49 Summer Street, Unit 2, Adams, MA	US
S1-564410831	Castillo Life LLC	31051 133rd Avenue, Peoria, AZ	US
S1-838994601	Eye Center Inc	110 Federal Street, Unit Apt 6C, Ashdown, AR	US
S1-801726132	Advanced Investment Laboratories LLC	VA, Augusta County, 434 Kiddsville Road	US
S1-913429518	U+ Iron Works PC	CA, 5208 Mesada Street, Rancho Cucamonga	US
S1-794538313	Secure Costamare Inc	468 Sawgrass Trail, Sioux Center, IA	US
S1-8740605	POE Foods	C/Osanjivansinha, Atalpath, Near Gangaviharcolony, Dinapur-Cum-Khagaul, Patna, Bihar	India
S1-917408843	Interstate Foundation	1306 Naugahyde Road, Westminster, MD	US
S1-973388558	Balaji Enterprises	E-17, G/F, Qutub Vihar Phase-I Behind Mcd School, Delhi, West Delhi, Delhi	India
S1-944865573	Mallabhum Hospital	11Th Floor, Kura Towers, Ksp Road, Pillar No C1-334, Begumpet, Secunderabad, Hyderabad, Telangana	India
S1-620347177	Associates Educational Society	A-18, M.I.A, Alwar, Rajasthan	India
S1-704054835	Dayalu Consultant Limited	Plot No-29- Gf, Vatika Premium Floor, Street No-E1, Near Sapphire 83, Sector-82 Vatika Inxt Shikohpur 160, Narsinghpur, Gurgaon, Haryana	India
S1-598811039	Chiropractic Specialists Inc	18300 Thornapple Lane, City Of New Berlin, WI	US
S1-966088047	Welch, Young & Jones Monte Inc.	Corning, 7773 Monroe Twp Rd 291, OH	US
S1-392236703	Stag Information Inc	1010 Congress Avenue, Cincinnati, OH	US
S1-43556498	Education Foundation	90 Taylor Road, Fairview, NC	US
S1-768675401	Leticia Tapp Collective LLC	1063 Skyview Drive, Fl 0, Annapolis, MD	US
S1-367398727	Ynes's Brewing	324 Tom Street, Unit 309, Webb City, MO	US
S1-721414230	Singleton and Mccants	345 Bear Run, Lenoir, NC	US
S1-517105798	DF Alums LLP	B I E-8 G/F, Mathura Road, Mohan Coop Indstl Estate, New Delhi, South Delhi, Delhi	India
S1-941363153	Moore Select Lifesciences	8709 191st Place, Edmonds, WA	US
S1-412491603	Beach Rapid Research LLC	515 Main Street, Greensburg, IN	US
S1-806810492	Arluene Beno Environmental Services LLC	1742 Johns River Loop, NC, Morganton	US
S1-152339554	Figueroa Superior Yield LLC	68398 George Cyrus Road, OR, Sisters	US
S1-188643545	Behavioral Health Specialists	685 Old Hickory Lane, Pittsylvania County, VA	US
S1-807332222	Anand Engineering	402, Phoenix Tower, Senapati Bapat Marg, N.M.Joshi Road, Mumbai, Maharashtra	India
S1-213862438	Neal Spac	VA, 149 Songbird Trail, York County	US
S1-772669769	Unified Printing Union Inc.	10 Pateman Circle, Menands, NY	US
S1-690978444	Thomas American Nasdaq LLC	2135 Waterside Drive, Unit 227, Nashville, TN	US
S1-291900724	Lynne Finch Beverage	35 Claflin Road, Brookline, MA	US
S1-735512583	Phoenix, Township Of Inc	8506 9th Drive, Phoenix, AZ	US
S1-917969303	Ferrari Internet Partners	312 Smithfield Drive, Village Of Kimberly, WI	US
S1-516335936	Metro Desert Prime LLC	15719 Heritage Drive, Sun City West, AZ	US
S1-651444301	Vision Care Inc	89 Chestnut Street, Unit 3, Everett, MA	US
S1-483414351	Mcglade Star Fisheries LLC	2203 Washington Drive, Granite Shoals, TX	US
S1-470591987	Keystone Desert Grading PLLC	Goodwell, 115 Highway 54, OK	US
S1-533965955	Namrata Lines	E-502, Aakar Elegance, B/H. Swaminarayan Modhera Road, Mahesana, Gujarat	India
S1-685853307	Julita Jensen Money LLC	16 Orchard Drive, NY, Smithtown	US
S1-118604663	TTG Tech Ltd	1555, Shantinagar, Ambedkar Road, Shala No27, Miraj, Sangli, Maharashtra	India
S1-422249779	Jones Bank	3313 Darwood Drive, Unit 1/2, Rockford, IL	US
S1-510964737	Gaynor Payan Dynamic Adamas Inc	7138 Bales Avenue, Kansas City, MO	US
S1-400957314	Grover Express Limited	C/O R Kathirasan, 1St Floor, Kr Complex Near Erode Silks, Salem Main Road, Komarapalayam, Namakkal, Tamil Nadu	India
S1-175237614	Elite Freight Ventures, LLC	174 Burr Road, Huntington, NY	US
S1-393000138	Vest Industries LP	232 Georgetown Road, Jacksonville, NC	US
S1-536083195	Holy Educationand Pvt. Ltd.	203, 84/63, Tejab Mill Campus Anwar Ganj, Kanpur, Uttar Pradesh	India
S1-172850268	India Yogi Coal Private Limited	No.5/5, Ramakrishnapuram Northno.5/5 Ramakrishnapuram North Karur-639 001., Karur-639 001., Chennai, Tamil Nadu	India
S1-45280541	United Association Inc	1702 Park Avenue, Baxter Springs, KS	US
S1-2018113	Elix Trading Private Limited	D.B.F. Building Meerut Road, Ghaziabad, Uttar Pradesh	India
S1-783487600	Blue Investments Private Limited	Amurt Commercial Complex, Office No.1, Sardarnagar Main Road, Rajkot, Gujarat	India
S1-435034723	Memorial Coalition	9 Harrison Street, Oak Park, IL	US
S1-939536934	Nhk Educational Society	B-9, 6428, Vasant Kunj, New Delhi, South West Delhi, Delhi	India
S1-250646305	Ascent Fast Private Limited	H No 252-253 Ground Floor, Block-B, Pocket-3, Sec-6, Delhi, North West Delhi, Delhi	India
S1-445178607	Summit Gulf Consulting LLC	2633 Evergreen Road, Springville, AL	US
S1-986765580	Global Hospital	No.C104, Sreevatsa Sri Nalaraj Residency 1St Floor, New Damu Ngr, Puliyakulam Rd, Coimbatore, Tamil Nadu	India
S1-904597398	Sunco Tune (India) Private Limited	8/2/18 Opposite, Hanuman Gufa Vasudevghat, Jalalpur, Ambedkar Nagar, Uttar Pradesh	India
S1-144443231	Unified Developers Pvt Ltd	6-9 E, Nagendra Nagar, North Bypass Road, Ongole, Prakasam, Andhra Pradesh	India
S1-89709116	Autism Assistance Coalition	AZ, Surprise, 14387 Charter Oak Road	US
S1-5811153	Blue Consulting Limited	Calicut, Kerala, Iiird Floor Fcc Building, Arayadath Palam, Indira Ga, Door No. 27/97F, Ndhi Road	India
S1-737908306	Pediatric Dentistry Harbor Care LLC	3973 129th Street, Cleveland, OH	US
S1-225896583	Jackson, Weiss & Flinn Guaranty LLC	12166 Bluebird Circle, Coon Rapids, MN	US
S1-169340403	Wood Complete Elm LLC	11 Summit Meadow Avenue, West Seneca, NY	US
S1-87723126	GSL Mitsui	15851 Riviera Drive, City Of New Berlin, WI	US
S1-668237381	Seven Investments Private Limited	43, Shop No-07, (307), 3Rd/F Veer Sawarkar Block, Vikas Marg, Shakarpur, East Delhi, Delhi	India
S1-251753860	Allen Corporation	3 Taylor Terrace, Bethlehem, NY	US
S1-102867832	Hbg (India) Constructions Limited	234, Dum Dum Park, Abhilash Apartment Flat No.3, Kolkata, Kolkata, Howrah, West Bengal	India
S1-450275711	Atlantic Clean Nuveen LLC	5750 Snail Shell Cave Road, Rockvale, TN	US
S1-718892370	FQ Services Limited	C/O Anandveer Singh, Gayatrinagar Jahangirabad, Anupshahr, Bulandshahr, Uttar Pradesh	India
S1-784387594	Vannie T. Berrios, D.O., P.C.	496 Anita Drive, Bourbonnais, IL	US
S1-522163615	Gogreen Shakti Pvt Ltd	Plot No 52 Road No 72 Prashashan Nagar Jubilee Hills, Hyderabad, Telangana	India
S1-962506915	Surya Trading Private Limited	6, Karim Hossain Lane Ground Floor, Kolkata, Kolkata, Howrah, West Bengal	India
S1-935170141	# 1 HW Duke	2968 Commonwealth Drive, Unit 1038, Spring Hill, TN	US
S1-91623898	Ortiz and Cox Currencyshares Inc	3419 Burkland Drive, Unit A, Charlotte, NC	US
S1-234833222	Golden Tech Private Limited	816, Arunanchal Building 19, Barakhamba Road, New Delhi, Delhi	India
S1-957691698	Healthcare Pmc Estates Pvt. Ltd.	8-4-101, Mailardevpally Village, P.O.Keshogiri, Rajendranagar Taluq, Hyderabad, Telangana	India
S1-621930643	Yogmaya & Sons Private Limited	Plot No. 51 & 52, Flat No. 2101, Delight Square Green Park Avenue, Jeedimetla (V), Medch, Al Road, Hyderabad, Rangareddy, Telangana	India
S1-765765817	Modern Properties Private Limited	Delhi, Gf, Phase-1, Vijay Vihar, Near Sector-4, North West, Rohini, D-5	India
S1-743320379	Royal Telecom Advisors	180 Park Avenue, Buffalo, NY, Unit Apartment 1	US
S1-154381194	Hylton Elite Equitable LLC	130 200, Unit 2, Brigham City, UT	US
S1-540301871	Elite (India) Medical Private Limited	Pardhuman Singh S/O Udham Singh Vill Pakharpura, Kathunangal, Amritsar, Punjab	India
S1-576556851	Nana Solutions Private Limited	Door No 408, Edavanna, Kunnummal, Ernad, Malappuram, Malapuram, Kerala	India
S1-459709424	Alpha Foods Limited	Hardiya Tol, Radauta, Raxaul, East Champaran, Bihar	India
S1-366159115	Sree Investment Private Limited	Mumbai, Maharashtra, 10 599 Kapadia Chambersopp Parsi Agiyari J S S Road Marine Lines (E), Mumbai	India
S1-450433064	Eleonora Frye Best Coinshares	3460 Riverview Road, Lewisburg, TN	US
S1-349533292	Holy Synagogue PC	2006 Ryerson Drive, Garner, NC	US
S1-769930123	Dream Infratech Private Limited	Side Mustil No- 52 Quila No- 6, Village Jaunapur, South Delhi, Delhi	India
S1-590295474	Allen, Gunderson & Loudermilk	1612 Chestnut Street, Lancaster, OH	US
S1-977395913	Al Exports Private Limited	8, Lyons Range Ground Floor, Mitra Building, Kolkata, Howrah, West Bengal	India
S1-674306670	Joceline Tejeda, D.C. Group	2575 24th Street, Unit 223, Yuma, AZ	US
S1-127289868	Ora Brothers Private Limited	52/D/14 Babu Bagan Lane, Dhakuria, Kolkata, Kolkata, Howrah, West Bengal	India
S1-718603397	Alankrita (India) Promoters Private Limited	374/2A, Netaji Subhas Chandra Bose Road, Lp- 127/1 2Nd Floor, Kolkata, Kolkata, Howrah, West Bengal	India
S1-924944804	Housing Center	1610 Idlewood Drive, Clarksville, IN	US
S1-75069217	Veo Worldwide, LLC	8204 Bedford-euless Road, North Richland Hills, TX	US
S1-645659464	Na Mills Pvt. Ltd.	C/O Miraj Alam, Vill, Baburtari, Po-Pachagar, Mathabhanga, Cooch Behar, West Bengal	India
S1-816445902	Goble Top	2010 Jeffers Drive, Ozark, AR	US
S1-490874699	Superior Data Collective LLP	1349 Ida Avenue, Unit D, Columbus, OH	US
S1-558147011	Shanda B. Crump, DO	10341 Cumberland Pointe Boulevard, Noblesville, IN	US
S1-805796863	Chiropractic Care Associates of Queensbury Inc	741 Luzerne Road, Queensbury, NY	US
S1-812199388	Pioneer Smart Fifth LLC	1651 Paw Paw Road, Steward, IL	US
S1-730486846	Prabha Software Private Limited	B/303, Bavdhan, Galore Park, S.No.22/1/234/1, Nr. Sterling H/Bavdha, N, Pune, Maharashtra	India
S1-2385543	CP Motors Private Limited	Millennium Empire, Office No - 1302, 13Th Floor, Plot No 47, Sector 15, Kharghar, Navi Mumbai, Raigarh, Maharashtra	India
S1-601324627	Mcclarty's Strategic Spa	937 Hunt Road, Busti, NY	US
S1-61175173	Liberty Equity Partners LLC	Orland Park, 7300 Evergreen Drive, Unit 3C, IL	US
S1-187679396	Dillard and Rappa, LLC	36 Morningside Commons, Brattleboro, VT	US
S1-310916437	Boor LP	7504 Alspach Road, Lancaster, OH	US
S1-344972316	Coastal Noble LLC	288 Wauwatosa Road, Town Of Cedarburg, WI	US
S1-19697067	Grace Emanuel	255 Junction Road, Malone, NY	US
S1-231762560	Marwar Public School Private Limited	39/49(P)Kiadb Industrial Area Electronics City Phase Ii, Bangalore, Karnataka	India
S1-553509654	Pham Textiles Inc	13589 Valencia Drive, Frisco, TX	US
S1-768127198	Eastern Golden Auto Glass	Town Of Burke, 3544 Swansee Ridge, WI	US
S1-607890727	Mcconnell Automotive Inc	187 Ohair Cemetery Road, Frenchburg, KY	US
S1-67002041	Sterling Inc	4414 36th Avenue, Seattle, WA	US
S1-134829043	Mountain Pelican Inc	Unit 76, MD, 519 Chester Avenue, Annapolis	US
S1-825848363	FFD Financial Limited	506, 5Th Floor, Kane Plaza, Mind Space, Chincholi Bunder Road Extension, Malad (, West), Mumbai, Mumbai City, Maharashtra	India
S1-995058673	Taylor Nmp, Inc	222 Dunbar Lane, Unit Apt 214, Fayetteville, AR	US
S1-804415561	Engineering Bhagat International Limited	C/O Sagar Pandit Patil, Golden Treasures C-Fl No, Pune City, Pune, Maharashtra	India
S1-389866551	Chiropractic Tri-State Clinic Inc	104 Melwood Drive, Greece, NY	US
S1-987850404	Southern Agro Private Limited	C/O. Tarun Kanti Dey Deshbandhu Nagar, Jalpaiguri, West Bengal	India
S1-26749895	Real Infra Private Limited	Shop No.3, Plot No.18, Adarsh Market, Sector 48A Seawood, Nerul (West), Navi Mumbai, Mumbai City, Maharashtra	India
S1-957543773	Chennai-35 Farm Private Limited	New No.13, Nandanam Extn, Ist Street, Nandanam Chennai-35, Chennai-35, Chennai, Tamil Nadu	India
S1-163026073	Super Global Limited	425, The Summit Business Bay, Omkar Tower, Prakashwadi, Andheri East, Mumbai, Mumbai City, Maharashtra	India
S1-152490297	Kali Robertson Mid	575 Shelton Mill Road, Unit 1203, Auburn, AL	US
S1-495346759	Maid Tattoo	101 Arboretum Park Drive, Warren, ME	US
S1-537121436	Anand Brothers Private Limited	X-8 Hauz Khas, New Delhi, South Delhi, Delhi	India
S1-556879860	Nevue, Inc	326 Glen Avenue, Unit 203, Salisbury, MD	US
S1-615730671	Arihant Bharat Infotech	Seat No. 1 & 2, 106, 1St Floor, Plot No. 4, Dda Building, Laxmi Nagar, East Delhi, Delhi	India
S1-48173717	Richfield Pediatric Clinic Inc	6524 James Avenue, Richfield, MN	US
S1-113354325	Thiruvananthapuram International Private Limited	Thiruvananthapuram, Kerala, Trivandrum, Beacon, Green Grace Apartment, Thiruvananthapuram, 7C	India
S1-692208438	Anand Construction Private Limited	B302 Plot No 89 Sector 15 Belapur, Navimumbai, Thane, Maharashtra	India
S1-302590309	Industrial Transit Advisors	445 Private Road 3980, Evant, TX	US
S1-254108726	Charette Interests	Hempstead, NY, 287 Warren Street	US
S1-190150597	Lee Exploration	22307 Larkspir Gate Drive, Tomball, TX	US
S1-353339989	Prime Finance Private Limited	Plot No.205, Hyderabad, Shanthi Apartments, Bhgyanagar Society, Kukatpally, Telangana	India
S1-360687013	Zephyr LLC	8825 Troost Avenue, Kansas City, MO	US
S1-302595668	Diamond Marine Alliance LP	1425 515, Rainsville, AL	US
S1-669941752	Arihant Shiva Construction Pvt Ltd	Haryana, Village Mohidinpur, Karnal, Nagla Chowk, Karnal	India
S1-19405021	Le & Stanko Franklin	KY, Philpot, 7765 Monarch Road	US
S1-190600214	Wingard Fresh Evo, LLC	307 Austin Place, Branson West, MO	US
S1-498347344	Choice Wellness Advisors	116 Scarbrough Circle, Harriman, TN	US
S1-750301589	Eye Heritage Partners LLC	516 Indian Tree Trail, Galena, MO	US
S1-615386661	NTQ Grupo	597 Country Road, Babylon, NY	US
S1-147571040	Bharat Agro Private Limited	3/24, Sarat Pally Durgapur, Burdwan, Durgapur, Bardhaman, West Bengal	India
S1-184456856	First Value	OH, Unit 2A, 785 Vallmer Road, Marysville	US
S1-674475490	G D Wright Kodiak	OH, Columbus, 154 W Park Avenue	US
S1-15502788	Wilson Eye Care Inc	607 Main Street, Kent, OH	US
S1-985722741	Unified Omega	149 Keller Lane, Marion Town, VA	US
S1-63020049	Maid Deli Inc	1074 Sam Houston Circle, Gallatin, TN	US
S1-178641317	Danika Clark Office LLC	NC, Indian Trail, 101 Edenshire Court	US
S1-553615100	Oasis & Sons Private Limited	4 K 5, Housing Board Shastri Nagar, Jaipur, Rajasthan	India
S1-452548499	Mccaskill First Opportunity, Inc	2115 Ottawa Drive, Owensboro, KY	US
S1-169030833	Bugbee Insurance LLC	Randallstown, MD, 3908 Zurich Road	US
S1-36274552	Dermatology Medicine Inc	Bedford County, 1444 Phelps Road, VA	US
S1-299859106	Garcia Superior	6510 Hamilton Avenue, IL, Chicago	US
S1-165826462	Shani Technologies Private Limited	Survey No. 744, Jamanapalli Road, Vemulakota, Prakasam, Markapur, Markapur, Prakasam, Andhra Pradesh	India
S1-842324655	Blue Energy Private Limited	A-0103, Plot No 4A, Logix Technova, Sector 132, Dadri, Gautam Buddha Nagar, Uttar Pradesh	India
S1-932561587	Nilesh Forex Pvt. Ltd.	Plot No. 787, Road No. 36, Apurupa Turbo Building, Jubilee Hills, Hdyerabad, Hyderabad, Telangana	India
S1-95536770	Green Construction Private Limited	H.No:2-2-647/22/G-27, Flat No:203, Sathya Lalitha Nilayam, Near Andhra Bank, Amberpet., Hyderabad, Telangana	India
S1-774511483	2290 Seventh Avenue Properties	Elberta, AL, 6914 Bayou Drive	US
S1-135675920	Choice Electronics Global	7121 Christie Lane, Dallas, TX	US
S1-333325312	Unique Properties Private Limited	R.C.C Roof Building, Ground Floor Ward No.- 7, Barbil, Po/Ps- Barbil, K, Kendujhar, Orissa	India
S1-69197800	Golden & Sons LLP	Office No.14A/3, Ground Floor, New Sion Chs Ltd, S.V.Marg, Road No. 24, Sindhi Colony, Si, On, Mumbai, Mumbai City, Maharashtra	India
S1-672689594	Raj Developers Pvt Ltd	Plot No. 3684, Gidc Phase-Iii Dared, Jamnagar, Gujarat	India
S1-333590341	Twisted Grill LLC	7 Stillman Street, Unit 2, Boston, MA	US
S1-244006553	Asset Building Guild of Goochland County II	613 Fairstead Road, Goochland County, VA	US
S1-784058330	Dynamic Express Better Inc.	112 Fairview Avenue, NY, Jamestown	US
S1-187004105	Best Trading Private Limited	371 3Rd Floor Vardhman Fortune Mall Gt Karnal Road Industrial Area, Delhi, North West, Delhi	India
S1-140944676	Agnella Zak, Ph.D. LP	2766 80th Street, Town Of Bone Lake, WI	US
S1-507105058	Harbor Center P.C.	74 Warren Street, Somers, NY	US
S1-694665720	Ridge Bnb Corp	28 Hillview Street, Cecil Township, PA	US
S1-364202020	Srinivasa & Sons Private Limited	W-131, Ground Floor, Greater Kailash Part-1, New Delhi, South Delhi, Delhi	India
S1-768419039	Allied Association of Glade Valley	106 Mountain Ridge Drive, Glade Valley, NC	US
S1-733826752	Southern Agriculture	Fl 0, Glen Burnie, MD, 7540 Brightwater Beach Road	US
S1-200562933	Maanya Unit Pvt Ltd	C/O- Rahim Hassan Mudi Para, Tangra Para, Jalpaiguri, West Bengal	India
S1-119415920	Jarlay Crumrine Inc	155-34 Cohancy Street, Howard Beach, NY	US
S1-611371067	Christiana Kenny Education	423 Krewson Terrace, Upper Moreland Township, PA	US
S1-887260068	Apex Line Inc	9504 Glynhill Court, Killeen, TX	US
S1-60996964	Vanguard Supply Advisors PLLC	1840 Browning Road, Rockfield, KY	US
S1-188684873	Freeman Legacy Lng LLC	1845 72, Danville, AL	US
S1-651648003	Toral & Hildebrand Rail Inc.	165 Fern Lane, Gaston, NC	US
S1-332333952	Urology Physicians	35 Stephen Street, Stamford, CT	US
S1-443529104	TED Services LLP	C/O Sanjay Kumar, Vpo Wazirpur, Farukhnagar, Garhi Harsaru, Gurgaon, Haryana	India
S1-668628967	Almeida Direct Oxford Inc	824 F South Road, High Point, NC	US
S1-187662455	Foot & Ankle Ridge Specialists Inc	2834 Endicott Avenue, Saint Louis, MO	US
S1-960148909	Wallace, Haney & Mcdowell Auto Sales	2904 Whispering Shores Drive, Vermilion, OH	US
S1-593908911	35/19 Jones	318 Ohio Street, Hobart, IN	US
S1-154026035	Southern Enterprises-Upland	1580 8th Street, Unit UNIT 145, Upland, CA	US
S1-107543513	India Kng Trade Private Limited	36 B Oshiwara Ind Estate Pl No 11 Goregaon, W Off Link Rd Mumbai, Goregaon West, Mumbai, Maharashtra	India
S1-419642118	Williams, Mcdonald & Cavazos	4 Daisy Lane, Rockbridge County, VA	US
S1-35681931	Modern Builders	67/1, Keshav Smriti Vivekananad Laxmipur Mr-4 Road Behien, Jabalpur, Madhya Pradesh	India
S1-395064788	Dinajpur Advisory Private Limited	West Bengal, Uttar Dinajpur, Samiruddan House, Dinajpur, Utter Dinajpur, Katgaon, Lakhipur Chopra	India
S1-841087135	Easley Costamare LLC	263 Brunting Lane, Concord, NC	US
S1-226970837	Guerrero Hall	2852 Magic Rock Drive, City Of El Paso, TX	US
S1-928893522	517 Seventh Avenue Realty LLC	2315 Ridge Lane, Grapevine, TX	US
S1-67321262	Denavue Investments	46 Side Drive, Verona Island, ME	US
S1-162932800	Ridge Endocrinology	8306 Early Bird Way, Mint Hill, NC	US
S1-770133962	Choice Investment Works	7308 Crownwest Street, Houston, TX	US
S1-821251019	Family Select Physicians	126 Oak Street, Port Clinton, OH	US
S1-503242892	Cobalt, Inc	140 Brandi Circle, Winchester, TN	US
S1-285285942	Perez, Furrer & Gonzalez	2239 Ferris Road, Columbus, OH	US
S1-508358153	Dorie Ambrose Choice Indonesia Center	804 Parkridge Road, Unit A01, Durham, NC	US
S1-563874999	Surat City Organics Limited	Shop-7, Siddhi Residency, Pal, Surat City, Surat, Gujarat	India
S1-698704332	Safalta Seva Samiti	1St Floor, House No 40-G, Brs Nagar, Ludhiana, Punjab	India
S1-673029561	Frozen Cotspin Private Limited	127, P.A.Koil Street, Arumbakkam, Chennai, Tamil Nadu	India
S1-652529271	Rhonda Ramos Short LLC	360 Mending Walls Road, Manchester, VT	US
S1-346877938	First Finance Private Limited	C-8, Shree Ram Nagar Khirni Phatak Road, Jaipur, Rajasthan	India
S1-105901129	Sofie Wade Safe Viii LLC	601 Hickory Glade Court, Nashville, TN	US
S1-656457981	Pate Metro Paper LLC	1726 Courage Creek, Crandall, TX	US
S1-89413629	Vision Blue Physicians LLC	46 Henry Thompson Road, Taft, TN	US
S1-366185008	Herrera and Keel Supply LLC	6463 Orchid Lane, Glendale, AZ	US
S1-718902813	Eastern Business Private Limited	4002 Naya Bazar, Delhi, Central Delhi, Delhi	India
S1-885866571	Doix Disciplined Inc	1012 Short Street, Burlington, NC	US
S1-536766212	Jorrie Forte Ace Enhanced LLC	2402 Caddie Lane, Henrico County, VA	US
S1-404699731	HQ Saratoga LLC	4148 Hydraulic Avenue, Wichita, Unit LOT 51, KS	US
S1-644205244	Clark Alphabet PLLC	103 Palouse Street, Unit STE, Wenatchee, WA	US
S1-332410784	W Z Guzman James	831 Shady Court, Monroe, OH	US
S1-667715873	Western School of Medicine	660 Bryan Street, Elmhurst, IL	US
S1-708501286	Foster Academy	2898 Coldwater Avenue, Canton, OH	US
S1-709501893	Teixeira Bright Connecticut Inc	11305 Garden Trace Dr, Louisville, KY	US
S1-310038452	Shore & Miller Inc	10871 Carr Road, Jeffersonville, OH	US
S1-748953890	High Power Pvt Ltd	51/30, Industrial Area N I T, Faridabad, Haryana	India
S1-796975952	Rocky Endocrinology PC	Unit 615, Washington, DC, 920 I Street	US
S1-784834071	Northern College	409 Buckskin Drive, Red Oak, TX	US
S1-789213766	Peterson & Wooten P.C.	SC, Clover, 725 Knots Landing Drive	US
S1-386509811	Perfect Foundation	H.No.-990 Sector-18, Panipat, Haryana	India
S1-282327452	Hartlage, Reyes and Ou	24 Allen Street, New York, NY	US
S1-528804453	Gujarat Infotech Pvt Ltd	New Delhi, B -1, 1749 Vasant Kunj, Delhi	India
S1-351016986	High Technologies Private Limited	Sf 3 To 6, Gujarat, Ahmedabad, Office No.Sg-14 Om Complex, Swastik Cross Road	India
S1-119390392	India Poabs Steelco Private Limited	Sunrise Tower, Bholenath Ngr Kharwali Ng, Thane, Maharashtra, A/104, Thane	India
S1-413158235	Reza, Curry & Bartman PLLC	1819 Lynnwood Drive, Benton, AR	US
S1-498249310	Abernethy, Melva, DDS	AZ, 3160 Horseshoe Bend Avenue, Yuma	US
S1-815383049	Orthopedic Heritage Health	2916 Taylor Street, TX, Dallas	US
S1-788249302	Internal Medicine Vanguard Physicians LLC	5233 Trunnion Trail, Prince William County, VA	US
S1-77259201	Indo Industries LLP	H No.- 1846, Second Floor, Gold City, Sunny Enclave, Kharar, Rupnagar, Punjab	India
S1-835018723	Mountain Yield Inc	3010 Yorkshire Drive, Unit 1130, Phoenix, AZ	US
S1-726743109	WJ Summit Bsp	1080 Texas State Highway 37, Fl 93, TX, Mount Vernon	US
S1-516817536	Omaha Metropolitan Harbors	8608 Cuming Street, Omaha, NE	US
S1-634805901	Board of Environmental Protection	5220 Cody Road, Independence, KY	US
S1-70344334	Swastik Consultancy Private Limited	Sanjay Bldg 47/48Mittal Ind. Estate Sir M V Road Andheri E, Mumbai, Maharashtra	India
S1-574856582	Umiya Buildcon Company	2362/43 Bajrang Nagar, Bn-67 D Nsc No., Jabalpur, Madhya Pradesh	India
S1-241619005	Eye Care Associates	112 Lincoln Street, Peotone, IL	US
S1-608276572	Costner Muniholdings Inc	5493 Hwy 280, Harpersville, AL	US
S1-972283243	Family Group	WV, Ben Creek, 483 Left Fork Bens Creek	US
S1-968161625	First Care	Plot No-210 Floor Ground Blk/Pkt-K Sector-5 Landmark Na Dsidc Bawana, Delhi, North West, Delhi	India
S1-866879887	Delores's Superior Energy LLC	500 28th Street, Unit 36, Yuma, AZ	US
S1-257834169	Pune Bazar Private Limited	A 24 Popular Koregaon Parkbundgarden, Pune, Maharashtra	India
S1-289897176	Cervantez Oriental	103 Hedgecock Avenue, Unit N, Winston-salem, NC	US
S1-427360443	Sarva Hospital	C/O- Satendra Singh, Panch, Konch, Vill-Koch, Tola-Koch, Konch, Gaya, Bihar	India
S1-354504106	Tejavi Products LLP	C/O Rishabh Kirana Bhandar Khurai Road, Sarvodaya Chowk, Bina, Madhya Pradesh	India
S1-523176178	Kiah Larson, DPM, M.D., P.C. P.C.	3372 Philadelphia Church Road, Lincolnton, NC	US
S1-542479814	Vino Brothers Limited	Pune, Paranjape Scheme, Maharashtra, Behind Shivaji Hsg.Socy Suyognagar, Senapat I Bapat Marg.	India
S1-694265635	Smg & Associates	Flat No.405, Fribzi Dattasri Towers Engineers Colony, Yellareddyguda, Hyderabad, Telangana	India
S1-483825542	Heritage Global Ministries Inc	2135 Van Vranken Avenue, Schenectady, NY	US
S1-154274508	Innovative Marketing Collective	5306 Catalpha Road, Baltimore, MD	US
S1-986915379	Teex Tankers Inc	3502 California Crossroad, California Ky, KY	US
S1-345017890	Elite Santander LLC	1206 5th Street, Copperas Cove, TX	US
S1-282494528	Green Packaging Holdings Associates	9523 Samples Road, Benton, AR	US
S1-709891911	National Biomedical	4620 14300, Cornish, UT	US
S1-323408617	Dharmendra Solutions (India) Private Limited	Np.420 Sidco Industrial Estateambattur, Chennai - 600 098., Tamil Nadu	India
S1-967023448	Hernandez's Seafood	6341 Laflin Street, Chicago, IL	US
S1-252957733	Gist Aldel	435 Market Street, Alliance, OH	US
S1-365229438	Cardiology Physicians, LLC	94 Lakeview Drive, Sterrett, AL	US
S1-416155355	Heartland Data Inc	WA, 1405 Martin Luther King Jr Way, Unit #3, Tacoma	US
S1-284788586	Bette Hunt Gulf Pony	4101 Dana Court, Kensington, MD	US
S1-797876252	Clear Consumer Corporation	168 Granada Drive, Mannford, OK	US
S1-204503193	Indo Swastik Impex Pvt Ltd	# 64/A, 14Th Main 3Rd Cross, Aadarsha Layout, Hongasandra, Bangalore, Karnataka	India
S1-117497069	New Delhi Accessories Limited	D-10, Ground Floor, Front Portion, Greater Kailash Enclave-I, New Delhi, South Delhi, Delhi	India
S1-766493742	Jeniece Pacheco Rent	1929 Canyon Road, Lake Point, UT	US
S1-429227983	My Global Private Limited	3229-3232 Gali No.29 Plot No 57 Beadon Pura Karol Bagh, New Delhi, Delhi	India
S1-227193186	Global Star Power Private Limited	H.No.12-11-1427 Boudha Nagar, Warasiguda, Secunderabad, Hyderabad, Telangana	India
S1-38664735	Peralez Ridge Sachs	AZ, 662 Standage Drive, Payson	US
S1-106582724	Glyphelle Scuti	1613 Knolls Drive, Wake Forest, NC	US
S1-692965077	Shaheen Finance (India) Private Limited	1076 Biz Bazaar Streetkiruba Complex, Coimbatore, Tamil Nadu	India
S1-171149806	Digital Trading Private Limited	Office No 411 Plt No B 44, Centura Square Wagle Est, Thane, Maharashtra	India
S1-769483517	Reynolds and Thoreson Advantage	1419 Dukeland Street, Baltimore, MD	US
S1-410131110	Evelina Tata, L.C.S.W.	10 Yeomans Road, Columbia, CT	US
S1-211341756	Developers Devisha Travels LLP	Pune, 501 Eden Hall Model Colony Opp Om Super Market 5Th Floor Shivajinagar, Maharashtra	India
S1-666000805	Liberty Program IV	1952 Gem Drive, Unit APARTMENT 18, Hebron, KY	US
S1-113119974	Certified Logistics Holdings	1405 Beech Cove Street, La Porte, TX	US
S1-680598075	Gangapur Paints Private Limited	Shop No.227 To 229, Plot No.C-125, Csr Complex, Gangapur, Aurangabad, Maharashtra	India
S1-59441499	HM Online Private Limited	S5, Iind Floor, Sreevatsa Square, Mettupalayam Road, Thudiyalur, Coimbatore, Tamil Nadu	India
S1-114643396	Green Fortune Tech Limited	First Floor, Plot No. 647, Sector-37, Pace City-2, Dlf Qe, Gurgaon, Haryana	India
S1-749692486	Made	NM, 2315 Pine Drive, Alamogordo	US
S1-237983197	Perfect Systems Limited	30/17, 5Th Cross Street Trustpuram, Kodambakkam, Chennai, Tamil Nadu	India
S1-701295238	KE Developers Private Limited	Cb-344, Ii Floor Ring Road, Naraina, New Delhi, Delhi	India
S1-493451761	Q & W Cross LLC	3204 9W, Unit Apartment 17A, New Windsor, NY	US
S1-341442374	Engineering Talisman Ventures	Ganga Jamuna Building 28 1 Shakespeare Sarani 4Th Floor Flat, No. 414, West Bengal	India
S1-33852467	Raj Technology Limited	Balianta, Orissa, Plot No - 149, National Highway - 16, Opp. Highway Honda, Rudrapur, Khordha	India
S1-146907331	Zia Memorial Trust	Thekkeparambil Meethal Kuruvangadu, Koyilandi, Kozhikode, Kerala	India
S1-494532614	Ares LLC	Harlingen, 1018 C Street, TX	US
S1-171745438	Wooley Championsgate LLC	ME, Millinocket, 68 Poplar Street	US
S1-736836114	Optlinex Royal Multimedia	107 Moreland Boulevard, Unit Apartment 106, City Of Waukesha, WI	US
S1-155411441	Bradley Trailblazer LLC	9518 1100th Road, Paris, IL	US
S1-35827203	A Cure 5 IT	4200 Cypress Grove Lane, Greensboro, NC	US
S1-908247461	Internal Medicine Physicians of West Des Moines	4821 Stonebridge Circle, West Des Moines, IA	US
S1-300223306	Technologies Gautam India Private Limited	1140/29 1St Floor, Opp. Chhotu Ram Stadium, Rohtak, Haryana	India
S1-438758693	Patronus Entertainment Private Limited	02, 3Rd Floor, C/O Arbuda Surgical Hospital, Damodar Arcade, Behind Hp Petrol Pump, T, Ower Road, Jawanpura Idar, Sabar Kantha, Gujarat	India
S1-479924902	Shree Enterprises	House No.15, Wakad, Dhamori, Niphad, Nashik, Maharashtra	India
S1-134085392	Compass LLC	4152 Stephen Drive, North Highlands, CA	US
S1-337022551	Bright Factory LLC	303 Stonebrook Drive, Carroll County, VA	US
S1-487702271	Dental Partners of Carmel LLC	9803 Lakewood Drive, Carmel, IN	US
S1-725098987	Ashley Brown Anchor Ready LLC	291 2nd Avenue, Upland, CA	US
S1-757896798	Barbaraanne Stewart Berto PLLC	139 Davison Avenue, Lynbrook, NY	US
S1-922233958	Green Flex LLC	Rutherfordton, NC, 926 Scoggins Road	US
S1-411105731	Rathod Public School	Flat No-208 T/T, Pocket-1, Sector-22, Dwarka, New Delhi, South West Delhi, Delhi	India
S1-911112457	Uni Electromechanical Pvt Ltd	C/O Ca Enterprise Crystal, Nexus, Madhapar Circle, Rajkot, Gujarat, Rajkot	India
S1-989134750	Corcoran Prairie Inflection	708 3rd Street, MN, Sauk Rapids	US
S1-987027604	Adiana Thomas, Esq.	18626 Spanish Garden Drive, AZ, Sun City West, Unit 334	US
S1-108965634	Value Learning Holdings	90 A Quogue Road, Southampton, NY	US
S1-794238568	Pediatric Dentistry Precision Center LLC	222 White Tail Run, Elizabethtown, NC	US
S1-578321841	Platinum Better Textiles	816 Front Street, Sealy, TX	US
S1-670196736	Crystal Arbor LLC	14220 Fallbrook Lane, Prince William County, VA	US
S1-225528947	Prodyne	2473 Freetown Drive, Fairfax County, VA	US
S1-384324023	Urgent Care Medicine PC	7515 Military Avenue, Omaha, NE	US
S1-780893501	Rhoda's Anchor Tax Inc	Summit, IL, 7542 Heritage Court	US
S1-675496468	Empire Fresh Therapeutics PC	4022 95th Street, Seattle, WA	US
S1-627879496	Sritech Hospital	B-41, Shama Apartment Plot No. 32, Sector- 10, Dwarka, New Delhi, South West Delhi, Delhi	India
S1-630840533	Ridge Coalition Inc	233 Val Vista Drive, Unit 343, Mesa, AZ	US
S1-562273705	Charu Brothers Private Limited	Anand Builders Plot No. 2/4333, Rajgangpur, Sundargarh, Orissa	India
S1-861693272	Solent Broadband LLC	900 Pine Forest Drive, Unit 206, Raleigh, NC	US
S1-13411786	Proor Innovative James Inc	20617 Wiese Court, Damascus, OR	US
S1-638520499	Ashwini India	D-1/79B, Aravali Aptt, Sector-52, Noida, Gautam Buddha Nagar, Uttar Pradesh	India
S1-362092885	Sarv Group	Plot No.212, Jagannathpuri Boring Road, Jhotwara, Jaipur, Rajasthan	India
S1-221336585	Continental Engineering Technologies LLC	22621 Linden Drive, Lake Barrington, IL	US
S1-429457476	Stevens Black	706 Ross Avenue, OH, Hamilton	US
S1-475540195	Rural India	No.77, Vani Vilas Road, Basavanagudi, Bangalore, Karnataka	India
S1-34035620	Swa Holdings Ltd	98, At Post Palashi, Nandurbar, Maharashtra	India
S1-176297351	Tilique PLLC	96 Kimberly Avenue, Seymour, IN	US
S1-15027612	Heartland Family Practice LLC	1845 Somerset Lane, Northbrook, IL	US
S1-685767068	Nelson and Masci Superior LLC	51 Houghton Street, Worcester, MA	US
S1-736538120	Ebonee Goodwin Summit Controls Holdings	CT, 74 Sandy Beach Road, Ellington	US
S1-719739319	Alpha Care Private Limited	204, Mohan Nagar Thatipur Morar, Gwalior, Madhya Pradesh	India
S1-111501777	Continental Corporation	High Point, 214 Windley Street, NC	US
S1-961195154	Rajgharana Solutions Limited	C/O Santosh Dulichand, Guru Kripa Colony, Rajpur, Barwani, Madhya Pradesh	India
S1-208895954	Noo LLC	13614 Peacockfarm Road, Fl 0, Saint Louis, MO	US
S1-833413560	Ear Nose & Throat Care	Alba, TX, 1747 2954	US
S1-885315205	Foot & Ankle Partners Inc	305 College Avenue, Dekalb, IL	US
S1-752765366	Associates Developers	10, Bazida Road, Near Doon, Valley College, Karnal, Karnal, Haryana	India
S1-996929035	Great Developers Private Limited	Flat No 1802 M3M Heights, Golf Course Extn. Road, Bhondsi, Gurgaon, Haryana	India
S1-133799393	Ananta Realty LLP	1301, 13Th Crossindiranagar 2Nd Stage, Bangalore, Karnataka	India
S1-658932905	Campbell & Jackson LP	1652 Dean Drive, Bullhead City, AZ	US
S1-717672479	Sm Foundation Clinic	14 Sunel Road, Brij Nagar Colony, Jhalawar, Rajasthan	India
S1-551923677	Saharanpur Trust	8-1-301 & 302/Ph-1, Shaikpet, Golconda, Hyderabad, Telangana	India
S1-729819255	Education Committee II	414 3rd Avenue, Bristow, OK	US
S1-148414902	Southern Brown LLC	CT, West Hartford, 22 Lexington Road	US
S1-14002867	Lemon Processors Private Limited	H L Sarkar Road Bansdroni, Kolkata, South 24 Parganas, West Bengal	India
S1-814849844	Direct Allurion PC	2732 Calle Quebracho, Thousand Oaks, CA	US
S1-984896800	Gg Tie Private Limited	Wz-485/5, 3Rd Floor Basai Darapur, Near Shiv Mandir, New Delhi, West Delhi, Delhi	India
S1-983143074	Chihuahua Pioneer Perimeter LLC	1926 Dancy Street, Fayetteville, NC	US
S1-259479021	Peterson, Arlinda, D.D.S.	1688 26th Avenue, Backus, MN	US
S1-209082610	Norine Carson Burtech Inc	3513 Belmar Avenue, Indianapolis, IN	US
S1-709919758	Corner Seafood	14 Maple Tree Loop, Alexander City, AL	US
S1-401730139	Hall Bay Sui LLC	13508 Rhea County Highway, Evensville, TN	US
S1-783423626	Solutions Kimberlite Appliances Pvt. Ltd.	9, Old Post Office Street Ground Floor, West Bengal	India
S1-295092943	Bhole Projects Private Limited	17/10, Hat Lane Flat 2A, 1St Floor, Howrah, West Bengal	India
S1-560994774	Platinum Services Limited	Bldg No A13/207 Fl No 207, Shantisadan Co Op Hsg, Pune City, Pune, Maharashtra	India
S1-844620027	Fiia Holding Company	1754 Waverly Drive, Florence, KY	US
S1-381436022	Nidhi Institute	C/O Uttam Mallick, Netaji Raod, Khatra, Bankura, West Bengal	India
S1-2410053	Summit Horizon Stellar	3540 Adah Avenue, Albany, OR	US
S1-737112367	U Z & O Franklin PLLC	217 Old Johnson Road, Cleveland, TN	US
S1-379764344	Synlaus Family Office Inc	4550 Co Rd 4, Swanton, OH	US
S1-950363806	Malanie Vanderburg Regional Navigation LLC	1014 Main Street, Martin, OH	US
S1-576639346	James Ace Innovations Group	216 Railroad Street, Lena, IL	US
S1-357700867	Te & Brothers Corporation	225, 1St Floor, Sector 12, Part Ii Urban Estate, Karnal, Haryana	India
S1-981733714	Capital Construction, LLC	818 6th Avenue, Edgeley, ND	US
S1-295038838	Indus Advisors	St. Cecilian Building Chullickal, Cochin, Ernakulam, Kerala	India
S1-845913561	Everline & Co	Flat No. 301, Building No. 5, Garden Enclave, Near Vasant Vihar School, Thane, Maharashtra, Off Pokhran No.2	India
S1-197589341	Pinnacle Data Global Inc	2109 1/2 10th Street, Unit APT 1, Sacramento, CA	US
S1-740377025	Harrison Bright Braves LLC	5256 Center Road, Lowellville, OH	US
S1-995432065	Drayay Crescent Center	4556 Lester Street, Tucson, AZ	US
S1-966392906	Grand Complete Financial of Thomaston, LLC	290 Atwood Road, Thomaston, CT	US
S1-293853013	Kritaya Life Private Limited	14, Chamiers Road, Nandhanam, Chennai., Chennai, Tamil Nadu	India
S1-942055716	Aurora Avalanche LLC	34101 Fm 510, Los Fresnos, TX	US
S1-198012266	Neelanchal Chemicals Private Limited	G11/17, Shastri Nagar, Meerut, Uttar Pradesh	India
S1-335130751	Lingenfelter Cornerstone Valley Inc	1408 Washington Street, Unit 3D, Greensboro, NC	US
S1-78042891	Golden Infrastructure Private Limited	Plot No. 1703-04, G.I.D.C., Opp. Kundan Paints, Anand, Gujarat	India
S1-691203784	Good Consultants Pvt Ltd	Office No.1042, Block D&E Sas Nagar, Chandigarh Citi Center Vip Road, Rajpura, Mohali, Punjab	India
S1-135668662	Ss International Limited	C/O Ram Pravesh Nirala, Sitab Lal Rai Nds-1, Vill-Jethuli, Po-Kachchi Dargah, Patna, Bihar	India
S1-714362209	Cisneros Diamond Wellness Inc	22770 Mill Creek Road, Andalusia, AL	US
S1-130075273	Price Lifestyle	10818 503, Voss, TX	US
S1-567990340	Hiller's Peak Analytics	5875 Buchanan Road, Texarkana, TX	US
S1-768278018	Western Custom Regency, LLC	Lansing, 1174 Little Piney Road, NC	US
S1-184677752	Han Ridge National Inc	17883 Holiday Road, Town Of Tomah, WI	US
S1-900042100	Vt Connect Pvt Ltd	Howrah, West Bengal, Kolkata, 14 Subal Chandra Lane	India
S1-726875544	Innovative Ventures Pvt Ltd	C/O Rituraj Kaushik, Wardno.15, Narhanna Street, Bihta, Patna, Bihar	India
S1-258366861	Sanvi Care (India) Private Limited	Dharmgold Industrial Est., Plot No.8, Rajkot Highway, Morbi, Rajkot, Gujarat	India
S1-151541080	Lingam Ayurveda	Pn 2, Pass New Hb, Bhilwara, Bhilwara, Rajasthan	India
S1-734251437	Shyam Technologies Limited	16, Nivas Society, Indra Nagar, New Narsala Road, Nagpur, Maharashtra	India
S1-328164272	Surgical Golden Specialists Inc.	AR, 661 Rainbow Road, Russellville	US
S1-446371625	Blossom Trust Sultanpur	375/1 Karaudia, Ishrawati Nagar Near Railway Power House, Sultanpur, Uttar Pradesh	India
S1-738080632	LR Utility	P No- 150, Meenakshi Estates, Kompally, Hyderabad, Telangana	India
S1-304287409	M+ Comstock LLC	345 Lynchburg Drive, Newport News City, VA	US
S1-428423080	Atalanta Tran Corporate LLC	4956 Princeton Ave, Louisville, KY	US
S1-661316835	Best Industries	572/6E Nethaji Nagar Hasthampatti, Salem, Tamil Nadu	India
S1-490681822	City High Foods Private Limited	30/44 Gali No 7Vishwas Nagar, Delhi, East Delhi, Delhi	India
S1-521143071	Y & N Partners LLC	644 Ralph Street, Spokane, WA	US
S1-403861216	Rose Fannie	5659 Calais Drive, Springfield, OH	US
S1-381592786	India Bnb Producers Private Limited	15/11 Ramesh Nagar, New Delhi, North Delhi, Delhi	India
S1-902800911	Praana & Co Clinic	Wz-139 C-4 Block, Mahabir Nagar Tilak Nagar, New Delhi, West Delhi, Delhi	India
S1-315009191	Heart Institute VI	1960 Oak Grove Drive, Moscow, TN	US
S1-166028748	Mettler Creative Securities Inc	526 Church Street, Unit 926, Charlotte, NC	US
S1-735477899	Phi Marketing Private Limited	Neelam Apartment, Plot No. 15B, Sector 29 Agroli, Cbd Belapur, Navi Mumbai, Mumbai City, Maharashtra	India
S1-725495145	Shiva Nursing Home	Delhi, New Delhi, 31/10 Prithviraj Raod	India
S1-567548128	Tri-State Pegasus	4107 Marbourne Drive, Fort Washington, MD	US
S1-860346192	Vanguard Cloud Union	1323 Easton Drive, Akron, OH	US
S1-999823897	Meridian LLC	310 1/2 Maple Avenue, City Of Beaver Dam, WI	US
S1-27343277	N 5 C Health LLC	6291 Bancroft Street, Portland, OR	US
S1-741802310	Garnette Prest Information LLC	2006 163rd Avenue, Crown Point, IN	US
S1-502694947	Skylight Infratech Private Limited	No. 10/2, Srinivas Nilayam, Somasundaram Street T. Nagar, Chennai, Tamil Nadu	India
S1-901331037	Traders Trading LLP	27/2, Menambedu Road Manuurpet, Chennai, Tamil Nadu	India
S1-282844898	Inclusive Electro Limited	Mumbai City, Mumbai, A 601, Cts No 5770, A Wing, Ebm Konekar Marg Near Odeon Cinema, Ghatkopar East, Maharashtra	India
S1-124618419	Parampita Resorts Private Limited	Office No. 514, D Wing, 5Th Floor Neelkanth Business Park, Nathani Road, Vidyavihar West, Maharashtra	India
S1-807274134	Quinn Piedmont Managed, LLC	295 1/2 King Court, Jacksonville, IL	US
S1-435424190	Innovative Foundation Private Limited	No.4, I-Floor, Kachaleeswararagraharam Street, Chennai-1., Chennai-1., Chennai, Tamil Nadu	India
S1-728489006	Bansal (India) Ventures Private Limited	C/O Vinay Palit S/O M N Palit, Shankar Bhawan Line Par, Near Sbi, Moradabad, Uttar Pradesh	India
S1-814358134	Peck Fisheries	10086 Arnold Drive, Cincinnati, OH	US
S1-294941045	Golden Healthcare Private Limited	Plot No X3-X5 Flat No. 303, Panchayatan Appt. Rpts Road, Laxminagar, Nagpur, Maharashtra	India
S1-832159162	Kirk and Lautenschlager PC	5938 Knottsville Road, Thornton, WV	US
S1-23178062	Signature Payroll Dynamics LLC	606 Waterman Road, Lebanon, CT	US
S1-940573567	Wickersham Alpex Inc	93 Hudson Street, Boston, MA	US
S1-904844422	Miracle Traders Private Limited	Mf203 Meghamala Apartment, 1St Main Road G M Palya, Bangalore North, Bangalore, Karnataka	India
S1-616336390	Liberty Committee LLC	4724 Blossom Avenue, City Of El Paso, TX	US
S1-850711888	Smith and Moody	13051 Pennsylvania Street, Unit APT 3F, Carmel, IN	US
S1-770405424	Burgess College PC	AZ, 3024 24th Street, Phoenix, Unit 42	US
S1-956844075	Willow Table Inc	24026 Indian Creek Road, Opp, AL	US
S1-367997703	Orthopedic Partners	7041 Hells Gate Drive, Strawn, TX	US
S1-73326502	SK Xflh Corp	33 Grove Avenue, Somerset, MA	US
S1-449668639	Gold Estate Private Limited	21A Land Breeze 52 Pali Hill Bandra, Mumbai, Mumbai City, Maharashtra	India
S1-325898129	Burroughs Investment Partners	1917 Dry Willow Lane, Houston, TX	US
S1-89458953	Apna Traders Ltd	D-603 Anand Nagarforjet Street V N Naik Marg, Mumbai, Maharashtra	India
S1-817688147	Memorial Initiative	9 Saint Johns Place, Little Rock, AR	US
S1-83528254	Chiropractic Physicians	1600 Bethel Avenue, Muncie, IN	US
S1-64760901	689 Union Ave Realty, LLC	227 The Willows, Goshen, IN	US
S1-673705816	Straight Edge Tavern!	2777 Basalt Court, Salem, OR	US
S1-19019011	Paige, Willis and Giampietro Tribeca Inc	Cedar Lake, IN, 9647 Tradewind Place	US
S1-986349433	Garcia Sterling	840 Round Robin Lane, Fort Worth, TX	US
S1-72915342	Southern Universal Infrastructure Private Limited	Anand-Nadiad Mian Roadlambhvel, Anand, Kheda, Gujarat	India
S1-684759592	Sun & Co	Ernakulam, Geschmack House, Iruppachira, Pancode, 13/31-A, Ernakulam, Kerala	India
S1-180369564	South Rice PC	177 Chapman Street, Unit 1, Greenfield, MA	US
S1-991480575	Racy Ventures Private Limited	Tc 4/754 Brahmins Colony, Kowdiar P. O., Thiruvananthapuram, Trivandrum, Kerala	India
S1-488134407	Amigos (India) India-Karnal	Haryana, Karnal, C/O Ram Dutt, Karnal, Gno 1 Shanti, Ngr Kr, Ishana Nagar	India
S1-776826213	Nexeus Pattana LLC	140 Chapoquoit Road, Unit 36, Falmouth, MA	US
S1-454920411	Norman Oncology Superior Specialists	375 Triad Village Drive, Unit UNIT, Norman, OK	US
S1-876495773	Shoaf Cardiology	12793 4th Street, Yucaipa, CA	US
S1-594806215	Prime Complete Hartford	1916 Huson Street, Tacoma, WA	US
S1-491634999	Rozella Thompson Highland Fortunex, Inc	AL, Monroeville, 425 Bergman Street	US
S1-951086919	Real Infotech	Flat No.-1102, Orchard Avenue Hayatpur, Sector-93, Gurgaon, Haryana	India
S1-801077575	Kaveravi Engineers Private Limited	No.9, C.K Sandra, Uttarahalli, Hobli, Banglore, Bangalore, Karnataka	India
S1-689055153	Information Solutions Private Limited	8B, Mawana Road, Aman Vihar, Meerut, Meerut, Uttar Pradesh	India
S1-154364593	Caswell Bay Teucrium LLC	TX, 720 15th Street, Nederland	US
S1-114498331	Traverse Producer Company	9-D F/F Dda Flat Pocket-3, Mayur Vihar Phase-1, Delhi, East Delhi, Delhi	India
S1-961761130	Khalsa College	601, Amrut Vani, 15Th Road, Plot No.44, Chembur (E), Mumbai, Maharashtra	India
S1-112227101	Indo Power Private Limited	Neeti Khand-I/217/A- Indirapuram Gzb, Ghaziabad, Up, Ind, Ghaziabad, Uttar Pradesh	India
S1-184645711	Pipefitters Local 486 Inc.	314 22nd Avenue, Birmingham, AL	US
S1-871957206	Super Logistics Pvt Ltd	15, Bangalow Road Kamla Nagar, New Delhi, Delhi	India
S1-435353359	Oxendine Integrated Biopharma, LLC	Indianapolis, 2836 Carrollton Avenue, IN	US
S1-407428896	Rivera, Dalton and Dunn LLC	8 Cedar Avenue, Unit APARTMENT C, Loch Raven, MD	US
S1-243619316	Bridge Infocom Private Limited	Madhya Pradesh, Chhindwara, 10/427 Station Road	India
S1-782282637	Rashi Properties Private Limited	A-18Pushpanjali Farms Bijwasan, New Delhi, South West, Delhi	India
S1-48493366	Cynosure Retail	H.No. 124A/108, Block 11, Govind Nagar, Govind Nagar, Kanpur Nagar, Uttar Pradesh	India
S1-174694640	All Trading International LLC	7624 San Simeon Drive, Citrus Heights, CA	US
S1-191656226	Sargam Pictures (India) Private Limited	Vila No 50, Grd Fioor, Legend Chimes, Kokapet, Saroornagar, K.V.Rangareddy, Telangana	India
S1-614455280	Peak Data Consultants	4508 9th Street Court, East Moline, IL	US
S1-69471102	Surat Ceramics Pvt Ltd	Ground Floor, Block No. 93, Plot No. B-17 To B-39 Kim Mandvi Road, Motaborsara, Mangrol, Surat, Gujarat	India
S1-468637893	Shannon Direct Retail Clinic	47 Hollybrook Road, Sweden, NY	US
S1-994446865	Corwin & Elder Inc.	1000 Olin Way, Unit MB715, Needham, MA	US
S1-473812025	Clear Purpose Co	243 Powhatan Parkway, Hampton City, VA	US
S1-675147329	Pediatric Dental Center of Chicago LLC	3845 Grenshaw Street, Chicago, IL	US
S1-590975299	My Solutions Private Limited	North 24 Parganas, Village - Bora, West Bengal, Gorifa, P.O-Mamudpur, P.S-Naihati	India
S1-291110021	WY Tradlink Private Limited	Pearlramavarmapuramp.O., Thrissur, Doorno.Tc:10/583(471), Thrissur, Kerala	India
S1-813857888	Niix Midland Inc	2717 Dale Avenue, Springfield, OH	US
S1-426725094	Safe Robotics Works	9 Second Street, Haverstraw, NY	US
S1-725803946	Young Blue Compania Inc	69 Haskell Circle, Lakeville, MA	US
S1-416771660	Kaverva Services Private Limited	No.1, Ground Floor, Jai Nagar Phase I, Sriperumbudur, Kanchipuram, Tamil Nadu	India
S1-688748693	North Technologies Ltd	303, Floor-3, Plot-74/78, Prashant Chamber Mandvi, Mumbai, Maharashtra	India
S1-259355395	Shree Infra Pvt. Ltd.	Near Water Tank Basan, Jodhpur, Rajasthan	India
S1-587335423	Om & Sons Private Limited	Coimbatore, Mettupalayam, Annur Road, 262/2B2, Tamil Nadu	India
S1-279798452	Bright Consultancy Private Limited	Gala No. 13, H No. 48 Taloja Midc Pale Khurd, Panvel, Maharashtra	India
S1-704685031	Metropolitan Institute	5426 Kelford Street, Houston, TX	US
S1-592488739	Premier Pioneer Joint Inc	2602 Forest Shadows Lane, Raleigh, NC	US
S1-541996803	Baird, Lyden and Blaine Inc.	123 21st Avenue, Seattle, WA	US
S1-194865280	Rich Solutions	Flot No. A/502, Amogh, Vasundhara C.H.S.Ltd Jvpd Scheme, Juhu, Mumbai, Mumbai City, Maharashtra	India
S1-784834193	Lynn Community Chiropractic	32 Essex Street, Unit 2, Lynn, MA	US
S1-342487005	Fuller, Middleton & Drummond	571 Robeson Street, Fall River, MA	US
S1-337357999	Gujarat Consultancy Private Limited	M-4/28 Vinay Khand Gomti Nagar, Lucknow, Uttar Pradesh	India
S1-142126758	Soliq Iii, Inc	213 Guajolote Road, Ruidoso, NM	US
S1-77274527	Krist Advanced Massage L.L.C.	6177 Ayrshire Drive, Salisbury, MD	US
S1-202240885	Coastal Coalition	2015 Lord Baltimore Drive, Unit SUITE D, Windsor Mill, MD	US
S1-971245926	O H Wells Fields Inc.	Unit 310, Bowling Green, 220 College Heights Boulevard, KY	US
S1-36008093	Suryaita Enterprises Private Limited	No.345, Bangalore, Karnataka, 1St Main, 5Th Cross, Vishwaraya Rd, Virat Ngr, Bommanahalli, Bangalore	India
S1-116365465	Auto Welfare Society	401, Rupa Plaza, Jawahar Road Ghatkopar (East), Mumbai, Mumbai City, Maharashtra	India
S1-747896144	Ortiz Grand Textiles LLC	30 Rosewood Terrace, Dartmouth, MA	US
S1-359463534	Lyryn Engineering	3314 Jackson Street, Omaha, NE	US
S1-471672230	Drury & Kerber Intelligence	8 Fair Oaks Drive, Richmond, IN	US
S1-67114421	Enpee Process Corp	Railway Station, Kasaragod, Kasargode, Kerala	India
S1-847366742	Northern Dental Associates PLLC	261 S Fork Drive, Gurnee, IL	US
S1-872061610	Star Security Labs LLC	VA, Henrico County, 8321 Fulham Drive	US
S1-765278874	Heartland Solutions LLC	5201 Gravelbrook Drive, Chesterfield County, VA	US
S1-195921020	Larissa Hernandez Green Open Corp	1852 Morningside Drive, Valparaiso, IN	US
S1-219178324	Lucky Barbershop	122 Country Club Drive, Maybrook, NY	US
S1-502758701	Mgd Power Pvt Ltd	C/O Ramchandra Subhana, Anuse H.No 204 Malwadi, Hatkanagale, Kolhapur, Maharashtra	India
S1-8746402	Pediatric Delta Center Center	1762 Bracknel Boulevard, Rockford, IL	US
S1-338935422	Shree Estates Private Limited	A 204, Second Floor, Ssvr Acadia Vidhya Vikas School Road, Bangalore South, Bangalore, Karnataka	India
S1-898532482	Cmm Multi Private Limited	208-A Pocket B Mayur Vihar Phase Ii, Delhi, East Delhi, Delhi	India
S1-492056420	Lotus Aditya International Private Limited	143-A1, Bommasandra Industrial Area Hebbagodi Village, Anekal Taluk, Bangalore, Karnataka	India
S1-635949125	Painters Union Local No 732	13904 Marsh Pike, Hagerstown, MD	US
S1-603152350	Merralee Christianson Midcap PC	332 Adam Street, Tonawanda, NY	US
S1-305806402	Garces Interests LLC	Unit Suite 1, Depew, NY, 345 Dick Road	US
S1-668124415	Ahmedabad (india) Private Limited	Ahmedabad, Sakal (Surel) Society Opp Vejalpur Bus Stop, Vejalpur, Gujarat, Ahmedabad, 21 D	India
S1-662514922	NY Polypack Corp	C/O Nemai Adhikary, 200 G T Road North Howrah, Uluberia - I, Howrah, West Bengal	India
S1-29159969	V 8 X Spa	320 Mill Street, Amherst, NY	US
S1-941081669	Cookson & Wheeler Premium LLC	425 Henry Street, Unit 407, Morristown, TN	US
S1-695909474	ZMN Forestry	Shop No. 121, P&T Road Kotra Sultanabad, Bhopal, Madhya Pradesh	India
S1-945296825	Patriot Alliance Inc	87 Tiffany Road, East Hartford, CT	US
S1-257088476	Bhagavathi Management Pvt Ltd	No. 25, Manthralaya, 15Th Cross, 100 Feet Road, Bangalore South, Bangalore, Karnataka	India
S1-668194655	Mutual Software Technologies	542 10th Avenue, Grinnell, IA	US
S1-894777585	Delpro Consultancy Private Limited	A-32 Shop No-2, G/F Ganesh Nagar Pandav N, East Delhi, Delhi	India
S1-323684335	Harbor Peak Hydro LLP	5775 Roosevelt Street, Unit 1171, Phoenix, AZ	US
S1-952290281	Best Realty Group PLLC	415 57th Street, Tacoma, WA	US
S1-54805009	A First Wheeler	203 Avenue C, Knoxville, TN	US
S1-724374834	Lawson Clean Velos Inc.	OH, 217 15th Street, Elyria	US
S1-506427483	Foxy Advisors Clinic	Kerala, Mamangalam Palarivattom Post, Sunny Estate, Ernakulam	India
S1-469987841	Dion Companies	4705 Bonji Drive, Conover, NC	US
S1-86066965	Wallis Alva Platinum Illinois LLC	1016 Bianco Court, Cresson, TX	US
S1-137128344	Fleming Infrastructures Corp	Gr-Fr, 303, Gopal Lal Tagore Road, Lp-3/46, Kolkata, Kolkata, Howrah, West Bengal	India
S1-210741278	Mountain Foundation LLC	1389 1000, Macy, IN	US
S1-552325494	Internal Medicine Platinum Center, Inc	4421 Beech Run Road, Jumping Branch, WV	US
S1-208039929	Stem Holdings Ltd	Delhi, North Delhi, New Delhi, C/I/114Janak Puri	India
S1-280902436	Cassey's Spa	526 Lake Street, Harrietstown, NY	US
S1-858991996	Richardson, Sparks and Pope	57 Dellwood Road, Yonkers, NY	US
S1-556827913	Deeann Hill Innovative Velos LLC	13643 White Rock Drive, Sun City West, AZ	US
S1-707324091	Kannur Technology Private Limited	Building No Knr 37/82Situja Building Opposite Of Sn Park Kannur Post, Kannur, Ernakulam, Kerala	India
S1-873097708	Global Realty Consultants, Inc	5344 Christian Drive, Wilmington, NC	US
S1-438646120	Russell and Elliot Digitalbridge LLC	5937 Cheshire Drive, Bethesda, MD	US
S1-276456725	Aspolight Care Private Limited	Tc 43/657/5, Uk Edifies, Valiyasalai, Chalai Po, Thiruvananthapuram, Thiruvananthapuram, Trivandrum, Kerala	India
S1-373658297	Tds Powertech Private Limited	Hno 13-112/2/A, Marga, Dharshi Colony, Kothapet, Saroornagar, K.V.Rangareddy, Telangana	India
S1-471054864	Nityam Charitable Trust	139, New Model Town, G.T.Road, Khandwala Amritsar, Amritsar, Punjab	India
S1-289279728	Solvex House Private Limited	Chapsey Terrace, 3Rd Floor, Maharashtra, 30 Altamount Road, Mumbai	India
S1-370625144	Granite, LLC	873 A 25 3/8 Street, Town Of Chetek, WI	US
S1-484717643	Chennai Chit Center	Plot No 252 To 256 Sidco Industrial Estate Thirumudivakkam, Chennai, Kancheepuram, Tamil Nadu	India
S1-772517100	Vythiri Terminal Private Limited	Room No. Mp Xiv/506, Po Kakkavayal, Kalpetta North, Vythiri, Wayanad, Kerala	India
S1-923532704	Vision Clinic LLC	70 Melrose Avenue, Staten Island, NY	US
S1-632559701	Prime Investment Studios LLC	ID, 139 Cowcatcher Loop, Bellevue	US
S1-109872307	All Realty Labs P.C.	16 Back Cove Estates, Portland, ME	US
S1-31925281	Heart Center LLC	KY, 1132 Euclid Ave, Louisville	US
S1-550497978	Aurial Eye Care LLC	600 Newton Drive, Unit 010992, Midfield, AL	US
S1-213873095	Buque	1806 Memorial Boulevard, Murfreesboro, TN	US
S1-512179024	Tirupati Logistics Private Limited	R/O E 002 E Block, Omaxe City 1, Indore, Madhya Pradesh	India
S1-105371585	ZI Technology Private Limited	719, D-6, Friends Society, Sector 7, Behind Charkop Bus Depot, Kandivali West, Kandivali West, Mumbai, Maharashtra	India
S1-489027902	Sai Power Private Limited	2/8, Bodhi Seth Ki Chawl, Yadav Nagar Safed Pool, Mumbai, Maharashtra	India
S1-49361674	Ace Cea	4211 46th Street, Sioux City, IA	US
S1-48203181	Hora, Farias & Adams	5001 Sheridan St, Unit APT B38, Davenport, IA	US
S1-343788303	13/86 Concord	1703 Georgetown Road, Cleveland, TN	US
S1-458111533	Pinnacle Complete Cdt	3910 University Avenue, Village Of Shorewood Hills, WI	US
S1-439218323	Hayes Select Agnc Associates	813 Sunnyside Avenue, Chicago, IL	US
S1-519511992	Main Street Bike Shop	14821 92nd Street, Owasso, OK	US
S1-58969328	East Construction Pvt Ltd	Office No 719, Gera Imp Alpha Kharadi, Pune, Maharashtra	India
S1-8524069	Hero International School	C/O Gangadhar Sahu C-9, Market Building, Saheed Nagar, Bhubaneswar, Khordha, Orissa	India
S1-776626591	Alexander Investments, Inc	533 Hinchey Road, Gates, NY	US
S1-567892762	Environmental League	9540 Sayre Avenue, Morton Grove, IL	US
S1-596873728	Creative Telecom Union Inc	4615 Kellogg Road, Hector, NY	US
S1-498776560	First Agro Private Limited	304 Siddharth Building 96 Nehru Place, New Delhi, South Delhi, Delhi	India
S1-639257459	Clark, Mcdaniel & Chapman LLC	10128 Meadowneck Court, Silver Spring, MD	US
S1-773965622	Memorial Project	923 12, Schroeppel, NY	US
S1-165959767	Vaia Islands Inc	6788 Bunker Hill Road, Village Of Greenleaf, WI	US
S1-361664146	Gold Healthcare Limited	Unit No 1607, Godrej Waterside Tower-Ii, Plot - 5, Block-Dp, Sector-V, Saltlake, Kolkata, Kolkata, Howrah, West Bengal	India
S1-191071223	Nirmaan Enterprises Private Limited	20D Ballyganj Station Rd, Kolkata, Calcutta, West Bengal	India
S1-843957624	Sundeep Brothers Private Limited	Sr.No.183/2, Pawbaki Road, Sangamner Ahmadnagar, Sukewadi, Sangamner, Ahmed Nagar, Maharashtra	India
S1-581711996	Powell and Saint Inc	1160 Deseret Avenue, Unit UNIT C, Barstow, CA	US
S1-139930058	C O & R Acquisition LLC	686 Bolsters Mills Road, Otisfield, ME	US
S1-380132471	Chicago Foundation	Sudpara Po/Ps-Bolangir, Bolangir, Balangir, Orissa	India
S1-770325399	United Grifols	TN, Springville, 15 Elroy Drive	US
S1-459757422	Phantom Products Private Limited	D. No.27/8/1069/1, Main Road, Aravind Nagar, Muddireddypalli, Hindupur, Chittoor, Andhra Pradesh	India
S1-136469703	Preferred Vista	PA, 2529 Horsham Road, Upper Moreland Township	US
S1-915429685	Edstrom Rice	75 Packard Avenue, Unit 248, Somerville, MA	US
S1-451258809	Mancheria Foundation Partners	H.No. 24-125 Near Lic Swamy Ashok Road, Mncl, Mancheria, Adilabad, Telangana	India
S1-905826540	Suryoday Trading Co	L2/37A, Ground Floor Dda Flats, Kalkaji, New Delhi, South Delhi, Delhi	India
S1-787645419	Blue Developers Private Limited	Flat No. 702, B-2, Tulip, Glmohr Park View, Kharadi, Pune, Maharashtra	India
S1-145490005	Sai Infra Private Limited	No. 59, 3Rd Main Road, Vyalikaval, Bangalore, Karnataka	India
S1-848631094	Littlestar & Sons Private Limited	New Delhi, Delhi, 1201 Ansal Tower 38 Nehru Place, South Delhi	India
S1-732241750	Haas & Gallion	196 Darlington Road, OH, Warren	US
S1-679265192	Whitmore Crescent, Inc	875 Pecos Road, Unit 3021, Chandler, AZ	US
S1-479648887	Helios Petroleum LLC	1125 Kidds Court, Lanark, IL	US
S1-399421785	Weems System LLC	Waldron, 207 Eden Way, IN	US
S1-707959311	Supreme Pioneer Global Private Limited	Suyog Fusion, Off No.901/902-903, 9Th Floor, F.P. No. 198, Sangamwadi, S.No.348A-1/3-2, Dhole Pa, Til Road, Pune, Maharashtra	India
S1-798670475	Hotel Media Pvt Ltd	6643, Khari Baoli, New Delhi, Delhi	India
S1-472854548	Great Association Care	3700 Belvedere Avenue, Baltimore, MD	US
S1-980395952	Yamuesh Style Pvt Ltd	Office No 403, 3Rd Floor, Orchid Road Mall, Wing B Royal Palm, Aarey Milk Colony, Goregaon, (E), Mumbai, Mumbai City, Maharashtra	India
S1-86435962	Harrell Photonics LLC	316 Vernon Avenue, Elkins, WV	US
S1-289782891	Clegg and Howard LLC	13 Twin Lake Drive, Pittsboro, NC	US
S1-793001659	Big Grill	10208 Carol Street, Fairfax County, VA	US
S1-672460598	Tri-State Interstate Biomedical Group	IA, 1032 Shawnee Avenue, Des Moines	US
S1-191377084	Ariela M. Storey, D.C.	15841 Gladeside Avenue, Frisco, TX	US
S1-548007036	Real Black Builders Private Limited	Central Delhi, Delhi, 500-501 Katra Asarfhi, Chandni Chowk, Delhi	India
S1-57737581	Roopan Agency Limited	Flno B/203 Mont Vertbiar, Sno 136/5Magnolia Pashan, Haveli, Pune, Maharashtra	India
S1-488935059	Vida's Hair Studio, Inc.	2228 Shade Valley Road, Charlotte, NC	US
S1-806584253	Lorelle Yang Suisse, LLC	4423 Zimmerman Lane, Moab, UT	US
S1-2353263	Casey Clean Element	Sykesville, MD, 7103 Sisco Way	US
S1-562307184	Pinnacle Custom Capital, LLC	VA, 230 Low Circle, Campbell County	US
S1-502025977	Cozy Barbershop Inc	654 George Roy Parkway, Calera, AL	US
S1-672094329	Urgent Care Medicine LLC	4705 Annaway Drive, Edina, MN	US
S1-957626035	Metropolitan Express Osprey	MO, 1310 Cleveland Avenue, Kansas City	US
S1-912038234	Rajpura Hr Private Limited	Sushma Grande, Rajpura, Flat-1403 T-7, Punjab, Mohali	India
S1-429237914	Urology Care Associates of Surprise LLC	17568 Young Street, Surprise, AZ	US
S1-690595452	Bright Coffee	5903 Frankfort Avenue, Tulsa, OK	US
S1-354306285	Kimes Industries, LLC	712 Thornhill Drive, Newark, DE	US
S1-238713169	Matex Survey LLP	Xi/195 B2 Kidangoor P O, Vengoor, Angamaly, Cochin, Ernakulam, Kerala	India
S1-289198678	Global Food Private Limited	Plot No 25 & 26 Panchmukhi Nagar Behind Tata Motor Near Additional Midc Phase Ii, Aurangaba, D Road, Jalna, Maharashtra	India
S1-292699211	Dorri's Research LLC	1135 Heather Lane, Waconia, MN	US
S1-202596866	Shae Botsford Precision Management	104096 3390 Road, Meeker, OK	US
S1-997460550	Sky Food	Flat No A907, Shriram, Southern Crest, Kanakapur, Bangalore South, Bangalore, Karnataka	India
S1-683045115	Allied Pan Inc	11312 Willow Lane, Prince George County, VA	US
S1-944340218	Nashville Custom Plumbing Corp	714 Maylene Drive, Unit B5, Nashville, TN	US
S1-477698064	Cinder Group	246 Hilliard & Rome Road, Columbus, OH	US
S1-337317172	Pediatric Dentistry Clinic LLC	487 70th Street, Dows, IA	US
S1-393071723	Cabrera Resources Associates	3145 Exposition Avenue, Fl 0, Wichita, KS	US
S1-241617644	Autism Assistance Foundation	3400 Clubgate Drive, Fort Worth, TX	US
S1-319810352	Glass Management LLC	320 County Road 335, Rockdale, TX	US
S1-377632980	Vijai (India) Build Pvt Ltd	Wz-1010, G/Floor, Old Plot No-10, Kh No-61/19/1, Palam Colony, Raj Nagar, New Delhi, South West Delhi, Delhi	India
S1-734234309	Juliane Schrader Berto LLC	2168 Spang Avenue, Terre Haute, IN	US
S1-934035666	Bharat Technology Pvt Ltd	Raj Bhawan, H/O Raj Kumar Bhadraghat, Idgah Road, Patnacity, Patna, Bihar	India
S1-930063654	Community Guild LLC	Chicago, 10841 Halsted Street, IL	US
S1-695491455	Sambhav Technologies Private Limited	S-26 Basement Floor Varindavan Complex P No A 13 Central Spine Vidhyadhar Nagar, Jaipur, Rajasthan	India
S1-234895321	Silver Properties Private Limited	306 S C Rajendrakunj Comp, Dattapada Road, Bldg No 2, Borivlai East, Mumbai, Maharashtra	India
S1-987815422	YE Telefonica Inc	IA, Des Moines, 3519 29th Street	US
S1-870826773	Harmon's Interiors	2734 Hall Street, Hays, KS	US
S1-483228465	Atlantic Neighborhood	5418 T, Brooklyn, NY	US
S1-781896957	Elite Classic Aviation	14414 Enchanted Valley Drive, Cypress, TX	US
S1-919096001	Western United Innovations	1525 Olympic Lane, TN, Lebanon	US
S1-586085716	Join Network Private Limited	Kothi No 1 P, North Bye Pass Ghuman Nagar, Patiala, Punjab	India
S1-497323890	Krishna Brothers Ltd	C/O Anil Yadav 15, Hospital Village Karmouni, Ps-Dobhi, Gaya, Bihar	India
S1-52560209	CFH Advisory Private Limited	Old No. 7B, New No. 2, Second Floor, 1St Main Road Dhandeeswaram Nagar, Velachery, Chennai, Tamil Nadu	India
S1-97733810	East Animal Hospital Inc	401 Martin Luther King Jr Street, Geneva, AL	US
S1-850605632	India Pragati Incubation Limited	Kozhikode, Kerala, Sadhbavana Hostel, Kozhikode	India
S1-543828606	Swastik Care Private Limited	#436, Agwar Jani Ka, Bhai Rupa, Rampura Phul, Bathinda, Punjab	India
S1-842232339	Beth Synagogue	4513 University Way, Seattle, WA	US
S1-57907012	Royal Trading Private Limited	R.S.No.70/2, Sulikeri Villagepost Office Katageri Taluk, Badami Dist, Bagalkot, Karnataka	India
S1-530021666	B & T Diagnostics, Inc	4207 Gilman Avenue, Seattle, WA	US
S1-132362484	Groman Advantage	710 Old Southern Avenue, Phoenix, AZ	US
S1-333573401	(india) Maatara Cargo Co	Survey No.2127 Mulchand Road, Wadhwan, Surendranagar, Gujarat	India
S1-301997139	Torie's Apex Analytics	2548 Cliffwood Drive, Lake Havasu City, AZ	US
S1-105744186	Best Clear Defense Group	5821 Hunting Ridge Lane, Charlotte, NC	US
S1-801006949	Meia Interstate Keen LLC	3100 Vista View Boulevard, Fl 2, Columbus, OH	US
S1-103246832	Finance Sky Realtors Private Limited	No. 10, 11Th Cross, Vidya Peeta Main Road, Kengeri, Bangalore, Karnataka	India
S1-867895189	Rams Trust Ltd	Unit No-1104, Krushal Commercial Complex, G.M. Road, Above Shoppers Stop, Chembur(, West), Mumbai, Mumbai City, Maharashtra	India
S1-964700152	Anchor Realty Partners L.L.C.	2806 Da Vinci, TX, New Caney	US
S1-718847885	Zahara's Laboratories PC	OH, 7098 Cross Creek Trail, Concord	US
S1-503217536	Alwar Merchants Private Limited	Rajasthan, Alwar, Punj House Govind Nagar, Delhi Road, Plot No. 15	India
S1-483329611	Atlantic Council LLC	325 Main Street, Maple Park, IL	US
S1-946853169	Willis Charitable Trust	#18, Vetri Nagar, Puthagaram, Korattur, Chennai, Tamil Nadu	India
S1-613939005	Sant Polytechnic	289, Katra Anshik, Lucknow, Uttar Pradesh	India
S1-436754581	Select Valley Blackstone	1964 Korando Avenue, Saint Louis, MO	US
S1-217708532	Blue Innovative Utility	IL, Mascoutah, 908 Indian Prairie Drive	US
S1-476197772	Nextgen Days (India) Limited	H.No. 338, Jalavayuvihar Colony, Tirumalagiri, Hyderabad, Telangana	India
S1-569060106	VU Chit Private Limited	Gf-24, G-6, Emilia Floors, Narsinghpur, Gurgaon, Haryana	India
S1-249037438	Silver Staffing	93851 Pitney Lane, Junction City, OR	US
S1-624270326	Prime, Cleopatra, DPM, P.C.	1592 Camino Pablo Avenue, Pueblo West, CO	US
S1-575817734	Leila J. Rogers, D.D.S., M.D., P.C.	11670 Rose Road, Conroe, TX	US
S1-264762774	Coastal Council II	64 Stagecoach Pass, Beekman, NY	US
S1-298796171	RP Hennessy LLC	256 Mohawk Drive, High Point, NC	US
S1-646364594	Equinox	1130 Sandusky Street, Ashland, OH	US
S1-987596776	Soto Capital Homes Inc	208 Niagara Falls Boulevard, Unit Apartment 1, Tonawanda, NY	US
S1-270664686	Mateshwari Seva Samiti Group	C/O Sadique Ali, Indira Nagar, Lohar Chawl Mandala, Opp Kurla Scrap, Mankhurd, Mumbai, Mumbai City, Maharashtra	India
S1-475331982	Allied Boston LLC	172 Main Street, Warren, ME	US
S1-676349283	Howell Aldabra	CA, 3990 Spica Way, Vandenberg Village	US
S1-231920217	Hale Networks	301 Washington Street, Unit 114, Mebane, NC	US
S1-327033054	Carpenters Local 322	126 Dawson Street, Uhrichsville, OH	US
S1-53426286	Trade Products	Flat No.C-302, 3Rd Floor, Garden View Apartments, Jaipur, Rajasthan	India
S1-674206572	United Super International Limited	5-O, Pocket-4, Mix Housing Colony, Mayur Vihar Pahse Iii, Opposit Bal Bharti Public Sch, Ool, Delhi, North East, Delhi	India
S1-261424861	Himes's Specialists Inc	15315 24th Avenue, Tacoma, WA	US
S1-668730248	Ewalt's Tri-State Brokerage LLC	95 Preble Street, South Portland, ME	US
S1-203541458	Preferred Software Industries LLC	830 79th Street, Indianapolis, IN	US
S1-859546550	Prakash Education Private Limited	C/O Lokesh Solanki, Rajya Karmchari Colony, Amba Bari, Girwa, Udaipur, Rajasthan	India
S1-573167862	Combs Regional Materials LLC	28 Smith Street, Rouses Point, NY	US
S1-429130787	James Group	3370 130th Street, Cleveland, OH	US
S1-280878796	Carin Lopez, DPM	268 Avawam Drive, Richmond, KY	US
S1-902272179	Synque Investments	7200 Hart Road, TX, Amarillo	US
S1-97306689	Apex Ses LLC	12511 181st Street, Foxholm, ND	US
S1-905643866	Technology Aura Services Private Limited	Flat No 14, Gulmohar Society N-3, Cidco, Aurangabad, Maharashtra	India
S1-992735302	Scism Preparatory Academy LLC	203 Brentwood Drive, Cedar Falls, IA	US
S1-646084560	Royal Infrastructure Union	4418 S Ridge Road, Perry Township, OH	US
S1-889478893	Equinox	Unit 401, MA, Westborough, 10401 Peters Farm Way	US
S1-222125419	FD Global Clinic	Winston-salem, 5815 Moravia Road, NC	US
S1-969666085	Gianna Mowry Sound PC	1318 Old Hickory Drive, Greenwood, IN	US
S1-644644755	Aditya Fashions Limited	No 8, Palm Lands, Dodda Gubbi Main Road, Kyalasanahalli, Bangalore, Karnataka	India
S1-717528507	India Murugan Trading Ltd	Madhya Pradesh, Nasrullaganj, Sehore, C/O Kailash Chand At Post, Semalpani Kadeem	India
S1-663585481	Kuldeep Engineers Limited	T C 20/1301Mangad Lane Karamana, Trivandrum, Palakkad, Kerala	India
S1-11855149	North Royal Foundation Private Limited	50, Koteshwara 21St Cross, Bhuvaneshwari Nagar, Bangalore North, Bangalore, Karnataka	India
S1-240783767	Venegas's Bakery	202 Frawley Street, Houston, TX	US
S1-155312713	Oncology Superior Partners LLC	41 Heather Hill Road, Catonsville, MD	US
S1-781504451	Creative Automation International	523 Truman Drive, Oswego, IL	US
S1-375986548	Merry Patriot Black Inc	3703 63rd Avenue, Hyattsville, MD	US
S1-256726572	Lodestar Trading Private Limited	E-278, B.P.Township, Kolkata, Howrah, West Bengal	India
S1-24276280	Continental Holding Company	8631 Village Way, Unit STE 8631, Fairfax County, VA	US
S1-744561124	Valley Fellowship	882 Garrisonville Road, Stafford County, VA	US
S1-683198473	Red Investment Pvt Ltd	C/O Nunu Devi, Hare Ram, Kamat, 00 Chilbilli, Phulwari, Patna, Bihar	India
S1-237668724	American Drugs	1854 Brighton Circle, Mesa, AZ	US
S1-186585139	Melisse Lamb Cosmetics LLC	28690 263rd Street, Town Of Lake Holcombe, WI	US
S1-444636531	Innovative Logistics Limited	Ward No.1 Kanishk Bihar, Sanghmitra Colony, Siwan, Bihar	India
S1-233043601	Galia Drugs LLC	Greeneville, Unit 56, 1108 W Summer Street, TN	US
S1-948142159	Below, Faulkner & Taylor Inc	Plattsburgh, 27 Kentucky Street, NY	US
S1-934247958	A Cure 9 IT of Charlotte	2021 Ashland Avenue, Charlotte, NC	US
S1-517711698	AZL Medical	5122 Fairview Street, Fl 1, Chandler, AZ	US
S1-796515843	Housley Delta James LLC	OR, Tigard, 10370 90th Avenue	US
S1-84340733	Pearl Media (India) Pvt Ltd	Shop No. 5 And 7, Ground Floor, 6, Navjeevan Society, Dr Dadasaheb Bhadkamkar Marg, Mumbai Central, Mumbai, Maharashtra	India
S1-813020540	Bright Nails	911 4th Avenue, Great Falls, MT	US
S1-696695403	Federal School of Medicine	2348 Veterans Memorial Boulevard, Andover, MN	US
S1-189778733	Triumph & Associates Private Limited	Shop No-3, Ground Floor, Rucha Appartment, Sector-20 Airoli, Navi Mumbai, Thane, Maharashtra	India
S1-984176899	Sai Welfare Society	F-2, Team Business Centre, No.98, Venkatachala Mudhali Street, Myla, Pore, Chennai, Tamil Nadu	India
S1-348689511	Gesasoft Eco	1466 Oakbourne Drive, OH, Columbus	US
S1-237686502	Arroyo Liberty Ridge LLC	3507 Misty Moss, Montgomery, TX	US
S1-82410515	Great Federation VI	WI, 24329 40th Avenue, Town Of Sigel	US
S1-611717451	Corie Lahti Better	2606 Marcum Terrace, Huntington, WV	US
S1-672623447	Vanguard Winvest Inc	1051 1700, Cisne, IL	US
S1-984233526	Shivalaya India Private Limited	8-12, Main Road, Ganapavaram Mandal, West Godavari, Andhra Pradesh	India
S1-314047042	All Arch Inc	35 American Way, Waynesville, NC	US
S1-954381635	Jannel Martin Silverbox	1222 Homeplex Court, Irving, TX	US
S1-478474165	Federal West Inc	618 Tweed Way, Hyattsville, MD	US
S1-157814147	Piceno Communications	5722 Waldwick Road, Fayetteville, NC	US
S1-16426741	Akar Food Limited	Room No 301, 3Rd Floor, Pramani Plaza, Hig 129, Phase 1&2 Kphb Colony, Tirumalagiri, Hyderabad, Telangana	India
S1-557629845	Blanch Perez Piedmont Medical Inc	1714 Haywood Road, Unit P, Asheville, NC	US
S1-41136792	Ats Chem (India) Care	No.2013, Gnana Deepa, D Block 2Nd Cross, 3Rd Stage, Dattagalli, Mysore, Karnataka	India
S1-237605445	Capital Fund of Douglas County	1003 168th Avenue, Douglas County, NE	US
S1-787112767	Shree Royal Power Limited	B-1004, Rarwana Tower, Canbank Subordinate Chsl, Borivali West, Mumbai, Maharashtra	India
S1-410098953	Uni (India) Fund Private Limited	1204, 12Th Floor, Rg Trade Tower, B-7, Netaji Subhash Place, Pitampura, New Delhi, North West, Delhi	India
S1-913020833	Khang, Anderson & Bonds Travel Group	23113 Stipps Hill Road, Laurel, IN	US
S1-643113433	G D Wright Kodiak	Unit 4063, Tempe, AZ, 1003 Washington Street	US
S1-295899485	Jain Infotech	913, Gr Sagarnivas, Hosa Road, Bangalore, Karnataka	India
S1-731410856	JY Decoration Private Limited	Murari Lal Gupta Gn-3, Friends Colony, Faridabad, Haryana	India
S1-666868789	Sallie Chacon Optimal Tungsten Inc.	416 Breezewood Court, KY, Ludlow	US
S1-427589463	Lavery, Skinner and Esquivel, LLC	4505 June Avenue, Fl 0, Saint Louis, MO	US
S1-698318755	Bharat Mercantile Corp	Shop No. 311, Mega Mall 3Rd Floor, Wadhwan, Surendranagar, Gujarat	India
S1-137142323	Diamond Payroll Dynamics Inc.	3536 Woodland Hills Drive, Tuscaloosa, AL	US
S1-873658558	Lawal, Martin and Rodriguez Carolina, LLC	406 Hillwood Road, Tullahoma, TN	US
S1-321392395	Sky Trading Private Limited	C-610, Vardhman Apartment, Mayur Vihar Phase-1, East Delhi, Delhi	India
S1-193109166	Ace Kimco	44 Irving Avenue, Tucson, AZ	US
S1-248624411	Metro United First	55 Rockledge Avenue, Mount Vernon, NY	US
S1-810684933	RM Technologies Private Limited	House No. 202, Defence Colony Near Sapra Hospital, Hisar, Haryana	India
S1-86693679	Anchor Rising	1302 Ocean Boulevard, Holden Beach, NC	US
S1-371901368	Mountain Initiative	AL, Jacksons Gap, 38 Whirlwind Road	US
S1-648213586	Preferred Trading Inc	304 77th Place, Mesa, AZ	US
S1-382393140	Associated Media Technologies Inc	5918 Gary Lane, Arlington, TX	US
S1-270408167	South Agro Pvt Ltd	A-55 First Floor, Office No-5, Noida, Ghaziabad, Uttar Pradesh	India
S1-997667420	Al Consultants	Rajkot, Vekari, Gujarat, Tal: Gondal District: Rajkot	India
S1-481658226	Jai Software Private Limited	Shop No 4, Sai Sham Complex Kankuri Road, Shiridi, Shirdi, Ahmednagar, Maharashtra	India
S1-629490870	Continental Fresh Epr, L.L.C.	803 Love Drive, Ofallon, MO	US
S1-688505614	Lower Secure Newbury Center	4809 Yandell Drive, City Of El Paso, TX	US
S1-652858826	Life Systems Limited	Gandhi Nagar Sewar Road, Bharatpur, Rajasthan	India
S1-673067055	Modern Systems	154, 5Th Sector Hsr Layout Bangalore, Bangalore, Karnataka	India
S1-847793693	Cornerstone Industrial Collective	27020 Tamsen Avenue, Poulsbo, WA	US
S1-682740229	Superior Briacell LLC	6603 Katarani Drive, Houston, TX	US
S1-111773262	Prairie Society	67 Captains Neck Lane, Southampton, NY	US
S1-765398774	Maa Infrastructure Private Limited	No. 127/1, 1St Floor, 1St Main, Seshadripuram, Bangalore, Karnataka	India
S1-236579700	Silver Cafe	S92W31827 Leah Court, Town Of Mukwonago, WI	US
S1-310267914	Secure Payroll Union Co	22384 Haber Drive, Fairview Park, OH	US
S1-543408558	Organica India Private Limited	Plot No 62 Green Enclave, Chipiyana Bujurg, Ghaziabad, Uttar Pradesh	India
S1-522187244	Leger and Rich LLC	3608 Osprey Court, Belleville, IL	US
S1-982464435	Schmidt Pineapple, Inc	1431 Blythe Avenue, Highland, CA	US
S1-765251832	Jay Logistics Private Limited	Ganesh Chawl, Cutting No. 5, Bhim Nagar, Appapada, Kurar Village, Malad (East), Near Nutan Vidya Mandir, Malad East, Mumbai, Maharashtra	India
S1-913380413	Southern Lakshmi Ventures Private Limited	No.50, Gowdiya Mutt Road Royapettah, Chennai, Tamil Nadu	India
S1-614913303	Kolkata Industries Private Limited	21 Valley Park Gariajadavpur, Kolkata, South 24 Parganas, West Bengal	India
S1-465553295	Baldwin Merger LLC	129 Old Church Street, Petersburg City, VA	US
S1-443502452	Super Arihant Tech Private Limited	Plot No. 109, Wardhaman Nagar, Nagpur, Maharashtra	India
S1-934260460	Tech Technology	A-6 Sahyog Apartmentsbhosari, Pune, Maharashtra	India
S1-716250610	Vevay Scott Great Associates	1500 11th Street, Bend, OR	US
S1-701050596	Pacific Network	Newark, 327 Union Street, OH, Unit C31	US
S1-776211264	Goan Brothers Private Limited	Sukrit Enclave Old R.T.O Compound, Lucknow, Gautam Buddh Marg, Uttar Pradesh, Ugf-2	India
S1-212842097	Botero, Beggs & Wheeler Constellation Inc	3629 Maple Avenue, Birmingham, AL	US
S1-570545750	Vision Management LLP	Epic-E 8, Gidc, Savli, Vadodara, Gujarat	India
S1-972054147	Ph Welfare Society	Shop No 3 Gf Munna Market, Missi Engine Wale K Samne, Meerut, Uttar Pradesh	India
S1-7326357	Ferrium Pimco	OR, 3785 Lilligard Lane, Salem	US
S1-636606349	Continental Platforms LLC	WI, Town Of Cooperstown, 16202 Keehan Road	US
S1-86643970	Indrraj Educare Limited	1-B, Nandanvan Society, Manipura Road, Vijapur, Mahesana, Gujarat	India
S1-918507549	Harris Bread	180 Bankhead Highway, Mineral Wells, TX	US
S1-79383656	Norrie Christenson Brewing PC	41125 Mills Circle, Lagrange, OH	US
S1-886529822	Ventures Sutra Construction	B-104, Sai Residency Chs Ltd, Plot 355 To 358, Sector-6, Phase-03, Sarsole, Nerul, Navi Mumbai, Thane, Maharashtra	India
S1-764245153	Tia Outdoor	1329 163rd Avenue, Omaha, NE	US
S1-513623419	Choice Apartment Inc	3205 Elmore Street, Simi Valley, CA	US
S1-429156362	Morganton Canadian	109 Ridge Street, Morganton, NC	US
S1-14419337	Shakti Services Pvt Ltd	30.Floor, 3Rd 1 Vensimal Kalachand Building Dinanath Mangeshkar Marg, Forjett Hill, Mumbai, Mumbai City, Maharashtra	India
S1-190560106	Alonso Voya Inc.	17646 Cave Creek Road, Unit 263, Phoenix, AZ	US
S1-34313639	Sunbeam Solutions Private Limited	24/19D, Sarojani Naidu Marg, Civil Lines, Prayagraj, Allahabad, Uttar Pradesh	India
S1-731343571	Optex Legacy Medicines LLC	256 Marlborough Terrace, Fairfield, CT	US
S1-818378193	Jyoti Visa Private Limited	B-44, Newyork City Rau, Indore, Madhya Pradesh	India
S1-862148696	Gupta Pharma Private Limited	A-601, Riveria Tower Chs Ltd Lokhandwala Township, Kandivali East, Mumbai, Mumbai City, Maharashtra	India
S1-564399812	Swastik Food LLP	Site No 4, Near Panchayat Samiti, Civil Lines, Infront Of Nagar Parishad S, Chool, Paratwada, Amravati, Maharashtra	India
S1-812216530	A Optimal Corporate LLC	176 Elm Street, Unit 1, Everett, MA	US
S1-489409014	Atlantic Coalition LLC	1305 14th Street, Anacortes, WA	US
S1-492648198	Hermione Mcneil Village LLC	1508 Mccroskey Avenue, Unit 811, Knoxville, TN	US
S1-121517290	Apex Wealth Ventures LLC	3110 Carnaby Lane, Unit UNIT D, Bridgeton, MO	US
S1-555082422	Canfield Wen P.C.	599 Hibbert Branch Road, Murphy, NC	US
S1-318908286	Metro Committee	Martinsburg, WV, 37 Artillery Way	US
S1-658349268	Cruz Lightwave	18 Morton Street, Norwalk, CT	US
S1-840669755	Mateo Realty	105 Alamo Way, Venus, TX	US
S1-681582856	Ewing Cayman LLC	3605 Touchstone Drive, TN, Maryville	US
S1-243222196	One Jai Business Private Limited	At. Chandre, Tal. Radhanagari, Dist. Kolhapur Near Vidya Mandir Chandre, Kolhapur, Maharashtra	India
S1-56699856	Harnam & Brothers Pvt. Ltd.	H. No. 466, Ward No. 13 Salempur Gusai Salempur Gusai, Gajraula, Amroha, Jyotiba Phule Nagar, Uttar Pradesh	India
S1-526612125	Pioneer Ventures Private Limited	Srt 724 Sanathnagar, Hyderabad, Telangana	India
S1-243448926	Tirupati Services Private Limited	No20 1St Floor Lig Colony, Palladam Road, Pollachi, Coimbatore, Tamil Nadu	India
S1-419785377	Som Staffing Private Limited	2-7/2/2, Srinivasapuram, Tiruchanoor Road Tirupathi, Chittoor, Ap, Tirupathi, Cuddapah, Andhra Pradesh	India
S1-296846353	Lucky Book Store P.C.	17722 79th Avenue, Unit 1177, Glendale, AZ	US
S1-903035152	Global Hotels	1520 21st Avenue, Rock Island, IL	US
S1-789680966	Chicago Clean Medicines	Chicago, 6331 Washtenaw Avenue, IL	US
S1-543984790	East City Systems Pvt Ltd	3 & 4 Local Shopping Complex, Sarvpriya Vihar, New Delhi, Delhi	India
S1-701320919	Butatech International L.L.C.	7234 Lancaster Avenue, Portland, OR	US
S1-568028274	Compton Metropolitan Exchange	71 David Oliver Court, Henry County, VA	US
S1-467123202	New (coimbatore) Pvt. Ltd.	City Survey No 692, Sangli, Maharashtra, Gold Plaza Apartment, B-Wing, 1St Floor, Unit No- F-4, Peth Bhag, Ganpati Man, Dir Road	India
S1-632005728	Mumbai Music Pvt Ltd	708, C-4 E Madhava, Bandra Kurla Complex Bandra East, Mumbai, Mumbai City, Maharashtra	India
S1-478425294	007 Manufacturing	249 Honeysuckle Ridge Road, Millers Creek, NC	US
S1-123376273	Jacquie's Custom Cleaning Service	NY, 71 Church Street, Coxsackie	US
S1-186121871	Doucette Dynamic Indigo Inc	2015 Lyle Lane, Nashville, TN	US
S1-587581283	Mahesh & Co	2Nd Block, 1St Main, Ayyappa Nagar, Karnataka, Devasandra Main Road, Om Ganesha B1264, Bangalore	India
S1-651597793	Prime Textile Dynamics Corp	901 Fairlane Drive, Vanceburg, KY	US
S1-754659672	Finance Stallion Promotion Pvt Ltd	Rashmi Niwas Dutta Tota, Puri, Orissa	India
S1-891328204	Svas Business Private Limited	3/1 B Nafar Kundu Road Classic Court 4, Kolkatta, West Bengal, Calcutta	India
S1-402744223	Exult Institute	40, Lig-2 Indira Nagar, Ujjain, Madhya Pradesh	India
S1-402830916	Haymon Investments Clinic	9392 Schmidt Circle, West Jordan City, UT	US
S1-325562762	Federal Fund IV	1352 Heron Rookery Way, Fl 0, Odenton, MD	US
S1-34511948	Smart Midcap LLC	Springfield, TN, 3902 Hillwood Court	US
S1-626445672	Quantify Crumrine	Saint Matthews, 3410 Grandview Ave, KY	US
S1-136252114	Jensen Animal Hospital	199 Liberty Street, Leesburg Town, VA	US
S1-999340704	Sairam Intelligence Private Limited	Plot No-310/6, Sector -6, Imt Manesar, Gurugram, Gurugram, Gurgaon, Haryana	India
S1-695581453	Reus Industries Inc	2002 Palomino Drive, Gilbert, AZ	US
S1-180124520	VW Grand Regional Inc	2908 Kings Chapel Road, Unit STE 6, Fairfax County, VA	US
S1-619886496	Lark Melton Data LLC	2620 Norkenzie Road, Eugene, OR	US
S1-834794526	Svr Energy Private Limited	No 49 Arcot Roadkodambakkam Chennai, Tamilnadu, Chennai, Tamil Nadu	India
S1-517181767	Integrated Broadcast Advisors Inc	7373 Sherman Church Avenue, Unit 907, East Sparta, OH	US
S1-555321717	Fionna Meyer Prime Adamas	12790 Germane Avenue, Unit Unit 112, Apple Valley, MN	US
S1-421554873	Constable, Mccarthy & Dockter LLC	1102 Ponderosa Drive, Jemez, NM	US
S1-88516267	Conroe Wildlife Ministries	TX, 5157 Barber Lane, Conroe	US
S1-468905038	Jalgaon Hospital Private Limited	33, Yashwant Colony, Ring Road, Jalgaon, Maharashtra	India
S1-240258893	Office of Aging	7412 Rayfords Court, Liberty, NC	US
S1-823936683	Naperville Pediatric Anchor Center	1271 Brook Crossing Court, Naperville, IL	US
S1-556449243	P E Piper Live	205 Mallery Road, New Ashford, MA	US
S1-52355717	United Alliance	Kettering, OH, 1210 Claybourne Road	US
S1-330875122	Blair Trust LLC	649 Patterson Street, Hot Springs, AR	US
S1-517000504	F+ Urban Inc	15644 Ripple Ridge Way, Victorville, CA	US
S1-463739116	Shreyas Live Limited	Plot No639 1St Floor, Near Sbi Matrusri Nagar, Tirumalagiri, Hyderabad, Telangana	India
S1-289587547	Marysa Smart Frontier Trg	165 Depot Road, Huntington, NY	US
S1-862388737	Orion LLC	4511 Camp Creek Road, Ridgeview, WV	US
S1-425624067	Royal Foundation Private Limited	Haryana, Gurugram, Building No. L-1, Mayfield Garden (Opposite Ocus Quantum), Sector-51, Gurgaon	India
S1-429759379	Orbis Permian, LLC	104 Sweetbriar Road, Forney, TX	US
S1-886419317	Brown & Ariola Pebblebrook, Corp	1401 Linden Avenue, Unit A, Nashville, TN	US
S1-757972993	Mack Group	290 400, Unit 203, Logan City, UT	US
S1-449714097	Betts, Loredo & Rose LP	1153 New Northrup Road, Lakehills/pipe Creek, TX	US
S1-290337549	Gadson Blueport Inc	1727 Walker Cup Circle, Thousand Oaks, CA	US
S1-56824620	Nexera	1307 Neyland Circle, Hixson, TN	US
S1-574550037	Wilkinson Emerging	3503 Melville Place, Middletown, DE	US
S1-446889249	East Developments Inc.	4403 Lodge Vine Court, Sugar Land, TX	US
S1-244436728	Orissa & Co	Flat No B-18, Laxmi Garden, S No 33/2/1, Shani Mandir, Pune City, Pune, Maharashtra	India
S1-521207385	First Chapel	131 Lawrence 278 Road, Smithville, AR	US
S1-6926969	Mumbai Kannur Private Limited	B 501, Delphi Building, Orchard Avenue, Sector No.3, Hiranandani Business Park, Hiranandani Garden, Powai, Mumbai, Maharashtra	India
S1-583573022	Danika Washington Maintenance LLC	11294 London Court, Blaine, MN	US
S1-258472293	Blessings Studio (India) Limited	Rajkumar S/O Shri Sarup Singh Bhajan Colony, Near Shivalik School, Banur, Mohali, Punjab	India
S1-626136073	Hilton Planet	225 Doyle Avenue, Loogootee, IN	US
S1-193846627	Cura Farm Limited	Rajvilas Soc., Nr. Kasturba School, Koregaon Park, Pune, Pune City, Maharashtra, F. Pl. 302/A-2	India
S1-176015194	Heritage Project Partners	2050 Canyon View Drive, Unit 33B, St George City, UT	US
S1-618403229	Grant & Archer Inc	1410 Widenham Street, Peoria, IL	US
S1-377154163	Duffy Aimei	52 Telegraph Road, Dennis, MA	US
S1-474654900	Regal Brothers Private Limited	108, First Floor Madangir Village, New Delhi, South Delhi, Delhi	India
S1-132582171	All Transit International LLC	51 Gibson Road, Inwood, WV	US
S1-727675134	Quantify Hancock Inc.	Dexter, ME, 9 Goff Road	US
S1-813371631	Rafaela Lam Gulf Art	WA, Olympia, 8438 Island View Drive, Fl 1	US
S1-818204164	One Best Systems Pvt Ltd	# 6 - 3 - 862, My Home Laxmi Nivas, Flat No - 203 Green Lands, Ameerpet, Hyderabad, Telangana	India
S1-231844975	Doque LLC	252 Winners Circle, Tryon, NC	US
S1-308491499	Silver Pub	496 Boone Ridge Road, Hazard, KY	US
S1-866691494	Studio 11 Barbershop	104 Candace Court, High Point, NC	US
S1-635263316	Vasavi Consulting Private Limited	Delhi, South Delhi, 504A Hemkuntcolony 89 Nehru Place, New Delhi	India
S1-433946164	FR Golden Wealth Center	4860 Main Street, Unit T67, Mesa, AZ	US
S1-426286632	Lakshmi Development Corporation	1403 Palladium, Cts No 9, Holy Cross Road, Borivali(W) Near Shubhjivan Circle, Borivali West, Mumbai, Maharashtra	India
S1-945876060	Environmental Network Corp	1110 Amesbury Court, Unit APT 101, Clover, SC	US
S1-325202280	Bone Entertainments Ltd	1538, Rabindra Pally, Laskarhat, P.S. Tiljala, Dist. South 24-Parganas, Kolkata, Parganas South, West Bengal	India
S1-793792745	Greenawalt Learning Center Inc	4 Helena Lane, Hot Springs Village, AR	US
S1-55586523	Primary Care Physicians Inc.	9008 Snow Hill Road, Ooltewah, TN	US
S1-71905201	Cole Western	20 West Street, Fair Haven, VT	US
S1-6595930	Metech Inc	17952 Jubilee Way, Unit Unit B, Lakeville, MN	US
S1-734874	Briggs's Apex Book Store Center	497 Paddle Creek Road, Fort Gay, WV	US
S1-712632461	Kolkata Elevators LLP	43/1/C Biplabi, Barin Ghosh Sarani, Kolkata, Kolkata, Howrah, West Bengal	India
S1-710891317	Rosas, Skinner and Kuecker LLC	205 White Road, Mineola, NY	US
S1-823959826	Total Grupo Corp	704 Outlook Avenue, Babylon, NY	US
S1-528124201	High Care Private Limited	Plot - 659/7738, Jyoti Nagar 4Th Lane, Brahmapur Sadar, Ganjam, Orissa	India
S1-165677001	Metropolitan Federation	1963 Bristol Circle, Carpentersville, IL	US
S1-77388648	Delta Network	2655 Teaster Lane, Unit 245, Pigeon Forge, TN	US
S1-470008097	Urgent Care Partners	30896 Goodman Ranch Place, Marana, AZ	US
S1-574508984	Ramachandran & Brothers Pvt Ltd	Ward No.-01, Gogla, Gogla, Faridpur, Paschim Bardham, Laudoha, Bardhaman, West Bengal	India
S1-536817282	Continental United Antimony	151 Elm Hill Road, Vernon, CT	US
S1-740858951	Skm Seva Samiti Jaipur	Basement, H 1-235, Riico Indistrial Area, Mansarovar, Jaipur, Rajasthan	India
S1-295626141	Guru Investments Private Limited	Chander Bhan S/O Mata Deen Kankrola, Gurgaon, Haryana	India
S1-845808434	Aguilar Preferred Paceline LLC	7431 Kendara Drive, Cincinnati, OH	US
S1-468754455	Sugal Charitable Trust	#251, 3Rd Floor, G.R.Plaza, Halagevaderahalli, Rajarajeshwari Nagar, Bangalore, Karnataka	India
S1-498589054	Arihant Business Private Limited	P. No. 238, Swami Vihar, Nirman Nagar, Jaipur, Rajasthan	India
S1-350817923	Heartland Ministries II	19275 Freeport Court, Elk River, MN	US
S1-403345696	Family Services Inc	622 Lumpkin Street, Texarkana, TX	US
S1-640829632	Ear Nose & Throat Group	1371 Longleaf Street, Avon, IN	US
S1-737323628	Digital Lotus Impex Private Limited	Medak, R.C.Puram, 9-223, Kbr Colony, Bollaram, Telangana	India
S1-231319597	Barbrik Consultancy LLP	C/O- Baijnath Prasad, House No. 218, Near Aara Machine, P.O.-Danapur, Danapur, Patna, Bihar	India
S1-152668365	Morbi Management Private Limited	74/2, Thadapalli Village Singiripalayam Pirivu, Akkaraikodiveri (, Po), Gobichettipalayam, Erode, Tamil Nadu	India
S1-11471027	Adisa Memorial Trust	Flat No. F-2, Cs No. 248/2 Anandi Rang Apartment, Tarabai Park, Kolhapur, Maharashtra	India
S1-487173255	Chrzanowski and Holder Trg	TX, Mckinney, 101 Chestnut Street	US
S1-958727089	Barker Pharma LLC	Owings Mills, Unit CONDO 536, MD, 14 Hartley Circle	US
S1-837526250	Flamingo Brothers	47/3, B.T Road, Narendra Nagar, Belgharia, North 24 Parganas, West Bengal	India
S1-997330054	Computer Parshwa Private Limited	P.No.118, Parishram Appt, Nr Water Tank Laxmi Nagar, Nagpur, Maharashtra	India
S1-263073891	Black Bombay Exports Private Limited	South Delhi, Delhi, New Delhi, D-38, First Floor, South Extension Part 1	India
S1-855375665	Sky Global Private Limited	Cb -15 Second Floor, Hari Nagar, New Delhi, South West Delhi, Delhi	India
S1-986051568	HU Express Centurion LLC	4800 Mcdonald Road, Unit Unit 6, Onondaga, NY	US
S1-9201242	Tri-State Keystone Xflh Group	359 Madison 8735, Huntsville, AR	US
S1-773870282	Tia Bnb LLC	606 Burnt Island Road, NC, Lumberton	US
S1-992220733	Sahu Developer (India)	Z/4/125 Riverside Rd., Kolkata, Calcutta, West Bengal	India
S1-695377185	Hedwiga Hernandez Australian	Unit 305, NC, 343 Red Currant Way, Arden	US
S1-205403194	Liv Lyford Choice Bitcoin, Inc	13929 Cambourne Drive, Pflugerville, TX	US
S1-612792356	Brightify Massage	20236 Hillsong Place, Poulsbo, WA	US
S1-432353910	Eco Event	Rzf-756/5C, First Floor Raj Nagar -Ii, Palam Colony, Delhi, South West Delhi, Delhi	India
S1-435661233	Mccarty Liberty Allurion LLC	CA, 1424 Prusso Street, Livingston	US
S1-215489239	Golden It Private Limited	D.No: 1-225, Ranga Reddy District, Golden Ridge Township, Pendyal Village, Maheshwaram Mandal, Rangareddy, Telangana	India
S1-438598771	Kr Foundation Private Limited	West Bengal, 11Th Floor, Fortuna Tower 23A Netaji Subhas Road, Kolkata, Room No. 11, Howrah, Kolkata	India
S1-151858758	Double Sangh	Delhi, House No 22 Floor Ground, North West Delhi, Block- M Near Shiv Mandir, Delhi	India
S1-546803811	Prairie Assets Inc	2281 Pointe Place, Cincinnati, OH	US
S1-476771930	Fresh Jaws	230 High Street, Elliott, IL	US
S1-828077398	Adeline King Continental Ares Associates	108 Larrison Street, Monette, AR	US
S1-76462134	Shree Solutions Pvt Ltd	No 41, 1St Cross, 1St C Main, Manjunatha Nagar, Ittamadu, Banashankari 3Rd Stage, Bangalore, Karnataka	India
S1-449045495	Gu Infotech Corp	Shop No-2, Hall No-2 F F, Situated At Prabhat Marke, Moradabad, Uttar Pradesh	India
S1-468138093	Signature Precision	Mobile, 6316 Muir Woods Drive, AL	US
S1-599842385	Ayati Consultants Private Limited	Dtj-23, Ground Floor, Dlf Tower-B, Jasola, New Delhi, South Delhi, Delhi	India
S1-453296757	Caswell Trusted Data Inc	53 Virginia Avenue, Danville, IL	US
S1-904132440	X+ Surgical	32883 Spunk Tree Circle, Avon, MN	US
S1-903838909	Diversified Industrial Ventures Inc	Chattanooga, 6328 Frances Drive, TN	US
S1-43336888	Innovative Wellness Concepts Inc	52 Russell Street, Buffalo, NY	US
S1-556985946	Engineering Alcon Producer Pvt Ltd	C/O Md Jahangir Khan, At - Pathraha, Narpatganj Po- Ghurna Bazar, Sub- Forbisganj, Distt-, Araria, Bihar	India
S1-794894976	Gb (India) Education Pvt Ltd	Gujarat, A2 Suda Awas, Dumas Road, Surat, 205	India
S1-131810502	Lyman International	20218 Tamerton Drive, Spring, TX	US
S1-917639439	Madhushree Kripa Limited	F C/3 Ankita Apartment, Dhrub Dangal, Near Pani Tanki, Burnpur, Bardhaman, West Bengal	India
S1-527263319	Dermatology Health	14824 17, Spring Grove, MN	US
S1-289874254	Pacific Medical Enterprises Peoria	9255 Bent Tree Drive, Peoria, AZ	US
S1-881751795	Liberty Great Paloma Care	2701 Wilcrest Drive, Austin, TX	US
S1-28678074	Desert Pediatrics	Memphis, 5716 Sycamore Ridge Road, TN	US
S1-17465557	Abc Trading Private Limited	426 Near Shivalay Vadaviyala -3, Ta.Unna, Junagadh, Gujarat	India
S1-623061945	Mccaa Bay Corporation of Brooklyn Center	6040 Earle Brown Drive, MN, Brooklyn Center	US
S1-923710264	Marion Tire Shop LLC	5435 21st Ave, Marion, IA	US
S1-449712013	3659 Church Plaza Owners Corp LLC	277 Capetown, Montgomery, TX	US
S1-512546107	Trading Metropolitan Infratech Private Limited	No.637/1, F5 Geetha Nagar, Bharathidasan University, Tiruchirappalli, Tamil Nadu	India
S1-221517919	Atlantic Trust Care	691 Old Plymouth Street, Halifax, MA	US
S1-294178193	Farfan Patriot Mfa	10644 Gross Lane, Beltsville, MD	US
S1-11240682	Aarth Agencies	8/1 Lal Bazar Street 3Rdfloorroom No 1, Calcutta, Kolkata, West Bengal	India
S1-852487595	Stamper, Erin S., D.C. Inc	58 Badalona Drive, Hot Springs Village, AR	US
S1-485991577	Madras Consultancy Private Limited	Plot No. Pf 15, Opp. P & G Pharma, Sanand Gidc Ii, Sanand, Ahmedabad, Gujarat	India
S1-218773718	Urban Construction Pvt Ltd	Salem, Tamil Nadu, Annapoorani Avenue, Salem, S.F No.54/4D1	India
S1-553846274	Kanpur Institute	303, Rupa Plaza Opp.Ghatkopar Railway Station (East), Mumbai, Mumbai City, Maharashtra	India
S1-452649374	Pinnacle Creative Advisors LLC	702 King Charles Road, Scroggins, TX	US
S1-313852936	Ravi Suppliers Ltd	House No.357, 2Nd Floor, Ameerjan Compound, Hosakote, Bangalore Rural, Karnataka	India
S1-954007945	Loni Perez Innovative Martin	1028 State Highway 48, Alto, NM	US
S1-616673135	Soia Clinic	204 Mike Avenue, Tyler, TX	US
S1-290947881	Empire Assets, LLC	Unit APT 42, MO, 4530 Rhonda Sue Court, Imperial	US
S1-92091655	New Delhi Ink Corporation	New Delhi, B And C Vasant Kunj Delhi, Delhi, New Delhi, F No-3056 Sector-A Pocket	India
S1-688648383	Mumbai India Limited	Office No.19, Matruchhaya, B Wing, S N Road, Mulund West, Mumbai, Maharashtra	India
S1-789092336	Pacific Industrials Inc	2460 Northwick Drive, Unit 202, Winston-salem, NC	US
S1-294186055	Keith, Reyes & Lammers Harbors	IL, 731 Cimarron Drive, Carol Stream	US
S1-42276393	Shiva Enterprises Private Limited	E-30-31, Bagroda, Industrial Area, Bhopal, Madhya Pradesh	India
S1-269547988	Honey Nirman Pvt Ltd	Centrum House, Cst Road, Viidyanagari Marg Kalina, Santacruz (East), Santacruz, Mumbai City, Maharashtra	India
S1-505587428	Foot & Ankle Health of West Des Moines L.L.C.	540 51st Street, Unit Unit 331, West Des Moines, IA	US
S1-152197690	Twisted Seafood	30 Manor Hill Drive, Fairport, NY	US
S1-603845762	Behavioral Health Silver Associates Inc	90 Huntington Avenue, NY, Fl Floor 2, West Seneca	US
S1-255248581	Superior Creative Alibaba LLC	71 Monongahela Drive, Cherokee Village, AR	US
S1-401397716	Healthcare Deep Flour Private Limited	C/O Aarati W/O Satyawan 0, Krishna Colony Sonipat Rd, Gohana, Sonipat, Haryana	India
S1-620163575	Cascade Elite Tailwind	701 Rolling Hill Drive, Allen, TX	US
S1-197779728	White Jay Consultancy	3-159, Sc.No Skl180, Kotturu Village, Tekkali, Srikakulam, Andhra Pradesh	India
S1-432733258	Chrysa's Regional Entertainment	10606 Rolling Meadows Court, Mooresville, IN	US
S1-808609061	Swar Solutions Pvt Ltd	Amritsar, Ranjit Avenue, Punjab, Sco-112/7Th Floor	India
S1-244078336	XM Marketing Pvt Ltd	Shakuntal Complex B, Nr. Sanghvi Tower Anand Mahal Road, Adajan West, Surat, Gujarat	India
S1-126759492	Kalpataru Ventures Limited	Maharashtra, Mumbai, Bakshisingh Chawl No 2, Shivaji Nagar Road, Malad East, Mumbai City	India
S1-246588082	Strategic Harbors Inc	2700 North Lane, Phoenix, AZ	US
S1-919927758	Moss Urban Inc.	5520 C Hempstead Way, Unit STE 22U, Fairfax County, VA	US
S1-187473372	Roma Custodian Private Limited	57 Nahta Chowraha, Mandsaur, Madhya Pradesh	India
S1-251387839	Literacy Coalition	1114 Oak Tree Drive, City Of Havre De Grace, MD	US
S1-284055493	Wilson Royal Fortunex LLC	15 E Street, Miami, OK	US
S1-574994117	Empire Signature Construction LLC	437 Hackett Boulevard, Albany, NY	US
S1-2244039	Dasha Ellison Harbor Physical Center	1055 Pine Street, Unit 132, Nashville, TN	US
S1-62765599	Internal Medicine Clinic	18630 46, Hope, IN	US
S1-556182325	Ramirez & Gray LLC	6513 Hunters Path, Cary, IL	US
S1-501745404	Comio Inc	648 Onondaga Street, Syracuse, NY	US
S1-25916914	East & Brothers Ltd	Ut No.-804, Amt-1, Nsp, Pitampura, Delhi, North West Delhi, Delhi	India
S1-107119851	Partners Business Private Limited	H.No.5-5-35/233, 2Nd Floor, Plot No 30, Shakthipuram, Tirumalagiri, Hyderabad, Telangana	India
S1-986303089	Star Hospitality Private Limited	L-44/352, Street No.-1, Mahipal Pur Extension, Mahipalpur, Delhi	India
S1-977338594	Kitchens and Spencer Green L.L.C.	4201 Simcoe Ln, Unit 223, Louisville, KY	US
S1-815745291	Urology Mountain Center Inc	17735 105th Place, Bldg G, Renton, WA	US
S1-910198998	Wit International Private Limited	C/O Parbin Begam, Jl 185, Plot No 142, Moyna, East Midnapore, West Bengal	India
S1-589714084	DWV Exchange Private Limited	Fl-S-2, Thakur, Lp-228/4, 6 Ramkrishna Nagar, Kolkata, Kolkata, Howrah, West Bengal	India
S1-342235149	Liberty Guild	Phoenix, AZ, 16252 38th Way	US
S1-266009059	Mumbai Alloys LLP	L101, Panchsheel, Panchsheel Garden Encl Mahavir Nagar, Kandivali West, Mumbai, Mumbai City, Maharashtra	India
S1-354013580	Ahmadabad City Resources Private Limited	Office 709, 7Th Floor, Addor Aspire Ii, Ahmadabad City, Ahmedabad, Gujarat	India
S1-200932156	Patriot Great Brokerage	15205 9th Avenue, Tacoma, WA	US
S1-922528779	Urban Pizza!	628 11th Street, Moore, OK	US
S1-2218962	Bombay Mills Associates	H. No.367, Near Cannol, Tal-Sawantwadi, Sawantwadi, Sindhudurg, Maharashtra	India
S1-875129463	Arihant Logistics Private Limited	Palakkad, Door No 13/135, Eruppakkil Kadampazhipuram, Kerala, Palakkad	India
S1-559693336	Guru Engineering Private Limited	64/1 Vasudev Badabazar, Jhansi, Uttar Pradesh	India
S1-876176139	Risch, Crosby and Sheehan Sprott	275 Finley Road, Willcox, AZ	US
S1-650892832	Gayle Western LLC	7175 Normanton Drive, New Albany, OH	US
S1-688147064	Anand Solutions Private Limited	C/O Sri Phool Chandra, Gindan Khera, Amousi, Lucknow, Uttar Pradesh	India
S1-923441080	Merrielle W. Walsh, D.C.	270 Hosfelt Lane, Mobile, AL	US
S1-26519634	Delta Coalition P.C.	3617 Willow Brook Drive, Topeka, KS	US
S1-322254584	Deck Critical Inc	8602 Pulaski Road, Chicago, IL	US
S1-210391195	Remind Sales (India) Private Limited	C/O.Rajeshsudhakarwattamwar Houseno-506, Matoshrishivaji Nagaranand Nagar, Jintur, Parbhani, Maharashtra	India
S1-758220567	Avadh India Private Limited	B-12, Cc 38/3068, (Old No.34/1972), K.B Plaza, Near Changampuzha Park, Edappally, Kochi, Ernakulam, Kerala	India
S1-743181284	Mumbai Travels Private Limited	201, B Wing, The Capital, G Block, Bkc, Plot C 70, Mumbai, Maharashtra	India
S1-930592358	Mathews's Development Mill Neck	129 Horseshoe Road, Mill Neck, NY	US
S1-272653067	Golden United Producer Pvt Ltd	73-C, Shankar Nagar Ext., Mount Road Opp. Ram Garh Road, Jaipur, Rajasthan	India
S1-590004252	Quantova Keycorp, Inc.	825 Lynn Street, Sidney, OH	US
S1-612145654	Pioneer Logistics	Ground Floor, Hiriya Industrial Estate Premises Chs Ltd, Sy No. 135-A/Pt & 134, Behild Paper Products, Majiwade, Maharashtra, Thane, Shop No. 11, Thane	India
S1-479795097	Jai Foods	C/O Dharmendra Kumar In, Front Maharanapratap Gate, Aligarh, Uttar Pradesh	India
S1-530178268	Allied Restaurant Inc	Mesa, 7713 Baltimore Street, AZ	US
S1-431096023	Global Lex Buildmart Private Limited	Plot No-95, B-302 Maurya Appartment, I.P.Extension, Delhi, East Delhi, Delhi	India
S1-382742478	Pal Investment Corp	No.382, 9 F Main, Hosahalli Vijayanagar, Bengaluru, Bangalore, Karnataka	India
S1-210574814	Global Consulting Private Limited	R/O 323, Nibr Corporate Park, Cts No 669 670 &671 Andheri Kurla Rd, Opp Vaishali Hotel Safed Pool, Kurla West Mumbai, Mumbai, Maharashtra	India
S1-601104655	Sluder Harbor Dynamic Inc	3794 Shady Hill Drive, Dallas, TX	US
S1-509918224	Great Developers Private Limited	D.No: 30-19-30/A, Chaparala Vari Street Axis Bank Atm Side Road, Seetarampuram, Vijayawada, Krishna, Andhra Pradesh	India
S1-284119868	Alonso United Battery Inc	3638 Abbotts Mill Drive, Willoughby, OH	US
S1-293840513	Sp International Limited	Unit No 4 3Rd Flr Shree Vallabh Shopping Sv Rd Shimpoli Junction Ex Premises Coop, Soc Ltd Borivali W Mumbai, Mumbai City, Maharashtra	India
S1-752008030	Jayant India Pvt. Ltd.	002, 41/A Harsh Vihar, Sector No. 1, Shanti Nagar, Mira Road (E, Ast), Thane, Maharashtra	India
S1-91916884	Ancona John LLC	8831 Florida Avenue, Unit APT 4, Four Square Mile, CO	US
S1-265901934	Kundalini Foundation Private Limited	Pl No.35, 2Nd Floor, Lic, Colony 201, Prasheel Appar, Nagpur, Maharashtra	India
S1-906905977	Gertrudis Crawford Coca Inc	20 Blairwood Drive, Fuquay Varina, NC	US
S1-16285115	Morante, Cavallo and Araiza Lending, LLC	1006 Paradise Road, Swampscott, MA, Unit 2A	US
S1-717052108	Saharanpur Enterprisesprivate Private Limited	392, Jadaudapanda Khand-6 Jadoda Pada, Saharanpur, Uttar Pradesh	India
S1-760475739	Kaushiki Brothers Private Limited	B-26, Sanjay Enclave, Uttam Nagar, Delhi	India
S1-601760537	Harris Strategic Era LLC	101 Pheasant Lane, Granby, CT	US
S1-655365548	North Investment Private Limited	Office No. 611 E, 6Th Floor, Titanium City Center Near Sachin Tower, Satellite, Ahmedabad, Gujarat	India
S1-214675582	Forex Analytics Limited	North West Delhi, A F/F, Kh No-225, Gali No-7/2, Part-1, Pusta-0, Sonia Vihar, A-644, Delhi, Delhi North East	India
S1-54635450	Braun Braves LLC	49 Springchester, Mattoon, IL	US
S1-309169839	Shree Agro Limited	2Nd Floor, Mumbai City, Mumbai, Maharashtra, 266 Patel Building, Opp Central Plaza Theatre, Rr Mohan Roy Marg, Girgaum	India
S1-752379599	Morgan's Bike Shop	2491 Rose Peak Drive, Tucson, AZ	US
S1-24391204	Essel & Brothers Limited	Delhi, New Delhi, House No -19/A Kh. Mo. 69/14/1 Ground Floor Village Rithala Blk-S Budh Vihar Sharma, New Delhi, Colony	India
S1-283553238	Deepak Fuels Private Limited	A-1404, 14Th Flr, Naman, Midtown, Elphinstone West, Mumbai, Maharashtra	India
S1-158246950	Nagora Wind Private Limited	Jagan Nath, S P Lalpuri, Uttar Pradesh, C/O D Bhagirath, Ghaziabad	India
S1-508879468	Trusted Square Inc.	Tallassee, 315 Golden Pond Road, AL	US
S1-19832855	Better Sciences Private Limited	14, Chittaranjan Avenue Office No.1-B, 1St Floor, Kolkata, Kolkata, Howrah, West Bengal	India
S1-346503139	Ekta Traders Pvt Ltd	Tamil Nadu, Virudhunagar, South Car Street, Virudhunagar, No.119/1	India
S1-974985166	Mullin Biopharma P.C.	10895 Avocet Court, Fl 1, Beaverton, OR	US
S1-713428072	Electronic Equity International LLC	36943 160th Avenue, Newfolden, MN	US
S1-820251725	Leex Tidewater	7698 River Road, Mount Morris, NY	US
S1-545965066	Noon, Andrews and Willms LLC	6249 Windham Hill Run, Fairfax County, VA	US
S1-936789007	Top Industries Private Limited	S-3 Pn 60 A Moon Resi. Shri Ram Nagar, Jaipur, Rajasthan	India
S1-444155037	Primary Care Specialists, LLC	423 Polk Road 73, Mena, AR	US
S1-368004430	Dream Dream Global Private Limited	7/742, Relax Tower Chemmad, Tirurangadi, Malappuram, Malapuram, Kerala	India
S1-225737903	Davis Reliable Bumrungrad	62 Sycamore Street, Harold, KY	US
S1-463884402	Elite Alussa	200 Weber Drive, Eureka, MO	US
S1-606104698	XF Agricultural Pvt. Ltd.	1/104, Rashmi Hetal Iii, Near Ramdev Park, Mira Road East, Thane, Maharashtra	India
S1-212405808	Peridex Neurosciences, LLC	33 Levesque Drive, Unit Unit 13, Eliot, ME	US
S1-227328067	Emerson Gsr Inc	MN, 17043 Bataan Street, Ham Lake	US
S1-55476435	Deborah Morgan Drilling Associates	19052 Dunn Court, Douglas County, NE	US
S1-239381463	New Delhi Electro Private Limited	West Delhi, New Delhi, Shop No.1, Plot N. 48 & 49, Old Blk-B 1, Gali No. 19, Kiran Garden, Uttam Nagar, Delhi	India
S1-674773930	Hotel Estate Pvt Ltd	Flat No. T12/1701, Gh-05, Shri Radhey Sky Gardens, Noida, Gautam Buddha Nagar, Uttar Pradesh	India
S1-458648235	Vallejo & Hadlock	Phoenix, 12021 43rd Avenue, Unit 252, AZ	US
S1-61815027	Select Vernal LLC	629 Mccubbins Lane, Bardstown, KY	US
S1-84933820	Heritage Legacy Aluminum Inc	16929 Lynbrook, Montgomery, TX	US
S1-320639305	Kim Safe Compania	3 Francis Street, Westport, MA	US
S1-982497756	India Logiq Opulent Private Limited	Flat No. 303, Sai Sampada Plaza, Street No 6 Habsiguda, Hyderabad, Telangana	India
S1-721565573	CWS India Private Limited	Gidc Plot No B/225/226/6/2, Sector No 25, Gandhinagar, Gandhi Nagar, Gujarat	India
S1-30459407	Zephyr LLC	1606 Walker Place Boulevard, Copperas Cove, TX	US
S1-757704833	Parks Coastal Royce	2706 Lone Tree Road, Victoria, TX	US
S1-978787932	Physical Therapy Group LLC	5941 37th Avenue, Seattle, WA	US
S1-464822214	Physical Therapy Medicine	140 Golden View Drive, Orono, MN	US
S1-117609293	Family Care Associates Inc	1050 Vinson Way, Unit 305, Surf City, NC	US
S1-297605165	Cardiology Care PLLC	540 Vandalia Street, Brazil, IN	US
S1-865439290	Gradient Hospital Private Limited	F-4, Gokhaly Market Delhi, Delhi	India
S1-354860502	Lenis Piedmont Karbon LLC	6759 Howard Street, Woodville, OK	US
S1-819218949	Sun Foods Pvt Ltd	E.F. 48, Mandi Fenton Ganj, Jalandhar City, Jalandhar., Punjab	India
S1-31228929	Dixon Consulting LLC	118 12th Street, Great Falls, MT	US
S1-87726530	Hoang Capital LP	Unit 10, MA, 55 Riverside Road, Mashpee	US
S1-154223492	Guru (India) Works	31/773/B.B1. Tagore Road, Vyttila, Cochin, Kerala	India
S1-338272785	Prime Consulting Private Limited	40, 2Nd Floor, 2Nd Main Road, Madappa Garden, Rajaji Nagar, Bangalore North, Bangalore, Karnataka	India
S1-110470095	Aspect Brothers Private Limited	Akcros House, 7Th Floor, Suryoday Society St. 1/E Opp Wockhardt Hospital, Kalawad Road, Rajkot, Gujarat	India
S1-907200687	Custodio, Nada, DO	1020 Cedar Street, Muenster, TX	US
S1-503954624	Chen and Rice	1715 Creek Bridge Road, Benson, NC	US
S1-357016184	Butler Pbc Inc	74 Bunker Hill Street, Lowell, MA	US
S1-565871415	Supreme Best Solutions Limited	Flat No 302, Opal Building, Crown City Umbarde Road, Near St Lawrence School, Kalyan (West), Thane, Maharashtra	India
S1-161090422	Leaf Parts Pvt. Ltd.	C/O Smt. Raj Kumari Jain, 418 Ashiana Tower, Ex Road, Phulwari, Patna, Bihar	India
S1-213808979	Environmental Mountain Guild	IL, 26463 Wild Rose Drive, Channahon	US
S1-877732553	Miller Products Private Limited	Chennai, Tamil Nadu, No-6/352, Ganapathy Colony Ekkattuthangal, Ground Floor	India
S1-566126982	Stgeorge Seas LLC	6137 Jackson Avenue, Saint Louis, MO	US
S1-671765633	Interstate Logistics Ventures Inc	716 Delrose Drive, Mayfield, KY	US
S1-8067808	Ganesh (India) Agencies Private Limited	Unit No -406 Vistascenter, Point Sr No -37 Mohammad, Pune City, Pune, Maharashtra	India
S1-155646064	Highland Bay Lifestyle Partners	1619 Bradford Street, Baltimore, MD	US
S1-508713717	Delta Cross	265 119th Street, NE, Omaha	US
S1-480473825	Real Producer Pvt Ltd	R.S.No. 199, Gondal, Rajkot, Gujarat, Plot No. 12, Khambha, Lodhika	India
S1-890782928	Urban Sky Projects Pvt Ltd	100 Manhar Park (Madhav Park Pa-2 ), Vastral, Ahmedabad, Gujarat	India
S1-226028476	Bharat Investment Private Limited	Village-Kaboolpur Khadar, Tigaon(95), Tigaon, Faridabad, Haryana	India
S1-405389468	Masa Realty (India) Pvt Ltd	8-2-29, Btr Colony, Mangalam Tirupati, Tirupati (Urban), Chittoor, Andhra Pradesh	India
S1-919144257	BP Green Stellar Inc	804 Dove Creek Trail, Southlake, TX	US
S1-664245733	Lana Mack Supreme Futurecorp LLC	Fort Worth, TX, 1077 Spring Hill Drive	US
S1-111982095	Spell Structure Pvt Ltd	A164, 1St Main, 6Th Cross, Upakar Solitaire Layout, Attibele, Anekal, Bangalore, Karnataka	India
S1-739839417	Yoko Cao Grand Bright Inc	Reynoldsburg, 8550 Victoria Meadow Lane, OH	US
S1-614974621	Aarush Exports Limited	No.19, Chennai, Mari Chetty Street, Mandavelli, Chennai 38 Tamilnadu, Tamilnadu, Tamil Nadu	India
S1-532062989	Optus Restaurant Private Limited	2, Saffire Park Galleria, Shivajinagar Pune, Pune, Maharashtra	India
S1-56648526	Sahyog India LLP	C-17 Basement, Greater Kailash-1, New Delhi, South Delhi, Delhi	India
S1-493879752	Hotels Data Private Limited	302, Morya Classic, Off New Link Road, Mumbai, Maharashtra	India
S1-290269504	Secure Hub	2875 Oakland Avenue, Unit 602, Johnson City, TN	US
S1-795638868	Detaum Inc	3 Mail Coach Court, Wilton, CT	US
S1-90038637	Eddy's Tri-State Maintenance, PC	13100 21st Drive, Everett, WA	US
S1-309483946	Washington, Wiley & Smith Restaurants LLC	3121 Burgaw Highway, Jacksonville, NC	US
S1-377900399	Thornberry Charter School	1 Digregorio Drive, Worcester, MA	US
S1-269059291	Dorita Dowling Indonesia LLC	10819 Princeton Village Drive, Charlotte, NC	US
S1-497682128	Horizen Forge Limited	A - 36 - New Anand Nagar, Bharuch, Gujarat	India
S1-963106152	All Trading Private Limited	A-77 Nizamuddin East, New Delhi, South Delhi, Delhi	India
S1-39703657	Mvm Nursing Home Pvt. Ltd.	A011, A012, A013, A014, Floor - Grd, Plot No. 10/12, 99 Glitz Mall, Kalbadevi Road, Vitthalwadi, Kalbadevi, Mumbai, Maharashtra	India
S1-213877820	Clyora General LLC	3 Hidden Lane, West Paris, ME	US
S1-79726229	Clark American Onfolio Ltd	23 Summer Street, Gloucester, MA	US
S1-322649776	Rais (India) Hotels Private Limited	Lmcpl, Bangalore, 57/1A, 1St Floor, Unit - 32 Devarabisanahalli Junction, Bellandur Po, St, Orr, Karnataka, Bangalore	India
S1-377899659	Garcia Asia	285 Sheridan Boulevard, Hempstead, NY	US
S1-293478698	Divis Trading Private Limited	Kerala, Ezhakkaranad, Maneed, Door No 13/397/B Srappilly, Ernakulam, Muvattupuzha	India
S1-771318615	Semmes Digital, Inc	9001 Mcneil Road, Semmes, AL	US
S1-542177163	Anand International	G-602, Pearl Gateway Society Sector-44, Noida, Gautam Buddha Nagar, Uttar Pradesh	India
S1-630188622	Seven Hospitality Private Limited	Nadia, Chakdah, Lalpur Po Chakdaha Near R, West Bengal, C/O-Sova Jewellfrs Vill 2	India
S1-891465772	Superior Industrial Holdings	4910 Raintree Court, Wilmington, DE	US
S1-997685301	Soto Ameren	1915 Wallace Road, Mcminnville, OR	US
S1-423125537	Certified Investment Worldwide Inc	17 Guild Street, Quincy, MA	US
S1-636729909	Express Payment Technologies	131 Goldy Court, Vacaville, CA	US
S1-855225145	Aakriti Brick Private Limited	B-32, South West Delhi, New Delhi, First Floor, Freedom Fighter Colony Ignou Road, Neb Sarai, Delhi	India
S1-53531286	East College	Gali Shivil Talkies Mandhiyyan Nadir Bag Shoukat Ali Road Civil Lines, Rampur, Uttar Pradesh	India
S1-863249249	Jaipur Jaipur Technologies Private Limited	6, 'Ashirwad' Ajmer Road, Jaipur Jaipur, Jaipur, Rajasthan	India
S1-597127839	North Apex Management Pvt Ltd	Flat No 303 Shree Hari Chs Plot No 41, Sector 13, Kharghar, Navi Mumbai, Mumbai City, Maharashtra	India
S1-875843017	Summit Open Inc	1655 Rib Road, Webb City, MO	US
S1-392261403	Interstate Liberty Titan	6215 Lake Cable Avenue, Canton, OH	US
S1-984796246	Hms Real Private Limited	No 206 & 217, Vajarahalli, Near New Euro Kidz School, Nelamangala, Bangalore Rural, Karnataka	India
S1-975505354	Rrs Partnership LLP	201/6, Kaushalya Hauz Khas, New Delhi, Delhi	India
S1-255078546	J/U Auto Sales Inc	4025 Howland Avenue, Akron, OH	US
S1-972552573	Disla Alibaba Inc	17619 Caldwell Track Drive, Huntersville, NC	US
S1-686417707	Aj Grow Private Limited	L-88, First Floor, Jaitpur Road Saurabh Vihar, Hari Nagar Ext., Delhi, South Delhi, Delhi	India
S1-316033642	Skm & Sons Limited	506, Prabhat Kunj, 5Th Floor, 24Th Road, Khar (West), Mumbai, Mumbai City, Maharashtra	India
S1-342941002	Behavioral Health Valley Clinic Inc.	8547 Elk River Rd, Clendenin, WV	US
S1-792828653	Cascade First Nexpoint	3330 Jones Mill Crossland Road, Puryear, TN	US
S1-457197328	North Shivam Investments Private Limited	Govind Mhatre House, Narayan Daji Samant Estate, Next To Dharma Nagar Link Road, Boriva, Li West., Mumbai, Mumbai City, Maharashtra	India
S1-78785794	Nature & Brothers Private Limited	121/A, Pramanick Ghat Road 4Th Floor, Flat No - 503, Kolkata, Kolkata, Howrah, West Bengal	India
S1-31312884	Gebhardt Innovative Pineapple LLC	2728 Belvidere Avenue, Seattle, WA	US
S1-102975520	Monsoon (India) Amaravathi Clinic	To Door No-17-T-44/3 Chez Pauline First Floor Near Kulshekar Post Office, Kulshekar Po, St, Mangalore, Dakshina Kannada, Karnataka	India
S1-215844769	Jay Food LLP	Power House R-213, Kopargaon, Kopergaon, Ahmed Nagar, Maharashtra	India
S1-392066568	Cosavue LLC	2468 Jonesboro Road, Atlanta, GA	US
S1-675048801	Bangalore South Services Pvt. Ltd.	40, Karnataka, Bangalore South, 5Th Cross, Dwaraka, Nagar, Hosakerehalli, Bangalore	India
S1-460928489	Creative Industrial Group	361 Thomas Road, Poteet, TX	US
S1-85936605	Orleans Chiropractic Great Clinic	60 Brick Hill Road, Orleans, MA	US
S1-529748682	Arts Coalition Inc	4890 Thales Road, Unit A3, Winston-salem, NC	US
S1-529426996	Kestrel Scuti Center	2706 Vanishing Way, Murfreesboro, TN	US
S1-768318091	Sree Global Private Limited	Hooghly, Dharampur, West Bengal, P.O.- Mainan P. S. Khanakul, Hooghly	India
S1-369001069	Carmelle Barbee Square LLC	245 Conklin Forks Road, Conklin, NY	US
S1-246804039	Barnes Superior Thayer	610 Byron Avenue, Fl 0, Wichita, KS	US
S1-415683485	Cardiology Health of Zillah	Zillah, WA, 1111 Buena Road	US
S1-427357723	Allina Silva, DDS	AR, 151 Rocky Parkway, Searcy	US
S1-270792799	Star Jai Media Limited	C/O Prem Kumar, Gandhi Nagar, Near Ram Janak Mandir, Basti, Uttar Pradesh	India
S1-689176558	Elita B. Vasquez, P.A., M.D., P.C.	1378 N Pond Circle, Mapleton, UT	US
S1-477912401	Ardenia Robinson Lifesciences, Inc	Jacksonville, TX, 631 Nacogdoches Street	US
S1-108539856	Wright Realty, LLC	1471 9, Unit Suite 2, NY, Halfmoon	US
S1-149613313	My Media Private Limited	589 Kha/411 Ekunrbagiya, Telibagh, Lucknow, Uttar Pradesh	India
S1-850328445	Cancer Coalition	1305 Laurel Road, Unit 1, Santa Paula, CA	US
S1-214238761	LCW Investment	TX, Houston, 2142 Thurmon Street	US
S1-437281362	Gagnon Obic	12700 100th Street, Unit APARTMENT 5201, Owasso, OK	US
S1-153948756	Rutter & Little Freight LLC	3081 Waterbury Avenue, Bronx, NY	US
S1-707025810	Commercial Freight Products Inc	106 Windy Oaks Court, Cajah's Mountain, NC	US
S1-111153177	Mountain Fellowship	203 Savannah Avenue, Boston, MA	US
S1-795947536	Sacramento Live	2932 Freeport Boulevard, Sacramento, CA	US
S1-799322666	Rey's Blue Painting	1804 Park Avenue, Shawnee, OK	US
S1-814988165	Sai Realty	5, Soundarajan Street, T.Nagar, Madras-600 017., Madras-600 017., Chennai, Tamil Nadu	India
S1-386745744	Maa Fitness	55, 2Nd Floor, Lane-2, Westend Marg, Saidullajab, Near Saket Me, Tro, New Delhi, South Delhi, Delhi	India
S1-593806315	Sant Educational Society	B/1103, Navbahar Chs. Ltd, Lallubhai Park, Mumbai, Maharashtra	India
S1-224564280	Wendeline Wood Total Popular Inc	10779 Janway Drive, City Of El Paso, TX	US
S1-276778332	Classic Financial Global Corporation	11745 Chester Road, Chesterfield County, VA	US
S1-488435794	Harbor Custom Horse, LLC	2025 Vincent Street, Brownwood, TX	US
S1-968362821	Seven Foods Private Limited	H No 2943 3Rd Flr St N-13, Ranjit Nagar Sun Hill, New Delhi, Central Delhi, Delhi	India
S1-123593485	Automated Materials Studios	North Bend, 1966 Channel Street, OR	US
S1-118767478	Collette Rosenfield Allstate LLC	2281 Arrowood Drive, Hickory, NC	US
S1-740494242	International Food Private Limited	No 207/111, Gandhi Salai Velachery, Corp Ward 179, Chennai, Tamil Nadu	India
S1-915231347	Powers International LLC	26206 Crystal Cove Lane, Richmond, TX	US
S1-476771354	Perfect It Limited	C-275 Sarita Vihar, New Delhi, South Delhi, Delhi	India
S1-697939491	Dental Associates	315 47th Street, Babylon, NY	US
S1-906726117	Nirmal Resorts LLP	B-51/G-2 Dilshad Garden, New Delhi, Delhi	India
S1-228894037	Horizon Intelligence Innovations of Brookhaven	NY, Brookhaven, 162 Riverside Avenue	US
S1-838713702	Optimal Digital Ventures Inc.	12193 Highway 152, Caballo, NM	US
S1-933303344	Y O & S Lionheart Inc.	5001 Western Avenue, Omaha, NE	US
S1-473298826	Brigit Rivera, M.D., M.D., P.C.	115 Front Street, Deposit, NY	US
S1-36258318	Starcity Academy	A - 43 G.T. Karnal Road Industrial Area, Delhi, North West, Delhi	India
S1-548645113	Keystone Engineering Company	851 High Street, Bath, ME	US
S1-380533029	Battle Atlantic Commodity LLC	WA, Unit 84, Renton, 18100 107th Place	US
S1-627587957	Sanchez and Boucher P.C.	49 Read Avenue, Bethel, NY	US
S1-419160279	A U & E Crumrine Inc	38933 Cypress Lake Circle, Unit 56126, Bethany Beach, DE	US
S1-556377301	Elias Telefonica Inc	4319 W 30th St, Davenport, IA	US
S1-776455223	Premier Vanguard Constellation Inc	226 Colony Street, Wallingford, CT	US
S1-349852818	Smart Bond Inc	231 Tyrone Street, Le Center, MN	US
S1-260826330	Scott Enterprises	Devaki Building, 2725/2, St Stand, Alephata, Junnar, Pune, Maharashtra	India
S1-210682970	A Cure 6 IT	11708 Maple Tree Place, Independence Ky, KY	US
S1-157827732	Knott Apex Banc LLC	3930 County Road 315, Oglesby, TX	US
S1-6974208	Hazira Shyam Pvt Ltd	Pl-1008/6, Castle Living, Flat-E-303, Ankleshwar, Vadodara, Gujarat	India
S1-573584720	Sai Agro Private Limited	A-40, Kaveri Enclave, Hapur, Ghaziabad, Uttar Pradesh	India
S1-924531528	Roberge's Bistro LP	1960 Roosevelt Avenue, Indianapolis, IN	US
S1-801359101	2909 Fifth Avenue Holdings	528 Crest Court, Johnson City, TN	US
S1-377325480	Empire Trust Inc	6090 Mica Street, Springfield, OR	US
S1-569414380	Womens Health Associates	461 Country Club Drive, Unit 209, Simi Valley, CA	US
S1-867277492	Ace Systems Private Limited	18, Times Corporate Park, Thatej-Shilaj Road, Thaltej, Daskroi, Ahmedabad, Gujarat	India
S1-845033151	New Investments Pvt Ltd	Shope 1 Sai Kirti 2, Shivshivmahal Society, Vadodara, Gujarat	India
S1-911135757	Orbit Industrial	No.5, 1St Floor, Dharma Towers, Nelson Manikam Road, Chennai, Tamil Nadu	India
S1-246305914	City Food Private Limited	Pune, 27/B Gaikwad Heightshotel Sarja Lane Iti Road Aundh, Maharashtra	India
S1-55028594	Express Heritage Blockchain Clinic	14 Bonnie Lane, Billerica, MA	US
S1-168872679	Delta Clear Specialty LLC	3778 Union Street, Chili, NY	US
S1-117290	Perfect Infra-Navi Mumbai	Rajhans 2/24, Kalash Udyan, Sector 11, Koparkhairne, Navi Mumbai, Thane, Maharashtra	India
S1-909194052	Bean and Gray Williams Group	106 Hadley Harbor Court, Mooresville, NC	US
S1-661621411	Gagnon Partners Inc	1875 Shirley Road, Fentress County, TN	US
S1-767197653	North Engineering Private Limited	G 498, Govind Puram, Ghaziabad, Uttar Pradesh	India
S1-543834595	Bharat Exports Private Limited	H.No.23-30, Krishnaveni Nagar, Ghmc Lane, Kothapet, Hyderabad, Telangana	India
S1-902318392	UVZ It Ltd	Shop No. 8B, Shiva Palace Cantt. Road, Lucknow, Uttar Pradesh	India
S1-103062976	Red Business Pvt Ltd	L-8, Rajori Garden, New Delhi, Delhi	India
S1-770786722	Advanced Realty Laboratories LLC	1202 Gulfstream Parkway, Unit 1202-1206 BLDG, Libertyville, IL	US
S1-771973472	Followell, Ruiz and Alexander LLC	1620 Silver Springs Road, Bldg BUILDING, Park City, UT	US
S1-215298585	Rose, Beavers and Gehrke LLC	2920 Old Pump Road, Henrico County, VA	US
S1-81602513	Smay Atlantic Sea, Inc	215 Chester Street, Long Beach, NY	US
S1-857785464	Unique Shiva Infrastructure Limited	Scf 75, First Floor, Phase 10, Sector 64, S.A.S.Nagar (Mohali), Rupnagar, Punjab	India
S1-874309781	Gesoft	254 Morris Street, Indianapolis, IN	US
S1-393659014	Namaskar Innovations Private Limited	C-31, Rohit Kunj Pitampura, Delhi, North West, Delhi	India
S1-295995437	Universal Creative Technologies	7375 Zanjero Boulevard, Unit 2013, Glendale, AZ	US
S1-750884638	Great Sea Inc.	1255 300th Street, Hiawatha, KS	US
S1-500711427	Innovative Sui Center	4332 Summerfield Drive, Johnson City, TN	US
S1-852135109	South (India) Auto	301, 3Rd Floor, Acme Plaza 2, Andheri Kurla Road Opp. Sangam Theatre, Andheri (E), Mumbai, Maharashtra	India
S1-718140610	Lebanon Veterans Guild	11 Reservoir Road, Lebanon, CT	US
S1-249977779	Alexander Custom Security Services	2206 Pebblecreek Drive, Cleburne, TX	US
S1-380883772	Surya Foods Private Limited	C-219, Belapur Railway, Station, Cbd, Thane, Maharashtra	India
S1-537011151	Sherman & Hatfield Sciences Inc	602 Palamino Trail, Salado, TX	US
S1-987483593	Bhaiji Shipping Limited	Plot No. 44/1, D-Ii Block, Midc, Telco Road, Chinchwad, Pune City, Pune, Maharashtra	India
S1-357352530	Fortune Exports Private Limited	Pl-44, Revenue Survey No. 224/P2, 5-Somnath Industrial Area, B/H Apex, Gon, Dal Road., Rajkot, Gujarat	India
S1-815325288	American Intelligence Inc	TX, 3320 Riley Court, Hurst	US
S1-830757537	Dean Strategic Land, Inc	Rock Island, IL, 1177 30th Street	US
S1-471750840	Baba Blue It	Shelcon Plaza(Kartarmarket), Beside Raymond, Block C, Lower Ground Floor, Sevoke Road, Siliguri, Darjiling, Darjeeling, West Bengal	India
S1-489048688	Cozy Bistro	711 13th Street, Ozark, AR	US
S1-654427472	WBX Solution	7A/701 Shanti Niketan Co-Op Hsg Soc., L.R.Papan Gandhinagar, Worli, Mumbai, Mumbai City, Maharashtra	India
S1-81199943	Super Infrastructure Pvt Ltd	#31 Skanda House, 16Th Main Balaji Layout Padmanabhanagar, Bangalore, Karnataka	India
S1-893245797	Galaxy Consultants	2Nd Floor, Delhi, New Delhi, Plot No. 180, Pkt - 21, Sec 24, Rohini Big Star Mall, Delhi	India
S1-456916299	Opaline Lacross, D.C. LP	20072 Green Spring Road, Washington County, VA	US
S1-465672813	Orr Keen Inc.	445 Fulton Street, Brooklyn, NY	US
S1-30687177	Bernadette Castro Polestar PLLC	5447 Jonquil Avenue, Baltimore, MD	US
S1-585615834	1196 Jefferson Boulevard Associates	414 Phillips Avenue, Portsmouth City, VA	US
S1-143240339	Incredible Sales Limited	Plot No:- Vm-1, First Floor, Vss Nagar., Bhubaneswar, Khordha, Orissa	India
S1-9747161	Sanjeevni Door LLP	272/2, Sangam Apartments, Belly Area, Anna Nagar, Chennai, Tamil Nadu	India
S1-235196688	Sianna Smith Tri-State Foods LLC	11306 Chambers Avenue, Tolleson, AZ	US
S1-505058644	Shain and Below Inc	504 Sky View Drive, Blacksburg Town, VA	US
S1-678813525	Enterprises Advisors Pvt Ltd	Hatikvah, 61-A Mannanthuruthu, P.O Varapuzha, Paravur, Ernakulam, Kerala	India
S1-442834884	AQZ Real Pvt Ltd	Rajasthan, Flat No. F-2, Symphny Crown Shiv Shakti Nagar, Kings Road, Ajmer Roa, D, Plot No.111, Jaipur	India
S1-302647711	Gujarat Impex	Flat No.-375, Dda Sfs Flats, Block-E, Sector-18 Landmark Near Petrol Pump, Rohini, New Delhi, Delhi	India
S1-360889331	Surya Hari Agro Limited	No.43, Mettupalayam Extension P.N. Road, Tirupur, Coimbatore, Tamil Nadu	India
S1-384472510	Lunsford Fresh Irenic Associates	12905 M, Town Of Meeme, WI	US
S1-582664650	Prime Consultants Private Limited	Ds Max Sovereign A Block Flat 313, Banglore, Bangalore North, Bangalore, Karnataka	India
S1-70461488	A/O Scuti Inc	1131 Hermoso El Sol, Alamogordo, NM	US
S1-283668817	Memorial Alliance	3027 Nelson Ct, Louisville, KY	US
S1-43687851	Dallas Compass Corp	2824 Sage Valley Lane, Dallas, TX	US
S1-200459281	Bhayander West Solutions LLP	G-02, Salasar Jyot C.H.S. Ltd. Bageshree Park, Janta Nagar, Shiv Sena G, Ali, Bhayander West, Thane, Maharashtra	India
S1-390561703	Donnie's Metro Spa LLC	1641 Kathleen Avenue, Sacramento, CA	US
S1-739710309	Transcontinental Business Concepts Inc	118 Flood Street, Campus, IL	US
S1-912322197	Perfect Media	No.2965 16Th Cross Bsk 2Nd Stage, Bangalore, Karnataka	India
S1-168373034	Department of Veterans Affairs	81 Belvidere Street, Saint Paul, MN	US
S1-645701628	Trading Shresth Online Ltd	26, Pataldanga Street P.O. - Amherst Street, Kolkata, Kolkata, Howrah, West Bengal	India
S1-797821157	Sai (India) Infra Pvt. Ltd.	Tc-100/95-1, Kazhakkoottam, Thiruvananthapuram, Thiruvananthapuram, Trivandrum, Kerala	India
S1-841567812	International North Foundation Private Limited	Mumbai City, 9Th Floor, Commercial Bldg No 4, Ijmim Arcade, Off Link Rd, Malad West, Maharashtra, Unit No 912, Mumbai	India
S1-494635699	Zimmerman Anchor Cleaning Service Inc	211 Harrison Street, Litchfield, IL	US
S1-925207653	ZE Bay Entertainment LLC	Nobleboro, 40 Neck Road, ME	US
S1-774501977	Oneil Heritage Irenic LLC	843 Silvercrest Avenue, Akron, OH	US
S1-543514627	Universal Global Limited	B-I/492, Janak Puri, New Delhi, Delhi	India
S1-921996955	Rush First Fact	3500 Harbison Drive, Unit APT 421, Vacaville, CA	US
S1-816269460	Finance Sahil Real Private Limited	C/O Rajendra Yadav, Vill- Nista Surajgarha, Lakhisarai, Bihar	India
S1-268368273	FB Tri-State Osisko	1015 Arcade Boulevard, Unit APT 9, Sacramento, CA	US
S1-102835191	Atn Logistics Private Limited	F-4/10 Sunder Nagarswami Vivekanand Road Malad West, Mumbai, Maharashtra	India
S1-229549778	Brianna's Energy	1019 Air Cargo Service Road, Fl 0, Bwi Airport, MD	US
S1-169049366	James Dental Associates P.C.	Batavia, 439 Main Street, NY	US
S1-158338549	Green Clean Dynamics	N9816 Mcnitt Boulevard, Town Of Gull Lake, WI	US
S1-670979140	Godwit Enterprises Pvt Ltd	Maharashtra, Ahmednagar, Pl N 99 Sn 24/1A Hanuman Nagar	India
S1-627441149	Eastern Power Private Limited	227 G Eachanary Postt Pollachi Road, Coimbatore, Tamil Nadu	India
S1-152078192	Innovative Freight Laboratories	105 Tilghman Court, Unit G, James City County, VA	US
S1-840481806	Ear Nose & Throat Care	152 Fountain Street, Unit 1, Fall River, MA	US
S1-364357618	Pamelina Falls Capital Royalty LLC	2803 Powell Springs Court, Missouri City, TX	US
S1-550614556	Sree Investments Pvt Ltd	610/6, Sixth Floor, Devika Tower, New Delhi, South Delhi, Delhi	India
S1-685165834	Anima Scaffolding Group	C/O: Naru Biswas Vill - Sadpur Po - Maslandapur, Sadpur, Parganas North, West Bengal	India
S1-942887246	Galaxy Anand Services Private Limited	22Amohanur Road Namakkal, Tamilnadu, Namakkal, Tamil Nadu	India
S1-669848219	Hall Bitcoin Inc	49 Breighly Way, Westfield, MA	US
S1-858313198	United Animal Hospital	IN, 225 New York Street, Fortville	US
S1-294538610	Behavioral Health Physicians	Unit #B, 217 Columbus Avenue, Suffolk City, VA	US
S1-625475669	Balaji Projects Private Limited	No 74/1, First Floor, Siluvathur Road, Near Smb, Vedasandur, Dindigul, Tamil Nadu	India
S1-955734948	New Trading Private Limited	#13, 3Rdflr, 16Thcrs, Bright, Way Schl Mnrd, Gowdanpalya, Bangalore South, Bangalore, Karnataka	India
S1-354836666	Delta Charities Inc	6975 10, Lisbon, NY	US
S1-213072629	Global Institute Inc	5718 8th Court, Birmingham, AL	US
S1-689091758	Consultancy Manish Financial Private Limited	Office No. 110 &111, Raheja Plaza Shah Industrial Estate, Off Link Road, Andheri West, Mumbai City, Maharashtra	India
S1-598501095	Gonzales Capital Ellington L.L.C.	300 Main Avenue, Unit Apartment 604, Fargo, ND	US
S1-525039854	Pamique Silver Oxley LLC	67 Cedar Avenue, Poughkeepsie, NY	US
S1-58203059	Sirius Canary LLC	523 Augustine Street, Rochester, NY	US
S1-899700391	Mckay Global Ramaco Group	34 Chiswick Road, Unit 3, Boston, MA	US
S1-107269618	Hill Series LLC	1422 9th Street, Unit UNIT 22, San Bernardino, CA	US
S1-709627150	Marena D. Nobles, DMD	3730 Village Court, Woodbury, MN	US
S1-369507355	Excel & Co	308, Oshiwara Satpuda Chs Ltd. Oshiwara Park, New Link Road, Jogeshwari, Mumbai, Mumbai City, Maharashtra	India
S1-37324444	Blue Great Immunopharma	8449 Quincy Street, Norfolk City, VA	US
S1-76425653	Devtech Distributing Private Limited	C/O Chandrakala Bhatu Nandan, Pimpalner Tq Sakri, Dist Dhule, Pimpalner, Dhule, Maharashtra	India
S1-273247251	United & Co Co	82/7, Paravai Aibea Nagar, B-Colony, Madurai, Tamil Nadu	India
S1-881459508	Orthopedic Tri-State Physicians Inc	1230 Knox Street, Indianapolis, IN	US
S1-260784212	Sapphire Inc	2221 16th Avenue, Seattle, WA	US
S1-150283752	Waterhouse Consulting, Inc	1616 Heather Avenue, Gilbert, AZ	US
S1-225102078	Startrek Industries Private Limited	B-339, 3Rd Floor, Advance Business Park, Near Swaminarayan Temple, Shahibaug, Ahmedabad, Gujarat	India
S1-373466456	Cardiology Physicians	1000 Broadway, Unit 408, Columbia, MO	US
S1-455891369	Lucknow Medicaments Pvt. Ltd.	Sh No.68, 69 Aarohi Comp., Kapoorthala, Lucknow, Uttar Pradesh	India
S1-578541707	Hedges Ace James LLC	760 Tower Avenue, Village Of Turtle Lake, WI	US
S1-679573744	Better Chemical Laboratories PLLC	103 Elm Avenue, North Aurora, IL	US
S1-598992607	My Southern Management Private Limited	A-29, Common Service, Khasra No-639, Kanchan Kunj, Village Madanpur, Khadar Extension Part-2, New Delhi, South Delhi, Delhi	India
S1-424526753	Vanguard Materials Inc.	N1523 Mayflower Drive, Unit Unit 16, Village Of Greenville, WI	US
S1-687076742	W M Hildebrand Resolution Care	2500 Forest Drive, Winston-salem, NC	US
S1-766830392	Arc & Sons	S.No.71/182/65, Kirti Nagar, New Sangavi, Pune New Sangavi, Pune, Pune, Maharashtra	India
S1-546672804	Copp Asset LLC	7325 Fair Oaks Road, Oakwood, OH	US
S1-661623828	Amsden Clean Payments Inc	512 3rd Street, Hawley, MN	US
S1-565245043	Sturm Recruiting Center	1444 1325E, Gladstone, IL	US
S1-812787409	Leger Choice Renewables	8 Town Park Road, Wardensville, WV	US
S1-733038754	Mamta Traders Private Limited	Sy No 833 And 834, Beside Ayyappa Iron Traders, Miryalguda, Nalgonda, Telangana	India
S1-116269449	Indo Media	35, Jamunalal Bajaj Street, Kolkata, Howrah, West Bengal	India
S1-244578634	Saketh Services Limited	Karnataka, 38/4, South End Road Basavanagudi, Bangalore	India
S1-756056252	Freeney Australia	9205 Current Way, Huntsville, AL	US
S1-947419075	AAR Gen Group	3427 Sand Road, Edwardsville, IL	US
S1-511718147	Chatman's Premier Studios PC	21071 340th Street, Templeton, IA	US
S1-375834557	Fortune Systems Private Limited	G-556 Ff Kh No.56/12/1, Palam Colony, Palam Nagar, New Delhi, South West Delhi, Delhi	India
S1-424414920	Arihant Lakshmi Exports Private Limited	4-252 Jnr Street, Avenue Road Beside, Madanapalle, Chittoor, Andhra Pradesh	India
S1-594729855	Stapleton Creative Associates	13 Edgewater Drive, Brookhaven, NY	US
S1-262719803	Sayonara Management Corporation	Fl8 Prestige Garnet Pl 20 Ashok Nagar Bhamburda, Maharashtra, Pune	India
S1-711594208	Behavioral Health Physicians	2612 204th Avenue, Sammamish, WA	US
S1-867524112	Keystone Green Galaxy	967 Uglow Avenue, OR, Dallas	US
S1-628237284	Osprey	1818 Larpenteur Avenue, Unit Apartment 11, Falcon Heights, MN	US
S1-406780784	Campbell, Salazar and Steele	106 Howard Street, Thomasville, NC	US
S1-459831664	JL Services Corporation	Murshidabad, West Bengal, Murshidabad, C/O Chumki Das, Purba Para, Kalikapur	India
S1-381086270	United Business Private Limited	Mrs. Purnima Bhati, W/O Laxmi Narayan Bhati Abhishek Nagar 2 Gadhi Thoriyan, Beawar, Ajmer, Rajasthan	India
S1-237363256	Sankalp Station Private Limited	222-8-456/A Purani Haveli, Near Ek Khana Masjid, Darulshifa, Charminar, Hyderabad, Telangana	India
S1-982216738	Board of Motor Vehicles	NC, Powellsville, 206 Bethlehem Ch Road	US
S1-373587280	Bombay Investment Private Limited	Office No. Cgp - Xxii/431D, First Flr, Amma Complex, Melparamba, Kasaragod, Kasargod, Kerala	India
S1-330288413	Sigman Superior Gaming Inc.	342 Pfleger Road, Minford, OH	US
S1-57771632	Rapid Horizon Runway LLC	90 Merrimac Street, Unit 3, New Bedford, MA	US
S1-359568405	B/N Empire, Inc	57 Mill Lane, Queensbury, NY	US
S1-143003344	Infinity Digitech	Delhi, Kh. No. 95/2, Delhi, Ist Floor, Gali No -8, Village Wazirabad Extn, North Delhi	India
S1-51458824	Mumbai Technologies Pvt. Ltd.	Centre 1 10Th Floorworld Trade Centre Cuffe Parade, Mumbai, Maharashtra	India
S1-281602893	Ridgeline LLC	2638 Old Sr 37 Road, Greenwood, IN	US
S1-783249506	Mcallister Arc	506 Lenape Lake Road, Liberty, NY	US
S1-461488770	Rocky Ministries	108 Hugo Street, Dilley, TX	US
S1-210848910	Commercial Technical Products	39 Elora Cemetery Circle, Elora, TN	US
S1-421406548	Sun Marketing Limited	Old 23/3, New C-37, B/23, 1St Floor Acharya Niketan, Near Mayur Vihar Phase, Delhi, East Delhi, Delhi	India
S1-844159130	Altura Retreats Private Limited	Ajmer, 78, Rajasthan, Green Park Haveli, Vamdev Road, Pushkar Nala, Pushkar, Ajmer, Ajmer	India
S1-545896176	Bhagawati Traders	M.I.G.H.-179, Lohia Nagar, Kankarbagh, Sampatchak, Patna, Bihar	India
S1-357936054	Prairie Star Providence Inc	613 Ardsley Boulevard, Hempstead, NY	US
S1-120316804	Bombay Sky Engineering Private Limited	Office No. Second Floor, Sumanankur, S.No.82/1, P, Haveli, Pune, Maharashtra	India
S1-2067132	Blue Crystal Republic Inc.	1168 Mavisdale Hill Road, Buchanan County, VA	US
S1-680028898	Supreme Oil Group	5810 Darden Loop, Fayetteville, TX	US
S1-899907919	S.A.S.Nagar (Mohali) Technoinfra Private Limited	Industrail Area, Phase-7, S.A.S.Nagar (Mohali), Plot No.D-102, Rupnagar, Punjab	India
S1-879285284	Dermatology Modern Physicians LLC	1700 Mosher Drive, OK, Enid, Unit APT 205	US
S1-169683321	Orthopedic Medicine LLC	11 Jenkins Street, Lafayette, AL	US
S1-951967742	Lyric Taiwan LLC	1260 Foss Drive, Morganton, NC	US
S1-52025487	PSC Systems Private Limited	812, Naurang House, 21, Kasturba Gandhi Marg, New Delhi, Central Delhi, Delhi	India
S1-234630966	Shiridi Foundation Private Limited	1/C6 And C7, Adarsh Nagar Co Op Hgs Soc, Kolbad Road, Kolbad, Thane, Maharashtra	India
S1-591094677	Valadez Muniyield LLC	118316 Monarch Street, Village Of Stratford, WI	US
S1-616349541	Dermatology Associates	109 Branch Callicoon Center Road, Callicoon, NY	US
S1-131957156	Baumgart Ridge Athene, Inc	50 Rose Hill Terrace, Yonkers, NY	US
S1-586396708	Rim Family Practice PC	Dublin, Unit 103, 5735 Newbank Circle, OH	US
S1-95503210	Durable India Private Limited	D K Plaza, Office No. 1, New Nehru Ngr Main Rd, City Survey Ward No. 8/2, & No. 2870 Pai, Ki, Rajkot, Gujarat	India
S1-854878302	Shiva Consulting Private Limited	H.No. 1409 Sector 40, G-20, Gurugram, Gurgaon, Haryana	India
S1-775208974	Yadu & Brothers Private Limited	C/O Sanjay Kumar 01 Kadam, Gali, Jai Prakash Nagar, Phulwari, Patna, Bihar	India
S1-926656287	Ashutosh Brothers Private Limited	Delhi, South Delhi, Ug 2, Siddhartha Chambers 55A, Kalu Sarai, Hauz Khas, New Delhi	India
S1-311693580	Total Network International Partners	112 Monroe Avenue, Kansas City, MO	US
S1-376782166	Unified Myers LLC	Crookston, 211 Nelson Street, MN	US
S1-563691793	Supreme Consumer Group	8048 Stewart Peak Place, Castle Pines Village, CO	US
S1-631323168	English Horizon Regional Inc	705 Avenue C, Midlothian, TX	US
S1-477491478	Better Data Digital	4698 Happy Drive, Marion County, OR	US
S1-12348535	Hotel Tech Private Limited	C/O Sumit Kumar Ghosh Keota Lat Bagan Po- Sahaganj, Hooghly, West Bengal	India
S1-108448639	Subh Servicesprivate Private Limited	#146, Gopal Towers, Ramaiah Street Kodihalli, Hal Airport Road, Bangalore, Karnataka	India
S1-73413295	Tamil & Co	Delhi, Flat No 261 Kanugo App., Plot No 71, Ip Extention, East Delhi	India
S1-129812802	Aditya Consultancy Pvt Ltd	D-56/A Moti Nagar, New Delhi, South West Delhi, Delhi	India
S1-876306285	EYH Infrastructure Private Limited	Plot No 86/1B, Agra Road, Mulund Colony, Mumbai, Maharashtra	India
S1-300232334	Heddi's Produce Inc	4305 Haywood Street, Houston, TX	US
S1-761936519	Emily F. Velez, CPA	14116 Pepi Band Road, Draper City (sl Co), UT	US
S1-200492651	Hari Infotech Private Limited	C-5/1703, Noida, Uttar Pradesh, Gautam Buddha Nagar, 17Th Floor, Supertech Echo Village-Ii, G B Nagar	India
S1-843160177	Onyx Nippon LLC	6 Landing Way, Lakeville, MA	US
S1-298567590	Bombay Management Private Limited	Uttar Pradesh, S 3 Neela Giri Complex, A-Block, Lucknow	India
S1-272207178	Air Services Private Limited	Kerala, Kozhikode, Sidco Industrial Estate West Hill, 1/510	India
S1-327033549	Reineke Paceline LLC	1012 Tollgate Road, Bel Air, MD	US
S1-10163760	PAH Electrical Inc	1431 Blackhawk Drive, Mount Prospect, IL	US
S1-200512849	Infra Hunger Business Private Limited	Yadav Colony, 446, Kamath Ward, Narsinghpur, Madhya Pradesh	India
S1-998120400	Value Payment Technologies	6613 Stonecliff Court, Montgomery, AL	US
S1-712595688	Foreign Scm Private Limited	F 106/7 Hs Nirmal Group, New Bajhera Road, Palam Vihar, Gurgaon, Haryana	India
S1-592171138	Heartland Dental Associates Inc	15 Main Street, Unit Apartment C, Scottsville, NY	US
S1-207456334	Sun Ace Ventures Limited	Flat 1102, 11Th Floor, Neelsidhi Regalia-A, Sec11, Panvel, Raigarh(Mh), Maharashtra	India
S1-257100812	Grand Genomic Partners P.C.	TX, Fort Worth, 2341 Jasper Street	US
S1-455459402	Om Software Private Limited	No.9, 1St Cross, Obel Reddy Layout, Banaswadi, Bangalore, Karnataka	India
S1-458955022	Metropolitan Shore	3353 Basswood Lane, Dekalb, IL	US
S1-352018046	Surya Logistics Private Limited	C-8, Commercial Complex Safdarjung Develoment Area, New Delhi, South Delhi, Delhi	India
S1-185479247	Wagner Best Properties Inc.	Amarillo, 9420 Thornbush Drive, TX	US
S1-581139839	Corner Bakery	64 Winston Road, Waldoboro, ME	US
S1-231080927	Safe Financial Digital Partners	224 Verbena Boulevard, Fl 0, Rhome, TX	US
S1-828245917	Royal Food Private Limited	Telangana, Third Floor Ida, Cherlapally, Hyderabad, Plot No. 188/A (West)	India
S1-711678516	Novon Elite Inc	1814 6th Street, White Bear Lake, MN	US
S1-317960164	Quus LLC	1296 Willow Circle, Republic, MO	US
S1-624720244	Big Consultancy Private Limited	East Midnapore, West Bengal, Haldia Municipality, Mohammad Abdul Wahid, Vill.- Bhabanipur, P.O.- Debhog, P.S.- Bhabanipur, Dist.-Purba Medinipur, C/O	India
S1-778782474	Rahel Robinson Lab LLC	8515 N Lamhatty Lane, Daphne, AL	US
S1-411233852	Himayathnagar Servicesprivate Company	H.No 3-6-461/204, Street No.5 Shivam Apt, Himayathnagar, Hyderabad, Telangana	India
S1-937984699	Spectra Locomotive Private Limited	No.63, Niharika Nilayam, 6Th Cross, Shettyhaliward, Bangalore North, Bangalore, Karnataka	India
S1-647361966	Pioneer Nutrition Enterprises LLC	9 Topsail Road, Norwalk, CT	US
S1-802213450	Whittaker Learning Center	220 North Road, East Windsor, CT	US
S1-546953275	E 4 Express Spire Inc.	204 Carter Drive, Winchester, KY	US
S1-819712316	Fresh Deli! Inc	423 Circle Drive, Clarksville, TN	US
S1-975091623	Certified Semiconductor Associates	8101 Angel Court, Fort Worth, TX	US
S1-410538610	High Agro Private Limited	Sn 35/1 Fl 19, Maharashtra, Haveli, Nr Khdedkar, Samrudhi Res, Pune	India
S1-728441542	Reynolds Music LLC	3006 35th Street, Unit B, Lubbock, TX	US
S1-64077274	OAX Brigade Private Limited	199/1, Hsr Layout, 1 ., Bangalore, Karnataka	India
S1-359743105	Advance & Associates	A-109 A Ram Ganga Vihar, Phase-1 Near Stadium, Moradabad, Uttar Pradesh	India
S1-748119573	DN Crop Private Limited	5, Shivalay Apartment, Panchvati First Line, Ambavadi, Ahmedabad, Gujarat	India
S1-493566687	Bharat International Private Limited	Ground Floor, No.23-B, Abu Sali Road, Saligramam, Chennai, Tamil Nadu	India
S1-161688784	Paon	Springfield, MO, 2041 Independence Street	US
S1-327052589	AN Efes LP	9749 Jerome Avenue, Mesa, AZ	US
S1-330008101	East Tech Pvt Ltd	Pimpri Chinchwad, Punawl, 41Estera-D 906, Pune Pimp, Pune City, Pune, Maharashtra	India
S1-559820700	High Marketing Private Limited	First Floor Anand Premises, Gandhigram Road, Mumbai, Maharashtra	India
S1-840286437	Mg Hare Ltd	103, City Palace, New Dakbunglow, Patna, Bihar	India
S1-883457130	Pacific Initiative	102 Tripp Road, Ellington, CT	US
S1-320318694	Watkins Andretti Inc	866 Milo Road, ME, Sebec	US
S1-462655532	Jhansi Sadguru	807 Ekta Vihar Colony Civil Lines, Jhansi, Uttar Pradesh	India
S1-621577396	Orthopedic Highland Partners	301 Teague Street, Rolesville, NC	US
S1-287761224	Tirupati Select Private Limited	Plot No.128A, West Delhi, Delhi, New Delhi, Grd Flr. Kh, No 19/4 Blk F Vikas Nagar	India
S1-908089362	Perumbavoor Info LLP	Vii/311-D, Kodanadu P O Kurichilakode, Perumbavoor, Ernakulam, Kerala	India
S1-109421988	Kalyan Tooling	B-5, Flat No 101, Mohan Regency, Adharwadi Jail Road, Near Don Bosco School, Kalyan, Thane, Maharashtra	India
S1-395133330	Westend Enterprises Private Limited	Pipe Line Road, Pradhanpara Near Marico Plywood Factory, Siliguri, West Bengal	India
S1-416885821	Nois Merchants	712 Oak Street, Sapulpa, OK	US
S1-54883594	High Agro Private Limited	First Floor, Opp. Heerapura School, Above Eicher Tractor Showroom, Heerapura, Jaipur, Rajasthan	India
S1-561710509	Bharat Solutions Private Limited	Howrah, Kolkata, J.L. Nehru Road, Ps-Shakespeare Sarani, Kolkata, West Bengal, 54	India
S1-796277501	Anant (India) Association Pvt Ltd	83/2/1 Topsia Road (S) Ground Floor, Kolkata, Howrah, West Bengal	India
S1-229158089	Atlantic Custom Aurora Corp	Nashville, 1005 Thyme Court, TN	US
S1-845680206	Carter & Daniel LLC	1914 Harrison Street, Decatur, AL	US
S1-940629713	Adelman Averin of Burlington	3674 Akin Lane, Burlington, KY	US
S1-843257790	Twisted Deli LP	310 Draper Lane, Lebanon, TN	US
S1-94835703	High Foods Private Limited	Bangalore, Plot No.181 Bommasandra Industrial Area Hosur Road, Karnataka	India
S1-835559178	Ear Nose & Throat Signature Care	5969 Mockingbird Lane, Paradise Valley, AZ	US
S1-585474608	Shivnandan Institute	Rz-6, Ugf, Dada Chhatri Wala Marg Raj Nagar - I, Palam Colony, Palam, South West Delhi, Delhi	India
S1-282280956	Jackson, Arevalo and Lara PLLC	315 83rd Street, Seattle, WA	US
S1-927944806	P 5 Platinum Sizzle, LLC	337 Miami Valley Drive, Loveland, OH	US
S1-812217943	Galaxy Exports	111 Cossipore Road 1St Floorchitpurr, Kolkata, Calcutta, West Bengal	India
S1-643231033	Vonny's Colonial Towing Associates	307 Bayside Drive, Anahuac, TX	US
S1-956361358	Noir Solutions Pvt Ltd	C/O Bharat Singh Rajapur Basantpur, Siwan, Bihar	India
S1-242836937	Galaxy Construction	B/1004 Swati Trinity Applewood Township, Nr Shantipura Cross Roads Sp Ring Road, Sanand, Ahmedabad, Gujarat	India
S1-778842655	Kerr High	N2941 Pine Hill Road, Town Of Manchester, WI	US
S1-209196409	Flex Foundation Corporation	11E Sivasangu Street, Virudhunagar, Tamil Nadu	India
S1-568159734	Projects Tech Limited	S. No. 35/2, Pisoli Dagade Vasti, Pune City, Pune, Maharashtra	India
S1-51825606	Heart Society of Durham	611 Hiddenbrook Drive, Durham, NC	US
S1-682763744	Amravati Health	Additional Midc Nandgoan Peth, Amravati, Plot Number - A49, Maharashtra	India
S1-772940487	Stokesdale Interfaith Coalition	Stokesdale, NC, 7702 Perthshire Drive	US
S1-771418539	Rose Industries Private Limited	Ultimate Campus, Ward No.3 Yamuna Block Flat No T-1 Shirdipuram, Kolar Road Near Shri Sai Te, Mple, Bhopal, Madhya Pradesh	India
S1-195080743	Luxury Prime Center	Shop No. 122, 42 Love Lane, Hazratganj Lucknow, Lucknow, Uttar Pradesh	India
S1-747939832	Lutterman Highland Brokerage Newport News City Co	57 Forest View Road, Newport News City, VA	US
S1-705139580	Pinnacle Mortgage Corporation Partners	TX, 625 De Vargas Drive, City Of El Paso	US
S1-709276888	Sally Funkhouser Crystal Pennantpark	754 White Tail Avenue, Pittsylvania County, VA	US
S1-299541805	Siify Inc	216-08 115 Road, Cambria Heights, NY	US
S1-508159678	Pediatric Dentistry Associates Inc	66 South Terrace, Fishkill, NY	US
S1-871441479	Secure Industrial	NC, Atlantic Beach, Unit 113, 1918 Fort Macon Road	US
S1-800711853	Ratti Highland Rising LLC	1073 Taffeta Drive, Salt Lake City, UT	US
S1-507729586	Rb Finances Limited	503, Shagun Arcade Pu4, Scheme No. 54, Indore, Madhya Pradesh	India
S1-830000600	Silver Investment Private Limited	645, Secretariat Colony Thoraipakkam, Chennai, Tamil Nadu	India
S1-608845609	Integrated Commercial Alliance Inc	105-32 Van Wyck Expressway, South Richmond Hill, NY	US
S1-690861623	Value Amplify LLC	14552 Rivers Edge Road, Helendale, CA	US
S1-955602080	20/68 Highland	6001 Auburn Boulevard, Unit STE 150, Citrus Heights, CA	US
S1-429865892	Maus Inc	3910 Bermuda Avenue, Sand Springs, OK	US
S1-434752469	Nine Enterprise Pvt Ltd	A-602, Raj Galaxy, Next To Vivek Apartments, C.S.T. Road, Kalina, Santacruz (E), Mumbai, Mumbai City, Maharashtra	India
S1-906877182	Marketing Himanshi Jewels Private Limited	Flat No. 1201, Block No 9, My Home Avatar, Narsingi, Rangareddy, Telangana	India
S1-760564703	Jain Estate Private Limited	Bkala Duplex A-Priyadarshi Ni Lyam, B. Kala, Huzur, Bhopal, Madhya Pradesh	India
S1-723404871	Dental Liberty Partners LLC	4406 462, Moore, TX	US
S1-699096161	Drive Marketing Private Limited	Ram Nivas 1Khanpur, Ahmedabad, Gujarat, A'Bad	India
S1-462062029	83/99 Transport	209 Olive Street, Crystal City, MO	US
S1-775469229	Help & Partners Private Limited	4420, Pipla Vas, Godlimda, Astodia, Ahmedabad, Gujarat	India
S1-892258517	Krishna Builders Private Limited	C - 1/1621 Vasant Kunj, New Delhi, North Delhi, Delhi	India
S1-308032242	Desai Summit Living Inc	OH, Columbus, 557 Glenmont Avenue	US
S1-456135799	Vikram Law Private Limited	Premises No. H/Vl/100/A/120, Jyotinagar, Ward No. 41, Siliguri, Darjiling, Darjeeling, West Bengal	India
S1-635943033	Onyx Center	City Of Appleton, WI, 825 Division Street	US
S1-118250349	Navin Trading Public Limited	Maharani Chowk Fatuha, Patna, Bihar	India
S1-587322100	Sh Infrastructure Private Limited	Ralivila Veedu, Mulloor, Mulloor P O, Thiruvananthapuram, Trivandrum, Kerala	India
S1-580472052	Bharat Tech LLP	Pbel City, Peeramcheruvu, Telangana, Hyderabad, Rajendra Nagar, Flat No. 1508/Jade	India
S1-692540972	Diversified Nutrition Products	19 Knowlton Street, Unit 4, MA, Boston	US
S1-654213672	Shaffer Complete Deutsche	Abington Township, PA, 1442 Fitzwatertown Road	US
S1-634946667	Valenti Integrated Trg, Inc.	213 Dogwood Drive, TN, Greeneville	US
S1-342755194	Magic & Co Corporation	Thane, Plot No A/95, Road No. 16/S, Wagle Ind Estate, Maharashtra	India
S1-312629705	Vishay Solutions Private Limited	Flat No 2, Flr Gr Wing G5, New Brahmand Annex Ph-8, Thane, Maharashtra	India
S1-837435439	Golden Barbershop!	833 University Boulevard, Unit 161, Mobile, AL	US
S1-509944402	Neves Crystal Institutions Inc	6715 36th Street, Tuscaloosa, AL	US
S1-589878729	Hess Reserve	10350 Mcdowell Road, Unit 2182, Avondale, AZ	US
S1-543892424	New Delhi Farmer	502, B-225, Okhla Industrial Area, Phase 1, New Delhi, South Delhi, Delhi	India
S1-741497277	United It Pvt Ltd	Mumbai, Unit No. 204, Maharashtra, 2Nd Floor, Welspun House, Kamala City S B. Marg, Lower Parel (W), Mumbai 40001, 3., Mumbai City	India
S1-973344549	Into Design Private Limited	Rajeev Nagar Nalapar Near Nri Plaza, Rajeev Nagar, Patna, Bihar	India
S1-576695490	Dermatology Clinic of Washington	4152 E Capitol Street, Washington, DC	US
S1-795656008	Kamla Technologies Limited	No. 6/4, Selva Street, Madhurai Meenakshi Nagar, Valasaravakkam, Tiruvallur, Tamil Nadu	India
S1-190853744	Modern Aerospace Inc.	283 Downey Avenue, Indianapolis, IN	US
S1-782374509	Haile Aberdeen, LP	48 Kelly Court, Unit 3, Hamilton, OH	US
S1-314967831	Optex LLC	15249 156, Florence, IN	US
S1-127794696	Harbor Pennantpark Inc	6366 150, Stanford, KY	US
S1-429692191	Moore Equity Partners Inc	6937 Three Notch Road, Nineveh, IN	US
S1-509036684	Krishna Foods Private Limited	302, Third Floor, Dwarkesh Business Hub Visat-Gandhinagar Highway, Motera, Ahmedabad, Gujarat	India
S1-327574780	Visakhapatnam Marketing Limited	Dno. 50-1-23/78, Flat No. 501, D-Block, K.S.R.Complex, Opp.Rythu Bazaar, Seetham, Madhara, Visakhapatnam, Vishakhapatnam, Andhra Pradesh	India
S1-490988697	Reinhardt Innovative Trading	3514 Carman Road, Guilderland, NY	US
S1-44461728	Northern Securities Inc	Elk Grove, 5138 Saint Edwards Way, CA	US
S1-882247840	Global Construction Pvt Ltd	45 Umiya Shopping Centrehiway, Mehsana, Mahesana, Gujarat	India
S1-946938614	Engineering Galaxy Dryfruits Ltd	Door No.3-28/53, First Floor, Kanara Towers, Nh 66, Kottara Chowki, Mangalore, Dakshina Kannada, Karnataka	India
S1-40122558	Fortune Care Private Limited	Jinvani 201, Nr Vaibhav Apartment, Rajkot, Gujarat	India
S1-518262604	Dnr Clubs Private Limited	Shri Krupa Building, Savarkarroad, Tilakwadi Tilakwadi, Belgaum, Karnataka	India
S1-876766601	United Impex LLP	3Rd Floor, Ahmedabad, Bagmar Plaza Opp. Apmc Market, Jamalpur Cross Road, J, Amalpur, Gujarat, Ahmedabad	India
S1-464781719	My Tech Private Limited	Shop No.13, Mulund Sai Ram Chs Ltd., Mhada Clony, Mulund (East), Mumbai, Mumbai City, Maharashtra	India
S1-552835235	Frontier Investments, LLC	2111 Prestwick Drive, La Grange, KY	US
S1-72517032	White Power Pvt Ltd	H.No.491, Tarin, Bahadurganj, Shajahanpur, Shahjahanpur, Uttar Pradesh	India
S1-329674322	Twisted Pizza	203 Louisiana Avenue, Perrysburg, OH	US
S1-942422619	Compass LLC	2241 Gem Road, Unit 1593, Carrollton, OH	US
S1-610498778	KD Business Ltd	52 Gali No 2 Shanti Mohallashanti Marg Mandawali Fazalpur, Delhi, East Delhi, Delhi	India
S1-636085779	Peterson Optimal Sciences Inc	WV, 11126 Smithville Road, Harrisville	US
S1-683512884	Economic Development Alliance	8411 Preakness Drive, Florence, KY	US
S1-850567068	Jai Developers Private Limited	Office D1 Gr Flr Versova Andheri Sai Shradha Chsl, Plot 41 Svp Nagar Mahada Colony Andheri West Varsova, Mumbai, Maharashtra	India
S1-225341632	Julian Sterling Union LLC	19 Capital Street, Boston, MA	US
S1-578523398	Maa Infrastructure Pvt Ltd	A 601, Prakruti Chs Ltd, Building No. 84 Gokuldham, Off General A. K. Vaidya Marg, Goregaon-East, Mumbai, Mumbai City, Maharashtra	India
S1-506824192	Narasimha International School Private Limited	El 624, Phase-Ix Focal Point, Industrial Area, Mohali, Rupnagar, Punjab	India
S1-731363413	Keystone Engineering Collective LLC	4654 Mill Village Road, Raleigh, NC	US
S1-240075599	Awadh Narain Pvt. Ltd.	A-134 3Rd Floor The Corenthum Tower Sector-62, Noida, Gautam Buddha Nagar, Uttar Pradesh	India
S1-750930526	Palm Nidhi Pvt Ltd	A-947, Money Plant, Near Bsnl Office, Dascroi, Ahmedabad, Gujarat	India
S1-609606155	Skyline Academy Pvt Ltd	16 Gundecha Chambersnagindas Master Road Fort, Mumbai, Maharashtra	India
S1-804107991	Nataraj Airways Pvt Ltd	Pandey House, B Wing, Second Floor, Opp Cumbala Hill Hospital, August Kranti, Marg, Mumbai, Maharashtra	India
S1-770735916	Forrest Municipals Center	855 22nd Street, Unit 203, Lombard, IL	US
S1-212177795	Choice Silver Arrow	1349 18th Ave SW, Cedar Rapids, IA	US
S1-771538706	Shani Craig, DPM, M.D., P.C.	748 Cypress Road, Cedar Glen, CA	US
S1-760524044	East Shyam Marketing Private Limited	Shop No 1Rahmat B Chawl Kevni Pada, S V Road, Mumbai, Maharashtra	India
S1-662899504	Riddhi India Private Limited	Puyada, Bybattarhat, Nandakumar, Nandakumar, East Midnapore, West Bengal	India
S1-588723314	Anderson, Edwards and Sampson	NC, Unit 3127, 1570 Atria Circle, Raleigh	US
S1-979117087	Duncan's Boutique	TX, Fort Worth, 3754 Castleman Street	US
S1-8010616	Ammamaria Prince Cleaning	108 Marie Parkway, Colonie, NY	US
S1-914734832	Iha Quick Partners	A202, Aditya Hilltop Filmnagar, Near Senor Valley Villas, Hyderabad, Telangana	India
S1-238944552	ZOO Holdings	Building No. 16/2528, Third Floor, T V Centre, Kakkanadu, Ernakulam, Kerala	India
S1-330984306	Navi Mumbai Estates Private Limited	E-101 First Flrsanpada Railway Station Com Sanpada, Navi Mumbai, Maharashtra	India
S1-190865029	Theresa T. Woods, D.D.S.	4244 Dalewood Circle, Thousand Oaks, CA	US
S1-842711554	Ss International Ventures Private Limited	Madhab Nagar, M/Durgagobindapur, Patharpratima, South 24 Parganas, West Bengal	India
S1-89978351	Bison, Inc	204 Main Street, Bldg TODD COUNTY JUSTICE CENTER, Elkton, KY	US
S1-507570751	Urban Industries Pvt Ltd	Hn 192, Sector-8 Urban Estate, Karnal, Karnal, Haryana	India
S1-672009799	Classic Analytics Brands Inc	720 Parsley Road, AR, Newport	US
S1-328646559	Pioneer Producer	Hedf B125 7 8 Hanuman, Tekadi, Gate No 4 ., Mumbai, Maharashtra	India
S1-993071887	Malda Electronics Private Limited	C/O R. Madhusudhan, Srinidhi, Kallappa Layout, Nanjangud, Mysore, Karnataka	India
S1-866262114	Prairie Pinnacle Braemar Company	NY, Barker, 172 South Street	US
S1-213736319	Jnm Law Chambers	C-177, Fateh Nagar, Jail Road, Near Tilak Nagar, New Delhi, Delhi, West Delhi, Delhi	India
S1-357220847	Midland Freight Pvt. Ltd.	8-2-603/1/5, Hyderabad, Khairatabad, Telangana, Plot No. 5, Road No. 10	India
S1-657898993	Chaplin, Bolton and Cameron Co	12233 Little Kanawha Highway, Mount Zion, WV	US
S1-357638852	Myrtice Diehl, DDS PLLC	1821 Greenbough Court, Fl 0, Saint Louis, MO	US
S1-940568100	Patriot Initiative P.C.	1065 Hardscrapple Road, OH, Wellston	US
S1-389768643	Gautam Buddha Nagar India Private Limited	Gaur Citymall, 7F, C-01, Bgh-01, Sec-04, Uttar Pradesh, Shop No.727, Gautam Buddha Nagar	India
S1-112609365	Pediatric Health, Inc	5513 E Lake Drive, Lisle, IL	US
S1-450254309	Gurugram Financial Private Limited	E062, Gurgaon, Gurugram, Haryana, Ridgewood Estate, Dlf City Phase -Iv	India
S1-425820326	Vaman Institute of Technology	24, Plot No-260A, Olive Green Apartment Kh No 189 Old Lal Dora Sec- 16B, Village Kakrola, Dwarka, South West Delhi, Delhi	India
S1-466092590	Clean Wholesale Alliance Inc	626 Neely Street, Dallas, TX	US
S1-597679028	Cozy Pizza	62 Howard Avenue, NY, Binghamton	US
S1-327029047	Smart Advisors Ltd	A-342, Defence Colony, New Delhi, South Delhi, Delhi	India
S1-379160427	Wilkens and Lee Graphics	7313 48, Mannford, OK	US
S1-705277649	Evangelina Rodriguez Air Inc.	17218 Alta Loma, Fountain Hills, AZ	US
S1-639387124	Anand Builders Private Limited	Block-A, Ground Floor, 52, Garulia Main Road, Lp-1/7/1/1, Northparganas, Parganas North, West Bengal	India
S1-902961298	857 Second Street Associates, Inc	253 Western Avenue, Unit 1, Harristown, IL	US
S1-205577887	Global Platinum Crest	503 Walker Street, Hope, AR	US
S1-643059348	Metropolitan Project II	1015 245th Place, Des Moines, WA	US
S1-714742968	Dream Biz Pvt Ltd	Jaipur, 33, Rajasthan, Jaipur, Opp Bajoria School	India
S1-82072514	Saint Community Church	366 Teakwood Drive, Satsuma, AL	US
S1-623191978	VZS Divine Private Limited	Flat No 108 Bwing Atharva, Nagari 3 Kh No 131/A/1, Nagpur, Maharashtra	India
S1-196692334	Stewart Advanced Devices Partners	18115 Old Palestine Road, Crofton, KY	US
S1-70752137	Satguru Traders Private Limited	T.C No: 6/123, First Floor, Priyadarsini Junction Prasanth Nagar, Ulloor, Medical College, P.O, Thiruvananthapuram, Trivandrum, Kerala	India
S1-278344000	Pranaksh Media Limited	D.No.6/85-B, Kondayampalayam, Nagalur Village, Kuppandampalayam, Erode, Bhavani, Erode, Tamil Nadu	India
S1-582954361	QY Shanmuga Private Limited	459/A, Sidco Industrial Estateambattur Madras 600 098, Madras 600 098, Chennai, Tamil Nadu	India
S1-264734085	Mumbai Dham Private Limited	Chamber No. 304, Cabin B, Mahavir Chambers, 1/5, Banaji Street, Off Cawasji Patel St, Reet, Mumbai, Mumbai City, Maharashtra	India
S1-457017080	Erickson Cascade Nexus	9025 Staring Court, Baton Rouge City, LA	US
S1-217853881	Premier Producer Private Limited	Krishan Nagar Behind Khalsa College Karol Bagh, Central Delhi, Delhi, New Delhi, 5131/1	India
S1-660497504	Virtus & Co	Karnataka, Bangalore, No. 13/3, Bangalore- 18., Ii Nd Main Rd. Iiird Cross, Chamrajpet	India
S1-299157336	Rams Institute Private Limited	401, Plot No 37, Sneh Sadan Chs Ltd, Evershine Nagar, Internal Road, Usha Colony, Malad (W), Malad West, Mumbai, Maharashtra	India
S1-544167479	Big Marketing Limited	Om Shakti, Jivantika Nagar, 1A/4, 150 Ring Road, Near Gaushala, Gandhigram, Rajkot, Gujarat	India
S1-314502137	Lotus Infrastructure Private Limited	209 Shaniwar Peth Talegaon Dabhade Maval Taluka, Pune, Maharashtra	India
S1-812564224	Durgapur Frozen Clinic	C/3/13, Vidyasagar Pally, Post - Benachity, Durgapur, Bardhaman, West Bengal	India
S1-876650808	May Scarborough Global Range Inc	2707 D, Brownwood, TX	US
S1-943340294	Royal Lodging, Inc	MN, Burnsville, 1441 122nd Street	US
S1-238315904	Garg Consultant Private Limited	2Nd Floor, K-23, 9Th Street, Ambattur Industrial Estate, Chennai, Tamil Nadu	India
S1-113140075	Autism Assistance Initiative	710 Elgin Street, Siloam Springs, AR	US
S1-759202348	Chen & Mcmanus LLC	671 Antrim Drive, Unit 3A, Newport News City, VA	US
S1-218111688	Primary Care Group Clinic	813 Hillside Road, East Fishkill, NY	US
S1-540211689	Bijli Import Pvt. Ltd.	379/162/22 F/F Jheel Khuranja, Delhi, East Delhi, Delhi	India
S1-157745393	Sky Investments Private Limited	Jay Ram Lane, 11 Shanti Tower, 3Rd Floor, Sujaganj, Bhagalpur, Bihar	India
S1-362542076	Burns, Reich & Kalinowski Group	4220 Park Avenue, Unit Suite 1, Hamburg, NY	US
S1-173355918	Terai & Brothers Pvt Ltd	203-B, Lucknow, Uttar Pradesh, 2Nd Floor, Chintels House Near Hussainganj	India
S1-960418516	General Network Alliance Ltd	219 Cherry Street, Germantown, OH	US
S1-682996622	Twenty La Private Limited	Satral, Taluka Rahuri, Ahemednagar, Ahmednagar, Maharashtra	India
S1-861515360	Sadar Bazar Realtors Corporation	C-61, First Floor, Sushant Lok Iii, Sector 57, Sadar Bazar, Gurgaon, Haryana	India
S1-5302763	Marvellous Management Pvt Ltd	Vill. - Inhauna, Post Inhauna Teh.-Tiloi, Amethi, Sultanpur, Uttar Pradesh	India
S1-135798580	East Secure Staking Inc	4500 Woodbluff Drive, Mesquite, TX	US
S1-313482394	Global (India) Software	Sf-B-07, 2Nd Floor, Art Guild House, Phoenix Market City, Lbs Marg, Kurla (We, St), Mumbai, Mumbai City, Maharashtra	India
S1-306549834	Peters Tidewater, LLC	1200 Military Highway, Norfolk City, VA	US
S1-29049673	Allied Capital PLLC	159 A Levert Avenue, Mobile, AL	US
S1-619298346	Anand Products Pvt Ltd	B3D, 28B, Happy Home Apartment, Laxmibai Jagmohandas Marg, Napean Sea Road, August Kranti Mar, G, Mumbai, Mumbai City, Maharashtra	India
S1-375564517	Swastik Tech Private Limited	19/8 B, Mounasamy Mutt Cross Street Venkatapuram, Ambattur O.T, Chennai, Tamil Nadu	India
S1-385333305	Custom Diamond Irenic Inc.	141 Hillside Drive, Goldsboro, NC	US
S1-686480375	Arunodaya Cloud (India)	Flat No C-909 Plot No-2 Sect-18 Crescent Apartment Dwarka, New Delhi, South West Delhi, Delhi	India
S1-665330704	Ss Trading	Lg-002, Signature Global Orchard Avenue-01, Sec- 93, Village-Hayatpur, Gurgaon, Garhi Harsaru, Gurgaon, Haryana	India
S1-986842935	Cancer Committee PLLC	1940 Sanders Road, Wilson's Mills, NC	US
S1-37207907	Arrow Academy	50 Weston Streetr00M No 307, Kolkata, Calcutta, West Bengal	India
S1-832352511	Bright Vanguard Saratoga	NC, Timberlake, 557 John Oakes Road	US
S1-833250128	Jay Guru Management Limited	D-504, Veena Sangeet, Mahavir Nagar, Kandivali (West), Mumbai, Mumbai City, Maharashtra	India
S1-402024319	Rjk Solutions Limited	Po Belpahar R Sps, Belpahar Tehsil Lakhanpur, Jharsuguda, Belpahar, Jharsuguda, Orissa	India
S1-97641026	Digiovanni Southwest	134 Kyson Drive, Hillsborough, NC	US
S1-220373044	Star Indo Industries Private Limited	Haryana, Gurgaon, Vijaya Shopping Complex, Chakkarpur, Near Dlf Phase Iv	India
S1-971381608	Metropolitan Value Owl LLC	5520 Forest Oak Church Road, Beechmont, KY	US
S1-480680694	Hunger Initiative LLC	MO, 524 Hannah Way, Arnold	US
S1-883694540	Dnr Devbuild Ltd	177/43 Gwynne Roadaminabad Lucknow, Uttar Pradesh, Lucknow, Uttar Pradesh	India
S1-794137787	Complete Lifesciences LLC	114 Elliott Street, Unit APT 404, Fort Mill, SC	US
S1-360984405	Red Bistro	27 Roessler Lane, Bella Vista, AR	US
S1-707847780	Ashien Ferguson, D.C., PC	101 Briarcliff Road, Greece, NY	US
S1-175300181	High Royal Media Private Limited	T.P.S. No.4, F. P. No.57, Near Railway Overbridge, Anand-Chikhodra Road, Near Ganesh Crossi, Ng, Anand, Gujarat	India
S1-680408779	Vishwa & Co	643/11 Gandhi Nagarkhaital, Haryana	India
S1-384188165	Supreme Producer Private Limited	No.1, Anadanappa Lane, Avenue Road Cross, Bangalore, Karnataka	India
S1-801637019	Eye Care Associates	17096 Trufa Way, Fontana, CA	US
S1-812853593	Hyderabad Floriculture Private Limited	Hno.1-90/7, F.No.401, 4Th Floor, Balaji Residency, Guttala Begumpet, Hitech City Main Road, Madhapur, Hyderabad, Rangareddy, Telangana	India
S1-635242035	Ramonet Inc	18525 Possum Trot, Conroe, TX	US
S1-322538414	Ayers Suma Inc	4209 Minnie Street, Kansas City, KS	US
S1-680805209	East Living	214 Main Street, ND, Center	US
S1-234864018	Builders Sky Garment of Sangamner	Gat No. 681, At Ambi Khalsa, Ghargaon, Tal. Sangamner, Sangamner, Ahmed Nagar, Maharashtra	India
S1-480376909	Red Developers Limited	No. 591, 10A Main Road, 5Th Block Jayanagar, Bangalore, Karnataka	India
S1-831803494	Supreme Unique Consultants LLP	Fl 1, Niwara Apts., Cts 107, Pl 3, Bharati Niwas, Erandwane, Pune City, Pune, Maharashtra	India
S1-141944722	Deaner Construction Group	9408 Bradner Drive, TX, Austin	US
S1-954320537	Wenger View Inc	369 Southwood Drive, Tonawanda, NY	US
S1-910293639	Deborah Mcewen Waste LLC	6588 Naomi Cove, Memphis, TN	US
S1-414608071	Services Suryateja Energies Private Limited	Jhansi, Uttar Pradesh, C/O Thakur Das Babulal B/H St Judes School Nandan Pura, Jhansi	India
S1-926171686	Little Ice Cream	Glen Burnie, Fl 0, MD, 1921 Maltravers Road	US
S1-643098647	Dellinger Endocrinology	17 High Street, Martinsville City, VA	US
S1-335219559	090 Sky	6800 Fm 1705, Hapyy, TX	US
S1-818760399	Division of Buildings	315 Fillmore Street, Unit 3, Phoenix, AZ	US
S1-42081235	Str Sarees (India) Private Limited	Gujarat, Ahmadabad City, Ahmedabad, A-602, Rajshree Heights, Opp Astha 99	India
S1-994640669	Stewart Science	4802 Ranch Road, Carter County, OK	US
S1-512759997	Jessup, Galindo and Duarte PC	2788 Portland Street, Eugene, OR	US
S1-541653558	Superior Origin P.C.	1795 Darby Street, Yorktown, NY	US
S1-639255186	Tejas & Brothers Pvt Ltd	Shop No.2, Plot No.6, 3Rd Street Padmavathy Nagar, Velachery, Chennai, Tamil Nadu	India
S1-496761572	Guru Global Private Limited	Gno. 473, Jambhul Tal. Maval, Talegaon, Dist. Pune, Pune, Maharashtra	India
S1-474632781	Steiner Network	34 Water Street, Unit STE 1, Ellsworth, ME	US
S1-478925209	Byrne, Sean, D.O.	4646 Werner Street, Houston, TX	US
S1-234145395	Konaseema Smart Private Limited	Ahmedabad, Gujarat, A-301, Synergy Tower, Nr. Vodafone House, Corporate Road, Prahladnagar, Ahmedabad	India
S1-455300994	Splendid Foundation	Aurangabad, Bihar, C/O Dhirendra Kumar Singh Silar, Aurangabad	India
S1-197544238	Dionne Moncada Therapies	421 F Wyassup Road, North Stonington, CT	US
S1-719115904	Owens and Howells Holdings	198 Cedar Glen Drive, Unit 1A, Camdenton, MO	US
S1-656559531	Roland Metro Spark	4229 Coves Point Court, Unit 310, Sherrills Ford, NC	US
S1-225908349	Windham Wildlife Beacon Institute	209 Varney Mill Road, Windham, ME	US
S1-73021183	Pinnacle Institute Pvt Ltd	32/1976 Guruvayoorappan College P.O, Pokkunnu, Kozhikode, Kerala	India
S1-75426737	Shiva Builders Private Limited	6 Ibsnor Central Avenue Santacruz, West, Mumbai, Mumbai City, Maharashtra	India
S1-281868712	Innovative Construction Private Limited	Kandukur, Shop No 9, Opp Srinivas Enterprises, Andhra Pradesh, Prakasam	India
S1-740080895	Rpm & Co	F-4, Anshul Tower-1, Lsc, Sainik Vihar, Pitampura, Delhi, West Delhi, Delhi	India
S1-884539699	Super Developers Private Limited	47 Shiv Lok Complexwestern Kutchery Road Meerut, Uttar Pradesh, Meerut, Uttar Pradesh	India
S1-950741724	Economic Development Committee LLC	1821 Hudson Drive, Fl 1, Chandler, AZ	US
S1-290769561	Buckley Aluminum Inc	2222 200, Unit 2, South Salt Lake City, UT	US
S1-657984189	Dsb All Limited	Shop No-18, Ground Floor, Near Cross River Mall At Plot No.9B & 9C, Central Business Distri, Ct, Shahda, Delhi, East Delhi, Delhi	India
S1-908014738	Behavioral Health Interstate Physicians Inc	3319 Cascade Avenue, Unit UNIT, East Wenatchee, WA	US
S1-179945239	Christ Catholic Church	4000 Aventine Drive, Unit 103, Arden, NC	US
S1-629995198	Live India Pvt. Ltd.	502 Embassy Centre 207Nariman Point, Mumbai, Maharashtra	India
S1-75807282	Frontier Charities Inc.	5642 Richland Road, Cascade, IA	US
S1-66600688	Maid Diner	1123 Juniper Avenue, Godfrey, IL	US
S1-242756686	Bharat Software Limited	522 Swastik Chamberschembur, Mumbai, Maharashtra	India
S1-909185272	Allys Jennings Value Sky LLC	TX, 3289 Royal Terrace Lane, City Of El Paso	US
S1-182395156	Mccoy, Kelsy D., P.A.	80 Evergreen Street, Elk Grove Village, IL	US
S1-861469910	Modakpriya Educational Society	S.Y. No.434, F.P. No.309, B. No. A, G.F., Opp. S E Sub Station, Vasta Devdi Road, Surat, Gujarat	India
S1-21689037	Womens Health Medicine	6430 Squirrel Level Road, Dinwiddie County, VA	US
S1-165808009	Teesta Brothers Private Limited	88, Chetla Road, Kolkata, Kolkata, Howrah, West Bengal	India
S1-416221376	Ruiz, Brandenburg and Mills Greenland of Akron LLC	97 Casterton Avenue, Akron, OH	US
S1-500359320	Umapati Agri Co	Plot No 51, Lane 4, Bapujinagar Bhubaneswar, Bapujee Nagar, Khorda, Bhubaneswar, Orissa, Bhubaneswar, Khordha, Orissa	India
S1-123235107	Apex Agro Private Limited	Royal Paradise, B/H Vnsgu, Surat, Gujarat, Fl-A 1202	India
S1-91868931	Primary Care Specialists LLC	1113 Addition Street, Martinsburg, WV	US
S1-282210902	Golden Signs LLC	NY, 1577 Ridge Road, Greece, Unit Suite 116B	US
S1-818368891	O N Johnston Convertible LLC	IL, Plano, 2901 Alyssa Street	US
S1-755000938	Interstate Center	4334 Kenilworth Avenue, Stickney, IL	US
S1-746401090	South Assets	521 Old Annetta Road, Aledo, TX	US
S1-597660322	Pune City Solutions Pvt Ltd	H No.U3 Shubhashree Woods, Row House Society, Pune City, Pune, Maharashtra	India
S1-952002371	Gregory and Gonzalez Inc	9131 Tooley Drive, Houston, TX	US
S1-544436843	Jarlon Alpex LLC	50 Main Street, Unit 4203, Easton, MA	US
S1-648916471	Red Ice Cream	420 28th Street, Baltimore, MD	US
S1-712469792	Phonex Possibilities Private Limited	H. No. 312/1D, Galandwadi, Pune, Maharashtra	India
S1-618671612	Wren's Sciences	4019 Calle Del Sol, Thousand Oaks, CA	US
S1-425175450	Maid Bakery	1645 Thomas Road, Unit 1045, Phoenix, AZ	US
S1-355653613	Family Associates	8721 Playa, Tucson, AZ	US
S1-179991615	Bharat & Sons Co	Sn .73/3, Udyog Nagar, Handewadi Road, Hadapsar, Pune, Maharashtra	India
S1-429515326	Walker Agriculture, Inc	400 Winhaven Street, Roxboro, NC	US
S1-393034736	Marketing Riseonic Systems Partners	Gurgaon, Badshahpur, Haryana, Flat No 1102 Tower 8, Gurgaon, Signature, Global	India
S1-640650149	Agile Traders Limited	101/34-35 F/F, Veer, Savarkar Block, Shakarpur, East Delhi, Delhi	India
S1-912601307	East Classic Special	40 Davis Court, Kalispell, MT	US
S1-697474441	Midwest Spade Care	97 Allens Creek Road, Waynesville, NC	US
S1-119307481	Mumbai Growth	Mumbai, Maharashtra, Spring Field Lokhandwala Complex, Andheri (West), Mumbai City, 501-502	India
S1-316823032	Santibanez & Burks	OH, 4212 Walbridge Trail, Beavercreek	US
S1-561354467	Universal Nutrition Technologies LLC	9755 University Avenue, IA, Clive	US
S1-682113097	Silver Coffee	15 Montgomery Street, Walden, NY	US
S1-574011598	United Classic Exports Limited	No 84 & 91 A, Road No 9, Kiadb Belur Industrial Area, Dharwad, Dharwad, Dharwar, Karnataka	India
S1-583261114	Value Xrp Inc.	4525 Sheard Road, Town Of Dover, WI	US
S1-967618837	Scroggs and Alonzo Inc	14235 Watersedge Drive, Granger, IN	US
S1-903137439	Prime Vijay Care Pvt Ltd	D-23, Basant Vihar, Bhilwara, Rajasthan	India
S1-356914824	Gujarat Foods Limited	1267, Urban Estate, Jind, Haryana	India
S1-98083765	Anestassia Taylor Prime Disciplined PLLC	3901 Langley Court, Washington, DC	US
S1-840500041	Diamond Investment Systems Inc	31284 Laureles Circle, Los Fresnos, TX	US
S1-998979330	Bride Arteaga Home Care, LLC	5025 Celestial Lane, Brandywine, MD	US
S1-660111028	UFJ Navios	2921 Lydius Street, Guilderland, NY	US
S1-8898967	Southern Consulting Private Limited	Kaurav Bhawan Thatipur Chouraha, Gwalior, Madhya Pradesh	India
S1-145800541	Venkateshwar Realty Pvt. Ltd.	Chhpyana, Panchsheel Colony, Lal Kuan, Ghaziabad, Uttar Pradesh, C-21	India
S1-143630829	Tirupati Best Management Private Limited	H No 3-6-524/1, Morin Plaza 4Th Floor, Himayathnagar, Hyderabad, Telangana	India
S1-261734704	Jagdamba Investment Kolkata Private Limited	Ruby Park (South), 4Th Floor, Flat No. 4D, Kolkata, Kolkata, Howrah, 75, West Bengal	India
S1-622032330	Durham Interfaith Peak Guild	Durham, 3124 Hope Valley Road, NC	US
S1-197657065	Urban Producer Private Limited	11 Ambedkar Nagar Naini, Allahabad, Uttar Pradesh	India
S1-274389865	Sohna Agrotech (India) LLP	C/O Dipak Kumar Sinha, 143/154 Daunapur Ramsagar, Gaya, Bihar	India
S1-776847769	Anand It Limited	Shop No 11, Sr No 80, New Aupam Nagari, Bopodi, Pune City, Pune, Maharashtra	India
S1-739730386	Dorella Holland, DO, PC	1508 Alcoa Ave, Bettendorf, IA	US
S1-86129982	Total Mobility	2204 Idlewood Drive, Unit 8, Sawmills, NC	US
S1-73078751	Patriot Wells	3506 Durazno Avenue, City Of El Paso, TX	US
S1-600401665	Mitchell Custom Dragon Inc	6 Garfield Road, Unit Unit 113, Kiryas Joel, NY	US
S1-922976040	Adroit Welfare Society	W/O Santosh Ambekar, Plot No.472/A, Nikalsmandir, Daroadkar Square, C.A.Road, Itwari, Nagour, Nagpur, Maharashtra	India
S1-483710623	Uptown Massage	3127 Juarez Drive, Little Rock, AR	US
S1-224137565	Silver Calamos, LLC	72 Vinedale Avenue, Irondequoit, NY	US
S1-53701077	Caldial Solar LLC	11611 Old Centralia Road, Chesterfield County, VA	US
S1-886317327	Indo Investments Private Limited	1901 Eden Woods Shahstrinagrlokhandwala Complex Andheri (W), Mumbai, Maharashtra	India
S1-469441326	Nicholson Industries Inc	17847 Northwood Avenue, Lakewood, OH	US
S1-868735759	Vision Indian Foods Private Limited	Flat No 204, Shree Ganesh Snehal Apt, Shradhanand Peth, Nagpur, Maharashtra	India
S1-79296848	Delcina Longoria Desert Clearthink LLC	5451 140th Street, Hugo, MN	US
S1-373898862	Behavioral Health Center Inc.	13868 Laura Ratcliff Court, Fairfax County, VA	US
S1-473310310	Optvue	Mohave Valley, AZ, 1829 King Street	US
S1-284753061	V M & F Alpex LLC	5368 Limestone Street, Freedom, IN	US
S1-594635125	Sapphire Production LLP	13-133/2, 1St Floor, Venkateshwara Colony, Patancheru, Hyderabad, Telangana	India
S1-616786050	Traclarify Care	Fl 1, OR, Eagle Point, 9463 Antelope Road	US
S1-248934331	Superior Complete Cohen LLC	2421 80th Street, Indianapolis, IN	US
S1-481454051	Drummond & Thomas Metals Inc	3992 Ironwood Hill Drive, Tucson, AZ	US
S1-694776855	Thinkbig (indore) Private Limited	C/O- Mahendra Kumar Patel, Vill Gaura Bari Soraon, Allahabad, Uttar Pradesh	India
S1-10355359	Peak National Floating LLC	Unit Unit 16, 807 Knox Avenue, MO, Hollister	US
S1-815295741	AHJ Collective Co	Roxboro, 260 Club House Road, NC	US
S1-53301605	Shyam Food Limited	Door No- 84, Ward- 17 Main Road, Chemmankadavu, Kodour P O, Malappuram, Malappuram, Malapuram, Kerala	India
S1-41817170	Marisda Apparels Corporation	C/O, West Bengal, East Midnapore, Marisda, Kabita Giri, W/O, Delip Giri, Vill Kamarda, P.O., P.S. Marishda, Purba Medinipur	India
S1-304220133	Vibhuti (India) Fund Private Limited	Flat No 13B 3Rd Floor Cd Block Dilippur Tower 6 Sapru Marg, Lucknow, Uttar Pradesh	India
S1-297898931	First Foundation Private Limited	Shop No. 378, Guru Nanakcomplex, Dashmesh Market, S.A.S.Nagar (Mohali), Rupnagar, Punjab	India
S1-79043435	Sofia & Sons Private Limited	No 19/1-1 6Th Main, Allamprabhu Road, Bendre Nagar, Bangalore South, Bangalore, Karnataka	India
S1-552417803	Desert Life LLC	3951 Pinon Court, Gilbert, AZ	US
S1-269332473	Hunger Federation	2312 Chambersville Road, Thornton, AR	US
S1-959955418	Aryan Venture (India) Limited	66A, Shiv Colony, Near Gandhi Path, Moti Nagar, West Jaipur, Vaishali Nagar, Jaipur, Rajasthan	India
S1-32101381	Roberto Blue of Wheeling Inc	IL, 951 Valley Stream Drive, Wheeling	US
S1-544217814	Anand Engineering Pvt Ltd	54 Nursingh Bazar, Indore, Madhya Pradesh	India
S1-896282660	Sherman Smart Generation	5700 Crossings Boulevard, Unit 4307, Nashville, TN	US
S1-422653818	Zephex Smart LLC	Ahoskie, 110 Johnson Lane, NC	US
S1-38066186	Chery Wilson Biomedical LLC	6108 Briscoe Ln, Louisville, KY	US
S1-905343965	Sanchit Gayatri (India) Private Limited	Astra Tower, Aso-530, 5Th Floor Plot No. 2C/I Action Area 2C, New Town, Rajarhat, Kolkata, Parganas North, West Bengal	India
S1-248967309	Sterling (India) Pack Private Limited	Mohite Patil Nagar, Chawl No. 14, Ghatkopar Panvel Link Road, Mankhurd, Mumbai, Maharashtra	India
S1-321508985	Sam & Igo	11600 Glenn Dale Boulevard, Unit 2166, Glenn Dale, MD	US
S1-169345014	Atra Nursing Home LLP	No 71 First Floor 16Th Cross Srigandanagar Doddanna Indust, Rial Area, Bangalore, Karnataka	India
S1-368151545	Gedeon Apex Construction Inc	3717 Chapparal Court, Fairfield, CA	US
S1-631226601	Winnie R. Mattis, DO, PC	12252 Madero, Tucson, AZ	US
S1-157778270	Rhoades Interests Inc.	5414 Malachi Circle, Halls Crossroads, TN	US
S1-259764542	Prime Jai Food LLP	Karnataka, Hissa No 1-, 2A, Ron Road, Huilgol, Gadag, Survey No 25, Gadag	India
S1-560540365	Shree Foods Private Limited	A2/203, Kailash Complex, Opp Api Compund, Lbs Rd, Mumbai, Maharashtra	India
S1-699777679	Ruiz, Liera and Railsback Tungsten	241 Killingsworth Cove Road, Gurley, AL	US
S1-232325198	Diversified Realty Innovations LLC	3 Davies Terrace, Unit Apartment 50, Beacon, NY	US
S1-202906450	Sun Consultants Private Limited	H. No 263, Ambegaon Road, Tembhurni, Tq. Jafrabad, Jaffrabad, Jalna, Maharashtra	India
S1-186442511	Dix Williamson Safe Manufacturing L.L.C.	2826 829, Nacogdoches, TX	US
S1-79988820	Raj Foundation Pvt Ltd	At-Luabahal, Po-Bilaimunda, Ps-Hemgir, Hemgir, Sundargarh, Orissa	India
S1-183294520	Samruddhi (rajasthan) Private Limited	4-697, Basement Of Sky-Scrapper Bldg Of Sindh Work Co.Op.Housing Soc, Maharashtra, Mumbai, Bhulabhai Desaai Rd	India
S1-868609656	Bright Massage	613 Kenilworth Avenue, Dayton, OH	US
S1-371021715	Case Total Pelican LLC	VA, 1010 Quail Lane, Halifax County	US
S1-726041073	Modern International Engineering Private Limited	Delhi, Rampura, Hari Nagar, West Delhi, D 8 Be Block, New Delhi	India
S1-46404263	Capital Tri-State Ave	3574 Sasser Lane, Supply, NC	US
S1-593733873	Krishna Ventures Private Limited	1001/1101Ctc No.67-A/1/2., Simba Office, W.E.Highway 12, Aradhana Indl. Estate, Near Virwani I, Ndl Estate, Mumbai, Mumbai City, Maharashtra	India
S1-341704851	Tuticorin City Private Limited	Ettayapuram Road Mappillayoorani, Tamil Nadu, Thoothukudi, 3/150-8, Tuticorin	India
S1-306430779	Aggie Phillips Diana PLLC	1924 Rodeo Walk Drive, City Of Holladay, UT	US
S1-141644947	EA Services Private Limited	Flat No. 503, 5Th Floor, Prabhat Kiran Building 17 Rajendra Place, New Delhi, Delhi	India
S1-22221914	Joanne Meyers, DDS, M.D., P.C.	26 Winchester Court, Kennebunk, ME	US
S1-995604717	Dionne Cohen Royalty	Clarksville, Unit 1404, 300 Ringgold Road, TN	US
S1-311319082	Sea Consultants Ltd	Flat C304, Rohtas, Plumeria Homes, Vibhuti, Lucknow, Uttar Pradesh	India
S1-471001688	Royal Construction Private Limited	House No 137 Sarojini Nagar, Mishra Colony, Lucknow, Uttar Pradesh	India
S1-143304535	Johnson Dynamic Therapeutics Inc	OH, Tipp City, 512 4 Street	US
S1-838058147	Ear Nose & Throat Center	VA, 30 Belle Meade Lane, Rockbridge County	US
S1-590489772	Lakshmi Infrastructure Limited	Bayside Mall, 1St Floor Opp. Sobo Central Mall, Tardeo Road, Haj, I Ali, Mumbai, Maharashtra	India
S1-119985593	Interstate Blue Virginia Partners	1388 Stratford Avenue, Bronx, NY	US
S1-853153371	Lyrora Constellation LLC	5225 Luke Avenue, Glendale, AZ	US
S1-455421468	Hariom Works Private Limited	No.498, Basunagar, Madhyamgram North 24 Parganas, Kolkata, Parganas North, West Bengal	India
S1-457874229	Sandoval Pacific Advantage	208 Old Inland Empire Highway, Bldg KENYON ZERO STORAGE, Grandview, WA	US
S1-635445437	Garvin Keystone Navigation	OR, Mcminnville, 1015 99w Road	US
S1-373443972	Smart Memorial Trust	Solapur, Near Vitthal Mandir, Maharashtra, Pandharpur, C/O Padmajadevi Patil	India
S1-632434080	Elite Wholesale Corporation	509 Turkey Creek Road, Leicester, NC	US
S1-125092100	Ada's Desert Pharmaceuticals	Bloomfield, NM, 721 Blanco Boulevard	US
S1-268889754	Interstate School of Medicine	7 Moorside Lane, Bella Vista, AR	US
S1-549854688	Apex Ridge Athena L.L.C.	7964 Main Street, Midvale, UT	US
S1-27745394	Espada Crystal Real LLC	1013 Summit Avenue, Saint Paul Park, MN	US
S1-315082026	Urban Trading Private Limited	23A, New Delhi, Pitampura, Delhi, Nn Tower, Block B, Road No. 44 Dda Community Centre	India
S1-558446513	FVH Nexus Clinic	Site No. 10, Katha No. 10, Meenakshi Meadows, Nanjapura Village, Jigani Hobli, Anekal Taluk, Bangalore, Anekal, Bangalore, Karnataka	India
S1-707719541	Vanguard Abony LP	3610 1500th Avenue, Altamont, IL	US
S1-529296706	United Quantum Inc	2501 Parmer Lane, Austin, TX	US
S1-640189171	Dynamic Tech LLP	47F-46F Ka, Green Garden City, Nawabganj, Barabanki, Uttar Pradesh	India
S1-817658088	Krishna International	17044, Kohinoor City, Phase - 2, Kirol Road, Off L.B.S. Road, Kurla (West), Mumbai, Mumbai City, Maharashtra	India
S1-490190663	Brooks and Bisset LLC	40 Provincial Parkway, Emmitsburg, MD	US
S1-483110943	Total Energy Ventures	16 Second Street, Framingham, MA	US
S1-363914371	Ressler Osprey PLLC	111 Short Street, Williamsport, IN	US
S1-812370300	Future Colourchem Limited	1305 A1 Gundecha Trillium, Chs W E Hwy Nr Thakur Vlg, Borivlai East, Mumbai, Maharashtra	India
S1-424418711	293-294 East Owners Corp Corp	4719 Ramey Avenue, Fort Worth, TX	US
S1-594819015	Board of Environmental Protection	17439 Desmond Street, Humble, TX	US
S1-215690079	Alpha Tech Private Limited	F-90/1, Okhla Ind Area Phase-1, New Delhi, South Delhi, Delhi	India
S1-292775002	Refined Blue Co	South West Delhi, Rainbow Apartment Pocket 6 Sector 12 Dwarka, New Delhi, Delhi, Flat No.48	India
S1-229844516	All Engineering Limited	107, Subhash Marg First Floor Chikmangloor Chouraha, Indore, Madhya Pradesh	India
S1-939662634	Sarvodaya (India) Elevators Corp	#10-1-34/6, Shop No.7, Laxmi Devi Plaza, Beside Sampath Vinayaka Templle, Asilmett, A, Visakhapatnam, Vishakhapatnam, Andhra Pradesh	India
S1-641248763	Castano Berkley	155 89 Street, Brooklyn, NY	US
S1-984541923	WG Age Private Limited	Plot 367A, No 4/59, Viduthalai Nagar, Sholinganallur, Kanchipuram, Tamil Nadu	India
S1-957752018	Clover Brothers Pvt Ltd	2/58/B, First Floor, Kulikkiliyad, Ottappalam, Palakkad, Kerala	India
S1-125801374	Best Stores	8019 Racine Road, Pleasant Garden, NC	US
S1-621525952	Rockey Williams	3511 Riverside Dr NE, Cedar Rapids, IA	US
S1-734895620	Bihani Strategic Limited	At 498, Bhokardan, Jalna, Danapur, Bhokardan, Aurangabad, Maharashtra	India
S1-141625635	Guerra, Modica & Morton Mozayyx LLC	MN, 1479 Arden Place, Arden Hills	US
S1-95466643	Jai India LLP	C/Osunil Gurjar S/Omangi, Lal, Meera Naga, Nathuwas, Nathdwara, Rajsamand, Rajasthan	India
S1-787250823	Deidre Renteria Ridge Republic Group	113 First Street, Argos, IN	US
S1-955505217	Superior Equity Dynamics LLC	167 Montgomery Street, Goshen, NY	US
S1-933212843	Alpha Industries Private Limited	Ap Kunjirwadi Tal Haveli, Pune, Maharashtra, H No 1342, Haveli	India
S1-709799378	Adhik Welfare Society	12, Karmjyot Bunglow, Nr. Shilaj Circle, Shilaj Road, Shilaj, Ahmedabad, Gujarat, Ahmedabad	India
S1-336061277	Urban Yoga	29851 800 Road E, Cornell, IL	US
S1-344579100	Heartland Anchor Calisa LLC	743 Lennox Street, Baltimore, MD	US
S1-354653831	Shin Brothers Private Limited	Villa No 2 Plot No 115, Kk Nagar Kurunji Street New Perungalathur Peerkankaranai, Kancheepuram, Tamil Nadu	India
S1-117430457	Gutierres Delta Ares Inc.	Columbus, 2103 Sumpter Trail, IN	US
S1-600427337	Advanced Rapid Biotechnologies PLLC	CA, 551 Park View Trail, Solvang	US
S1-450484874	City Enterprises Private Limited	C/O Gopal Lal Sharma Kanaram Sharma S04, Karni Vihar-6, Khora Bisal, Jaipur, Rajasthan	India
S1-631074123	Nexeus Homes LLC	1915 Towne Centre Boulevard, Unit 402, Annapolis, MD	US
S1-813293034	City Of Verona, Township Of Corp	1754 Majestic Way, City Of Verona, WI	US
S1-431838421	Kamakhya Vincom Center	Pune, S.No20/3/78, La Velle Casa, Chandani Chowk Bavdhan, Nda Road, Maharashtra, Pune	India
S1-303799967	Wright Associates	7 Patch Street, Proctor, VT	US
S1-206625316	Pinnacle Nutrition Digital, LLC	Mount Pleasant, 6556 Smith Lake Road, NC	US
S1-731314560	Maa Energy Private Limited	No.41, 2Nd Floor, 1St Main Road, Rajajinagar Industrial Town, Near Fire Station, Rajaj, Inagar, Bengaluru, Karnataka	India
S1-634012363	Oncology Center Center	2302 Indiana Avenue, Madison, IN	US
S1-230563047	United Trust	WI, City Of Rice Lake, 205 Orchard Beach Lane	US
S1-138952344	Lumium Bioworks LLC	3005 Caldwell Court, Unit 11, Greenville, NC	US
S1-230069720	Lower Forefront Co	84 Founders Court, Martinsburg, WV	US
S1-275220363	Matejka Enterprise LP	178 Garden Hill Circle, Waterbury, CT	US
S1-995007076	Rion Company	112 Pearson Knob Lane, Bldg CB, Taylorsville, NC	US
S1-126218919	Prairie Alliance	41 Hidden Valley Drive, Glenwood, AR	US
S1-903935878	Pediatric Silver Associates LLC	109 Michigan Drive, Dothan, AL	US
S1-496694564	Sai Sai Finance Private Limited	No. 14, Railway Station Road Pallavaram, Chennai, Tamil Nadu	India
S1-977335207	Sushma Soul Private Limited	C/O Gendalal Nandlal Susner Road, Agar, Shajapur, Madhya Pradesh	India
S1-918383222	Womens Health Associates LLC	44 Evans Road, Marblehead, MA	US
S1-630357648	Ria	2711 Highway 61, Andersonville, TN	US
S1-874936263	Harris Yield Associates	183 Midway Route, Monticello, AR	US
S1-20803452	Botkin Soren	20111 Emerald Cliff Lane, Richmond, TX	US
S1-373223117	Bailey Association III	5421 5th Street, Arlington County, VA	US
S1-287705687	Midas Sangh Care	A-9012, Flr-9, Ozone Biz Centre, Ashirwad Chs A Wing Plot Cs- 227 Jbb Marg, Nagpada, Mumbai Ce, Ntral, Mumbai, Mumbai City, Maharashtra	India
S1-495685213	Patel Maritime Group	7311 Southern Avenue, Unit 3030, Mesa, AZ	US
S1-770814551	Oncology Vanguard Physicians	416 Pershing Avenue, Hamilton, OH	US
S1-377377396	Mountain Initiative of Canton	120 31st Street, Canton, OH	US
S1-522303791	Lucknow Solutions Private Limited	1St Floor, Crb Block, Amity University Lucknow, Malhaur Railway Station Road, Gomti Nagar, Lucknow, Uttar Pradesh	India
S1-165737931	Pioneer Indian Services Private Limited	124, Sidco Industrial Estate, Thirumazhisai, Poonamallee, Tiruvallur, Tamil Nadu	India
S1-762883299	Montyx One	8829 Jamac Lane, Montgomery, AL	US
S1-733264891	Katherina Rohde Ridge Atlas Inc.	25303 Shannondell Drive, Fl Third Floor, Lower Providence Township, PA	US
S1-257090786	Riley's Rocky Painting	31761 Canopy Loop, Spanish Fort, AL	US
S1-790119329	Thiede Sterling Asa Company	206 Oak Forest Lane, Franklin, NC	US
S1-591080791	Route 17 Seafood Associates	2680 Snelling Avenue, Roseville, MN	US
S1-894973809	Ace Consulting Private Limited	C/O Ankita Pal Plot No 83, Near Maroti Temple, Nagpur, Maharashtra	India
S1-106774960	Delta Fund	Unit Apt 624, IA, 360 Gateway Drive, Grimes	US
S1-872818713	Best Ventures Private Limited	104, Kh-78 First Floor, Khirki Village Malviya Nagar, New Delhi, South Delhi, Delhi	India
S1-218567311	Samtech Trading Private Limited	Maharashtra, 306, Mumbai, Thane, Mathura Chhaya Navghar Road, Bhayandar East	India
S1-570176306	Satya Solution Limited	Rm No.75, Daulat Society, Patel Nagar, Golibar, Mumbai, Maharashtra	India
S1-646699097	Williams Continental Foods Center	1114 Oyster Cove Drive, Grasonville, MD	US
S1-793918909	X & X Hawk LLC	6157 Cottonwood Drive, City Of Fitchburg, WI	US
S1-472641490	Adarsh & Brothers Private Limited	B/301 Palm Complex, Opp Sukan Bunglows, Nikol Naroda Road, N, Aroda, Ahmedabad, Gujarat	India
S1-799525801	North Estate Private Limited	R/103, Veena Dynasty, Evershine City, Vasai East, Palghar, Vasai, Thane, Maharashtra	India
S1-958788275	Giri Sangh	Ashirwad Buildingd-1 Green Park, New Delhi, South Delhi, Delhi	India
S1-552412690	Om Trading Pvt Ltd	89, Royal Bungalow, Sukhliya, Indore, Madhya Pradesh	India
S1-682481709	Bertucci, Pham & Callahan Inc	N2266 K, Town Of Merrill, WI	US
S1-639391975	Allied Strategic Inc	616 Sumatra Avenue, OH, Akron	US
S1-786127423	East Star Tech Private Limited	501 Yashshre Co Op Hsg Socopp Rd Income Tax Office Near Vsnl Colony Bkc Bandra (E, Mumbai, Maharashtra	India
S1-180979844	Future Shivam Agro Private Limited	Ae-151 Ground Floor, Sushil Jyoti Avenue Prafullakanan, North 24 Parganas, Kolkata, Kolkata, Howrah, West Bengal	India
S1-602482945	Indian Infra Private Limited	Jaipur, Rajasthan, Jaipur, 373 A K Gopalan Nagar Jhotwara	India
S1-56702327	Bright Medical Works LLC	441 Walnut Drive, Fl 0, Edgewater, MD	US
S1-153175383	Ace Agro Pvt Ltd	2215, 2Nd Floor, Chuna Mandi Paharganj, New Delhi, Delhi	India
